[2026-04-05T12:30:08.425Z] [INFO] [RUN] id=agiz-dis
[2026-04-05T12:30:08.425Z] [INFO] [RUN] log file: /Users/artifact/Developer/review_ai/Review_AI/scraper_project/logs/agiz-dis.log
[2026-04-05T12:30:08.425Z] [INFO] [RUN] summary file: /Users/artifact/Developer/review_ai/Review_AI/scraper_project/logs/agiz-dis_summary.json
[2026-04-05T12:30:09.247Z] [INFO] [REVIEWS] loaded 1000 review jobs from /Users/artifact/Developer/review_ai/Review_AI/scraper_project/product_ids
[2026-04-05T12:30:09.247Z] [INFO] [REVIEWS] category filter: agiz-dis-bakimi
[2026-04-05T12:30:09.247Z] [INFO] [REVIEWS] concurrency: 3
[2026-04-05T12:30:09.247Z] [INFO] [REVIEW WORKER 1] skip existing agiz-dis-bakimi/589007738
[2026-04-05T12:30:09.247Z] [INFO] [REVIEW WORKER 1] skip existing agiz-dis-bakimi/721997770
[2026-04-05T12:30:09.247Z] [INFO] [REVIEW WORKER 1] skip existing agiz-dis-bakimi/732675630
[2026-04-05T12:30:09.247Z] [INFO] [REVIEW WORKER 1] skip existing agiz-dis-bakimi/647566847
[2026-04-05T12:30:09.247Z] [INFO] [REVIEW WORKER 1] skip existing agiz-dis-bakimi/710428336
[2026-04-05T12:30:09.247Z] [INFO] [REVIEW WORKER 1] skip existing agiz-dis-bakimi/646165355
[2026-04-05T12:30:09.248Z] [INFO] [REVIEW WORKER 1] skip existing agiz-dis-bakimi/737363450
[2026-04-05T12:30:09.248Z] [INFO] [REVIEW WORKER 1] skip existing agiz-dis-bakimi/733368156
[2026-04-05T12:30:09.248Z] [INFO] [REVIEW WORKER 1] skip existing agiz-dis-bakimi/736619533
[2026-04-05T12:30:09.248Z] [INFO] [REVIEW WORKER 1] skip existing agiz-dis-bakimi/703292064
[2026-04-05T12:30:09.248Z] [INFO] [REVIEW WORKER 1] skip existing agiz-dis-bakimi/638130521
[2026-04-05T12:30:09.248Z] [INFO] [REVIEW WORKER 1] skip existing agiz-dis-bakimi/654466608
[2026-04-05T12:30:09.248Z] [INFO] [REVIEW WORKER 1] skip existing agiz-dis-bakimi/723411084
[2026-04-05T12:30:09.248Z] [INFO] [REVIEW WORKER 1] skip existing agiz-dis-bakimi/646127060
[2026-04-05T12:30:09.249Z] [INFO] [REVIEW WORKER 1] skip existing agiz-dis-bakimi/598291678
[2026-04-05T12:30:09.249Z] [INFO] [REVIEW WORKER 1] skip existing agiz-dis-bakimi/715763154
[2026-04-05T12:30:09.249Z] [INFO] [REVIEW WORKER 1] skip existing agiz-dis-bakimi/646972459
[2026-04-05T12:30:09.249Z] [INFO] [REVIEW WORKER 1] skip existing agiz-dis-bakimi/646974639
[2026-04-05T12:30:09.249Z] [INFO] [REVIEW WORKER 1] skip existing agiz-dis-bakimi/513238376
[2026-04-05T12:30:09.249Z] [INFO] [REVIEW WORKER 1] skip existing agiz-dis-bakimi/645392552
[2026-04-05T12:30:09.249Z] [INFO] [REVIEW WORKER 1] skip existing agiz-dis-bakimi/436694886
[2026-04-05T12:30:09.249Z] [INFO] [REVIEW WORKER 1] skip existing agiz-dis-bakimi/647870271
[2026-04-05T12:30:09.249Z] [INFO] [REVIEW WORKER 1] skip existing agiz-dis-bakimi/569478866
[2026-04-05T12:30:09.249Z] [INFO] [REVIEW WORKER 1] skip existing agiz-dis-bakimi/723165497
[2026-04-05T12:30:09.249Z] [INFO] [REVIEW WORKER 1] skip existing agiz-dis-bakimi/659668791
[2026-04-05T12:30:09.249Z] [INFO] [REVIEW WORKER 1] skip existing agiz-dis-bakimi/436695808
[2026-04-05T12:30:09.250Z] [INFO] [REVIEW WORKER 1] skip existing agiz-dis-bakimi/722372678
[2026-04-05T12:30:09.250Z] [INFO] [REVIEW WORKER 1] skip existing agiz-dis-bakimi/726833115
[2026-04-05T12:30:09.250Z] [INFO] [REVIEW WORKER 1] skip existing agiz-dis-bakimi/513238749
[2026-04-05T12:30:09.250Z] [INFO] [REVIEW WORKER 1] skip existing agiz-dis-bakimi/496811319
[2026-04-05T12:30:09.250Z] [INFO] [REVIEW WORKER 1] skip existing agiz-dis-bakimi/737363518
[2026-04-05T12:30:09.250Z] [INFO] [REVIEW WORKER 1] skip existing agiz-dis-bakimi/701283810
[2026-04-05T12:30:09.250Z] [INFO] [REVIEW WORKER 1] skip existing agiz-dis-bakimi/582031522
[2026-04-05T12:30:09.250Z] [INFO] [REVIEW WORKER 1] skip existing agiz-dis-bakimi/513261058
[2026-04-05T12:30:09.250Z] [INFO] [REVIEW WORKER 1] skip existing agiz-dis-bakimi/734846293
[2026-04-05T12:30:09.250Z] [INFO] [REVIEW WORKER 1] skip existing agiz-dis-bakimi/647407951
[2026-04-05T12:30:09.251Z] [INFO] [REVIEW WORKER 1] skip existing agiz-dis-bakimi/666755684
[2026-04-05T12:30:09.251Z] [INFO] [REVIEW WORKER 1] skip existing agiz-dis-bakimi/569478858
[2026-04-05T12:30:09.251Z] [INFO] [REVIEW WORKER 1] skip existing agiz-dis-bakimi/638258007
[2026-04-05T12:30:09.251Z] [INFO] [REVIEW WORKER 1] skip existing agiz-dis-bakimi/637437411
[2026-04-05T12:30:09.251Z] [INFO] [REVIEW WORKER 1] skip existing agiz-dis-bakimi/589574597
[2026-04-05T12:30:09.251Z] [INFO] [REVIEW WORKER 1] skip existing agiz-dis-bakimi/732744207
[2026-04-05T12:30:09.251Z] [INFO] [REVIEW WORKER 1] skip existing agiz-dis-bakimi/719946765
[2026-04-05T12:30:09.251Z] [INFO] [REVIEW WORKER 1] skip existing agiz-dis-bakimi/718240393
[2026-04-05T12:30:09.251Z] [INFO] [REVIEW WORKER 1] skip existing agiz-dis-bakimi/636170092
[2026-04-05T12:30:09.251Z] [INFO] [REVIEW WORKER 1] skip existing agiz-dis-bakimi/514240321
[2026-04-05T12:30:09.252Z] [INFO] [REVIEW WORKER 1] skip existing agiz-dis-bakimi/732446530
[2026-04-05T12:30:09.252Z] [INFO] [REVIEW WORKER 1] skip existing agiz-dis-bakimi/707736963
[2026-04-05T12:30:09.252Z] [INFO] [REVIEW WORKER 1] skip existing agiz-dis-bakimi/598888318
[2026-04-05T12:30:09.252Z] [INFO] [REVIEW WORKER 1] skip existing agiz-dis-bakimi/598810717
[2026-04-05T12:30:09.252Z] [INFO] [REVIEW WORKER 1] skip existing agiz-dis-bakimi/474567301
[2026-04-05T12:30:09.252Z] [INFO] [REVIEW WORKER 1] skip existing agiz-dis-bakimi/732417687
[2026-04-05T12:30:09.252Z] [INFO] [REVIEW WORKER 1] skip existing agiz-dis-bakimi/513733004
[2026-04-05T12:30:09.252Z] [INFO] [REVIEW WORKER 1] skip existing agiz-dis-bakimi/646005525
[2026-04-05T12:30:09.252Z] [INFO] [REVIEW WORKER 1] skip existing agiz-dis-bakimi/569356217
[2026-04-05T12:30:09.252Z] [INFO] [REVIEW WORKER 1] skip existing agiz-dis-bakimi/583568159
[2026-04-05T12:30:09.253Z] [INFO] [REVIEW WORKER 1] skip existing agiz-dis-bakimi/580608641
[2026-04-05T12:30:09.253Z] [INFO] [REVIEW WORKER 1] skip existing agiz-dis-bakimi/593196576
[2026-04-05T12:30:09.253Z] [INFO] [REVIEW WORKER 1] skip existing agiz-dis-bakimi/729269036
[2026-04-05T12:30:09.253Z] [INFO] [REVIEW WORKER 1] skip existing agiz-dis-bakimi/707314486
[2026-04-05T12:30:09.253Z] [INFO] [REVIEW WORKER 1] skip existing agiz-dis-bakimi/634903477
[2026-04-05T12:30:09.253Z] [INFO] [REVIEW WORKER 1] skip existing agiz-dis-bakimi/582020114
[2026-04-05T12:30:09.253Z] [INFO] [REVIEW WORKER 1] skip existing agiz-dis-bakimi/646035586
[2026-04-05T12:30:09.253Z] [INFO] [REVIEW WORKER 1] skip existing agiz-dis-bakimi/734898606
[2026-04-05T12:30:09.253Z] [INFO] [REVIEW WORKER 1] skip existing agiz-dis-bakimi/557681499
[2026-04-05T12:30:09.253Z] [INFO] [REVIEW WORKER 1] skip existing agiz-dis-bakimi/650752367
[2026-04-05T12:30:09.253Z] [INFO] [REVIEW WORKER 1] skip existing agiz-dis-bakimi/636488215
[2026-04-05T12:30:09.253Z] [INFO] [REVIEW WORKER 1] skip existing agiz-dis-bakimi/650665807
[2026-04-05T12:30:09.254Z] [INFO] [REVIEW WORKER 1] skip existing agiz-dis-bakimi/549613769
[2026-04-05T12:30:09.254Z] [INFO] [REVIEW WORKER 1] skip existing agiz-dis-bakimi/554683680
[2026-04-05T12:30:09.254Z] [INFO] [REVIEW WORKER 1] skip existing agiz-dis-bakimi/730859939
[2026-04-05T12:30:09.254Z] [INFO] [REVIEW WORKER 1] skip existing agiz-dis-bakimi/700432076
[2026-04-05T12:30:09.254Z] [INFO] [REVIEW WORKER 1] skip existing agiz-dis-bakimi/646036340
[2026-04-05T12:30:09.254Z] [INFO] [REVIEW WORKER 1] skip existing agiz-dis-bakimi/547573684
[2026-04-05T12:30:09.254Z] [INFO] [REVIEW WORKER 1] skip existing agiz-dis-bakimi/730147698
[2026-04-05T12:30:09.254Z] [INFO] [REVIEW WORKER 1] skip existing agiz-dis-bakimi/657308341
[2026-04-05T12:30:09.254Z] [INFO] [REVIEW WORKER 1] skip existing agiz-dis-bakimi/593196615
[2026-04-05T12:30:09.254Z] [INFO] [REVIEW WORKER 1] skip existing agiz-dis-bakimi/696040865
[2026-04-05T12:30:09.254Z] [INFO] [REVIEW WORKER 1] skip existing agiz-dis-bakimi/582030220
[2026-04-05T12:30:09.254Z] [INFO] [REVIEW WORKER 1] skip existing agiz-dis-bakimi/587225919
[2026-04-05T12:30:09.255Z] [INFO] [REVIEW WORKER 1] skip existing agiz-dis-bakimi/658451326
[2026-04-05T12:30:09.255Z] [INFO] [REVIEW WORKER 1] skip existing agiz-dis-bakimi/640328648
[2026-04-05T12:30:09.255Z] [INFO] [REVIEW WORKER 1] skip existing agiz-dis-bakimi/732417732
[2026-04-05T12:30:09.255Z] [INFO] [REVIEW WORKER 1] skip existing agiz-dis-bakimi/720921053
[2026-04-05T12:30:09.255Z] [INFO] [REVIEW WORKER 1] skip existing agiz-dis-bakimi/574110001
[2026-04-05T12:30:09.255Z] [INFO] [REVIEW WORKER 1] skip existing agiz-dis-bakimi/638699354
[2026-04-05T12:30:09.255Z] [INFO] [REVIEW WORKER 1] skip existing agiz-dis-bakimi/582032317
[2026-04-05T12:30:09.255Z] [INFO] [REVIEW WORKER 1] skip existing agiz-dis-bakimi/719471215
[2026-04-05T12:30:09.255Z] [INFO] [REVIEW WORKER 1] skip existing agiz-dis-bakimi/569354944
[2026-04-05T12:30:09.256Z] [INFO] [REVIEW WORKER 1] skip existing agiz-dis-bakimi/666845488
[2026-04-05T12:30:09.256Z] [INFO] [REVIEW WORKER 1] skip existing agiz-dis-bakimi/650665945
[2026-04-05T12:30:09.256Z] [INFO] [REVIEW WORKER 1] skip existing agiz-dis-bakimi/732446522
[2026-04-05T12:30:09.256Z] [INFO] [REVIEW WORKER 1] skip existing agiz-dis-bakimi/701283871
[2026-04-05T12:30:09.256Z] [INFO] [REVIEW WORKER 1] skip existing agiz-dis-bakimi/650666363
[2026-04-05T12:30:09.256Z] [INFO] [REVIEW WORKER 1] skip existing agiz-dis-bakimi/603344192
[2026-04-05T12:30:09.256Z] [INFO] [REVIEW WORKER 1] skip existing agiz-dis-bakimi/719481144
[2026-04-05T12:30:09.256Z] [INFO] [REVIEW WORKER 1] skip existing agiz-dis-bakimi/605234217
[2026-04-05T12:30:09.256Z] [INFO] [REVIEW WORKER 1] skip existing agiz-dis-bakimi/673795445
[2026-04-05T12:30:09.256Z] [INFO] [REVIEW WORKER 1] skip existing agiz-dis-bakimi/646975789
[2026-04-05T12:30:09.256Z] [INFO] [REVIEW WORKER 1] skip existing agiz-dis-bakimi/633105411
[2026-04-05T12:30:09.256Z] [INFO] [REVIEW WORKER 1] skip existing agiz-dis-bakimi/640327594
[2026-04-05T12:30:09.256Z] [INFO] [REVIEW WORKER 1] skip existing agiz-dis-bakimi/513238710
[2026-04-05T12:30:09.257Z] [INFO] [REVIEW WORKER 1] skip existing agiz-dis-bakimi/532570303
[2026-04-05T12:30:09.257Z] [INFO] [REVIEW WORKER 1] skip existing agiz-dis-bakimi/607455156
[2026-04-05T12:30:09.257Z] [INFO] [REVIEW WORKER 1] skip existing agiz-dis-bakimi/658451320
[2026-04-05T12:30:09.257Z] [INFO] [REVIEW WORKER 1] skip existing agiz-dis-bakimi/576026749
[2026-04-05T12:30:09.257Z] [INFO] [REVIEW WORKER 1] skip existing agiz-dis-bakimi/710439665
[2026-04-05T12:30:09.257Z] [INFO] [REVIEW WORKER 1] skip existing agiz-dis-bakimi/737088069
[2026-04-05T12:30:09.257Z] [INFO] [REVIEW WORKER 1] skip existing agiz-dis-bakimi/569478810
[2026-04-05T12:30:09.257Z] [INFO] [REVIEW WORKER 1] skip existing agiz-dis-bakimi/666890930
[2026-04-05T12:30:09.257Z] [INFO] [REVIEW WORKER 1] skip existing agiz-dis-bakimi/601095709
[2026-04-05T12:30:09.257Z] [INFO] [REVIEW WORKER 1] skip existing agiz-dis-bakimi/658451308
[2026-04-05T12:30:09.257Z] [INFO] [REVIEW WORKER 1] skip existing agiz-dis-bakimi/550796775
[2026-04-05T12:30:09.258Z] [INFO] [REVIEW WORKER 1] skip existing agiz-dis-bakimi/580211137
[2026-04-05T12:30:09.258Z] [INFO] [REVIEW WORKER 1] skip existing agiz-dis-bakimi/703292957
[2026-04-05T12:30:09.258Z] [INFO] [REVIEW WORKER 1] skip existing agiz-dis-bakimi/647519982
[2026-04-05T12:30:09.258Z] [INFO] [REVIEW WORKER 1] skip existing agiz-dis-bakimi/582096613
[2026-04-05T12:30:09.258Z] [INFO] [REVIEW WORKER 1] skip existing agiz-dis-bakimi/564145687
[2026-04-05T12:30:09.258Z] [INFO] [REVIEW WORKER 1] skip existing agiz-dis-bakimi/732956136
[2026-04-05T12:30:09.258Z] [INFO] [REVIEW WORKER 1] skip existing agiz-dis-bakimi/730625520
[2026-04-05T12:30:09.258Z] [INFO] [REVIEW WORKER 1] skip existing agiz-dis-bakimi/513264691
[2026-04-05T12:30:09.258Z] [INFO] [REVIEW WORKER 1] skip existing agiz-dis-bakimi/647407121
[2026-04-05T12:30:09.258Z] [INFO] [REVIEW WORKER 1] skip existing agiz-dis-bakimi/409641741
[2026-04-05T12:30:09.258Z] [INFO] [REVIEW WORKER 1] skip existing agiz-dis-bakimi/645652499
[2026-04-05T12:30:09.258Z] [INFO] [REVIEW WORKER 1] skip existing agiz-dis-bakimi/603558546
[2026-04-05T12:30:09.258Z] [INFO] [REVIEW WORKER 1] skip existing agiz-dis-bakimi/663541057
[2026-04-05T12:30:09.259Z] [INFO] [REVIEW WORKER 1] skip existing agiz-dis-bakimi/537329259
[2026-04-05T12:30:09.259Z] [INFO] [REVIEW WORKER 1] skip existing agiz-dis-bakimi/646034387
[2026-04-05T12:30:09.259Z] [INFO] [REVIEW WORKER 1] skip existing agiz-dis-bakimi/589520112
[2026-04-05T12:30:09.259Z] [INFO] [REVIEW WORKER 1] skip existing agiz-dis-bakimi/670577804
[2026-04-05T12:30:09.259Z] [INFO] [REVIEW WORKER 1] skip existing agiz-dis-bakimi/513727946
[2026-04-05T12:30:09.259Z] [INFO] [REVIEW WORKER 1] skip existing agiz-dis-bakimi/578715883
[2026-04-05T12:30:09.259Z] [INFO] [REVIEW WORKER 1] skip existing agiz-dis-bakimi/639851157
[2026-04-05T12:30:09.259Z] [INFO] [REVIEW WORKER 1] skip existing agiz-dis-bakimi/731479169
[2026-04-05T12:30:09.259Z] [INFO] [REVIEW WORKER 1] skip existing agiz-dis-bakimi/646162009
[2026-04-05T12:30:09.259Z] [INFO] [REVIEW WORKER 1] skip existing agiz-dis-bakimi/513731685
[2026-04-05T12:30:09.259Z] [INFO] [REVIEW WORKER 1] skip existing agiz-dis-bakimi/730625552
[2026-04-05T12:30:09.260Z] [INFO] [REVIEW WORKER 1] skip existing agiz-dis-bakimi/639849055
[2026-04-05T12:30:09.260Z] [INFO] [REVIEW WORKER 1] skip existing agiz-dis-bakimi/532400261
[2026-04-05T12:30:09.260Z] [INFO] [REVIEW WORKER 1] skip existing agiz-dis-bakimi/576205990
[2026-04-05T12:30:09.260Z] [INFO] [REVIEW WORKER 1] skip existing agiz-dis-bakimi/701283852
[2026-04-05T12:30:09.260Z] [INFO] [REVIEW WORKER 1] skip existing agiz-dis-bakimi/516881327
[2026-04-05T12:30:09.260Z] [INFO] [REVIEW WORKER 1] skip existing agiz-dis-bakimi/598811024
[2026-04-05T12:30:09.260Z] [INFO] [REVIEW WORKER 1] skip existing agiz-dis-bakimi/523228109
[2026-04-05T12:30:09.260Z] [INFO] [REVIEW WORKER 1] skip existing agiz-dis-bakimi/672522448
[2026-04-05T12:30:09.260Z] [INFO] [REVIEW WORKER 1] skip existing agiz-dis-bakimi/633741440
[2026-04-05T12:30:09.261Z] [INFO] [REVIEW WORKER 1] skip existing agiz-dis-bakimi/590186954
[2026-04-05T12:30:09.261Z] [INFO] [REVIEW WORKER 1] skip existing agiz-dis-bakimi/643776439
[2026-04-05T12:30:09.261Z] [INFO] [REVIEW WORKER 1] skip existing agiz-dis-bakimi/676144485
[2026-04-05T12:30:09.261Z] [INFO] [REVIEW WORKER 1] skip existing agiz-dis-bakimi/583291629
[2026-04-05T12:30:09.261Z] [INFO] [REVIEW WORKER 1] skip existing agiz-dis-bakimi/589510921
[2026-04-05T12:30:09.261Z] [INFO] [REVIEW WORKER 1] skip existing agiz-dis-bakimi/670332696
[2026-04-05T12:30:09.261Z] [INFO] [REVIEW WORKER 1] skip existing agiz-dis-bakimi/562255341
[2026-04-05T12:30:09.261Z] [INFO] [REVIEW WORKER 1] skip existing agiz-dis-bakimi/730513915
[2026-04-05T12:30:09.261Z] [INFO] [REVIEW WORKER 1] skip existing agiz-dis-bakimi/601577737
[2026-04-05T12:30:09.261Z] [INFO] [REVIEW WORKER 1] skip existing agiz-dis-bakimi/646162263
[2026-04-05T12:30:09.261Z] [INFO] [REVIEW WORKER 1] skip existing agiz-dis-bakimi/516280413
[2026-04-05T12:30:09.262Z] [INFO] [REVIEW WORKER 1] skip existing agiz-dis-bakimi/670332684
[2026-04-05T12:30:09.262Z] [INFO] [REVIEW WORKER 1] skip existing agiz-dis-bakimi/513300963
[2026-04-05T12:30:09.262Z] [INFO] [REVIEW WORKER 1] skip existing agiz-dis-bakimi/646989933
[2026-04-05T12:30:09.262Z] [INFO] [REVIEW WORKER 1] skip existing agiz-dis-bakimi/571538032
[2026-04-05T12:30:09.262Z] [INFO] [REVIEW WORKER 1] skip existing agiz-dis-bakimi/734814127
[2026-04-05T12:30:09.262Z] [INFO] [REVIEW WORKER 1] skip existing agiz-dis-bakimi/513107665
[2026-04-05T12:30:09.262Z] [INFO] [REVIEW WORKER 1] skip existing agiz-dis-bakimi/717999726
[2026-04-05T12:30:09.262Z] [INFO] [REVIEW WORKER 1] skip existing agiz-dis-bakimi/583645346
[2026-04-05T12:30:09.262Z] [INFO] [REVIEW WORKER 1] skip existing agiz-dis-bakimi/589007572
[2026-04-05T12:30:09.262Z] [INFO] [REVIEW WORKER 1] skip existing agiz-dis-bakimi/575244504
[2026-04-05T12:30:09.262Z] [INFO] [REVIEW WORKER 1] skip existing agiz-dis-bakimi/647407239
[2026-04-05T12:30:09.262Z] [INFO] [REVIEW WORKER 1] skip existing agiz-dis-bakimi/632820106
[2026-04-05T12:30:09.263Z] [INFO] [REVIEW WORKER 1] skip existing agiz-dis-bakimi/728898849
[2026-04-05T12:30:09.263Z] [INFO] [REVIEW WORKER 1] skip existing agiz-dis-bakimi/725067779
[2026-04-05T12:30:09.263Z] [INFO] [REVIEW WORKER 1] skip existing agiz-dis-bakimi/513259427
[2026-04-05T12:30:09.263Z] [INFO] [REVIEW WORKER 1] skip existing agiz-dis-bakimi/605506178
[2026-04-05T12:30:09.263Z] [INFO] [REVIEW WORKER 1] skip existing agiz-dis-bakimi/708249217
[2026-04-05T12:30:09.263Z] [INFO] [REVIEW WORKER 1] skip existing agiz-dis-bakimi/700282661
[2026-04-05T12:30:09.263Z] [INFO] [REVIEW WORKER 1] skip existing agiz-dis-bakimi/639470118
[2026-04-05T12:30:09.263Z] [INFO] [REVIEW WORKER 1] skip existing agiz-dis-bakimi/589424634
[2026-04-05T12:30:09.263Z] [INFO] [REVIEW WORKER 1] skip existing agiz-dis-bakimi/736307832
[2026-04-05T12:30:09.263Z] [INFO] [REVIEW WORKER 1] skip existing agiz-dis-bakimi/582096398
[2026-04-05T12:30:09.264Z] [INFO] [REVIEW WORKER 1] skip existing agiz-dis-bakimi/598810446
[2026-04-05T12:30:09.264Z] [INFO] [REVIEW WORKER 1] skip existing agiz-dis-bakimi/569356079
[2026-04-05T12:30:09.264Z] [INFO] [REVIEW WORKER 1] skip existing agiz-dis-bakimi/593889030
[2026-04-05T12:30:09.264Z] [INFO] [REVIEW WORKER 1] skip existing agiz-dis-bakimi/704937958
[2026-04-05T12:30:09.264Z] [INFO] [REVIEW WORKER 1] skip existing agiz-dis-bakimi/591859906
[2026-04-05T12:30:09.264Z] [INFO] [REVIEW WORKER 1] skip existing agiz-dis-bakimi/600346061
[2026-04-05T12:30:09.264Z] [INFO] [REVIEW WORKER 1] skip existing agiz-dis-bakimi/654910892
[2026-04-05T12:30:09.264Z] [INFO] [REVIEW WORKER 1] skip existing agiz-dis-bakimi/563511217
[2026-04-05T12:30:09.264Z] [INFO] [REVIEW WORKER 1] skip existing agiz-dis-bakimi/536672827
[2026-04-05T12:30:09.264Z] [INFO] [REVIEW WORKER 1] skip existing agiz-dis-bakimi/719500810
[2026-04-05T12:30:09.264Z] [INFO] [REVIEW WORKER 1] skip existing agiz-dis-bakimi/647095451
[2026-04-05T12:30:09.264Z] [INFO] [REVIEW WORKER 1] skip existing agiz-dis-bakimi/440300565
[2026-04-05T12:30:09.265Z] [INFO] [REVIEW WORKER 1] skip existing agiz-dis-bakimi/647407837
[2026-04-05T12:30:09.265Z] [INFO] [REVIEW WORKER 1] skip existing agiz-dis-bakimi/673793989
[2026-04-05T12:30:09.265Z] [INFO] [REVIEW WORKER 1] skip existing agiz-dis-bakimi/710381275
[2026-04-05T12:30:09.265Z] [INFO] [REVIEW WORKER 1] skip existing agiz-dis-bakimi/733917425
[2026-04-05T12:30:09.265Z] [INFO] [REVIEW WORKER 1] skip existing agiz-dis-bakimi/547578833
[2026-04-05T12:30:09.265Z] [INFO] [REVIEW WORKER 1] skip existing agiz-dis-bakimi/724793445
[2026-04-05T12:30:09.265Z] [INFO] [REVIEW WORKER 1] skip existing agiz-dis-bakimi/648171509
[2026-04-05T12:30:09.265Z] [INFO] [REVIEW WORKER 1] skip existing agiz-dis-bakimi/649294628
[2026-04-05T12:30:09.265Z] [INFO] [REVIEW WORKER 1] skip existing agiz-dis-bakimi/730511541
[2026-04-05T12:30:09.265Z] [INFO] [REVIEW WORKER 1] skip existing agiz-dis-bakimi/652009630
[2026-04-05T12:30:09.265Z] [INFO] [REVIEW WORKER 1] skip existing agiz-dis-bakimi/655713943
[2026-04-05T12:30:09.265Z] [INFO] [REVIEW WORKER 1] skip existing agiz-dis-bakimi/694892712
[2026-04-05T12:30:09.266Z] [INFO] [REVIEW WORKER 1] skip existing agiz-dis-bakimi/670332658
[2026-04-05T12:30:09.266Z] [INFO] [REVIEW WORKER 1] skip existing agiz-dis-bakimi/591032636
[2026-04-05T12:30:09.266Z] [INFO] [REVIEW WORKER 1] skip existing agiz-dis-bakimi/600609572
[2026-04-05T12:30:09.266Z] [INFO] [REVIEW WORKER 1] skip existing agiz-dis-bakimi/658798732
[2026-04-05T12:30:09.266Z] [INFO] [REVIEW WORKER 1] skip existing agiz-dis-bakimi/658432821
[2026-04-05T12:30:09.266Z] [INFO] [REVIEW WORKER 1] skip existing agiz-dis-bakimi/598807772
[2026-04-05T12:30:09.266Z] [INFO] [REVIEW WORKER 1] skip existing agiz-dis-bakimi/733726805
[2026-04-05T12:30:09.266Z] [INFO] [REVIEW WORKER 1] skip existing agiz-dis-bakimi/724793597
[2026-04-05T12:30:09.266Z] [INFO] [REVIEW WORKER 1] skip existing agiz-dis-bakimi/705681377
[2026-04-05T12:30:09.266Z] [INFO] [REVIEW WORKER 1] skip existing agiz-dis-bakimi/566660360
[2026-04-05T12:30:09.266Z] [INFO] [REVIEW WORKER 1] skip existing agiz-dis-bakimi/702317807
[2026-04-05T12:30:09.267Z] [INFO] [REVIEW WORKER 1] skip existing agiz-dis-bakimi/724789990
[2026-04-05T12:30:09.267Z] [INFO] [REVIEW WORKER 1] skip existing agiz-dis-bakimi/600468368
[2026-04-05T12:30:09.267Z] [INFO] [REVIEW WORKER 1] skip existing agiz-dis-bakimi/607454889
[2026-04-05T12:30:09.267Z] [INFO] [REVIEW WORKER 1] skip existing agiz-dis-bakimi/553590370
[2026-04-05T12:30:09.267Z] [INFO] [REVIEW WORKER 1] skip existing agiz-dis-bakimi/315521043
[2026-04-05T12:30:09.267Z] [INFO] [REVIEW WORKER 1] skip existing agiz-dis-bakimi/690239227
[2026-04-05T12:30:09.267Z] [INFO] [REVIEW WORKER 1] skip existing agiz-dis-bakimi/651821946
[2026-04-05T12:30:09.267Z] [INFO] [REVIEW WORKER 1] skip existing agiz-dis-bakimi/574121722
[2026-04-05T12:30:09.268Z] [INFO] [REVIEW WORKER 1] skip existing agiz-dis-bakimi/640671020
[2026-04-05T12:30:09.268Z] [INFO] [REVIEW WORKER 1] skip existing agiz-dis-bakimi/648001369
[2026-04-05T12:30:09.268Z] [INFO] [REVIEW WORKER 1] skip existing agiz-dis-bakimi/639849829
[2026-04-05T12:30:09.268Z] [INFO] [REVIEW WORKER 1] skip existing agiz-dis-bakimi/597213566
[2026-04-05T12:30:09.268Z] [INFO] [REVIEW WORKER 1] skip existing agiz-dis-bakimi/636268619
[2026-04-05T12:30:09.268Z] [INFO] [REVIEW WORKER 1] skip existing agiz-dis-bakimi/735961815
[2026-04-05T12:30:09.268Z] [INFO] [REVIEW WORKER 1] skip existing agiz-dis-bakimi/550796760
[2026-04-05T12:30:09.268Z] [INFO] [REVIEW WORKER 1] skip existing agiz-dis-bakimi/646974781
[2026-04-05T12:30:09.268Z] [INFO] [REVIEW WORKER 1] skip existing agiz-dis-bakimi/719500786
[2026-04-05T12:30:09.268Z] [INFO] [REVIEW WORKER 1] skip existing agiz-dis-bakimi/654912728
[2026-04-05T12:30:09.268Z] [INFO] [REVIEW WORKER 1] skip existing agiz-dis-bakimi/658447821
[2026-04-05T12:30:09.268Z] [INFO] [REVIEW WORKER 1] skip existing agiz-dis-bakimi/657308185
[2026-04-05T12:30:09.269Z] [INFO] [REVIEW WORKER 1] skip existing agiz-dis-bakimi/597179648
[2026-04-05T12:30:09.269Z] [INFO] [REVIEW WORKER 1] skip existing agiz-dis-bakimi/600608661
[2026-04-05T12:30:09.269Z] [INFO] [REVIEW WORKER 1] skip existing agiz-dis-bakimi/647893955
[2026-04-05T12:30:09.269Z] [INFO] [REVIEW WORKER 1] skip existing agiz-dis-bakimi/724793421
[2026-04-05T12:30:09.269Z] [INFO] [REVIEW WORKER 1] skip existing agiz-dis-bakimi/606653175
[2026-04-05T12:30:09.269Z] [INFO] [REVIEW WORKER 1] skip existing agiz-dis-bakimi/728001595
[2026-04-05T12:30:09.269Z] [INFO] [REVIEW WORKER 1] skip existing agiz-dis-bakimi/598811472
[2026-04-05T12:30:09.269Z] [INFO] [REVIEW WORKER 1] skip existing agiz-dis-bakimi/546958331
[2026-04-05T12:30:09.269Z] [INFO] [REVIEW WORKER 1] skip existing agiz-dis-bakimi/576205883
[2026-04-05T12:30:09.269Z] [INFO] [REVIEW WORKER 1] skip existing agiz-dis-bakimi/650756874
[2026-04-05T12:30:09.269Z] [INFO] [REVIEW WORKER 1] skip existing agiz-dis-bakimi/607454704
[2026-04-05T12:30:09.269Z] [INFO] [REVIEW WORKER 1] skip existing agiz-dis-bakimi/730180301
[2026-04-05T12:30:09.270Z] [INFO] [REVIEW WORKER 1] skip existing agiz-dis-bakimi/598810907
[2026-04-05T12:30:09.270Z] [INFO] [REVIEW WORKER 1] skip existing agiz-dis-bakimi/722025059
[2026-04-05T12:30:09.270Z] [INFO] [REVIEW WORKER 1] skip existing agiz-dis-bakimi/690226767
[2026-04-05T12:30:09.270Z] [INFO] [REVIEW WORKER 1] skip existing agiz-dis-bakimi/569478909
[2026-04-05T12:30:09.270Z] [INFO] [REVIEW WORKER 1] skip existing agiz-dis-bakimi/731965582
[2026-04-05T12:30:09.270Z] [INFO] [REVIEW WORKER 1] skip existing agiz-dis-bakimi/731479447
[2026-04-05T12:30:09.270Z] [INFO] [REVIEW WORKER 1] skip existing agiz-dis-bakimi/582097251
[2026-04-05T12:30:09.270Z] [INFO] [REVIEW WORKER 1] skip existing agiz-dis-bakimi/620445161
[2026-04-05T12:30:09.270Z] [INFO] [REVIEW WORKER 1] skip existing agiz-dis-bakimi/485066234
[2026-04-05T12:30:09.270Z] [INFO] [REVIEW WORKER 1] skip existing agiz-dis-bakimi/733048101
[2026-04-05T12:30:09.270Z] [INFO] [REVIEW WORKER 1] skip existing agiz-dis-bakimi/728001777
[2026-04-05T12:30:09.270Z] [INFO] [REVIEW WORKER 1] skip existing agiz-dis-bakimi/607455394
[2026-04-05T12:30:09.271Z] [INFO] [REVIEW WORKER 1] skip existing agiz-dis-bakimi/513267535
[2026-04-05T12:30:09.271Z] [INFO] [REVIEW WORKER 1] skip existing agiz-dis-bakimi/733046511
[2026-04-05T12:30:09.271Z] [INFO] [REVIEW WORKER 1] skip existing agiz-dis-bakimi/647899742
[2026-04-05T12:30:09.271Z] [INFO] [REVIEW WORKER 1] skip existing agiz-dis-bakimi/694374241
[2026-04-05T12:30:09.271Z] [INFO] [REVIEW WORKER 1] skip existing agiz-dis-bakimi/527431693
[2026-04-05T12:30:09.271Z] [INFO] [REVIEW WORKER 1] skip existing agiz-dis-bakimi/603188119
[2026-04-05T12:30:09.271Z] [INFO] [REVIEW WORKER 1] skip existing agiz-dis-bakimi/598807733
[2026-04-05T12:30:09.271Z] [INFO] [REVIEW WORKER 1] skip existing agiz-dis-bakimi/685695195
[2026-04-05T12:30:09.271Z] [INFO] [REVIEW WORKER 1] skip existing agiz-dis-bakimi/634903698
[2026-04-05T12:30:09.271Z] [INFO] [REVIEW WORKER 1] skip existing agiz-dis-bakimi/639849316
[2026-04-05T12:30:09.271Z] [INFO] [REVIEW WORKER 1] skip existing agiz-dis-bakimi/589007260
[2026-04-05T12:30:09.271Z] [INFO] [REVIEW WORKER 1] skip existing agiz-dis-bakimi/727257810
[2026-04-05T12:30:09.272Z] [INFO] [REVIEW WORKER 1] skip existing agiz-dis-bakimi/731306552
[2026-04-05T12:30:09.272Z] [INFO] [REVIEW WORKER 1] skip existing agiz-dis-bakimi/680837060
[2026-04-05T12:30:09.272Z] [INFO] [REVIEW WORKER 1] skip existing agiz-dis-bakimi/591427345
[2026-04-05T12:30:09.272Z] [INFO] [REVIEW WORKER 1] skip existing agiz-dis-bakimi/589423762
[2026-04-05T12:30:09.272Z] [INFO] [REVIEW WORKER 1] skip existing agiz-dis-bakimi/527420252
[2026-04-05T12:30:09.272Z] [INFO] [REVIEW WORKER 1] skip existing agiz-dis-bakimi/640037022
[2026-04-05T12:30:09.272Z] [INFO] [REVIEW WORKER 1] skip existing agiz-dis-bakimi/736324856
[2026-04-05T12:30:09.272Z] [INFO] [REVIEW WORKER 1] skip existing agiz-dis-bakimi/605233327
[2026-04-05T12:30:09.272Z] [INFO] [REVIEW WORKER 1] skip existing agiz-dis-bakimi/647407914
[2026-04-05T12:30:09.272Z] [INFO] [REVIEW WORKER 1] skip existing agiz-dis-bakimi/473162414
[2026-04-05T12:30:09.272Z] [INFO] [REVIEW WORKER 1] skip existing agiz-dis-bakimi/591427171
[2026-04-05T12:30:09.273Z] [INFO] [REVIEW WORKER 1] skip existing agiz-dis-bakimi/598888278
[2026-04-05T12:30:09.273Z] [INFO] [REVIEW WORKER 1] skip existing agiz-dis-bakimi/583406211
[2026-04-05T12:30:09.273Z] [INFO] [REVIEW WORKER 1] skip existing agiz-dis-bakimi/581267520
[2026-04-05T12:30:09.273Z] [INFO] [REVIEW WORKER 1] skip existing agiz-dis-bakimi/643008180
[2026-04-05T12:30:09.273Z] [INFO] [REVIEW WORKER 1] skip existing agiz-dis-bakimi/589920291
[2026-04-05T12:30:09.273Z] [INFO] [REVIEW WORKER 1] skip existing agiz-dis-bakimi/640897304
[2026-04-05T12:30:09.273Z] [INFO] [REVIEW WORKER 1] skip existing agiz-dis-bakimi/701283809
[2026-04-05T12:30:09.273Z] [INFO] [REVIEW WORKER 1] skip existing agiz-dis-bakimi/728124779
[2026-04-05T12:30:09.273Z] [INFO] [REVIEW WORKER 1] skip existing agiz-dis-bakimi/593428176
[2026-04-05T12:30:09.273Z] [INFO] [REVIEW WORKER 1] skip existing agiz-dis-bakimi/646974558
[2026-04-05T12:30:09.273Z] [INFO] [REVIEW WORKER 1] skip existing agiz-dis-bakimi/735838958
[2026-04-05T12:30:09.273Z] [INFO] [REVIEW WORKER 1] skip existing agiz-dis-bakimi/597389101
[2026-04-05T12:30:09.273Z] [INFO] [REVIEW WORKER 1] skip existing agiz-dis-bakimi/589697168
[2026-04-05T12:30:09.274Z] [INFO] [REVIEW WORKER 1] skip existing agiz-dis-bakimi/695359694
[2026-04-05T12:30:09.274Z] [INFO] [REVIEW WORKER 1] skip existing agiz-dis-bakimi/589510814
[2026-04-05T12:30:09.274Z] [INFO] [REVIEW WORKER 1] skip existing agiz-dis-bakimi/730194616
[2026-04-05T12:30:09.274Z] [INFO] [REVIEW WORKER 1] skip existing agiz-dis-bakimi/636798986
[2026-04-05T12:30:09.274Z] [INFO] [REVIEW WORKER 1] skip existing agiz-dis-bakimi/684761135
[2026-04-05T12:30:09.274Z] [INFO] [REVIEW WORKER 1] skip existing agiz-dis-bakimi/657008214
[2026-04-05T12:30:09.274Z] [INFO] [REVIEW WORKER 1] skip existing agiz-dis-bakimi/693576598
[2026-04-05T12:30:09.274Z] [INFO] [REVIEW WORKER 1] skip existing agiz-dis-bakimi/719465734
[2026-04-05T12:30:09.274Z] [INFO] [REVIEW WORKER 1] skip existing agiz-dis-bakimi/610698435
[2026-04-05T12:30:09.274Z] [INFO] [REVIEW WORKER 1] skip existing agiz-dis-bakimi/548816176
[2026-04-05T12:30:09.274Z] [INFO] [REVIEW WORKER 1] skip existing agiz-dis-bakimi/657040782
[2026-04-05T12:30:09.274Z] [INFO] [REVIEW WORKER 1] skip existing agiz-dis-bakimi/645390495
[2026-04-05T12:30:09.275Z] [INFO] [REVIEW WORKER 1] skip existing agiz-dis-bakimi/653020388
[2026-04-05T12:30:09.275Z] [INFO] [REVIEW WORKER 1] skip existing agiz-dis-bakimi/559654802
[2026-04-05T12:30:09.275Z] [INFO] [REVIEW WORKER 1] skip existing agiz-dis-bakimi/702087058
[2026-04-05T12:30:09.275Z] [INFO] [REVIEW WORKER 1] skip existing agiz-dis-bakimi/597466802
[2026-04-05T12:30:09.275Z] [INFO] [REVIEW WORKER 1] skip existing agiz-dis-bakimi/646033839
[2026-04-05T12:30:09.275Z] [INFO] [REVIEW WORKER 1] skip existing agiz-dis-bakimi/547579212
[2026-04-05T12:30:09.275Z] [INFO] [REVIEW WORKER 1] skip existing agiz-dis-bakimi/736041775
[2026-04-05T12:30:09.275Z] [INFO] [REVIEW WORKER 1] skip existing agiz-dis-bakimi/590828838
[2026-04-05T12:30:09.275Z] [INFO] [REVIEW WORKER 1] skip existing agiz-dis-bakimi/687061380
[2026-04-05T12:30:09.275Z] [INFO] [REVIEW WORKER 1] skip existing agiz-dis-bakimi/640193137
[2026-04-05T12:30:09.275Z] [INFO] [REVIEW WORKER 1] skip existing agiz-dis-bakimi/646974793
[2026-04-05T12:30:09.276Z] [INFO] [REVIEW WORKER 1] skip existing agiz-dis-bakimi/570349797
[2026-04-05T12:30:09.276Z] [INFO] [REVIEW WORKER 1] skip existing agiz-dis-bakimi/736425082
[2026-04-05T12:30:09.276Z] [INFO] [REVIEW WORKER 1] skip existing agiz-dis-bakimi/646034047
[2026-04-05T12:30:09.276Z] [INFO] [REVIEW WORKER 1] skip existing agiz-dis-bakimi/728069024
[2026-04-05T12:30:09.276Z] [INFO] [REVIEW WORKER 1] skip existing agiz-dis-bakimi/701283850
[2026-04-05T12:30:09.276Z] [INFO] [REVIEW WORKER 1] skip existing agiz-dis-bakimi/732245026
[2026-04-05T12:30:09.276Z] [INFO] [REVIEW WORKER 1] skip existing agiz-dis-bakimi/650910283
[2026-04-05T12:30:09.276Z] [INFO] [REVIEW WORKER 1] skip existing agiz-dis-bakimi/658714923
[2026-04-05T12:30:09.276Z] [INFO] [REVIEW WORKER 1] skip existing agiz-dis-bakimi/723161555
[2026-04-05T12:30:09.276Z] [INFO] [REVIEW WORKER 1] skip existing agiz-dis-bakimi/729385812
[2026-04-05T12:30:09.276Z] [INFO] [REVIEW WORKER 1] skip existing agiz-dis-bakimi/737088063
[2026-04-05T12:30:09.276Z] [INFO] [REVIEW WORKER 1] skip existing agiz-dis-bakimi/709135444
[2026-04-05T12:30:09.277Z] [INFO] [REVIEW WORKER 1] skip existing agiz-dis-bakimi/728001590
[2026-04-05T12:30:09.277Z] [INFO] [REVIEW WORKER 1] skip existing agiz-dis-bakimi/597214058
[2026-04-05T12:30:09.277Z] [INFO] [REVIEW WORKER 1] skip existing agiz-dis-bakimi/537936196
[2026-04-05T12:30:09.277Z] [INFO] [REVIEW WORKER 1] skip existing agiz-dis-bakimi/436695155
[2026-04-05T12:30:09.277Z] [INFO] [REVIEW WORKER 1] skip existing agiz-dis-bakimi/556321054
[2026-04-05T12:30:09.277Z] [INFO] [REVIEW WORKER 1] skip existing agiz-dis-bakimi/732388255
[2026-04-05T12:30:09.277Z] [INFO] [REVIEW WORKER 1] skip existing agiz-dis-bakimi/642983819
[2026-04-05T12:30:09.277Z] [INFO] [REVIEW WORKER 1] skip existing agiz-dis-bakimi/597213856
[2026-04-05T12:30:09.277Z] [INFO] [REVIEW WORKER 1] skip existing agiz-dis-bakimi/589575071
[2026-04-05T12:30:09.277Z] [INFO] [REVIEW WORKER 1] skip existing agiz-dis-bakimi/712661831
[2026-04-05T12:30:09.278Z] [INFO] [REVIEW WORKER 1] skip existing agiz-dis-bakimi/730512213
[2026-04-05T12:30:09.278Z] [INFO] [REVIEW WORKER 1] skip existing agiz-dis-bakimi/643760543
[2026-04-05T12:30:09.278Z] [INFO] [REVIEW WORKER 1] skip existing agiz-dis-bakimi/634008779
[2026-04-05T12:30:09.278Z] [INFO] [REVIEW WORKER 1] skip existing agiz-dis-bakimi/585238368
[2026-04-05T12:30:09.278Z] [INFO] [REVIEW WORKER 1] skip existing agiz-dis-bakimi/436696356
[2026-04-05T12:30:09.278Z] [INFO] [REVIEW WORKER 1] skip existing agiz-dis-bakimi/647508924
[2026-04-05T12:30:09.278Z] [INFO] [REVIEW WORKER 1] skip existing agiz-dis-bakimi/560965160
[2026-04-05T12:30:09.278Z] [INFO] [REVIEW WORKER 1] skip existing agiz-dis-bakimi/687293456
[2026-04-05T12:30:09.278Z] [INFO] [REVIEW WORKER 1] skip existing agiz-dis-bakimi/638784697
[2026-04-05T12:30:09.278Z] [INFO] [REVIEW WORKER 1] skip existing agiz-dis-bakimi/599187933
[2026-04-05T12:30:09.278Z] [INFO] [REVIEW WORKER 1] skip existing agiz-dis-bakimi/636390944
[2026-04-05T12:30:09.279Z] [INFO] [REVIEW WORKER 1] skip existing agiz-dis-bakimi/593552175
[2026-04-05T12:30:09.279Z] [INFO] [REVIEW WORKER 1] skip existing agiz-dis-bakimi/569479233
[2026-04-05T12:30:09.279Z] [INFO] [REVIEW WORKER 1] skip existing agiz-dis-bakimi/735547495
[2026-04-05T12:30:09.279Z] [INFO] [REVIEW WORKER 1] skip existing agiz-dis-bakimi/736238170
[2026-04-05T12:30:09.279Z] [INFO] [REVIEW WORKER 1] skip existing agiz-dis-bakimi/600608405
[2026-04-05T12:30:09.279Z] [INFO] [REVIEW WORKER 1] skip existing agiz-dis-bakimi/739094614
[2026-04-05T12:30:09.279Z] [INFO] [REVIEW WORKER 1] skip existing agiz-dis-bakimi/663780237
[2026-04-05T12:30:09.279Z] [INFO] [REVIEW WORKER 1] skip existing agiz-dis-bakimi/736870197
[2026-04-05T12:30:09.279Z] [INFO] [REVIEW WORKER 1] skip existing agiz-dis-bakimi/524029922
[2026-04-05T12:30:09.279Z] [INFO] [REVIEW WORKER 1] skip existing agiz-dis-bakimi/527398448
[2026-04-05T12:30:09.279Z] [INFO] [REVIEW WORKER 1] skip existing agiz-dis-bakimi/730511530
[2026-04-05T12:30:09.279Z] [INFO] [REVIEW WORKER 1] skip existing agiz-dis-bakimi/733081776
[2026-04-05T12:30:09.279Z] [INFO] [REVIEW WORKER 1] skip existing agiz-dis-bakimi/607455095
[2026-04-05T12:30:09.280Z] [INFO] [REVIEW WORKER 1] skip existing agiz-dis-bakimi/663547470
[2026-04-05T12:30:09.280Z] [INFO] [REVIEW WORKER 1] skip existing agiz-dis-bakimi/634903125
[2026-04-05T12:30:09.280Z] [INFO] [REVIEW WORKER 1] skip existing agiz-dis-bakimi/736534437
[2026-04-05T12:30:09.280Z] [INFO] [REVIEW WORKER 1] skip existing agiz-dis-bakimi/724324457
[2026-04-05T12:30:09.280Z] [INFO] [REVIEW WORKER 1] skip existing agiz-dis-bakimi/437851870
[2026-04-05T12:30:09.280Z] [INFO] [REVIEW WORKER 1] skip existing agiz-dis-bakimi/724337060
[2026-04-05T12:30:09.280Z] [INFO] [REVIEW WORKER 1] skip existing agiz-dis-bakimi/600608100
[2026-04-05T12:30:09.280Z] [INFO] [REVIEW WORKER 1] skip existing agiz-dis-bakimi/578912523
[2026-04-05T12:30:09.280Z] [INFO] [REVIEW WORKER 1] skip existing agiz-dis-bakimi/647036986
[2026-04-05T12:30:09.280Z] [INFO] [REVIEW WORKER 1] skip existing agiz-dis-bakimi/686359269
[2026-04-05T12:30:09.280Z] [INFO] [REVIEW WORKER 1] skip existing agiz-dis-bakimi/731910029
[2026-04-05T12:30:09.280Z] [INFO] [REVIEW WORKER 1] skip existing agiz-dis-bakimi/356339984
[2026-04-05T12:30:09.280Z] [INFO] [REVIEW WORKER 1] skip existing agiz-dis-bakimi/603344133
[2026-04-05T12:30:09.281Z] [INFO] [REVIEW WORKER 1] skip existing agiz-dis-bakimi/709358655
[2026-04-05T12:30:09.281Z] [INFO] 
[REVIEW WORKER 1] starting agiz-dis-bakimi/645399264
[2026-04-05T12:30:09.281Z] [INFO] 
[REVIEW WORKER 2] starting agiz-dis-bakimi/726824585
[2026-04-05T12:30:09.281Z] [INFO] 
[REVIEW WORKER 3] starting agiz-dis-bakimi/562839287
[2026-04-05T12:30:34.744Z] [INFO] 
[START REVIEW] category=agiz-dis-bakimi productId=562839287 startPage=1
[2026-04-05T12:30:35.063Z] [INFO] [review agiz-dis-bakimi/562839287] page=1 +7 reviews (unique=7)
[2026-04-05T12:30:35.065Z] [INFO] [REVIEW SAVED] /Users/artifact/Developer/review_ai/Review_AI/scraper_project/raw_data/agiz-dis-bakimi/562839287_reviews.json
[2026-04-05T12:30:35.081Z] [INFO] 
[REVIEW WORKER 3] starting agiz-dis-bakimi/730180742
[2026-04-05T12:30:35.392Z] [INFO] 
[START REVIEW] category=agiz-dis-bakimi productId=726824585 startPage=1
[2026-04-05T12:30:35.526Z] [INFO] 
[START REVIEW] category=agiz-dis-bakimi productId=645399264 startPage=1
[2026-04-05T12:30:35.603Z] [INFO] [review agiz-dis-bakimi/726824585] page=1 +8 reviews (unique=8)
[2026-04-05T12:30:35.868Z] [INFO] [review agiz-dis-bakimi/645399264] page=1 +7 reviews (unique=7)
[2026-04-05T12:30:35.868Z] [INFO] [REVIEW SAVED] /Users/artifact/Developer/review_ai/Review_AI/scraper_project/raw_data/agiz-dis-bakimi/645399264_reviews.json
[2026-04-05T12:30:35.874Z] [INFO] [REVIEW WORKER 1] skip existing agiz-dis-bakimi/730513999
[2026-04-05T12:30:35.874Z] [INFO] 
[REVIEW WORKER 1] starting agiz-dis-bakimi/724324777
[2026-04-05T12:30:36.145Z] [INFO] [review agiz-dis-bakimi/726824585] page=2 +8 reviews (unique=16)
[2026-04-05T12:30:36.147Z] [INFO] [REVIEW SAVED] /Users/artifact/Developer/review_ai/Review_AI/scraper_project/raw_data/agiz-dis-bakimi/726824585_reviews.json
[2026-04-05T12:30:36.164Z] [INFO] 
[REVIEW WORKER 2] starting agiz-dis-bakimi/730194445
[2026-04-05T12:30:40.906Z] [INFO] 
[START REVIEW] category=agiz-dis-bakimi productId=730180742 startPage=1
[2026-04-05T12:30:42.469Z] [INFO] 
[START REVIEW] category=agiz-dis-bakimi productId=730194445 startPage=1
[2026-04-05T12:30:43.273Z] [INFO] [review agiz-dis-bakimi/730180742] page=1 +0 reviews (unique=0)
[2026-04-05T12:30:43.275Z] [INFO] [REVIEW SAVED] /Users/artifact/Developer/review_ai/Review_AI/scraper_project/raw_data/agiz-dis-bakimi/730180742_reviews.json
[2026-04-05T12:30:43.283Z] [INFO] 
[REVIEW WORKER 3] starting agiz-dis-bakimi/593552362
[2026-04-05T12:30:45.076Z] [INFO] [review agiz-dis-bakimi/730194445] page=1 +0 reviews (unique=0)
[2026-04-05T12:30:45.077Z] [INFO] [REVIEW SAVED] /Users/artifact/Developer/review_ai/Review_AI/scraper_project/raw_data/agiz-dis-bakimi/730194445_reviews.json
[2026-04-05T12:30:45.086Z] [INFO] 
[REVIEW WORKER 2] starting agiz-dis-bakimi/639471543
[2026-04-05T12:30:45.940Z] [INFO] 
[START REVIEW] category=agiz-dis-bakimi productId=724324777 startPage=1
[2026-04-05T12:30:49.283Z] [INFO] [review agiz-dis-bakimi/724324777] page=1 +4 reviews (unique=4)
[2026-04-05T12:30:49.286Z] [INFO] [REVIEW SAVED] /Users/artifact/Developer/review_ai/Review_AI/scraper_project/raw_data/agiz-dis-bakimi/724324777_reviews.json
[2026-04-05T12:30:49.299Z] [INFO] 
[REVIEW WORKER 1] starting agiz-dis-bakimi/655142278
[2026-04-05T12:30:57.527Z] [INFO] 
[START REVIEW] category=agiz-dis-bakimi productId=593552362 startPage=1
[2026-04-05T12:30:57.853Z] [INFO] [review agiz-dis-bakimi/593552362] page=1 +8 reviews (unique=8)
[2026-04-05T12:30:58.090Z] [INFO] 
[START REVIEW] category=agiz-dis-bakimi productId=639471543 startPage=1
[2026-04-05T12:30:58.356Z] [INFO] [review agiz-dis-bakimi/639471543] page=1 +8 reviews (unique=8)
[2026-04-05T12:30:58.357Z] [INFO] [REVIEW SAVED] /Users/artifact/Developer/review_ai/Review_AI/scraper_project/raw_data/agiz-dis-bakimi/639471543_reviews.json
[2026-04-05T12:30:58.364Z] [INFO] 
[REVIEW WORKER 2] starting agiz-dis-bakimi/639849320
[2026-04-05T12:30:58.800Z] [INFO] 
[START REVIEW] category=agiz-dis-bakimi productId=655142278 startPage=1
[2026-04-05T12:30:58.966Z] [INFO] [review agiz-dis-bakimi/655142278] page=1 +4 reviews (unique=4)
[2026-04-05T12:30:58.967Z] [INFO] [REVIEW SAVED] /Users/artifact/Developer/review_ai/Review_AI/scraper_project/raw_data/agiz-dis-bakimi/655142278_reviews.json
[2026-04-05T12:30:58.973Z] [INFO] 
[REVIEW WORKER 1] starting agiz-dis-bakimi/690226697
[2026-04-05T12:30:59.387Z] [INFO] [review agiz-dis-bakimi/593552362] page=2 +7 reviews (unique=15)
[2026-04-05T12:30:59.388Z] [INFO] [REVIEW SAVED] /Users/artifact/Developer/review_ai/Review_AI/scraper_project/raw_data/agiz-dis-bakimi/593552362_reviews.json
[2026-04-05T12:30:59.396Z] [INFO] 
[REVIEW WORKER 3] starting agiz-dis-bakimi/468731998
[2026-04-05T12:31:07.871Z] [INFO] 
[START REVIEW] category=agiz-dis-bakimi productId=690226697 startPage=1
[2026-04-05T12:31:08.019Z] [INFO] 
[START REVIEW] category=agiz-dis-bakimi productId=468731998 startPage=1
[2026-04-05T12:31:08.333Z] [INFO] 
[START REVIEW] category=agiz-dis-bakimi productId=639849320 startPage=1
[2026-04-05T12:31:08.344Z] [INFO] [review agiz-dis-bakimi/468731998] page=1 +8 reviews (unique=8)
[2026-04-05T12:31:08.413Z] [INFO] [review agiz-dis-bakimi/690226697] page=1 +5 reviews (unique=5)
[2026-04-05T12:31:08.415Z] [INFO] [REVIEW SAVED] /Users/artifact/Developer/review_ai/Review_AI/scraper_project/raw_data/agiz-dis-bakimi/690226697_reviews.json
[2026-04-05T12:31:08.423Z] [INFO] 
[REVIEW WORKER 1] starting agiz-dis-bakimi/569479041
[2026-04-05T12:31:08.973Z] [INFO] [review agiz-dis-bakimi/468731998] page=2 +8 reviews (unique=16)
[2026-04-05T12:31:09.589Z] [INFO] [review agiz-dis-bakimi/468731998] page=3 +8 reviews (unique=24)
[2026-04-05T12:31:10.073Z] [INFO] [review agiz-dis-bakimi/639849320] page=1 +2 reviews (unique=2)
[2026-04-05T12:31:10.074Z] [INFO] [REVIEW SAVED] /Users/artifact/Developer/review_ai/Review_AI/scraper_project/raw_data/agiz-dis-bakimi/639849320_reviews.json
[2026-04-05T12:31:10.081Z] [INFO] 
[REVIEW WORKER 2] starting agiz-dis-bakimi/578912533
[2026-04-05T12:31:10.458Z] [INFO] [review agiz-dis-bakimi/468731998] page=4 +8 reviews (unique=32)
[2026-04-05T12:31:11.864Z] [INFO] [review agiz-dis-bakimi/468731998] page=5 +8 reviews (unique=40)
[2026-04-05T12:31:11.866Z] [INFO] [REVIEW PARTIAL SAVED] /Users/artifact/Developer/review_ai/Review_AI/scraper_project/raw_data/agiz-dis-bakimi/468731998_reviews.partial.json
[2026-04-05T12:31:11.866Z] [INFO] [REVIEW SAVED] /Users/artifact/Developer/review_ai/Review_AI/scraper_project/raw_data/agiz-dis-bakimi/468731998_reviews.json
[2026-04-05T12:31:11.872Z] [INFO] 
[REVIEW WORKER 3] starting agiz-dis-bakimi/502526980
[2026-04-05T12:31:15.898Z] [INFO] 
[START REVIEW] category=agiz-dis-bakimi productId=569479041 startPage=1
[2026-04-05T12:31:16.892Z] [INFO] [review agiz-dis-bakimi/569479041] page=1 +8 reviews (unique=8)
[2026-04-05T12:31:19.484Z] [INFO] [review agiz-dis-bakimi/569479041] page=2 +8 reviews (unique=16)
[2026-04-05T12:31:20.706Z] [INFO] [review agiz-dis-bakimi/569479041] page=3 +2 reviews (unique=18)
[2026-04-05T12:31:20.707Z] [INFO] [REVIEW SAVED] /Users/artifact/Developer/review_ai/Review_AI/scraper_project/raw_data/agiz-dis-bakimi/569479041_reviews.json
[2026-04-05T12:31:20.711Z] [INFO] 
[REVIEW WORKER 1] starting agiz-dis-bakimi/634903631
[2026-04-05T12:31:23.934Z] [INFO] 
[START REVIEW] category=agiz-dis-bakimi productId=578912533 startPage=1
[2026-04-05T12:31:27.070Z] [INFO] [review agiz-dis-bakimi/578912533] page=1 +5 reviews (unique=5)
[2026-04-05T12:31:27.071Z] [INFO] [REVIEW SAVED] /Users/artifact/Developer/review_ai/Review_AI/scraper_project/raw_data/agiz-dis-bakimi/578912533_reviews.json
[2026-04-05T12:31:27.078Z] [INFO] 
[REVIEW WORKER 2] starting agiz-dis-bakimi/736238362
[2026-04-05T12:31:27.284Z] [INFO] 
[START REVIEW] category=agiz-dis-bakimi productId=502526980 startPage=1
[2026-04-05T12:31:28.137Z] [INFO] [review agiz-dis-bakimi/502526980] page=1 +0 reviews (unique=0)
[2026-04-05T12:31:28.138Z] [INFO] [REVIEW SAVED] /Users/artifact/Developer/review_ai/Review_AI/scraper_project/raw_data/agiz-dis-bakimi/502526980_reviews.json
[2026-04-05T12:31:28.148Z] [INFO] 
[REVIEW WORKER 3] starting agiz-dis-bakimi/569356181
[2026-04-05T12:31:32.969Z] [INFO] 
[START REVIEW] category=agiz-dis-bakimi productId=634903631 startPage=1
[2026-04-05T12:31:33.806Z] [INFO] [review agiz-dis-bakimi/634903631] page=1 +4 reviews (unique=4)
[2026-04-05T12:31:33.808Z] [INFO] [REVIEW SAVED] /Users/artifact/Developer/review_ai/Review_AI/scraper_project/raw_data/agiz-dis-bakimi/634903631_reviews.json
[2026-04-05T12:31:33.816Z] [INFO] 
[REVIEW WORKER 1] starting agiz-dis-bakimi/606917942
[2026-04-05T12:31:37.904Z] [INFO] 
[START REVIEW] category=agiz-dis-bakimi productId=736238362 startPage=1
[2026-04-05T12:31:38.522Z] [INFO] [review agiz-dis-bakimi/736238362] page=1 +8 reviews (unique=8)
[2026-04-05T12:31:39.190Z] [INFO] 
[START REVIEW] category=agiz-dis-bakimi productId=569356181 startPage=1
[2026-04-05T12:31:39.650Z] [INFO] [review agiz-dis-bakimi/736238362] page=2 +7 reviews (unique=15)
[2026-04-05T12:31:39.651Z] [INFO] [REVIEW SAVED] /Users/artifact/Developer/review_ai/Review_AI/scraper_project/raw_data/agiz-dis-bakimi/736238362_reviews.json
[2026-04-05T12:31:39.656Z] [INFO] 
[REVIEW WORKER 2] starting agiz-dis-bakimi/730511857
[2026-04-05T12:31:39.780Z] [INFO] [review agiz-dis-bakimi/569356181] page=1 +8 reviews (unique=8)
[2026-04-05T12:31:40.688Z] [INFO] [review agiz-dis-bakimi/569356181] page=2 +6 reviews (unique=14)
[2026-04-05T12:31:40.689Z] [INFO] [REVIEW SAVED] /Users/artifact/Developer/review_ai/Review_AI/scraper_project/raw_data/agiz-dis-bakimi/569356181_reviews.json
[2026-04-05T12:31:40.696Z] [INFO] 
[REVIEW WORKER 3] starting agiz-dis-bakimi/572698175
[2026-04-05T12:31:46.161Z] [INFO] 
[START REVIEW] category=agiz-dis-bakimi productId=606917942 startPage=1
[2026-04-05T12:31:46.535Z] [INFO] [review agiz-dis-bakimi/606917942] page=1 +8 reviews (unique=8)
[2026-04-05T12:31:47.103Z] [INFO] [review agiz-dis-bakimi/606917942] page=2 +8 reviews (unique=16)
[2026-04-05T12:31:47.899Z] [INFO] 
[START REVIEW] category=agiz-dis-bakimi productId=730511857 startPage=1
[2026-04-05T12:31:48.355Z] [INFO] [review agiz-dis-bakimi/606917942] page=3 +8 reviews (unique=24)
[2026-04-05T12:31:49.559Z] [INFO] [review agiz-dis-bakimi/730511857] page=1 +8 reviews (unique=8)
[2026-04-05T12:31:50.257Z] [INFO] [review agiz-dis-bakimi/606917942] page=4 +8 reviews (unique=32)
[2026-04-05T12:31:50.925Z] [INFO] [review agiz-dis-bakimi/730511857] page=2 +8 reviews (unique=16)
[2026-04-05T12:31:51.849Z] [INFO] 
[START REVIEW] category=agiz-dis-bakimi productId=572698175 startPage=1
[2026-04-05T12:31:52.303Z] [INFO] [review agiz-dis-bakimi/730511857] page=3 +4 reviews (unique=20)
[2026-04-05T12:31:52.304Z] [INFO] [REVIEW SAVED] /Users/artifact/Developer/review_ai/Review_AI/scraper_project/raw_data/agiz-dis-bakimi/730511857_reviews.json
[2026-04-05T12:31:52.311Z] [INFO] 
[REVIEW WORKER 2] starting agiz-dis-bakimi/733423304
[2026-04-05T12:31:52.706Z] [INFO] [review agiz-dis-bakimi/572698175] page=1 +8 reviews (unique=8)
[2026-04-05T12:31:53.389Z] [INFO] [review agiz-dis-bakimi/572698175] page=2 +8 reviews (unique=16)
[2026-04-05T12:31:53.551Z] [INFO] [review agiz-dis-bakimi/606917942] page=5 +8 reviews (unique=40)
[2026-04-05T12:31:53.552Z] [INFO] [REVIEW PARTIAL SAVED] /Users/artifact/Developer/review_ai/Review_AI/scraper_project/raw_data/agiz-dis-bakimi/606917942_reviews.partial.json
[2026-04-05T12:31:54.605Z] [INFO] [review agiz-dis-bakimi/572698175] page=3 +8 reviews (unique=24)
[2026-04-05T12:31:55.131Z] [INFO] [review agiz-dis-bakimi/606917942] page=6 +4 reviews (unique=44)
[2026-04-05T12:31:55.132Z] [INFO] [REVIEW SAVED] /Users/artifact/Developer/review_ai/Review_AI/scraper_project/raw_data/agiz-dis-bakimi/606917942_reviews.json
[2026-04-05T12:31:55.137Z] [INFO] 
[REVIEW WORKER 1] starting agiz-dis-bakimi/315440141
[2026-04-05T12:31:55.828Z] [INFO] [review agiz-dis-bakimi/572698175] page=4 +8 reviews (unique=32)
[2026-04-05T12:31:56.962Z] [INFO] [review agiz-dis-bakimi/572698175] page=5 +8 reviews (unique=40)
[2026-04-05T12:31:56.963Z] [INFO] [REVIEW PARTIAL SAVED] /Users/artifact/Developer/review_ai/Review_AI/scraper_project/raw_data/agiz-dis-bakimi/572698175_reviews.partial.json
[2026-04-05T12:31:57.887Z] [INFO] [review agiz-dis-bakimi/572698175] page=6 +8 reviews (unique=48)
[2026-04-05T12:31:58.837Z] [INFO] [review agiz-dis-bakimi/572698175] page=7 +8 reviews (unique=56)
[2026-04-05T12:31:59.638Z] [INFO] [review agiz-dis-bakimi/572698175] page=8 +8 reviews (unique=64)
[2026-04-05T12:32:00.440Z] [INFO] [review agiz-dis-bakimi/572698175] page=9 +8 reviews (unique=72)
[2026-04-05T12:32:02.597Z] [INFO] 
[START REVIEW] category=agiz-dis-bakimi productId=315440141 startPage=1
[2026-04-05T12:32:03.250Z] [INFO] 
[START REVIEW] category=agiz-dis-bakimi productId=733423304 startPage=1
[2026-04-05T12:32:03.476Z] [INFO] [review agiz-dis-bakimi/733423304] page=1 +8 reviews (unique=8)
[2026-04-05T12:32:04.055Z] [INFO] [review agiz-dis-bakimi/733423304] page=2 +8 reviews (unique=16)
[2026-04-05T12:32:04.172Z] [INFO] 
[INTERRUPT] Ctrl+C received. Saving partial reviews...
[2026-04-05T12:32:04.173Z] [INFO] [REVIEW PARTIAL SAVED] /Users/artifact/Developer/review_ai/Review_AI/scraper_project/raw_data/agiz-dis-bakimi/572698175_reviews.partial.json
[2026-04-05T12:32:04.173Z] [INFO] [REVIEW PARTIAL SAVED] /Users/artifact/Developer/review_ai/Review_AI/scraper_project/raw_data/agiz-dis-bakimi/315440141_reviews.partial.json
[2026-04-05T12:32:04.174Z] [INFO] [REVIEW PARTIAL SAVED] /Users/artifact/Developer/review_ai/Review_AI/scraper_project/raw_data/agiz-dis-bakimi/733423304_reviews.partial.json
[2026-04-05T12:32:04.186Z] [WARN] [retry] productId=315440141 page=1 attempt=1/3
[2026-04-05T12:32:04.204Z] [WARN] [retry] productId=572698175 page=10 attempt=1/3
[2026-04-05T12:41:32.176Z] [INFO] [RUN] id=agiz-dis
[2026-04-05T12:41:32.177Z] [INFO] [RUN] log file: /Users/artifact/Developer/review_ai/Review_AI/scraper_project/logs/agiz-dis.log
[2026-04-05T12:41:32.177Z] [INFO] [RUN] summary file: /Users/artifact/Developer/review_ai/Review_AI/scraper_project/logs/agiz-dis_summary.json
[2026-04-05T12:41:32.872Z] [INFO] [REVIEWS] loaded 602 review jobs from /Users/artifact/Developer/review_ai/Review_AI/scraper_project/product_ids
[2026-04-05T12:41:32.872Z] [INFO] [REVIEWS] category filter: agiz-dis-bakimi
[2026-04-05T12:41:32.873Z] [INFO] [REVIEWS] resume mode enabled from agiz-dis
[2026-04-05T12:41:32.873Z] [INFO] [REVIEWS] concurrency: 3
[2026-04-05T12:41:32.873Z] [INFO] 
[REVIEW WORKER 1] starting agiz-dis-bakimi/572698175
[2026-04-05T12:41:32.873Z] [INFO] 
[REVIEW WORKER 2] starting agiz-dis-bakimi/733423304
[2026-04-05T12:41:32.873Z] [INFO] 
[REVIEW WORKER 3] starting agiz-dis-bakimi/315440141
[2026-04-05T12:41:42.916Z] [INFO] 
[START REVIEW] category=agiz-dis-bakimi productId=733423304 startPage=3
[2026-04-05T12:41:43.029Z] [INFO] 
[START REVIEW] category=agiz-dis-bakimi productId=315440141 startPage=1
[2026-04-05T12:41:44.233Z] [INFO] [review agiz-dis-bakimi/733423304] page=3 +8 reviews (unique=24)
[2026-04-05T12:41:45.465Z] [INFO] 
[START REVIEW] category=agiz-dis-bakimi productId=572698175 startPage=10
[2026-04-05T12:41:45.496Z] [INFO] [review agiz-dis-bakimi/733423304] page=4 +8 reviews (unique=32)
[2026-04-05T12:41:45.824Z] [INFO] [review agiz-dis-bakimi/572698175] page=10 +8 reviews (unique=80)
[2026-04-05T12:41:45.827Z] [INFO] [REVIEW PARTIAL SAVED] /Users/artifact/Developer/review_ai/Review_AI/scraper_project/raw_data/agiz-dis-bakimi/572698175_reviews.partial.json
[2026-04-05T12:41:46.289Z] [INFO] [review agiz-dis-bakimi/315440141] page=1 +8 reviews (unique=8)
[2026-04-05T12:41:46.827Z] [INFO] [review agiz-dis-bakimi/572698175] page=11 +8 reviews (unique=88)
[2026-04-05T12:41:46.853Z] [INFO] [review agiz-dis-bakimi/733423304] page=5 +8 reviews (unique=40)
[2026-04-05T12:41:46.855Z] [INFO] [REVIEW PARTIAL SAVED] /Users/artifact/Developer/review_ai/Review_AI/scraper_project/raw_data/agiz-dis-bakimi/733423304_reviews.partial.json
[2026-04-05T12:41:47.153Z] [INFO] [review agiz-dis-bakimi/315440141] page=2 +8 reviews (unique=16)
[2026-04-05T12:41:47.156Z] [INFO] [REVIEW SAVED] /Users/artifact/Developer/review_ai/Review_AI/scraper_project/raw_data/agiz-dis-bakimi/315440141_reviews.json
[2026-04-05T12:41:47.170Z] [INFO] 
[REVIEW WORKER 3] starting agiz-dis-bakimi/735233843
[2026-04-05T12:41:47.849Z] [INFO] [review agiz-dis-bakimi/572698175] page=12 +8 reviews (unique=96)
[2026-04-05T12:41:47.877Z] [INFO] [review agiz-dis-bakimi/733423304] page=6 +8 reviews (unique=48)
[2026-04-05T12:41:48.633Z] [INFO] [review agiz-dis-bakimi/733423304] page=7 +8 reviews (unique=56)
[2026-04-05T12:41:49.321Z] [INFO] [review agiz-dis-bakimi/572698175] page=13 +8 reviews (unique=104)
[2026-04-05T12:41:49.557Z] [INFO] [review agiz-dis-bakimi/733423304] page=8 +8 reviews (unique=64)
[2026-04-05T12:41:50.188Z] [INFO] [review agiz-dis-bakimi/572698175] page=14 +3 reviews (unique=107)
[2026-04-05T12:41:50.192Z] [INFO] [REVIEW SAVED] /Users/artifact/Developer/review_ai/Review_AI/scraper_project/raw_data/agiz-dis-bakimi/572698175_reviews.json
[2026-04-05T12:41:50.200Z] [INFO] 
[REVIEW WORKER 1] starting agiz-dis-bakimi/687298230
[2026-04-05T12:41:50.413Z] [INFO] [review agiz-dis-bakimi/733423304] page=9 +8 reviews (unique=72)
[2026-04-05T12:41:51.752Z] [INFO] [review agiz-dis-bakimi/733423304] page=10 +8 reviews (unique=80)
[2026-04-05T12:41:51.754Z] [INFO] [REVIEW PARTIAL SAVED] /Users/artifact/Developer/review_ai/Review_AI/scraper_project/raw_data/agiz-dis-bakimi/733423304_reviews.partial.json
[2026-04-05T12:41:52.603Z] [INFO] [review agiz-dis-bakimi/733423304] page=11 +4 reviews (unique=84)
[2026-04-05T12:41:52.606Z] [INFO] [REVIEW SAVED] /Users/artifact/Developer/review_ai/Review_AI/scraper_project/raw_data/agiz-dis-bakimi/733423304_reviews.json
[2026-04-05T12:41:52.613Z] [INFO] 
[REVIEW WORKER 2] starting agiz-dis-bakimi/633104383
[2026-04-05T12:41:54.159Z] [INFO] 
[START REVIEW] category=agiz-dis-bakimi productId=735233843 startPage=1
[2026-04-05T12:41:56.123Z] [INFO] [review agiz-dis-bakimi/735233843] page=1 +0 reviews (unique=0)
[2026-04-05T12:41:56.124Z] [INFO] [REVIEW SAVED] /Users/artifact/Developer/review_ai/Review_AI/scraper_project/raw_data/agiz-dis-bakimi/735233843_reviews.json
[2026-04-05T12:41:56.129Z] [INFO] 
[REVIEW WORKER 3] starting agiz-dis-bakimi/597213116
[2026-04-05T12:41:57.856Z] [INFO] 
[START REVIEW] category=agiz-dis-bakimi productId=633104383 startPage=1
[2026-04-05T12:41:58.226Z] [INFO] [review agiz-dis-bakimi/633104383] page=1 +1 reviews (unique=1)
[2026-04-05T12:41:58.226Z] [INFO] [REVIEW SAVED] /Users/artifact/Developer/review_ai/Review_AI/scraper_project/raw_data/agiz-dis-bakimi/633104383_reviews.json
[2026-04-05T12:41:58.231Z] [INFO] 
[REVIEW WORKER 2] starting agiz-dis-bakimi/551514971
[2026-04-05T12:42:02.600Z] [INFO] 
[START REVIEW] category=agiz-dis-bakimi productId=687298230 startPage=1
[2026-04-05T12:42:02.963Z] [INFO] [review agiz-dis-bakimi/687298230] page=1 +8 reviews (unique=8)
[2026-04-05T12:42:03.489Z] [INFO] [review agiz-dis-bakimi/687298230] page=2 +8 reviews (unique=16)
[2026-04-05T12:42:04.106Z] [INFO] [review agiz-dis-bakimi/687298230] page=3 +6 reviews (unique=22)
[2026-04-05T12:42:04.107Z] [INFO] [REVIEW SAVED] /Users/artifact/Developer/review_ai/Review_AI/scraper_project/raw_data/agiz-dis-bakimi/687298230_reviews.json
[2026-04-05T12:42:04.112Z] [INFO] 
[REVIEW WORKER 1] starting agiz-dis-bakimi/566461093
[2026-04-05T12:42:05.242Z] [INFO] 
[START REVIEW] category=agiz-dis-bakimi productId=597213116 startPage=1
[2026-04-05T12:42:05.590Z] [INFO] 
[START REVIEW] category=agiz-dis-bakimi productId=551514971 startPage=1
[2026-04-05T12:42:05.936Z] [INFO] [review agiz-dis-bakimi/597213116] page=1 +8 reviews (unique=8)
[2026-04-05T12:42:07.383Z] [INFO] [review agiz-dis-bakimi/597213116] page=2 +8 reviews (unique=16)
[2026-04-05T12:42:10.303Z] [INFO] [review agiz-dis-bakimi/597213116] page=3 +8 reviews (unique=24)
[2026-04-05T12:42:10.392Z] [INFO] [review agiz-dis-bakimi/551514971] page=1 +1 reviews (unique=1)
[2026-04-05T12:42:10.393Z] [INFO] [REVIEW SAVED] /Users/artifact/Developer/review_ai/Review_AI/scraper_project/raw_data/agiz-dis-bakimi/551514971_reviews.json
[2026-04-05T12:42:10.400Z] [INFO] 
[REVIEW WORKER 2] starting agiz-dis-bakimi/513261054
[2026-04-05T12:42:12.414Z] [INFO] [review agiz-dis-bakimi/597213116] page=4 +8 reviews (unique=32)
[2026-04-05T12:42:13.947Z] [INFO] [review agiz-dis-bakimi/597213116] page=5 +8 reviews (unique=40)
[2026-04-05T12:42:13.949Z] [INFO] [REVIEW PARTIAL SAVED] /Users/artifact/Developer/review_ai/Review_AI/scraper_project/raw_data/agiz-dis-bakimi/597213116_reviews.partial.json
[2026-04-05T12:42:14.594Z] [INFO] [review agiz-dis-bakimi/597213116] page=6 +8 reviews (unique=48)
[2026-04-05T12:42:15.533Z] [INFO] [review agiz-dis-bakimi/597213116] page=7 +8 reviews (unique=56)
[2026-04-05T12:42:16.625Z] [INFO] 
[START REVIEW] category=agiz-dis-bakimi productId=566461093 startPage=1
[2026-04-05T12:42:16.772Z] [INFO] [review agiz-dis-bakimi/597213116] page=8 +8 reviews (unique=64)
[2026-04-05T12:42:17.295Z] [INFO] [review agiz-dis-bakimi/566461093] page=1 +4 reviews (unique=4)
[2026-04-05T12:42:17.297Z] [INFO] [REVIEW SAVED] /Users/artifact/Developer/review_ai/Review_AI/scraper_project/raw_data/agiz-dis-bakimi/566461093_reviews.json
[2026-04-05T12:42:17.304Z] [INFO] 
[REVIEW WORKER 1] starting agiz-dis-bakimi/731861749
[2026-04-05T12:42:17.565Z] [INFO] [review agiz-dis-bakimi/597213116] page=9 +8 reviews (unique=72)
[2026-04-05T12:42:18.250Z] [INFO] [review agiz-dis-bakimi/597213116] page=10 +8 reviews (unique=80)
[2026-04-05T12:42:18.251Z] [INFO] [REVIEW PARTIAL SAVED] /Users/artifact/Developer/review_ai/Review_AI/scraper_project/raw_data/agiz-dis-bakimi/597213116_reviews.partial.json
[2026-04-05T12:42:19.172Z] [INFO] [review agiz-dis-bakimi/597213116] page=11 +8 reviews (unique=88)
[2026-04-05T12:42:19.680Z] [INFO] 
[START REVIEW] category=agiz-dis-bakimi productId=513261054 startPage=1
[2026-04-05T12:42:20.173Z] [INFO] [review agiz-dis-bakimi/597213116] page=12 +8 reviews (unique=96)
[2026-04-05T12:42:20.369Z] [INFO] [review agiz-dis-bakimi/513261054] page=1 +8 reviews (unique=8)
[2026-04-05T12:42:21.052Z] [INFO] [review agiz-dis-bakimi/597213116] page=13 +8 reviews (unique=104)
[2026-04-05T12:42:21.141Z] [INFO] [review agiz-dis-bakimi/513261054] page=2 +8 reviews (unique=16)
[2026-04-05T12:42:21.754Z] [INFO] [review agiz-dis-bakimi/597213116] page=14 +8 reviews (unique=112)
[2026-04-05T12:42:21.783Z] [INFO] [review agiz-dis-bakimi/513261054] page=3 +8 reviews (unique=24)
[2026-04-05T12:42:22.324Z] [INFO] [review agiz-dis-bakimi/597213116] page=15 +8 reviews (unique=120)
[2026-04-05T12:42:22.326Z] [INFO] [REVIEW PARTIAL SAVED] /Users/artifact/Developer/review_ai/Review_AI/scraper_project/raw_data/agiz-dis-bakimi/597213116_reviews.partial.json
[2026-04-05T12:42:22.327Z] [INFO] [REVIEW SAVED] /Users/artifact/Developer/review_ai/Review_AI/scraper_project/raw_data/agiz-dis-bakimi/597213116_reviews.json
[2026-04-05T12:42:22.337Z] [INFO] 
[REVIEW WORKER 3] starting agiz-dis-bakimi/641606259
[2026-04-05T12:42:22.360Z] [INFO] [review agiz-dis-bakimi/513261054] page=4 +8 reviews (unique=32)
[2026-04-05T12:42:23.009Z] [INFO] 
[START REVIEW] category=agiz-dis-bakimi productId=731861749 startPage=1
[2026-04-05T12:42:23.188Z] [INFO] [review agiz-dis-bakimi/513261054] page=5 +8 reviews (unique=40)
[2026-04-05T12:42:23.189Z] [INFO] [REVIEW PARTIAL SAVED] /Users/artifact/Developer/review_ai/Review_AI/scraper_project/raw_data/agiz-dis-bakimi/513261054_reviews.partial.json
[2026-04-05T12:42:23.455Z] [INFO] [review agiz-dis-bakimi/731861749] page=1 +1 reviews (unique=1)
[2026-04-05T12:42:23.456Z] [INFO] [REVIEW SAVED] /Users/artifact/Developer/review_ai/Review_AI/scraper_project/raw_data/agiz-dis-bakimi/731861749_reviews.json
[2026-04-05T12:42:23.466Z] [INFO] 
[REVIEW WORKER 1] starting agiz-dis-bakimi/734096687
[2026-04-05T12:42:24.637Z] [INFO] [review agiz-dis-bakimi/513261054] page=6 +8 reviews (unique=48)
[2026-04-05T12:42:25.779Z] [INFO] [review agiz-dis-bakimi/513261054] page=7 +3 reviews (unique=51)
[2026-04-05T12:42:25.781Z] [INFO] [REVIEW SAVED] /Users/artifact/Developer/review_ai/Review_AI/scraper_project/raw_data/agiz-dis-bakimi/513261054_reviews.json
[2026-04-05T12:42:25.789Z] [INFO] 
[REVIEW WORKER 2] starting agiz-dis-bakimi/559527560
[2026-04-05T12:42:27.889Z] [INFO] 
[START REVIEW] category=agiz-dis-bakimi productId=641606259 startPage=1
[2026-04-05T12:42:28.556Z] [INFO] [review agiz-dis-bakimi/641606259] page=1 +0 reviews (unique=0)
[2026-04-05T12:42:28.557Z] [INFO] [REVIEW SAVED] /Users/artifact/Developer/review_ai/Review_AI/scraper_project/raw_data/agiz-dis-bakimi/641606259_reviews.json
[2026-04-05T12:42:28.561Z] [INFO] 
[REVIEW WORKER 3] starting agiz-dis-bakimi/591036459
[2026-04-05T12:42:28.586Z] [INFO] 
[START REVIEW] category=agiz-dis-bakimi productId=734096687 startPage=1
[2026-04-05T12:42:29.159Z] [INFO] [review agiz-dis-bakimi/734096687] page=1 +8 reviews (unique=8)
[2026-04-05T12:42:29.681Z] [INFO] 
[START REVIEW] category=agiz-dis-bakimi productId=559527560 startPage=1
[2026-04-05T12:42:30.416Z] [INFO] [review agiz-dis-bakimi/734096687] page=2 +8 reviews (unique=16)
[2026-04-05T12:42:30.650Z] [INFO] [review agiz-dis-bakimi/559527560] page=1 +8 reviews (unique=8)
[2026-04-05T12:42:31.339Z] [INFO] [review agiz-dis-bakimi/734096687] page=3 +8 reviews (unique=24)
[2026-04-05T12:42:31.409Z] [INFO] [review agiz-dis-bakimi/559527560] page=2 +1 reviews (unique=9)
[2026-04-05T12:42:31.410Z] [INFO] [REVIEW SAVED] /Users/artifact/Developer/review_ai/Review_AI/scraper_project/raw_data/agiz-dis-bakimi/559527560_reviews.json
[2026-04-05T12:42:31.415Z] [INFO] 
[REVIEW WORKER 2] starting agiz-dis-bakimi/560949213
[2026-04-05T12:42:31.992Z] [INFO] [review agiz-dis-bakimi/734096687] page=4 +8 reviews (unique=32)
[2026-04-05T12:42:32.746Z] [INFO] [review agiz-dis-bakimi/734096687] page=5 +1 reviews (unique=33)
[2026-04-05T12:42:32.747Z] [INFO] [REVIEW PARTIAL SAVED] /Users/artifact/Developer/review_ai/Review_AI/scraper_project/raw_data/agiz-dis-bakimi/734096687_reviews.partial.json
[2026-04-05T12:42:32.749Z] [INFO] [REVIEW SAVED] /Users/artifact/Developer/review_ai/Review_AI/scraper_project/raw_data/agiz-dis-bakimi/734096687_reviews.json
[2026-04-05T12:42:32.758Z] [INFO] 
[REVIEW WORKER 1] starting agiz-dis-bakimi/693308069
[2026-04-05T12:42:35.291Z] [INFO] 
[INTERRUPT] Ctrl+C received. Saving partial reviews...
[2026-04-05T12:42:35.341Z] [ERROR] [REVIEW ERROR] agiz-dis-bakimi/693308069
[2026-04-05T12:42:35.341Z] [ERROR] {}
[2026-04-05T12:42:35.342Z] [INFO] [REVIEW WORKER 1] shutdown detected, exiting.
[2026-04-05T15:02:07.948Z] [INFO] [RUN] id=agiz-dis
[2026-04-05T15:02:07.950Z] [INFO] [RUN] log file: /mnt/c/Developer/Review_AI/scraper_project/logs/agiz-dis.log
[2026-04-05T15:02:07.951Z] [INFO] [RUN] summary file: /mnt/c/Developer/Review_AI/scraper_project/logs/agiz-dis_summary.json
[2026-04-05T15:02:08.406Z] [INFO] [REVIEWS] loaded 588 review jobs from /mnt/c/Developer/Review_AI/scraper_project/product_ids
[2026-04-05T15:02:08.407Z] [INFO] [REVIEWS] category filter: agiz-dis-bakimi
[2026-04-05T15:02:08.409Z] [INFO] [REVIEWS] resume mode enabled from agiz-dis
[2026-04-05T15:02:08.410Z] [INFO] [REVIEWS] concurrency: 10
[2026-04-05T15:02:08.413Z] [INFO] 
[REVIEW WORKER 1] starting agiz-dis-bakimi/591036459
[2026-04-05T15:02:08.417Z] [INFO] 
[REVIEW WORKER 2] starting agiz-dis-bakimi/560949213
[2026-04-05T15:02:08.421Z] [INFO] 
[REVIEW WORKER 3] starting agiz-dis-bakimi/693308069
[2026-04-05T15:02:08.424Z] [INFO] 
[REVIEW WORKER 4] starting agiz-dis-bakimi/694876691
[2026-04-05T15:02:08.428Z] [INFO] 
[REVIEW WORKER 5] starting agiz-dis-bakimi/675814129
[2026-04-05T15:02:08.432Z] [INFO] 
[REVIEW WORKER 6] starting agiz-dis-bakimi/648001218
[2026-04-05T15:02:08.434Z] [INFO] 
[REVIEW WORKER 7] starting agiz-dis-bakimi/731917662
[2026-04-05T15:02:08.438Z] [INFO] 
[REVIEW WORKER 8] starting agiz-dis-bakimi/596671247
[2026-04-05T15:02:08.443Z] [INFO] 
[REVIEW WORKER 9] starting agiz-dis-bakimi/718783028
[2026-04-05T15:02:08.445Z] [INFO] 
[REVIEW WORKER 10] starting agiz-dis-bakimi/600609480
[2026-04-05T15:02:13.511Z] [INFO] 
[START REVIEW] category=agiz-dis-bakimi productId=693308069 startPage=1
[2026-04-05T15:02:13.532Z] [INFO] 
[START REVIEW] category=agiz-dis-bakimi productId=648001218 startPage=1
[2026-04-05T15:02:13.565Z] [INFO] 
[START REVIEW] category=agiz-dis-bakimi productId=560949213 startPage=1
[2026-04-05T15:02:13.603Z] [INFO] 
[START REVIEW] category=agiz-dis-bakimi productId=731917662 startPage=1
[2026-04-05T15:02:13.622Z] [INFO] 
[START REVIEW] category=agiz-dis-bakimi productId=596671247 startPage=1
[2026-04-05T15:02:13.926Z] [INFO] [review agiz-dis-bakimi/648001218] page=1 +2 reviews (unique=2)
[2026-04-05T15:02:13.971Z] [INFO] [REVIEW SAVED] /mnt/c/Developer/Review_AI/scraper_project/raw_data/agiz-dis-bakimi/648001218_reviews.json
[2026-04-05T15:02:14.005Z] [INFO] [review agiz-dis-bakimi/596671247] page=1 +8 reviews (unique=8)
[2026-04-05T15:02:14.050Z] [INFO] 
[REVIEW WORKER 6] starting agiz-dis-bakimi/729237362
[2026-04-05T15:02:14.236Z] [INFO] 
[START REVIEW] category=agiz-dis-bakimi productId=718783028 startPage=1
[2026-04-05T15:02:14.270Z] [INFO] [review agiz-dis-bakimi/560949213] page=1 +6 reviews (unique=6)
[2026-04-05T15:02:14.320Z] [INFO] [REVIEW SAVED] /mnt/c/Developer/Review_AI/scraper_project/raw_data/agiz-dis-bakimi/560949213_reviews.json
[2026-04-05T15:02:14.341Z] [INFO] [review agiz-dis-bakimi/731917662] page=1 +0 reviews (unique=0)
[2026-04-05T15:02:14.387Z] [INFO] [REVIEW SAVED] /mnt/c/Developer/Review_AI/scraper_project/raw_data/agiz-dis-bakimi/731917662_reviews.json
[2026-04-05T15:02:14.409Z] [INFO] 
[START REVIEW] category=agiz-dis-bakimi productId=694876691 startPage=1
[2026-04-05T15:02:14.429Z] [INFO] 
[START REVIEW] category=agiz-dis-bakimi productId=591036459 startPage=1
[2026-04-05T15:02:14.448Z] [INFO] 
[REVIEW WORKER 2] starting agiz-dis-bakimi/573337956
[2026-04-05T15:02:14.473Z] [INFO] 
[REVIEW WORKER 7] starting agiz-dis-bakimi/494001401
[2026-04-05T15:02:14.643Z] [INFO] [review agiz-dis-bakimi/718783028] page=1 +0 reviews (unique=0)
[2026-04-05T15:02:14.678Z] [INFO] [REVIEW SAVED] /mnt/c/Developer/Review_AI/scraper_project/raw_data/agiz-dis-bakimi/718783028_reviews.json
[2026-04-05T15:02:14.710Z] [INFO] 
[REVIEW WORKER 9] starting agiz-dis-bakimi/728501062
[2026-04-05T15:02:14.917Z] [INFO] [review agiz-dis-bakimi/591036459] page=1 +8 reviews (unique=8)
[2026-04-05T15:02:14.941Z] [INFO] [review agiz-dis-bakimi/596671247] page=2 +8 reviews (unique=16)
[2026-04-05T15:02:14.961Z] [INFO] 
[START REVIEW] category=agiz-dis-bakimi productId=600609480 startPage=1
[2026-04-05T15:02:15.059Z] [INFO] 
[START REVIEW] category=agiz-dis-bakimi productId=675814129 startPage=1
[2026-04-05T15:02:15.261Z] [INFO] [review agiz-dis-bakimi/600609480] page=1 +0 reviews (unique=0)
[2026-04-05T15:02:15.289Z] [INFO] [REVIEW SAVED] /mnt/c/Developer/Review_AI/scraper_project/raw_data/agiz-dis-bakimi/600609480_reviews.json
[2026-04-05T15:02:15.315Z] [INFO] 
[REVIEW WORKER 10] starting agiz-dis-bakimi/662879593
[2026-04-05T15:02:15.409Z] [INFO] [review agiz-dis-bakimi/675814129] page=1 +8 reviews (unique=8)
[2026-04-05T15:02:15.605Z] [INFO] [review agiz-dis-bakimi/591036459] page=2 +8 reviews (unique=16)
[2026-04-05T15:02:15.634Z] [INFO] [review agiz-dis-bakimi/596671247] page=3 +8 reviews (unique=24)
[2026-04-05T15:02:16.137Z] [INFO] [review agiz-dis-bakimi/694876691] page=1 +1 reviews (unique=1)
[2026-04-05T15:02:16.155Z] [INFO] [REVIEW SAVED] /mnt/c/Developer/Review_AI/scraper_project/raw_data/agiz-dis-bakimi/694876691_reviews.json
[2026-04-05T15:02:16.164Z] [INFO] [review agiz-dis-bakimi/675814129] page=2 +8 reviews (unique=16)
[2026-04-05T15:02:16.185Z] [INFO] [REVIEW SAVED] /mnt/c/Developer/Review_AI/scraper_project/raw_data/agiz-dis-bakimi/675814129_reviews.json
[2026-04-05T15:02:16.211Z] [INFO] 
[REVIEW WORKER 4] starting agiz-dis-bakimi/589013430
[2026-04-05T15:02:16.236Z] [INFO] 
[REVIEW WORKER 5] starting agiz-dis-bakimi/733294715
[2026-04-05T15:02:16.371Z] [INFO] [review agiz-dis-bakimi/591036459] page=3 +8 reviews (unique=24)
[2026-04-05T15:02:16.388Z] [INFO] [review agiz-dis-bakimi/693308069] page=1 +3 reviews (unique=3)
[2026-04-05T15:02:16.415Z] [INFO] [REVIEW SAVED] /mnt/c/Developer/Review_AI/scraper_project/raw_data/agiz-dis-bakimi/693308069_reviews.json
[2026-04-05T15:02:16.420Z] [INFO] [review agiz-dis-bakimi/596671247] page=4 +6 reviews (unique=30)
[2026-04-05T15:02:16.447Z] [INFO] [REVIEW SAVED] /mnt/c/Developer/Review_AI/scraper_project/raw_data/agiz-dis-bakimi/596671247_reviews.json
[2026-04-05T15:02:16.472Z] [INFO] 
[REVIEW WORKER 3] starting agiz-dis-bakimi/607455194
[2026-04-05T15:02:16.485Z] [INFO] 
[REVIEW WORKER 8] starting agiz-dis-bakimi/650268305
[2026-04-05T15:02:17.070Z] [INFO] [review agiz-dis-bakimi/591036459] page=4 +8 reviews (unique=32)
[2026-04-05T15:02:17.711Z] [INFO] [review agiz-dis-bakimi/591036459] page=5 +8 reviews (unique=40)
[2026-04-05T15:02:17.738Z] [INFO] [REVIEW PARTIAL SAVED] /mnt/c/Developer/Review_AI/scraper_project/raw_data/agiz-dis-bakimi/591036459_reviews.partial.json
[2026-04-05T15:02:18.450Z] [INFO] [review agiz-dis-bakimi/591036459] page=6 +8 reviews (unique=48)
[2026-04-05T15:02:18.706Z] [INFO] 
[START REVIEW] category=agiz-dis-bakimi productId=729237362 startPage=1
[2026-04-05T15:02:18.718Z] [INFO] 
[START REVIEW] category=agiz-dis-bakimi productId=494001401 startPage=1
[2026-04-05T15:02:18.745Z] [INFO] 
[START REVIEW] category=agiz-dis-bakimi productId=728501062 startPage=1
[2026-04-05T15:02:18.767Z] [INFO] 
[START REVIEW] category=agiz-dis-bakimi productId=573337956 startPage=1
[2026-04-05T15:02:19.029Z] [INFO] [review agiz-dis-bakimi/729237362] page=1 +0 reviews (unique=0)
[2026-04-05T15:02:19.052Z] [INFO] [REVIEW SAVED] /mnt/c/Developer/Review_AI/scraper_project/raw_data/agiz-dis-bakimi/729237362_reviews.json
[2026-04-05T15:02:19.061Z] [INFO] [review agiz-dis-bakimi/728501062] page=1 +0 reviews (unique=0)
[2026-04-05T15:02:19.095Z] [INFO] [REVIEW SAVED] /mnt/c/Developer/Review_AI/scraper_project/raw_data/agiz-dis-bakimi/728501062_reviews.json
[2026-04-05T15:02:19.126Z] [INFO] 
[REVIEW WORKER 6] starting agiz-dis-bakimi/718783299
[2026-04-05T15:02:19.141Z] [INFO] 
[REVIEW WORKER 9] starting agiz-dis-bakimi/593589108
[2026-04-05T15:02:19.154Z] [INFO] [review agiz-dis-bakimi/573337956] page=1 +8 reviews (unique=8)
[2026-04-05T15:02:19.163Z] [INFO] [review agiz-dis-bakimi/591036459] page=7 +3 reviews (unique=51)
[2026-04-05T15:02:19.186Z] [INFO] [REVIEW SAVED] /mnt/c/Developer/Review_AI/scraper_project/raw_data/agiz-dis-bakimi/591036459_reviews.json
[2026-04-05T15:02:19.282Z] [INFO] 
[REVIEW WORKER 1] starting agiz-dis-bakimi/601590083
[2026-04-05T15:02:19.313Z] [INFO] [review agiz-dis-bakimi/494001401] page=1 +8 reviews (unique=8)
[2026-04-05T15:02:19.701Z] [INFO] 
[START REVIEW] category=agiz-dis-bakimi productId=662879593 startPage=1
[2026-04-05T15:02:19.805Z] [INFO] [review agiz-dis-bakimi/573337956] page=2 +8 reviews (unique=16)
[2026-04-05T15:02:19.939Z] [INFO] [review agiz-dis-bakimi/494001401] page=2 +8 reviews (unique=16)
[2026-04-05T15:02:20.078Z] [INFO] [review agiz-dis-bakimi/662879593] page=1 +1 reviews (unique=1)
[2026-04-05T15:02:20.100Z] [INFO] [REVIEW SAVED] /mnt/c/Developer/Review_AI/scraper_project/raw_data/agiz-dis-bakimi/662879593_reviews.json
[2026-04-05T15:02:20.127Z] [INFO] 
[REVIEW WORKER 10] starting agiz-dis-bakimi/724363638
[2026-04-05T15:02:20.484Z] [INFO] [review agiz-dis-bakimi/573337956] page=3 +8 reviews (unique=24)
[2026-04-05T15:02:20.653Z] [INFO] [review agiz-dis-bakimi/494001401] page=3 +8 reviews (unique=24)
[2026-04-05T15:02:20.736Z] [INFO] 
[START REVIEW] category=agiz-dis-bakimi productId=733294715 startPage=1
[2026-04-05T15:02:20.996Z] [INFO] 
[START REVIEW] category=agiz-dis-bakimi productId=589013430 startPage=1
[2026-04-05T15:02:21.043Z] [INFO] 
[START REVIEW] category=agiz-dis-bakimi productId=650268305 startPage=1
[2026-04-05T15:02:21.093Z] [INFO] 
[START REVIEW] category=agiz-dis-bakimi productId=607455194 startPage=1
[2026-04-05T15:02:21.113Z] [INFO] [review agiz-dis-bakimi/733294715] page=1 +5 reviews (unique=5)
[2026-04-05T15:02:21.148Z] [INFO] [REVIEW SAVED] /mnt/c/Developer/Review_AI/scraper_project/raw_data/agiz-dis-bakimi/733294715_reviews.json
[2026-04-05T15:02:21.162Z] [INFO] [review agiz-dis-bakimi/573337956] page=4 +8 reviews (unique=32)
[2026-04-05T15:02:21.200Z] [INFO] 
[REVIEW WORKER 5] starting agiz-dis-bakimi/730511639
[2026-04-05T15:02:21.311Z] [INFO] [review agiz-dis-bakimi/589013430] page=1 +7 reviews (unique=7)
[2026-04-05T15:02:21.325Z] [INFO] [REVIEW SAVED] /mnt/c/Developer/Review_AI/scraper_project/raw_data/agiz-dis-bakimi/589013430_reviews.json
[2026-04-05T15:02:21.330Z] [INFO] [review agiz-dis-bakimi/494001401] page=4 +8 reviews (unique=32)
[2026-04-05T15:02:21.336Z] [INFO] [review agiz-dis-bakimi/650268305] page=1 +0 reviews (unique=0)
[2026-04-05T15:02:21.362Z] [INFO] [REVIEW SAVED] /mnt/c/Developer/Review_AI/scraper_project/raw_data/agiz-dis-bakimi/650268305_reviews.json
[2026-04-05T15:02:21.378Z] [INFO] 
[REVIEW WORKER 4] starting agiz-dis-bakimi/736985072
[2026-04-05T15:02:21.401Z] [INFO] 
[REVIEW WORKER 8] starting agiz-dis-bakimi/646155613
[2026-04-05T15:02:21.408Z] [INFO] [review agiz-dis-bakimi/607455194] page=1 +8 reviews (unique=8)
[2026-04-05T15:02:21.916Z] [INFO] [review agiz-dis-bakimi/573337956] page=5 +8 reviews (unique=40)
[2026-04-05T15:02:21.930Z] [INFO] [REVIEW PARTIAL SAVED] /mnt/c/Developer/Review_AI/scraper_project/raw_data/agiz-dis-bakimi/573337956_reviews.partial.json
[2026-04-05T15:02:21.962Z] [INFO] [review agiz-dis-bakimi/494001401] page=5 +8 reviews (unique=40)
[2026-04-05T15:02:21.984Z] [INFO] [REVIEW PARTIAL SAVED] /mnt/c/Developer/Review_AI/scraper_project/raw_data/agiz-dis-bakimi/494001401_reviews.partial.json
[2026-04-05T15:02:22.031Z] [INFO] [REVIEW SAVED] /mnt/c/Developer/Review_AI/scraper_project/raw_data/agiz-dis-bakimi/494001401_reviews.json
[2026-04-05T15:02:22.065Z] [INFO] 
[REVIEW WORKER 7] starting agiz-dis-bakimi/590124722
[2026-04-05T15:02:22.222Z] [INFO] [review agiz-dis-bakimi/607455194] page=2 +8 reviews (unique=16)
[2026-04-05T15:02:22.801Z] [INFO] [review agiz-dis-bakimi/573337956] page=6 +8 reviews (unique=48)
[2026-04-05T15:02:22.847Z] [INFO] [review agiz-dis-bakimi/607455194] page=3 +8 reviews (unique=24)
[2026-04-05T15:02:23.464Z] [INFO] 
[START REVIEW] category=agiz-dis-bakimi productId=718783299 startPage=1
[2026-04-05T15:02:23.591Z] [INFO] [review agiz-dis-bakimi/607455194] page=4 +8 reviews (unique=32)
[2026-04-05T15:02:23.615Z] [INFO] 
[START REVIEW] category=agiz-dis-bakimi productId=601590083 startPage=1
[2026-04-05T15:02:23.620Z] [INFO] [review agiz-dis-bakimi/573337956] page=7 +8 reviews (unique=56)
[2026-04-05T15:02:23.659Z] [INFO] [REVIEW SAVED] /mnt/c/Developer/Review_AI/scraper_project/raw_data/agiz-dis-bakimi/573337956_reviews.json
[2026-04-05T15:02:23.706Z] [INFO] 
[REVIEW WORKER 2] starting agiz-dis-bakimi/644618995
[2026-04-05T15:02:23.732Z] [INFO] [review agiz-dis-bakimi/718783299] page=1 +0 reviews (unique=0)
[2026-04-05T15:02:23.762Z] [INFO] [REVIEW SAVED] /mnt/c/Developer/Review_AI/scraper_project/raw_data/agiz-dis-bakimi/718783299_reviews.json
[2026-04-05T15:02:23.835Z] [INFO] 
[START REVIEW] category=agiz-dis-bakimi productId=593589108 startPage=1
[2026-04-05T15:02:23.852Z] [INFO] 
[REVIEW WORKER 6] starting agiz-dis-bakimi/565301844
[2026-04-05T15:02:23.980Z] [INFO] [review agiz-dis-bakimi/601590083] page=1 +8 reviews (unique=8)
[2026-04-05T15:02:24.234Z] [INFO] [review agiz-dis-bakimi/593589108] page=1 +8 reviews (unique=8)
[2026-04-05T15:02:24.268Z] [INFO] [review agiz-dis-bakimi/607455194] page=5 +8 reviews (unique=40)
[2026-04-05T15:02:24.287Z] [INFO] [REVIEW PARTIAL SAVED] /mnt/c/Developer/Review_AI/scraper_project/raw_data/agiz-dis-bakimi/607455194_reviews.partial.json
[2026-04-05T15:02:24.647Z] [INFO] 
[START REVIEW] category=agiz-dis-bakimi productId=724363638 startPage=1
[2026-04-05T15:02:24.779Z] [INFO] [review agiz-dis-bakimi/601590083] page=2 +8 reviews (unique=16)
[2026-04-05T15:02:24.888Z] [INFO] [review agiz-dis-bakimi/593589108] page=2 +6 reviews (unique=14)
[2026-04-05T15:02:24.934Z] [INFO] [REVIEW SAVED] /mnt/c/Developer/Review_AI/scraper_project/raw_data/agiz-dis-bakimi/593589108_reviews.json
[2026-04-05T15:02:24.958Z] [INFO] [review agiz-dis-bakimi/724363638] page=1 +0 reviews (unique=0)
[2026-04-05T15:02:24.983Z] [INFO] [REVIEW SAVED] /mnt/c/Developer/Review_AI/scraper_project/raw_data/agiz-dis-bakimi/724363638_reviews.json
[2026-04-05T15:02:24.988Z] [INFO] [review agiz-dis-bakimi/607455194] page=6 +8 reviews (unique=48)
[2026-04-05T15:02:25.013Z] [INFO] 
[REVIEW WORKER 9] starting agiz-dis-bakimi/683431257
[2026-04-05T15:02:25.054Z] [INFO] 
[REVIEW WORKER 10] starting agiz-dis-bakimi/658353493
[2026-04-05T15:02:25.687Z] [INFO] 
[START REVIEW] category=agiz-dis-bakimi productId=730511639 startPage=1
[2026-04-05T15:02:25.700Z] [INFO] [review agiz-dis-bakimi/607455194] page=7 +8 reviews (unique=56)
[2026-04-05T15:02:25.860Z] [INFO] 
[START REVIEW] category=agiz-dis-bakimi productId=736985072 startPage=1
[2026-04-05T15:02:25.877Z] [INFO] 
[START REVIEW] category=agiz-dis-bakimi productId=646155613 startPage=1
[2026-04-05T15:02:25.922Z] [INFO] [review agiz-dis-bakimi/730511639] page=1 +2 reviews (unique=2)
[2026-04-05T15:02:25.944Z] [INFO] [REVIEW SAVED] /mnt/c/Developer/Review_AI/scraper_project/raw_data/agiz-dis-bakimi/730511639_reviews.json
[2026-04-05T15:02:25.972Z] [INFO] 
[REVIEW WORKER 5] starting agiz-dis-bakimi/646510849
[2026-04-05T15:02:26.114Z] [INFO] [review agiz-dis-bakimi/646155613] page=1 +8 reviews (unique=8)
[2026-04-05T15:02:26.140Z] [INFO] [review agiz-dis-bakimi/736985072] page=1 +0 reviews (unique=0)
[2026-04-05T15:02:26.163Z] [INFO] [REVIEW SAVED] /mnt/c/Developer/Review_AI/scraper_project/raw_data/agiz-dis-bakimi/736985072_reviews.json
[2026-04-05T15:02:26.188Z] [INFO] 
[REVIEW WORKER 4] starting agiz-dis-bakimi/601406642
[2026-04-05T15:02:26.411Z] [INFO] [review agiz-dis-bakimi/607455194] page=8 +8 reviews (unique=64)
[2026-04-05T15:02:26.738Z] [INFO] 
[START REVIEW] category=agiz-dis-bakimi productId=590124722 startPage=1
[2026-04-05T15:02:26.823Z] [INFO] [review agiz-dis-bakimi/646155613] page=2 +8 reviews (unique=16)
[2026-04-05T15:02:27.004Z] [INFO] [review agiz-dis-bakimi/590124722] page=1 +8 reviews (unique=8)
[2026-04-05T15:02:27.135Z] [INFO] [review agiz-dis-bakimi/607455194] page=9 +8 reviews (unique=72)
[2026-04-05T15:02:27.698Z] [INFO] [review agiz-dis-bakimi/590124722] page=2 +3 reviews (unique=11)
[2026-04-05T15:02:27.716Z] [INFO] [REVIEW SAVED] /mnt/c/Developer/Review_AI/scraper_project/raw_data/agiz-dis-bakimi/590124722_reviews.json
[2026-04-05T15:02:27.750Z] [INFO] 
[REVIEW WORKER 7] starting agiz-dis-bakimi/598811162
[2026-04-05T15:02:27.818Z] [INFO] [review agiz-dis-bakimi/607455194] page=10 +3 reviews (unique=75)
[2026-04-05T15:02:27.830Z] [INFO] [REVIEW PARTIAL SAVED] /mnt/c/Developer/Review_AI/scraper_project/raw_data/agiz-dis-bakimi/607455194_reviews.partial.json
[2026-04-05T15:02:27.863Z] [INFO] [REVIEW SAVED] /mnt/c/Developer/Review_AI/scraper_project/raw_data/agiz-dis-bakimi/607455194_reviews.json
[2026-04-05T15:02:27.867Z] [INFO] [review agiz-dis-bakimi/646155613] page=3 +8 reviews (unique=24)
[2026-04-05T15:02:27.901Z] [INFO] 
[REVIEW WORKER 3] starting agiz-dis-bakimi/650757346
[2026-04-05T15:02:27.978Z] [INFO] 
[START REVIEW] category=agiz-dis-bakimi productId=565301844 startPage=1
[2026-04-05T15:02:28.022Z] [INFO] 
[START REVIEW] category=agiz-dis-bakimi productId=644618995 startPage=1
[2026-04-05T15:02:28.225Z] [INFO] [review agiz-dis-bakimi/565301844] page=1 +8 reviews (unique=8)
[2026-04-05T15:02:28.409Z] [INFO] [review agiz-dis-bakimi/644618995] page=1 +8 reviews (unique=8)
[2026-04-05T15:02:28.517Z] [INFO] [review agiz-dis-bakimi/646155613] page=4 +8 reviews (unique=32)
[2026-04-05T15:02:28.873Z] [INFO] [review agiz-dis-bakimi/565301844] page=2 +4 reviews (unique=12)
[2026-04-05T15:02:28.899Z] [INFO] [REVIEW SAVED] /mnt/c/Developer/Review_AI/scraper_project/raw_data/agiz-dis-bakimi/565301844_reviews.json
[2026-04-05T15:02:28.919Z] [INFO] 
[REVIEW WORKER 6] starting agiz-dis-bakimi/718819731
[2026-04-05T15:02:29.079Z] [INFO] [review agiz-dis-bakimi/644618995] page=2 +8 reviews (unique=16)
[2026-04-05T15:02:29.214Z] [INFO] [review agiz-dis-bakimi/646155613] page=5 +8 reviews (unique=40)
[2026-04-05T15:02:29.265Z] [INFO] [REVIEW PARTIAL SAVED] /mnt/c/Developer/Review_AI/scraper_project/raw_data/agiz-dis-bakimi/646155613_reviews.partial.json
[2026-04-05T15:02:29.334Z] [INFO] [REVIEW SAVED] /mnt/c/Developer/Review_AI/scraper_project/raw_data/agiz-dis-bakimi/646155613_reviews.json
[2026-04-05T15:02:29.348Z] [INFO] 
[START REVIEW] category=agiz-dis-bakimi productId=683431257 startPage=1
[2026-04-05T15:02:29.386Z] [INFO] 
[REVIEW WORKER 8] starting agiz-dis-bakimi/579629735
[2026-04-05T15:02:29.586Z] [INFO] [review agiz-dis-bakimi/683431257] page=1 +2 reviews (unique=2)
[2026-04-05T15:02:29.614Z] [INFO] [REVIEW SAVED] /mnt/c/Developer/Review_AI/scraper_project/raw_data/agiz-dis-bakimi/683431257_reviews.json
[2026-04-05T15:02:29.646Z] [INFO] 
[REVIEW WORKER 9] starting agiz-dis-bakimi/732337802
[2026-04-05T15:02:29.889Z] [INFO] [review agiz-dis-bakimi/644618995] page=3 +8 reviews (unique=24)
[2026-04-05T15:02:29.977Z] [INFO] 
[START REVIEW] category=agiz-dis-bakimi productId=646510849 startPage=1
[2026-04-05T15:02:30.194Z] [INFO] [review agiz-dis-bakimi/646510849] page=1 +2 reviews (unique=2)
[2026-04-05T15:02:30.211Z] [INFO] [REVIEW SAVED] /mnt/c/Developer/Review_AI/scraper_project/raw_data/agiz-dis-bakimi/646510849_reviews.json
[2026-04-05T15:02:30.244Z] [INFO] 
[REVIEW WORKER 5] starting agiz-dis-bakimi/648565126
[2026-04-05T15:02:30.349Z] [INFO] [review agiz-dis-bakimi/601590083] page=3 +8 reviews (unique=24)
[2026-04-05T15:02:30.394Z] [INFO] [REVIEW SAVED] /mnt/c/Developer/Review_AI/scraper_project/raw_data/agiz-dis-bakimi/601590083_reviews.json
[2026-04-05T15:02:30.427Z] [INFO] 
[REVIEW WORKER 1] starting agiz-dis-bakimi/641181446
[2026-04-05T15:02:30.581Z] [INFO] [review agiz-dis-bakimi/644618995] page=4 +8 reviews (unique=32)
[2026-04-05T15:02:30.695Z] [INFO] 
[START REVIEW] category=agiz-dis-bakimi productId=601406642 startPage=1
[2026-04-05T15:02:30.932Z] [INFO] [review agiz-dis-bakimi/601406642] page=1 +3 reviews (unique=3)
[2026-04-05T15:02:30.953Z] [INFO] [REVIEW SAVED] /mnt/c/Developer/Review_AI/scraper_project/raw_data/agiz-dis-bakimi/601406642_reviews.json
[2026-04-05T15:02:30.988Z] [INFO] 
[REVIEW WORKER 4] starting agiz-dis-bakimi/640897377
[2026-04-05T15:02:31.276Z] [INFO] [review agiz-dis-bakimi/644618995] page=5 +4 reviews (unique=36)
[2026-04-05T15:02:31.294Z] [INFO] [REVIEW PARTIAL SAVED] /mnt/c/Developer/Review_AI/scraper_project/raw_data/agiz-dis-bakimi/644618995_reviews.partial.json
[2026-04-05T15:02:31.323Z] [INFO] [REVIEW SAVED] /mnt/c/Developer/Review_AI/scraper_project/raw_data/agiz-dis-bakimi/644618995_reviews.json
[2026-04-05T15:02:31.359Z] [INFO] 
[REVIEW WORKER 2] starting agiz-dis-bakimi/647406788
[2026-04-05T15:02:32.121Z] [INFO] 
[START REVIEW] category=agiz-dis-bakimi productId=650757346 startPage=1
[2026-04-05T15:02:32.277Z] [INFO] 
[START REVIEW] category=agiz-dis-bakimi productId=598811162 startPage=1
[2026-04-05T15:02:32.868Z] [INFO] 
[START REVIEW] category=agiz-dis-bakimi productId=718819731 startPage=1
[2026-04-05T15:02:32.874Z] [INFO] [review agiz-dis-bakimi/650757346] page=1 +0 reviews (unique=0)
[2026-04-05T15:02:32.897Z] [INFO] [REVIEW SAVED] /mnt/c/Developer/Review_AI/scraper_project/raw_data/agiz-dis-bakimi/650757346_reviews.json
[2026-04-05T15:02:32.931Z] [INFO] 
[REVIEW WORKER 3] starting agiz-dis-bakimi/658376809
[2026-04-05T15:02:33.041Z] [INFO] [review agiz-dis-bakimi/598811162] page=1 +6 reviews (unique=6)
[2026-04-05T15:02:33.072Z] [INFO] [REVIEW SAVED] /mnt/c/Developer/Review_AI/scraper_project/raw_data/agiz-dis-bakimi/598811162_reviews.json
[2026-04-05T15:02:33.109Z] [INFO] 
[REVIEW WORKER 7] starting agiz-dis-bakimi/680501941
[2026-04-05T15:02:33.555Z] [INFO] [review agiz-dis-bakimi/718819731] page=1 +2 reviews (unique=2)
[2026-04-05T15:02:33.586Z] [INFO] [REVIEW SAVED] /mnt/c/Developer/Review_AI/scraper_project/raw_data/agiz-dis-bakimi/718819731_reviews.json
[2026-04-05T15:02:33.615Z] [INFO] 
[REVIEW WORKER 6] starting agiz-dis-bakimi/597389024
[2026-04-05T15:02:33.944Z] [INFO] 
[START REVIEW] category=agiz-dis-bakimi productId=579629735 startPage=1
[2026-04-05T15:02:34.320Z] [INFO] [review agiz-dis-bakimi/579629735] page=1 +8 reviews (unique=8)
[2026-04-05T15:02:34.750Z] [INFO] 
[START REVIEW] category=agiz-dis-bakimi productId=732337802 startPage=1
[2026-04-05T15:02:34.983Z] [INFO] [review agiz-dis-bakimi/579629735] page=2 +8 reviews (unique=16)
[2026-04-05T15:02:35.038Z] [INFO] [review agiz-dis-bakimi/732337802] page=1 +8 reviews (unique=8)
[2026-04-05T15:02:35.117Z] [INFO] 
[START REVIEW] category=agiz-dis-bakimi productId=658353493 startPage=1
[2026-04-05T15:02:35.565Z] [INFO] [review agiz-dis-bakimi/658353493] page=1 +8 reviews (unique=8)
[2026-04-05T15:02:35.736Z] [INFO] 
[START REVIEW] category=agiz-dis-bakimi productId=641181446 startPage=1
[2026-04-05T15:02:35.770Z] [INFO] 
[START REVIEW] category=agiz-dis-bakimi productId=648565126 startPage=1
[2026-04-05T15:02:35.932Z] [INFO] [review agiz-dis-bakimi/579629735] page=3 +8 reviews (unique=24)
[2026-04-05T15:02:36.000Z] [INFO] [review agiz-dis-bakimi/732337802] page=2 +2 reviews (unique=10)
[2026-04-05T15:02:36.021Z] [INFO] [REVIEW SAVED] /mnt/c/Developer/Review_AI/scraper_project/raw_data/agiz-dis-bakimi/732337802_reviews.json
[2026-04-05T15:02:36.059Z] [INFO] 
[REVIEW WORKER 9] starting agiz-dis-bakimi/731539974
[2026-04-05T15:02:36.188Z] [INFO] 
[START REVIEW] category=agiz-dis-bakimi productId=640897377 startPage=1
[2026-04-05T15:02:36.286Z] [INFO] [review agiz-dis-bakimi/658353493] page=2 +8 reviews (unique=16)
[2026-04-05T15:02:36.304Z] [INFO] [review agiz-dis-bakimi/641181446] page=1 +8 reviews (unique=8)
[2026-04-05T15:02:36.355Z] [INFO] [review agiz-dis-bakimi/648565126] page=1 +4 reviews (unique=4)
[2026-04-05T15:02:36.391Z] [INFO] [REVIEW SAVED] /mnt/c/Developer/Review_AI/scraper_project/raw_data/agiz-dis-bakimi/648565126_reviews.json
[2026-04-05T15:02:36.414Z] [INFO] 
[REVIEW WORKER 5] starting agiz-dis-bakimi/692905139
[2026-04-05T15:02:36.443Z] [INFO] 
[START REVIEW] category=agiz-dis-bakimi productId=647406788 startPage=1
[2026-04-05T15:02:36.606Z] [INFO] [review agiz-dis-bakimi/640897377] page=1 +1 reviews (unique=1)
[2026-04-05T15:02:36.650Z] [INFO] [REVIEW SAVED] /mnt/c/Developer/Review_AI/scraper_project/raw_data/agiz-dis-bakimi/640897377_reviews.json
[2026-04-05T15:02:36.664Z] [INFO] [review agiz-dis-bakimi/579629735] page=4 +8 reviews (unique=32)
[2026-04-05T15:02:36.701Z] [INFO] 
[REVIEW WORKER 4] starting agiz-dis-bakimi/731077356
[2026-04-05T15:02:37.009Z] [INFO] [review agiz-dis-bakimi/641181446] page=2 +8 reviews (unique=16)
[2026-04-05T15:02:37.031Z] [INFO] [review agiz-dis-bakimi/658353493] page=3 +8 reviews (unique=24)
[2026-04-05T15:02:37.364Z] [INFO] [review agiz-dis-bakimi/579629735] page=5 +1 reviews (unique=33)
[2026-04-05T15:02:37.378Z] [INFO] [REVIEW PARTIAL SAVED] /mnt/c/Developer/Review_AI/scraper_project/raw_data/agiz-dis-bakimi/579629735_reviews.partial.json
[2026-04-05T15:02:37.399Z] [INFO] [REVIEW SAVED] /mnt/c/Developer/Review_AI/scraper_project/raw_data/agiz-dis-bakimi/579629735_reviews.json
[2026-04-05T15:02:37.427Z] [INFO] 
[REVIEW WORKER 8] starting agiz-dis-bakimi/600904083
[2026-04-05T15:02:37.734Z] [INFO] [review agiz-dis-bakimi/641181446] page=3 +8 reviews (unique=24)
[2026-04-05T15:02:37.796Z] [INFO] [review agiz-dis-bakimi/658353493] page=4 +8 reviews (unique=32)
[2026-04-05T15:02:38.020Z] [INFO] 
[START REVIEW] category=agiz-dis-bakimi productId=680501941 startPage=1
[2026-04-05T15:02:38.041Z] [INFO] 
[START REVIEW] category=agiz-dis-bakimi productId=658376809 startPage=1
[2026-04-05T15:02:38.344Z] [INFO] [review agiz-dis-bakimi/647406788] page=1 +8 reviews (unique=8)
[2026-04-05T15:02:38.407Z] [INFO] 
[START REVIEW] category=agiz-dis-bakimi productId=597389024 startPage=1
[2026-04-05T15:02:38.413Z] [INFO] [review agiz-dis-bakimi/680501941] page=1 +0 reviews (unique=0)
[2026-04-05T15:02:38.438Z] [INFO] [REVIEW SAVED] /mnt/c/Developer/Review_AI/scraper_project/raw_data/agiz-dis-bakimi/680501941_reviews.json
[2026-04-05T15:02:38.464Z] [INFO] 
[REVIEW WORKER 7] starting agiz-dis-bakimi/735258647
[2026-04-05T15:02:38.553Z] [INFO] [review agiz-dis-bakimi/641181446] page=4 +8 reviews (unique=32)
[2026-04-05T15:02:38.569Z] [INFO] [review agiz-dis-bakimi/658353493] page=5 +6 reviews (unique=38)
[2026-04-05T15:02:38.587Z] [INFO] [REVIEW PARTIAL SAVED] /mnt/c/Developer/Review_AI/scraper_project/raw_data/agiz-dis-bakimi/658353493_reviews.partial.json
[2026-04-05T15:02:38.630Z] [INFO] [REVIEW SAVED] /mnt/c/Developer/Review_AI/scraper_project/raw_data/agiz-dis-bakimi/658353493_reviews.json
[2026-04-05T15:02:38.695Z] [INFO] 
[REVIEW WORKER 10] starting agiz-dis-bakimi/597958882
[2026-04-05T15:02:38.828Z] [INFO] [review agiz-dis-bakimi/658376809] page=1 +4 reviews (unique=4)
[2026-04-05T15:02:38.867Z] [INFO] [REVIEW SAVED] /mnt/c/Developer/Review_AI/scraper_project/raw_data/agiz-dis-bakimi/658376809_reviews.json
[2026-04-05T15:02:38.911Z] [INFO] 
[REVIEW WORKER 3] starting agiz-dis-bakimi/648550177
[2026-04-05T15:02:38.996Z] [INFO] [review agiz-dis-bakimi/597389024] page=1 +8 reviews (unique=8)
[2026-04-05T15:02:39.086Z] [INFO] [review agiz-dis-bakimi/647406788] page=2 +8 reviews (unique=16)
[2026-04-05T15:02:40.842Z] [INFO] [review agiz-dis-bakimi/641181446] page=5 +1 reviews (unique=33)
[2026-04-05T15:02:40.862Z] [INFO] [REVIEW PARTIAL SAVED] /mnt/c/Developer/Review_AI/scraper_project/raw_data/agiz-dis-bakimi/641181446_reviews.partial.json
[2026-04-05T15:02:40.888Z] [INFO] [REVIEW SAVED] /mnt/c/Developer/Review_AI/scraper_project/raw_data/agiz-dis-bakimi/641181446_reviews.json
[2026-04-05T15:02:40.924Z] [INFO] 
[REVIEW WORKER 1] starting agiz-dis-bakimi/552735193
[2026-04-05T15:02:41.315Z] [INFO] [review agiz-dis-bakimi/597389024] page=2 +7 reviews (unique=15)
[2026-04-05T15:02:41.346Z] [INFO] [REVIEW SAVED] /mnt/c/Developer/Review_AI/scraper_project/raw_data/agiz-dis-bakimi/597389024_reviews.json
[2026-04-05T15:02:41.358Z] [INFO] [review agiz-dis-bakimi/647406788] page=3 +8 reviews (unique=24)
[2026-04-05T15:02:41.392Z] [INFO] 
[REVIEW WORKER 6] starting agiz-dis-bakimi/729603856
[2026-04-05T15:02:42.041Z] [INFO] [review agiz-dis-bakimi/647406788] page=4 +8 reviews (unique=32)
[2026-04-05T15:02:42.107Z] [INFO] 
[START REVIEW] category=agiz-dis-bakimi productId=731539974 startPage=1
[2026-04-05T15:02:42.388Z] [INFO] 
[START REVIEW] category=agiz-dis-bakimi productId=692905139 startPage=1
[2026-04-05T15:02:42.413Z] [INFO] [review agiz-dis-bakimi/731539974] page=1 +1 reviews (unique=1)
[2026-04-05T15:02:42.451Z] [INFO] [REVIEW SAVED] /mnt/c/Developer/Review_AI/scraper_project/raw_data/agiz-dis-bakimi/731539974_reviews.json
[2026-04-05T15:02:42.480Z] [INFO] 
[REVIEW WORKER 9] starting agiz-dis-bakimi/590093569
[2026-04-05T15:02:42.705Z] [INFO] [review agiz-dis-bakimi/692905139] page=1 +8 reviews (unique=8)
[2026-04-05T15:02:42.806Z] [INFO] [review agiz-dis-bakimi/647406788] page=5 +8 reviews (unique=40)
[2026-04-05T15:02:42.837Z] [INFO] [REVIEW PARTIAL SAVED] /mnt/c/Developer/Review_AI/scraper_project/raw_data/agiz-dis-bakimi/647406788_reviews.partial.json
[2026-04-05T15:02:42.860Z] [INFO] [REVIEW SAVED] /mnt/c/Developer/Review_AI/scraper_project/raw_data/agiz-dis-bakimi/647406788_reviews.json
[2026-04-05T15:02:42.923Z] [INFO] 
[REVIEW WORKER 2] starting agiz-dis-bakimi/580608276
[2026-04-05T15:02:42.936Z] [INFO] 
[START REVIEW] category=agiz-dis-bakimi productId=731077356 startPage=1
[2026-04-05T15:02:43.252Z] [INFO] [review agiz-dis-bakimi/731077356] page=1 +0 reviews (unique=0)
[2026-04-05T15:02:43.278Z] [INFO] [REVIEW SAVED] /mnt/c/Developer/Review_AI/scraper_project/raw_data/agiz-dis-bakimi/731077356_reviews.json
[2026-04-05T15:02:43.305Z] [INFO] 
[REVIEW WORKER 4] starting agiz-dis-bakimi/601749133
[2026-04-05T15:02:43.398Z] [INFO] [review agiz-dis-bakimi/692905139] page=2 +8 reviews (unique=16)
[2026-04-05T15:02:43.720Z] [INFO] 
[START REVIEW] category=agiz-dis-bakimi productId=600904083 startPage=1
[2026-04-05T15:02:44.094Z] [INFO] [review agiz-dis-bakimi/600904083] page=1 +8 reviews (unique=8)
[2026-04-05T15:02:44.179Z] [INFO] [review agiz-dis-bakimi/692905139] page=3 +8 reviews (unique=24)
[2026-04-05T15:02:44.545Z] [INFO] 
[START REVIEW] category=agiz-dis-bakimi productId=735258647 startPage=1
[2026-04-05T15:02:44.672Z] [INFO] 
[START REVIEW] category=agiz-dis-bakimi productId=597958882 startPage=1
[2026-04-05T15:02:44.688Z] [INFO] [review agiz-dis-bakimi/600904083] page=2 +4 reviews (unique=12)
[2026-04-05T15:02:44.720Z] [INFO] [REVIEW SAVED] /mnt/c/Developer/Review_AI/scraper_project/raw_data/agiz-dis-bakimi/600904083_reviews.json
[2026-04-05T15:02:44.764Z] [INFO] 
[REVIEW WORKER 8] starting agiz-dis-bakimi/676987496
[2026-04-05T15:02:44.781Z] [INFO] [review agiz-dis-bakimi/735258647] page=1 +0 reviews (unique=0)
[2026-04-05T15:02:44.801Z] [INFO] [REVIEW SAVED] /mnt/c/Developer/Review_AI/scraper_project/raw_data/agiz-dis-bakimi/735258647_reviews.json
[2026-04-05T15:02:44.829Z] [INFO] 
[REVIEW WORKER 7] starting agiz-dis-bakimi/738289683
[2026-04-05T15:02:44.888Z] [INFO] [review agiz-dis-bakimi/597958882] page=1 +3 reviews (unique=3)
[2026-04-05T15:02:44.916Z] [INFO] [REVIEW SAVED] /mnt/c/Developer/Review_AI/scraper_project/raw_data/agiz-dis-bakimi/597958882_reviews.json
[2026-04-05T15:02:44.923Z] [INFO] [review agiz-dis-bakimi/692905139] page=4 +8 reviews (unique=32)
[2026-04-05T15:02:44.987Z] [INFO] 
[REVIEW WORKER 10] starting agiz-dis-bakimi/639850935
[2026-04-05T15:02:45.575Z] [INFO] 
[START REVIEW] category=agiz-dis-bakimi productId=648550177 startPage=1
[2026-04-05T15:02:45.720Z] [INFO] [review agiz-dis-bakimi/692905139] page=5 +8 reviews (unique=40)
[2026-04-05T15:02:45.738Z] [INFO] [REVIEW PARTIAL SAVED] /mnt/c/Developer/Review_AI/scraper_project/raw_data/agiz-dis-bakimi/692905139_reviews.partial.json
[2026-04-05T15:02:45.817Z] [INFO] 
[START REVIEW] category=agiz-dis-bakimi productId=729603856 startPage=1
[2026-04-05T15:02:45.903Z] [INFO] [review agiz-dis-bakimi/648550177] page=1 +8 reviews (unique=8)
[2026-04-05T15:02:46.486Z] [INFO] [review agiz-dis-bakimi/692905139] page=6 +8 reviews (unique=48)
[2026-04-05T15:02:46.636Z] [INFO] [review agiz-dis-bakimi/648550177] page=2 +8 reviews (unique=16)
[2026-04-05T15:02:46.718Z] [INFO] 
[START REVIEW] category=agiz-dis-bakimi productId=590093569 startPage=1
[2026-04-05T15:02:46.809Z] [INFO] [review agiz-dis-bakimi/729603856] page=1 +0 reviews (unique=0)
[2026-04-05T15:02:46.836Z] [INFO] [REVIEW SAVED] /mnt/c/Developer/Review_AI/scraper_project/raw_data/agiz-dis-bakimi/729603856_reviews.json
[2026-04-05T15:02:46.868Z] [INFO] 
[REVIEW WORKER 6] starting agiz-dis-bakimi/451739321
[2026-04-05T15:02:46.963Z] [INFO] 
[START REVIEW] category=agiz-dis-bakimi productId=580608276 startPage=1
[2026-04-05T15:02:47.198Z] [INFO] [review agiz-dis-bakimi/692905139] page=7 +8 reviews (unique=56)
[2026-04-05T15:02:47.227Z] [INFO] [review agiz-dis-bakimi/590093569] page=1 +1 reviews (unique=1)
[2026-04-05T15:02:47.256Z] [INFO] [REVIEW SAVED] /mnt/c/Developer/Review_AI/scraper_project/raw_data/agiz-dis-bakimi/590093569_reviews.json
[2026-04-05T15:02:47.277Z] [INFO] 
[REVIEW WORKER 9] starting agiz-dis-bakimi/315519576
[2026-04-05T15:02:47.357Z] [INFO] [review agiz-dis-bakimi/648550177] page=3 +8 reviews (unique=24)
[2026-04-05T15:02:47.657Z] [INFO] 
[START REVIEW] category=agiz-dis-bakimi productId=601749133 startPage=1
[2026-04-05T15:02:47.950Z] [INFO] [review agiz-dis-bakimi/692905139] page=8 +8 reviews (unique=64)
[2026-04-05T15:02:47.972Z] [INFO] [review agiz-dis-bakimi/601749133] page=1 +8 reviews (unique=8)
[2026-04-05T15:02:48.306Z] [INFO] [review agiz-dis-bakimi/648550177] page=4 +7 reviews (unique=31)
[2026-04-05T15:02:48.329Z] [INFO] [REVIEW SAVED] /mnt/c/Developer/Review_AI/scraper_project/raw_data/agiz-dis-bakimi/648550177_reviews.json
[2026-04-05T15:02:48.363Z] [INFO] 
[REVIEW WORKER 3] starting agiz-dis-bakimi/569479239
[2026-04-05T15:02:48.643Z] [INFO] [review agiz-dis-bakimi/692905139] page=9 +8 reviews (unique=72)
[2026-04-05T15:02:48.711Z] [INFO] [review agiz-dis-bakimi/601749133] page=2 +8 reviews (unique=16)
[2026-04-05T15:02:49.319Z] [INFO] [review agiz-dis-bakimi/601749133] page=3 +8 reviews (unique=24)
[2026-04-05T15:02:49.338Z] [INFO] [review agiz-dis-bakimi/692905139] page=10 +8 reviews (unique=80)
[2026-04-05T15:02:49.350Z] [INFO] [REVIEW PARTIAL SAVED] /mnt/c/Developer/Review_AI/scraper_project/raw_data/agiz-dis-bakimi/692905139_reviews.partial.json
[2026-04-05T15:02:49.377Z] [INFO] 
[START REVIEW] category=agiz-dis-bakimi productId=552735193 startPage=1
[2026-04-05T15:02:49.487Z] [INFO] 
[START REVIEW] category=agiz-dis-bakimi productId=738289683 startPage=1
[2026-04-05T15:02:49.682Z] [INFO] [review agiz-dis-bakimi/552735193] page=1 +8 reviews (unique=8)
[2026-04-05T15:02:49.750Z] [INFO] [review agiz-dis-bakimi/738289683] page=1 +8 reviews (unique=8)
[2026-04-05T15:02:49.843Z] [INFO] 
[START REVIEW] category=agiz-dis-bakimi productId=676987496 startPage=1
[2026-04-05T15:02:49.935Z] [INFO] [review agiz-dis-bakimi/601749133] page=4 +8 reviews (unique=32)
[2026-04-05T15:02:50.104Z] [INFO] [review agiz-dis-bakimi/692905139] page=11 +4 reviews (unique=84)
[2026-04-05T15:02:50.138Z] [INFO] [REVIEW SAVED] /mnt/c/Developer/Review_AI/scraper_project/raw_data/agiz-dis-bakimi/692905139_reviews.json
[2026-04-05T15:02:50.149Z] [INFO] [review agiz-dis-bakimi/676987496] page=1 +8 reviews (unique=8)
[2026-04-05T15:02:50.177Z] [INFO] 
[REVIEW WORKER 5] starting agiz-dis-bakimi/694755902
[2026-04-05T15:02:50.394Z] [INFO] [review agiz-dis-bakimi/552735193] page=2 +8 reviews (unique=16)
[2026-04-05T15:02:50.414Z] [INFO] [review agiz-dis-bakimi/738289683] page=2 +8 reviews (unique=16)
[2026-04-05T15:02:50.627Z] [INFO] [review agiz-dis-bakimi/601749133] page=5 +6 reviews (unique=38)
[2026-04-05T15:02:50.637Z] [INFO] [REVIEW PARTIAL SAVED] /mnt/c/Developer/Review_AI/scraper_project/raw_data/agiz-dis-bakimi/601749133_reviews.partial.json
[2026-04-05T15:02:50.650Z] [INFO] [REVIEW SAVED] /mnt/c/Developer/Review_AI/scraper_project/raw_data/agiz-dis-bakimi/601749133_reviews.json
[2026-04-05T15:02:50.676Z] [INFO] 
[REVIEW WORKER 4] starting agiz-dis-bakimi/597213697
[2026-04-05T15:02:50.814Z] [INFO] 
[START REVIEW] category=agiz-dis-bakimi productId=451739321 startPage=1
[2026-04-05T15:02:50.882Z] [INFO] [review agiz-dis-bakimi/676987496] page=2 +8 reviews (unique=16)
[2026-04-05T15:02:51.054Z] [INFO] [review agiz-dis-bakimi/451739321] page=1 +8 reviews (unique=8)
[2026-04-05T15:02:51.078Z] [INFO] [review agiz-dis-bakimi/738289683] page=3 +8 reviews (unique=24)
[2026-04-05T15:02:51.089Z] [INFO] [review agiz-dis-bakimi/552735193] page=3 +1 reviews (unique=17)
[2026-04-05T15:02:51.105Z] [INFO] [REVIEW SAVED] /mnt/c/Developer/Review_AI/scraper_project/raw_data/agiz-dis-bakimi/552735193_reviews.json
[2026-04-05T15:02:51.125Z] [INFO] 
[REVIEW WORKER 1] starting agiz-dis-bakimi/678938508
[2026-04-05T15:02:51.138Z] [INFO] [review agiz-dis-bakimi/580608276] page=1 +8 reviews (unique=8)
[2026-04-05T15:02:51.369Z] [INFO] 
[START REVIEW] category=agiz-dis-bakimi productId=315519576 startPage=1
[2026-04-05T15:02:51.505Z] [INFO] [review agiz-dis-bakimi/676987496] page=3 +2 reviews (unique=18)
[2026-04-05T15:02:51.522Z] [INFO] [REVIEW SAVED] /mnt/c/Developer/Review_AI/scraper_project/raw_data/agiz-dis-bakimi/676987496_reviews.json
[2026-04-05T15:02:51.544Z] [INFO] 
[REVIEW WORKER 8] starting agiz-dis-bakimi/730514385
[2026-04-05T15:02:51.632Z] [INFO] [review agiz-dis-bakimi/315519576] page=1 +8 reviews (unique=8)
[2026-04-05T15:02:51.700Z] [INFO] [review agiz-dis-bakimi/738289683] page=4 +6 reviews (unique=30)
[2026-04-05T15:02:51.728Z] [INFO] [REVIEW SAVED] /mnt/c/Developer/Review_AI/scraper_project/raw_data/agiz-dis-bakimi/738289683_reviews.json
[2026-04-05T15:02:51.747Z] [INFO] 
[REVIEW WORKER 7] starting agiz-dis-bakimi/723156839
[2026-04-05T15:02:51.811Z] [INFO] [review agiz-dis-bakimi/451739321] page=2 +8 reviews (unique=16)
[2026-04-05T15:02:51.849Z] [INFO] [review agiz-dis-bakimi/580608276] page=2 +8 reviews (unique=16)
[2026-04-05T15:02:52.241Z] [INFO] [review agiz-dis-bakimi/315519576] page=2 +8 reviews (unique=16)
[2026-04-05T15:02:52.504Z] [INFO] [review agiz-dis-bakimi/451739321] page=3 +8 reviews (unique=24)
[2026-04-05T15:02:52.518Z] [INFO] [review agiz-dis-bakimi/580608276] page=3 +8 reviews (unique=24)
[2026-04-05T15:02:52.930Z] [INFO] [review agiz-dis-bakimi/315519576] page=3 +8 reviews (unique=24)
[2026-04-05T15:02:53.097Z] [INFO] 
[START REVIEW] category=agiz-dis-bakimi productId=639850935 startPage=1
[2026-04-05T15:02:53.192Z] [INFO] [review agiz-dis-bakimi/451739321] page=4 +8 reviews (unique=32)
[2026-04-05T15:02:53.232Z] [INFO] [review agiz-dis-bakimi/580608276] page=4 +7 reviews (unique=31)
[2026-04-05T15:02:53.261Z] [INFO] [REVIEW SAVED] /mnt/c/Developer/Review_AI/scraper_project/raw_data/agiz-dis-bakimi/580608276_reviews.json
[2026-04-05T15:02:53.301Z] [INFO] 
[REVIEW WORKER 2] starting agiz-dis-bakimi/464621938
[2026-04-05T15:02:53.387Z] [INFO] [review agiz-dis-bakimi/639850935] page=1 +8 reviews (unique=8)
[2026-04-05T15:02:53.640Z] [INFO] [review agiz-dis-bakimi/315519576] page=4 +8 reviews (unique=32)
[2026-04-05T15:02:54.155Z] [INFO] [review agiz-dis-bakimi/639850935] page=2 +8 reviews (unique=16)
[2026-04-05T15:02:54.227Z] [INFO] 
[START REVIEW] category=agiz-dis-bakimi productId=694755902 startPage=1
[2026-04-05T15:02:54.248Z] [INFO] [review agiz-dis-bakimi/451739321] page=5 +8 reviews (unique=40)
[2026-04-05T15:02:54.270Z] [INFO] [REVIEW PARTIAL SAVED] /mnt/c/Developer/Review_AI/scraper_project/raw_data/agiz-dis-bakimi/451739321_reviews.partial.json
[2026-04-05T15:02:54.479Z] [INFO] [review agiz-dis-bakimi/315519576] page=5 +8 reviews (unique=40)
[2026-04-05T15:02:54.494Z] [INFO] [REVIEW PARTIAL SAVED] /mnt/c/Developer/Review_AI/scraper_project/raw_data/agiz-dis-bakimi/315519576_reviews.partial.json
[2026-04-05T15:02:54.641Z] [INFO] [review agiz-dis-bakimi/694755902] page=1 +8 reviews (unique=8)
[2026-04-05T15:02:54.684Z] [INFO] 
[START REVIEW] category=agiz-dis-bakimi productId=597213697 startPage=1
[2026-04-05T15:02:54.851Z] [INFO] [review agiz-dis-bakimi/639850935] page=3 +8 reviews (unique=24)
[2026-04-05T15:02:54.921Z] [INFO] [review agiz-dis-bakimi/451739321] page=6 +8 reviews (unique=48)
[2026-04-05T15:02:54.998Z] [INFO] [review agiz-dis-bakimi/597213697] page=1 +8 reviews (unique=8)
[2026-04-05T15:02:55.114Z] [INFO] 
[START REVIEW] category=agiz-dis-bakimi productId=678938508 startPage=1
[2026-04-05T15:02:55.208Z] [INFO] [review agiz-dis-bakimi/315519576] page=6 +8 reviews (unique=48)
[2026-04-05T15:02:55.335Z] [INFO] [review agiz-dis-bakimi/694755902] page=2 +8 reviews (unique=16)
[2026-04-05T15:02:55.374Z] [INFO] [review agiz-dis-bakimi/678938508] page=1 +0 reviews (unique=0)
[2026-04-05T15:02:55.420Z] [INFO] [REVIEW SAVED] /mnt/c/Developer/Review_AI/scraper_project/raw_data/agiz-dis-bakimi/678938508_reviews.json
[2026-04-05T15:02:55.455Z] [INFO] 
[REVIEW WORKER 1] starting agiz-dis-bakimi/634008943
[2026-04-05T15:02:55.501Z] [INFO] [review agiz-dis-bakimi/639850935] page=4 +8 reviews (unique=32)
[2026-04-05T15:02:55.561Z] [INFO] 
[START REVIEW] category=agiz-dis-bakimi productId=730514385 startPage=1
[2026-04-05T15:02:55.738Z] [INFO] [review agiz-dis-bakimi/597213697] page=2 +8 reviews (unique=16)
[2026-04-05T15:02:55.803Z] [INFO] [review agiz-dis-bakimi/451739321] page=7 +8 reviews (unique=56)
[2026-04-05T15:02:55.845Z] [INFO] [review agiz-dis-bakimi/315519576] page=7 +8 reviews (unique=56)
[2026-04-05T15:02:55.875Z] [INFO] 
[START REVIEW] category=agiz-dis-bakimi productId=723156839 startPage=1
[2026-04-05T15:02:55.921Z] [INFO] [review agiz-dis-bakimi/730514385] page=1 +0 reviews (unique=0)
[2026-04-05T15:02:55.961Z] [INFO] [REVIEW SAVED] /mnt/c/Developer/Review_AI/scraper_project/raw_data/agiz-dis-bakimi/730514385_reviews.json
[2026-04-05T15:02:55.985Z] [INFO] 
[REVIEW WORKER 8] starting agiz-dis-bakimi/566462341
[2026-04-05T15:02:56.017Z] [INFO] [review agiz-dis-bakimi/694755902] page=3 +8 reviews (unique=24)
[2026-04-05T15:02:56.121Z] [INFO] [review agiz-dis-bakimi/723156839] page=1 +1 reviews (unique=1)
[2026-04-05T15:02:56.138Z] [INFO] [REVIEW SAVED] /mnt/c/Developer/Review_AI/scraper_project/raw_data/agiz-dis-bakimi/723156839_reviews.json
[2026-04-05T15:02:56.151Z] [INFO] 
[REVIEW WORKER 7] starting agiz-dis-bakimi/562357710
[2026-04-05T15:02:56.245Z] [INFO] [review agiz-dis-bakimi/639850935] page=5 +4 reviews (unique=36)
[2026-04-05T15:02:56.264Z] [INFO] [REVIEW PARTIAL SAVED] /mnt/c/Developer/Review_AI/scraper_project/raw_data/agiz-dis-bakimi/639850935_reviews.partial.json
[2026-04-05T15:02:56.285Z] [INFO] [REVIEW SAVED] /mnt/c/Developer/Review_AI/scraper_project/raw_data/agiz-dis-bakimi/639850935_reviews.json
[2026-04-05T15:02:56.305Z] [INFO] 
[REVIEW WORKER 10] starting agiz-dis-bakimi/598811738
[2026-04-05T15:02:56.392Z] [INFO] [review agiz-dis-bakimi/597213697] page=3 +8 reviews (unique=24)
[2026-04-05T15:02:56.490Z] [INFO] [review agiz-dis-bakimi/451739321] page=8 +8 reviews (unique=64)
[2026-04-05T15:02:56.503Z] [INFO] 
[START REVIEW] category=agiz-dis-bakimi productId=569479239 startPage=1
[2026-04-05T15:02:56.512Z] [INFO] [review agiz-dis-bakimi/315519576] page=8 +8 reviews (unique=64)
[2026-04-05T15:02:56.691Z] [INFO] [review agiz-dis-bakimi/694755902] page=4 +3 reviews (unique=27)
[2026-04-05T15:02:56.707Z] [INFO] [REVIEW SAVED] /mnt/c/Developer/Review_AI/scraper_project/raw_data/agiz-dis-bakimi/694755902_reviews.json
[2026-04-05T15:02:56.728Z] [INFO] 
[REVIEW WORKER 5] starting agiz-dis-bakimi/597214134
[2026-04-05T15:02:56.800Z] [INFO] [review agiz-dis-bakimi/569479239] page=1 +8 reviews (unique=8)
[2026-04-05T15:02:57.026Z] [INFO] [review agiz-dis-bakimi/597213697] page=4 +3 reviews (unique=27)
[2026-04-05T15:02:57.045Z] [INFO] [REVIEW SAVED] /mnt/c/Developer/Review_AI/scraper_project/raw_data/agiz-dis-bakimi/597213697_reviews.json
[2026-04-05T15:02:57.077Z] [INFO] 
[REVIEW WORKER 4] starting agiz-dis-bakimi/675782871
[2026-04-05T15:02:57.197Z] [INFO] [review agiz-dis-bakimi/451739321] page=9 +8 reviews (unique=72)
[2026-04-05T15:02:57.235Z] [INFO] [review agiz-dis-bakimi/315519576] page=9 +8 reviews (unique=72)
[2026-04-05T15:02:57.443Z] [INFO] [review agiz-dis-bakimi/569479239] page=2 +2 reviews (unique=10)
[2026-04-05T15:02:57.461Z] [INFO] [REVIEW SAVED] /mnt/c/Developer/Review_AI/scraper_project/raw_data/agiz-dis-bakimi/569479239_reviews.json
[2026-04-05T15:02:57.479Z] [INFO] 
[REVIEW WORKER 3] starting agiz-dis-bakimi/729924016
[2026-04-05T15:02:57.785Z] [INFO] 
[START REVIEW] category=agiz-dis-bakimi productId=464621938 startPage=1
[2026-04-05T15:02:57.883Z] [INFO] [review agiz-dis-bakimi/315519576] page=10 +8 reviews (unique=80)
[2026-04-05T15:02:57.892Z] [INFO] [REVIEW PARTIAL SAVED] /mnt/c/Developer/Review_AI/scraper_project/raw_data/agiz-dis-bakimi/315519576_reviews.partial.json
[2026-04-05T15:02:57.907Z] [INFO] [review agiz-dis-bakimi/451739321] page=10 +8 reviews (unique=80)
[2026-04-05T15:02:57.916Z] [INFO] [REVIEW PARTIAL SAVED] /mnt/c/Developer/Review_AI/scraper_project/raw_data/agiz-dis-bakimi/451739321_reviews.partial.json
[2026-04-05T15:02:58.568Z] [INFO] [review agiz-dis-bakimi/315519576] page=11 +4 reviews (unique=84)
[2026-04-05T15:02:58.614Z] [INFO] [REVIEW SAVED] /mnt/c/Developer/Review_AI/scraper_project/raw_data/agiz-dis-bakimi/315519576_reviews.json
[2026-04-05T15:02:58.635Z] [INFO] [review agiz-dis-bakimi/451739321] page=11 +8 reviews (unique=88)
[2026-04-05T15:02:58.656Z] [INFO] 
[REVIEW WORKER 9] starting agiz-dis-bakimi/363423771
[2026-04-05T15:02:59.465Z] [INFO] [review agiz-dis-bakimi/451739321] page=12 +8 reviews (unique=96)
[2026-04-05T15:02:59.861Z] [INFO] 
[START REVIEW] category=agiz-dis-bakimi productId=634008943 startPage=1
[2026-04-05T15:03:00.211Z] [INFO] [review agiz-dis-bakimi/451739321] page=13 +8 reviews (unique=104)
[2026-04-05T15:03:00.242Z] [INFO] [review agiz-dis-bakimi/634008943] page=1 +8 reviews (unique=8)
[2026-04-05T15:03:00.256Z] [INFO] 
[START REVIEW] category=agiz-dis-bakimi productId=562357710 startPage=1
[2026-04-05T15:03:00.340Z] [INFO] 
[START REVIEW] category=agiz-dis-bakimi productId=566462341 startPage=1
[2026-04-05T15:03:00.597Z] [INFO] [review agiz-dis-bakimi/566462341] page=1 +0 reviews (unique=0)
[2026-04-05T15:03:00.630Z] [INFO] [REVIEW SAVED] /mnt/c/Developer/Review_AI/scraper_project/raw_data/agiz-dis-bakimi/566462341_reviews.json
[2026-04-05T15:03:00.646Z] [INFO] 
[START REVIEW] category=agiz-dis-bakimi productId=598811738 startPage=1
[2026-04-05T15:03:00.694Z] [INFO] 
[REVIEW WORKER 8] starting agiz-dis-bakimi/738663573
[2026-04-05T15:03:00.728Z] [INFO] [review agiz-dis-bakimi/562357710] page=1 +8 reviews (unique=8)
[2026-04-05T15:03:00.949Z] [INFO] [review agiz-dis-bakimi/451739321] page=14 +8 reviews (unique=112)
[2026-04-05T15:03:00.978Z] [INFO] [review agiz-dis-bakimi/634008943] page=2 +2 reviews (unique=10)
[2026-04-05T15:03:01.005Z] [INFO] [REVIEW SAVED] /mnt/c/Developer/Review_AI/scraper_project/raw_data/agiz-dis-bakimi/634008943_reviews.json
[2026-04-05T15:03:01.042Z] [INFO] 
[REVIEW WORKER 1] starting agiz-dis-bakimi/660229934
[2026-04-05T15:03:01.069Z] [INFO] [review agiz-dis-bakimi/598811738] page=1 +5 reviews (unique=5)
[2026-04-05T15:03:01.100Z] [INFO] [REVIEW SAVED] /mnt/c/Developer/Review_AI/scraper_project/raw_data/agiz-dis-bakimi/598811738_reviews.json
[2026-04-05T15:03:01.190Z] [INFO] 
[REVIEW WORKER 10] starting agiz-dis-bakimi/709359475
[2026-04-05T15:03:01.423Z] [INFO] [review agiz-dis-bakimi/562357710] page=2 +4 reviews (unique=12)
[2026-04-05T15:03:01.448Z] [INFO] [REVIEW SAVED] /mnt/c/Developer/Review_AI/scraper_project/raw_data/agiz-dis-bakimi/562357710_reviews.json
[2026-04-05T15:03:01.491Z] [INFO] 
[START REVIEW] category=agiz-dis-bakimi productId=597214134 startPage=1
[2026-04-05T15:03:01.522Z] [INFO] 
[REVIEW WORKER 7] starting agiz-dis-bakimi/709096535
[2026-04-05T15:03:01.543Z] [INFO] [review agiz-dis-bakimi/464621938] page=1 +6 reviews (unique=6)
[2026-04-05T15:03:01.567Z] [INFO] [REVIEW SAVED] /mnt/c/Developer/Review_AI/scraper_project/raw_data/agiz-dis-bakimi/464621938_reviews.json
[2026-04-05T15:03:01.656Z] [INFO] 
[REVIEW WORKER 2] starting agiz-dis-bakimi/569356089
[2026-04-05T15:03:01.668Z] [INFO] [review agiz-dis-bakimi/451739321] page=15 +8 reviews (unique=120)
[2026-04-05T15:03:01.690Z] [INFO] [REVIEW PARTIAL SAVED] /mnt/c/Developer/Review_AI/scraper_project/raw_data/agiz-dis-bakimi/451739321_reviews.partial.json
[2026-04-05T15:03:01.914Z] [INFO] [review agiz-dis-bakimi/597214134] page=1 +8 reviews (unique=8)
[2026-04-05T15:03:02.050Z] [INFO] 
[START REVIEW] category=agiz-dis-bakimi productId=729924016 startPage=1
[2026-04-05T15:03:02.628Z] [INFO] 
[START REVIEW] category=agiz-dis-bakimi productId=675782871 startPage=1
[2026-04-05T15:03:02.666Z] [INFO] [review agiz-dis-bakimi/729924016] page=1 +2 reviews (unique=2)
[2026-04-05T15:03:02.775Z] [INFO] [REVIEW SAVED] /mnt/c/Developer/Review_AI/scraper_project/raw_data/agiz-dis-bakimi/729924016_reviews.json
[2026-04-05T15:03:02.815Z] [INFO] [review agiz-dis-bakimi/597214134] page=2 +8 reviews (unique=16)
[2026-04-05T15:03:03.152Z] [INFO] [review agiz-dis-bakimi/675782871] page=1 +8 reviews (unique=8)
[2026-04-05T15:03:03.501Z] [INFO] 
[REVIEW WORKER 3] starting agiz-dis-bakimi/633104970
[2026-04-05T15:03:03.553Z] [INFO] 
[START REVIEW] category=agiz-dis-bakimi productId=363423771 startPage=1
[2026-04-05T15:03:03.839Z] [INFO] [review agiz-dis-bakimi/597214134] page=3 +4 reviews (unique=20)
[2026-04-05T15:03:03.896Z] [INFO] [REVIEW SAVED] /mnt/c/Developer/Review_AI/scraper_project/raw_data/agiz-dis-bakimi/597214134_reviews.json
[2026-04-05T15:03:03.942Z] [INFO] 
[REVIEW WORKER 5] starting agiz-dis-bakimi/735838948
[2026-04-05T15:03:04.105Z] [INFO] [review agiz-dis-bakimi/675782871] page=2 +8 reviews (unique=16)
[2026-04-05T15:03:04.184Z] [INFO] [review agiz-dis-bakimi/363423771] page=1 +8 reviews (unique=8)
[2026-04-05T15:03:04.976Z] [INFO] 
[START REVIEW] category=agiz-dis-bakimi productId=738663573 startPage=1
[2026-04-05T15:03:05.281Z] [INFO] [review agiz-dis-bakimi/675782871] page=3 +1 reviews (unique=17)
[2026-04-05T15:03:05.345Z] [INFO] [REVIEW SAVED] /mnt/c/Developer/Review_AI/scraper_project/raw_data/agiz-dis-bakimi/675782871_reviews.json
[2026-04-05T15:03:05.361Z] [INFO] [review agiz-dis-bakimi/363423771] page=2 +8 reviews (unique=16)
[2026-04-05T15:03:05.419Z] [INFO] 
[REVIEW WORKER 4] starting agiz-dis-bakimi/729411840
[2026-04-05T15:03:05.574Z] [INFO] [review agiz-dis-bakimi/738663573] page=1 +8 reviews (unique=8)
[2026-04-05T15:03:06.431Z] [INFO] [review agiz-dis-bakimi/363423771] page=3 +8 reviews (unique=24)
[2026-04-05T15:03:06.756Z] [INFO] [review agiz-dis-bakimi/738663573] page=2 +8 reviews (unique=16)
[2026-04-05T15:03:06.972Z] [INFO] 
[START REVIEW] category=agiz-dis-bakimi productId=660229934 startPage=1
[2026-04-05T15:03:07.397Z] [INFO] 
[START REVIEW] category=agiz-dis-bakimi productId=569356089 startPage=1
[2026-04-05T15:03:07.507Z] [INFO] 
[START REVIEW] category=agiz-dis-bakimi productId=709359475 startPage=1
[2026-04-05T15:03:07.565Z] [INFO] [review agiz-dis-bakimi/451739321] page=16 +8 reviews (unique=128)
[2026-04-05T15:03:07.833Z] [INFO] [review agiz-dis-bakimi/363423771] page=4 +8 reviews (unique=32)
[2026-04-05T15:03:07.980Z] [INFO] [review agiz-dis-bakimi/660229934] page=1 +0 reviews (unique=0)
[2026-04-05T15:03:08.070Z] [INFO] [REVIEW SAVED] /mnt/c/Developer/Review_AI/scraper_project/raw_data/agiz-dis-bakimi/660229934_reviews.json
[2026-04-05T15:03:08.098Z] [INFO] [review agiz-dis-bakimi/738663573] page=3 +8 reviews (unique=24)
[2026-04-05T15:03:08.182Z] [INFO] 
[REVIEW WORKER 1] starting agiz-dis-bakimi/472098462
[2026-04-05T15:03:08.359Z] [INFO] 
[START REVIEW] category=agiz-dis-bakimi productId=709096535 startPage=1
[2026-04-05T15:03:08.738Z] [INFO] [review agiz-dis-bakimi/451739321] page=17 +8 reviews (unique=136)
[2026-04-05T15:03:08.817Z] [INFO] [review agiz-dis-bakimi/363423771] page=5 +4 reviews (unique=36)
[2026-04-05T15:03:08.882Z] [INFO] [REVIEW PARTIAL SAVED] /mnt/c/Developer/Review_AI/scraper_project/raw_data/agiz-dis-bakimi/363423771_reviews.partial.json
[2026-04-05T15:03:08.979Z] [INFO] [REVIEW SAVED] /mnt/c/Developer/Review_AI/scraper_project/raw_data/agiz-dis-bakimi/363423771_reviews.json
[2026-04-05T15:03:09.007Z] [INFO] [review agiz-dis-bakimi/709359475] page=1 +0 reviews (unique=0)
[2026-04-05T15:03:09.123Z] [INFO] [REVIEW SAVED] /mnt/c/Developer/Review_AI/scraper_project/raw_data/agiz-dis-bakimi/709359475_reviews.json
[2026-04-05T15:03:09.139Z] [INFO] [review agiz-dis-bakimi/569356089] page=1 +8 reviews (unique=8)
[2026-04-05T15:03:09.228Z] [INFO] 
[REVIEW WORKER 9] starting agiz-dis-bakimi/533385621
[2026-04-05T15:03:09.239Z] [INFO] [review agiz-dis-bakimi/738663573] page=4 +8 reviews (unique=32)
[2026-04-05T15:03:09.328Z] [INFO] 
[REVIEW WORKER 10] starting agiz-dis-bakimi/388505815
[2026-04-05T15:03:09.733Z] [INFO] [review agiz-dis-bakimi/451739321] page=18 +8 reviews (unique=144)
[2026-04-05T15:03:10.021Z] [INFO] 
[START REVIEW] category=agiz-dis-bakimi productId=633104970 startPage=1
[2026-04-05T15:03:10.059Z] [INFO] [review agiz-dis-bakimi/569356089] page=2 +3 reviews (unique=11)
[2026-04-05T15:03:10.176Z] [INFO] [REVIEW SAVED] /mnt/c/Developer/Review_AI/scraper_project/raw_data/agiz-dis-bakimi/569356089_reviews.json
[2026-04-05T15:03:10.196Z] [INFO] [review agiz-dis-bakimi/738663573] page=5 +8 reviews (unique=40)
[2026-04-05T15:03:10.238Z] [INFO] [REVIEW PARTIAL SAVED] /mnt/c/Developer/Review_AI/scraper_project/raw_data/agiz-dis-bakimi/738663573_reviews.partial.json
[2026-04-05T15:03:10.316Z] [INFO] 
[REVIEW WORKER 2] starting agiz-dis-bakimi/648660393
[2026-04-05T15:03:10.505Z] [INFO] 
[START REVIEW] category=agiz-dis-bakimi productId=735838948 startPage=1
[2026-04-05T15:03:10.514Z] [INFO] [review agiz-dis-bakimi/451739321] page=19 +8 reviews (unique=152)
[2026-04-05T15:03:10.749Z] [INFO] [review agiz-dis-bakimi/633104970] page=1 +1 reviews (unique=1)
[2026-04-05T15:03:10.790Z] [INFO] [REVIEW SAVED] /mnt/c/Developer/Review_AI/scraper_project/raw_data/agiz-dis-bakimi/633104970_reviews.json
[2026-04-05T15:03:10.821Z] [INFO] [review agiz-dis-bakimi/735838948] page=1 +0 reviews (unique=0)
[2026-04-05T15:03:10.858Z] [INFO] [REVIEW SAVED] /mnt/c/Developer/Review_AI/scraper_project/raw_data/agiz-dis-bakimi/735838948_reviews.json
[2026-04-05T15:03:10.866Z] [INFO] 
[REVIEW WORKER 3] starting agiz-dis-bakimi/524030109
[2026-04-05T15:03:10.890Z] [INFO] 
[REVIEW WORKER 5] starting agiz-dis-bakimi/464621936
[2026-04-05T15:03:10.961Z] [INFO] [review agiz-dis-bakimi/738663573] page=6 +8 reviews (unique=48)
[2026-04-05T15:03:11.216Z] [INFO] [review agiz-dis-bakimi/451739321] page=20 +8 reviews (unique=160)
[2026-04-05T15:03:11.232Z] [INFO] [REVIEW PARTIAL SAVED] /mnt/c/Developer/Review_AI/scraper_project/raw_data/agiz-dis-bakimi/451739321_reviews.partial.json
[2026-04-05T15:03:11.491Z] [INFO] [review agiz-dis-bakimi/709096535] page=1 +0 reviews (unique=0)
[2026-04-05T15:03:11.505Z] [INFO] [REVIEW SAVED] /mnt/c/Developer/Review_AI/scraper_project/raw_data/agiz-dis-bakimi/709096535_reviews.json
[2026-04-05T15:03:11.525Z] [INFO] 
[REVIEW WORKER 7] starting agiz-dis-bakimi/513238675
[2026-04-05T15:03:11.746Z] [INFO] [review agiz-dis-bakimi/738663573] page=7 +8 reviews (unique=56)
[2026-04-05T15:03:11.877Z] [INFO] [review agiz-dis-bakimi/451739321] page=21 +8 reviews (unique=168)
[2026-04-05T15:03:11.955Z] [INFO] 
[START REVIEW] category=agiz-dis-bakimi productId=729411840 startPage=1
[2026-04-05T15:03:12.170Z] [INFO] [review agiz-dis-bakimi/729411840] page=1 +0 reviews (unique=0)
[2026-04-05T15:03:12.203Z] [INFO] [REVIEW SAVED] /mnt/c/Developer/Review_AI/scraper_project/raw_data/agiz-dis-bakimi/729411840_reviews.json
[2026-04-05T15:03:12.238Z] [INFO] 
[REVIEW WORKER 4] starting agiz-dis-bakimi/723914979
[2026-04-05T15:03:12.498Z] [INFO] [review agiz-dis-bakimi/738663573] page=8 +8 reviews (unique=64)
[2026-04-05T15:03:12.564Z] [INFO] [review agiz-dis-bakimi/451739321] page=22 +3 reviews (unique=171)
[2026-04-05T15:03:12.627Z] [INFO] [REVIEW SAVED] /mnt/c/Developer/Review_AI/scraper_project/raw_data/agiz-dis-bakimi/451739321_reviews.json
[2026-04-05T15:03:12.676Z] [INFO] 
[REVIEW WORKER 6] starting agiz-dis-bakimi/601095798
[2026-04-05T15:03:14.790Z] [INFO] [review agiz-dis-bakimi/738663573] page=9 +8 reviews (unique=72)
[2026-04-05T15:03:15.707Z] [INFO] 
[START REVIEW] category=agiz-dis-bakimi productId=472098462 startPage=1
[2026-04-05T15:03:15.834Z] [INFO] 
[START REVIEW] category=agiz-dis-bakimi productId=388505815 startPage=1
[2026-04-05T15:03:15.884Z] [INFO] 
[START REVIEW] category=agiz-dis-bakimi productId=533385621 startPage=1
[2026-04-05T15:03:15.977Z] [INFO] [review agiz-dis-bakimi/738663573] page=10 +8 reviews (unique=80)
[2026-04-05T15:03:16.001Z] [INFO] [REVIEW PARTIAL SAVED] /mnt/c/Developer/Review_AI/scraper_project/raw_data/agiz-dis-bakimi/738663573_reviews.partial.json
[2026-04-05T15:03:16.262Z] [INFO] [review agiz-dis-bakimi/472098462] page=1 +8 reviews (unique=8)
[2026-04-05T15:03:16.332Z] [INFO] 
[START REVIEW] category=agiz-dis-bakimi productId=648660393 startPage=1
[2026-04-05T15:03:16.498Z] [INFO] [review agiz-dis-bakimi/533385621] page=1 +8 reviews (unique=8)
[2026-04-05T15:03:16.624Z] [INFO] [review agiz-dis-bakimi/388505815] page=1 +8 reviews (unique=8)
[2026-04-05T15:03:16.735Z] [INFO] [review agiz-dis-bakimi/648660393] page=1 +4 reviews (unique=4)
[2026-04-05T15:03:16.762Z] [INFO] [REVIEW SAVED] /mnt/c/Developer/Review_AI/scraper_project/raw_data/agiz-dis-bakimi/648660393_reviews.json
[2026-04-05T15:03:16.795Z] [INFO] 
[REVIEW WORKER 2] starting agiz-dis-bakimi/655545914
[2026-04-05T15:03:16.811Z] [INFO] [review agiz-dis-bakimi/738663573] page=11 +8 reviews (unique=88)
[2026-04-05T15:03:16.961Z] [INFO] [review agiz-dis-bakimi/472098462] page=2 +8 reviews (unique=16)
[2026-04-05T15:03:17.199Z] [INFO] [review agiz-dis-bakimi/533385621] page=2 +8 reviews (unique=16)
[2026-04-05T15:03:17.287Z] [INFO] [review agiz-dis-bakimi/388505815] page=2 +8 reviews (unique=16)
[2026-04-05T15:03:17.434Z] [INFO] [review agiz-dis-bakimi/738663573] page=12 +8 reviews (unique=96)
[2026-04-05T15:03:17.627Z] [INFO] 
[START REVIEW] category=agiz-dis-bakimi productId=524030109 startPage=1
[2026-04-05T15:03:17.632Z] [INFO] [review agiz-dis-bakimi/472098462] page=3 +2 reviews (unique=18)
[2026-04-05T15:03:17.645Z] [INFO] [REVIEW SAVED] /mnt/c/Developer/Review_AI/scraper_project/raw_data/agiz-dis-bakimi/472098462_reviews.json
[2026-04-05T15:03:17.665Z] [INFO] 
[REVIEW WORKER 1] starting agiz-dis-bakimi/732245196
[2026-04-05T15:03:17.894Z] [INFO] [review agiz-dis-bakimi/533385621] page=3 +8 reviews (unique=24)
[2026-04-05T15:03:17.910Z] [INFO] [review agiz-dis-bakimi/524030109] page=1 +8 reviews (unique=8)
[2026-04-05T15:03:17.964Z] [INFO] [review agiz-dis-bakimi/388505815] page=3 +4 reviews (unique=20)
[2026-04-05T15:03:18.001Z] [INFO] [REVIEW SAVED] /mnt/c/Developer/Review_AI/scraper_project/raw_data/agiz-dis-bakimi/388505815_reviews.json
[2026-04-05T15:03:18.043Z] [INFO] 
[REVIEW WORKER 10] starting agiz-dis-bakimi/676971698
[2026-04-05T15:03:18.059Z] [INFO] 
[START REVIEW] category=agiz-dis-bakimi productId=464621936 startPage=1
[2026-04-05T15:03:18.199Z] [INFO] [review agiz-dis-bakimi/738663573] page=13 +8 reviews (unique=104)
[2026-04-05T15:03:18.263Z] [INFO] 
[START REVIEW] category=agiz-dis-bakimi productId=513238675 startPage=1
[2026-04-05T15:03:18.610Z] [INFO] [review agiz-dis-bakimi/464621936] page=1 +3 reviews (unique=3)
[2026-04-05T15:03:18.648Z] [INFO] [REVIEW SAVED] /mnt/c/Developer/Review_AI/scraper_project/raw_data/agiz-dis-bakimi/464621936_reviews.json
[2026-04-05T15:03:18.672Z] [INFO] 
[START REVIEW] category=agiz-dis-bakimi productId=723914979 startPage=1
[2026-04-05T15:03:18.698Z] [INFO] 
[REVIEW WORKER 5] starting agiz-dis-bakimi/569559001
[2026-04-05T15:03:19.049Z] [INFO] [review agiz-dis-bakimi/533385621] page=4 +8 reviews (unique=32)
[2026-04-05T15:03:19.065Z] [INFO] [review agiz-dis-bakimi/524030109] page=2 +8 reviews (unique=16)
[2026-04-05T15:03:19.088Z] [INFO] [review agiz-dis-bakimi/513238675] page=1 +8 reviews (unique=8)
[2026-04-05T15:03:19.111Z] [INFO] [review agiz-dis-bakimi/738663573] page=14 +8 reviews (unique=112)
[2026-04-05T15:03:19.164Z] [INFO] 
[START REVIEW] category=agiz-dis-bakimi productId=601095798 startPage=1
[2026-04-05T15:03:19.430Z] [INFO] [review agiz-dis-bakimi/723914979] page=1 +3 reviews (unique=3)
[2026-04-05T15:03:19.475Z] [INFO] [REVIEW SAVED] /mnt/c/Developer/Review_AI/scraper_project/raw_data/agiz-dis-bakimi/723914979_reviews.json
[2026-04-05T15:03:19.501Z] [INFO] 
[REVIEW WORKER 4] starting agiz-dis-bakimi/703253601
[2026-04-05T15:03:19.717Z] [INFO] [review agiz-dis-bakimi/533385621] page=5 +8 reviews (unique=40)
[2026-04-05T15:03:19.738Z] [INFO] [REVIEW PARTIAL SAVED] /mnt/c/Developer/Review_AI/scraper_project/raw_data/agiz-dis-bakimi/533385621_reviews.partial.json
[2026-04-05T15:03:19.817Z] [INFO] [review agiz-dis-bakimi/524030109] page=3 +8 reviews (unique=24)
[2026-04-05T15:03:19.893Z] [INFO] [review agiz-dis-bakimi/513238675] page=2 +8 reviews (unique=16)
[2026-04-05T15:03:19.967Z] [INFO] [review agiz-dis-bakimi/601095798] page=1 +2 reviews (unique=2)
[2026-04-05T15:03:20.062Z] [INFO] [REVIEW SAVED] /mnt/c/Developer/Review_AI/scraper_project/raw_data/agiz-dis-bakimi/601095798_reviews.json
[2026-04-05T15:03:20.093Z] [INFO] [review agiz-dis-bakimi/738663573] page=15 +8 reviews (unique=120)
[2026-04-05T15:03:20.156Z] [INFO] [REVIEW PARTIAL SAVED] /mnt/c/Developer/Review_AI/scraper_project/raw_data/agiz-dis-bakimi/738663573_reviews.partial.json
[2026-04-05T15:03:20.303Z] [INFO] 
[REVIEW WORKER 6] starting agiz-dis-bakimi/732386344
[2026-04-05T15:03:20.634Z] [INFO] [review agiz-dis-bakimi/533385621] page=6 +6 reviews (unique=46)
[2026-04-05T15:03:20.811Z] [INFO] [REVIEW SAVED] /mnt/c/Developer/Review_AI/scraper_project/raw_data/agiz-dis-bakimi/533385621_reviews.json
[2026-04-05T15:03:20.849Z] [INFO] [review agiz-dis-bakimi/524030109] page=4 +8 reviews (unique=32)
[2026-04-05T15:03:20.884Z] [INFO] [review agiz-dis-bakimi/513238675] page=3 +8 reviews (unique=24)
[2026-04-05T15:03:20.948Z] [INFO] 
[REVIEW WORKER 9] starting agiz-dis-bakimi/729397096
[2026-04-05T15:03:21.145Z] [INFO] [review agiz-dis-bakimi/738663573] page=16 +8 reviews (unique=128)
[2026-04-05T15:03:21.563Z] [INFO] [review agiz-dis-bakimi/524030109] page=5 +8 reviews (unique=40)
[2026-04-05T15:03:21.600Z] [INFO] [REVIEW PARTIAL SAVED] /mnt/c/Developer/Review_AI/scraper_project/raw_data/agiz-dis-bakimi/524030109_reviews.partial.json
[2026-04-05T15:03:21.661Z] [INFO] [review agiz-dis-bakimi/513238675] page=4 +8 reviews (unique=32)
[2026-04-05T15:03:22.012Z] [INFO] [review agiz-dis-bakimi/738663573] page=17 +8 reviews (unique=136)
[2026-04-05T15:03:22.077Z] [INFO] 
[START REVIEW] category=agiz-dis-bakimi productId=655545914 startPage=1
[2026-04-05T15:03:22.376Z] [INFO] [review agiz-dis-bakimi/524030109] page=6 +8 reviews (unique=48)
[2026-04-05T15:03:22.530Z] [INFO] 
[START REVIEW] category=agiz-dis-bakimi productId=732245196 startPage=1
[2026-04-05T15:03:22.543Z] [INFO] [review agiz-dis-bakimi/513238675] page=5 +8 reviews (unique=40)
[2026-04-05T15:03:22.577Z] [INFO] [REVIEW PARTIAL SAVED] /mnt/c/Developer/Review_AI/scraper_project/raw_data/agiz-dis-bakimi/513238675_reviews.partial.json
[2026-04-05T15:03:22.639Z] [INFO] [review agiz-dis-bakimi/655545914] page=1 +1 reviews (unique=1)
[2026-04-05T15:03:22.661Z] [INFO] [REVIEW SAVED] /mnt/c/Developer/Review_AI/scraper_project/raw_data/agiz-dis-bakimi/655545914_reviews.json
[2026-04-05T15:03:22.672Z] [INFO] [review agiz-dis-bakimi/738663573] page=18 +8 reviews (unique=144)
[2026-04-05T15:03:22.705Z] [INFO] 
[REVIEW WORKER 2] starting agiz-dis-bakimi/652947230
[2026-04-05T15:03:22.950Z] [INFO] [review agiz-dis-bakimi/732245196] page=1 +5 reviews (unique=5)
[2026-04-05T15:03:22.979Z] [INFO] [REVIEW SAVED] /mnt/c/Developer/Review_AI/scraper_project/raw_data/agiz-dis-bakimi/732245196_reviews.json
[2026-04-05T15:03:23.006Z] [INFO] 
[REVIEW WORKER 1] starting agiz-dis-bakimi/734803286
[2026-04-05T15:03:23.068Z] [INFO] [review agiz-dis-bakimi/524030109] page=7 +2 reviews (unique=50)
[2026-04-05T15:03:23.087Z] [INFO] [REVIEW SAVED] /mnt/c/Developer/Review_AI/scraper_project/raw_data/agiz-dis-bakimi/524030109_reviews.json
[2026-04-05T15:03:23.112Z] [INFO] 
[REVIEW WORKER 3] starting agiz-dis-bakimi/664511393
[2026-04-05T15:03:23.217Z] [INFO] [review agiz-dis-bakimi/513238675] page=6 +8 reviews (unique=48)
[2026-04-05T15:03:23.309Z] [INFO] [review agiz-dis-bakimi/738663573] page=19 +8 reviews (unique=152)
[2026-04-05T15:03:23.520Z] [INFO] 
[START REVIEW] category=agiz-dis-bakimi productId=676971698 startPage=1
[2026-04-05T15:03:23.528Z] [INFO] 
[START REVIEW] category=agiz-dis-bakimi productId=569559001 startPage=1
[2026-04-05T15:03:23.764Z] [INFO] [review agiz-dis-bakimi/676971698] page=1 +1 reviews (unique=1)
[2026-04-05T15:03:23.787Z] [INFO] [REVIEW SAVED] /mnt/c/Developer/Review_AI/scraper_project/raw_data/agiz-dis-bakimi/676971698_reviews.json
[2026-04-05T15:03:23.793Z] [INFO] [review agiz-dis-bakimi/569559001] page=1 +8 reviews (unique=8)
[2026-04-05T15:03:23.815Z] [INFO] 
[REVIEW WORKER 10] starting agiz-dis-bakimi/593070626
[2026-04-05T15:03:23.993Z] [INFO] [review agiz-dis-bakimi/513238675] page=7 +8 reviews (unique=56)
[2026-04-05T15:03:24.041Z] [INFO] 
[START REVIEW] category=agiz-dis-bakimi productId=703253601 startPage=1
[2026-04-05T15:03:24.164Z] [INFO] [review agiz-dis-bakimi/738663573] page=20 +8 reviews (unique=160)
[2026-04-05T15:03:24.186Z] [INFO] [REVIEW PARTIAL SAVED] /mnt/c/Developer/Review_AI/scraper_project/raw_data/agiz-dis-bakimi/738663573_reviews.partial.json
[2026-04-05T15:03:24.475Z] [INFO] [review agiz-dis-bakimi/569559001] page=2 +8 reviews (unique=16)
[2026-04-05T15:03:24.620Z] [INFO] [review agiz-dis-bakimi/513238675] page=8 +8 reviews (unique=64)
[2026-04-05T15:03:24.839Z] [INFO] [review agiz-dis-bakimi/738663573] page=21 +8 reviews (unique=168)
[2026-04-05T15:03:25.130Z] [INFO] 
[START REVIEW] category=agiz-dis-bakimi productId=729397096 startPage=1
[2026-04-05T15:03:25.184Z] [INFO] [review agiz-dis-bakimi/569559001] page=3 +8 reviews (unique=24)
[2026-04-05T15:03:25.200Z] [INFO] 
[START REVIEW] category=agiz-dis-bakimi productId=732386344 startPage=1
[2026-04-05T15:03:25.289Z] [INFO] [review agiz-dis-bakimi/513238675] page=9 +6 reviews (unique=70)
[2026-04-05T15:03:25.326Z] [INFO] [REVIEW SAVED] /mnt/c/Developer/Review_AI/scraper_project/raw_data/agiz-dis-bakimi/513238675_reviews.json
[2026-04-05T15:03:25.355Z] [INFO] 
[REVIEW WORKER 7] starting agiz-dis-bakimi/550796776
[2026-04-05T15:03:25.409Z] [INFO] [review agiz-dis-bakimi/729397096] page=1 +3 reviews (unique=3)
[2026-04-05T15:03:25.440Z] [INFO] [REVIEW SAVED] /mnt/c/Developer/Review_AI/scraper_project/raw_data/agiz-dis-bakimi/729397096_reviews.json
[2026-04-05T15:03:25.479Z] [INFO] [review agiz-dis-bakimi/732386344] page=1 +0 reviews (unique=0)
[2026-04-05T15:03:25.524Z] [INFO] [REVIEW SAVED] /mnt/c/Developer/Review_AI/scraper_project/raw_data/agiz-dis-bakimi/732386344_reviews.json
[2026-04-05T15:03:25.533Z] [INFO] 
[REVIEW WORKER 9] starting agiz-dis-bakimi/718104497
[2026-04-05T15:03:25.585Z] [INFO] 
[REVIEW WORKER 6] starting agiz-dis-bakimi/687491748
[2026-04-05T15:03:25.595Z] [INFO] [review agiz-dis-bakimi/738663573] page=22 +8 reviews (unique=176)
[2026-04-05T15:03:25.971Z] [INFO] [review agiz-dis-bakimi/569559001] page=4 +5 reviews (unique=29)
[2026-04-05T15:03:26.021Z] [INFO] [REVIEW SAVED] /mnt/c/Developer/Review_AI/scraper_project/raw_data/agiz-dis-bakimi/569559001_reviews.json
[2026-04-05T15:03:26.064Z] [INFO] 
[REVIEW WORKER 5] starting agiz-dis-bakimi/634764212
[2026-04-05T15:03:26.324Z] [INFO] [review agiz-dis-bakimi/738663573] page=23 +8 reviews (unique=184)
[2026-04-05T15:03:27.000Z] [INFO] 
[START REVIEW] category=agiz-dis-bakimi productId=652947230 startPage=1
[2026-04-05T15:03:27.250Z] [INFO] [review agiz-dis-bakimi/738663573] page=24 +8 reviews (unique=192)
[2026-04-05T15:03:27.301Z] [INFO] [review agiz-dis-bakimi/703253601] page=1 +1 reviews (unique=1)
[2026-04-05T15:03:27.398Z] [INFO] [REVIEW SAVED] /mnt/c/Developer/Review_AI/scraper_project/raw_data/agiz-dis-bakimi/703253601_reviews.json
[2026-04-05T15:03:27.429Z] [INFO] 
[START REVIEW] category=agiz-dis-bakimi productId=664511393 startPage=1
[2026-04-05T15:03:27.449Z] [INFO] 
[START REVIEW] category=agiz-dis-bakimi productId=734803286 startPage=1
[2026-04-05T15:03:27.507Z] [INFO] 
[REVIEW WORKER 4] starting agiz-dis-bakimi/726513193
[2026-04-05T15:03:27.577Z] [INFO] [review agiz-dis-bakimi/652947230] page=1 +5 reviews (unique=5)
[2026-04-05T15:03:27.606Z] [INFO] [REVIEW SAVED] /mnt/c/Developer/Review_AI/scraper_project/raw_data/agiz-dis-bakimi/652947230_reviews.json
[2026-04-05T15:03:27.631Z] [INFO] 
[REVIEW WORKER 2] starting agiz-dis-bakimi/650268326
[2026-04-05T15:03:27.805Z] [INFO] [review agiz-dis-bakimi/734803286] page=1 +8 reviews (unique=8)
[2026-04-05T15:03:27.830Z] [INFO] [review agiz-dis-bakimi/664511393] page=1 +1 reviews (unique=1)
[2026-04-05T15:03:27.853Z] [INFO] [REVIEW SAVED] /mnt/c/Developer/Review_AI/scraper_project/raw_data/agiz-dis-bakimi/664511393_reviews.json
[2026-04-05T15:03:27.873Z] [INFO] 
[REVIEW WORKER 3] starting agiz-dis-bakimi/687061397
[2026-04-05T15:03:28.319Z] [INFO] [review agiz-dis-bakimi/738663573] page=25 +6 reviews (unique=198)
[2026-04-05T15:03:28.337Z] [INFO] [REVIEW PARTIAL SAVED] /mnt/c/Developer/Review_AI/scraper_project/raw_data/agiz-dis-bakimi/738663573_reviews.partial.json
[2026-04-05T15:03:28.363Z] [INFO] [REVIEW SAVED] /mnt/c/Developer/Review_AI/scraper_project/raw_data/agiz-dis-bakimi/738663573_reviews.json
[2026-04-05T15:03:28.398Z] [INFO] 
[REVIEW WORKER 8] starting agiz-dis-bakimi/601579004
[2026-04-05T15:03:28.691Z] [INFO] 
[START REVIEW] category=agiz-dis-bakimi productId=593070626 startPage=1
[2026-04-05T15:03:28.855Z] [INFO] [review agiz-dis-bakimi/734803286] page=2 +8 reviews (unique=16)
[2026-04-05T15:03:29.155Z] [INFO] [review agiz-dis-bakimi/593070626] page=1 +8 reviews (unique=8)
[2026-04-05T15:03:29.189Z] [INFO] [REVIEW SAVED] /mnt/c/Developer/Review_AI/scraper_project/raw_data/agiz-dis-bakimi/593070626_reviews.json
[2026-04-05T15:03:29.211Z] [INFO] 
[REVIEW WORKER 10] starting agiz-dis-bakimi/601095060
[2026-04-05T15:03:29.630Z] [INFO] [review agiz-dis-bakimi/734803286] page=3 +8 reviews (unique=24)
[2026-04-05T15:03:29.993Z] [INFO] 
[START REVIEW] category=agiz-dis-bakimi productId=550796776 startPage=1
[2026-04-05T15:03:30.275Z] [INFO] [review agiz-dis-bakimi/550796776] page=1 +8 reviews (unique=8)
[2026-04-05T15:03:30.323Z] [INFO] [review agiz-dis-bakimi/734803286] page=4 +8 reviews (unique=32)
[2026-04-05T15:03:30.688Z] [INFO] 
[START REVIEW] category=agiz-dis-bakimi productId=718104497 startPage=1
[2026-04-05T15:03:30.986Z] [INFO] [review agiz-dis-bakimi/734803286] page=5 +8 reviews (unique=40)
[2026-04-05T15:03:31.049Z] [INFO] [REVIEW PARTIAL SAVED] /mnt/c/Developer/Review_AI/scraper_project/raw_data/agiz-dis-bakimi/734803286_reviews.partial.json
[2026-04-05T15:03:31.069Z] [INFO] [review agiz-dis-bakimi/718104497] page=1 +8 reviews (unique=8)
[2026-04-05T15:03:31.137Z] [INFO] [review agiz-dis-bakimi/550796776] page=2 +8 reviews (unique=16)
[2026-04-05T15:03:31.243Z] [INFO] 
[START REVIEW] category=agiz-dis-bakimi productId=634764212 startPage=1
[2026-04-05T15:03:31.306Z] [INFO] 
[START REVIEW] category=agiz-dis-bakimi productId=687491748 startPage=1
[2026-04-05T15:03:31.937Z] [INFO] [review agiz-dis-bakimi/634764212] page=1 +8 reviews (unique=8)
[2026-04-05T15:03:31.958Z] [INFO] [review agiz-dis-bakimi/734803286] page=6 +8 reviews (unique=48)
[2026-04-05T15:03:32.004Z] [INFO] [review agiz-dis-bakimi/687491748] page=1 +0 reviews (unique=0)
[2026-04-05T15:03:32.027Z] [INFO] [REVIEW SAVED] /mnt/c/Developer/Review_AI/scraper_project/raw_data/agiz-dis-bakimi/687491748_reviews.json
[2026-04-05T15:03:32.037Z] [INFO] [review agiz-dis-bakimi/718104497] page=2 +8 reviews (unique=16)
[2026-04-05T15:03:32.106Z] [INFO] 
[REVIEW WORKER 6] starting agiz-dis-bakimi/560213421
[2026-04-05T15:03:32.127Z] [INFO] [review agiz-dis-bakimi/550796776] page=3 +8 reviews (unique=24)
[2026-04-05T15:03:32.535Z] [INFO] 
[START REVIEW] category=agiz-dis-bakimi productId=726513193 startPage=1
[2026-04-05T15:03:32.541Z] [INFO] 
[START REVIEW] category=agiz-dis-bakimi productId=650268326 startPage=1
[2026-04-05T15:03:32.744Z] [INFO] [review agiz-dis-bakimi/634764212] page=2 +8 reviews (unique=16)
[2026-04-05T15:03:32.769Z] [INFO] [REVIEW SAVED] /mnt/c/Developer/Review_AI/scraper_project/raw_data/agiz-dis-bakimi/634764212_reviews.json
[2026-04-05T15:03:32.782Z] [INFO] [review agiz-dis-bakimi/734803286] page=7 +8 reviews (unique=56)
[2026-04-05T15:03:32.792Z] [INFO] [review agiz-dis-bakimi/718104497] page=3 +2 reviews (unique=18)
[2026-04-05T15:03:32.818Z] [INFO] [REVIEW SAVED] /mnt/c/Developer/Review_AI/scraper_project/raw_data/agiz-dis-bakimi/718104497_reviews.json
[2026-04-05T15:03:32.824Z] [INFO] [review agiz-dis-bakimi/550796776] page=4 +8 reviews (unique=32)
[2026-04-05T15:03:32.874Z] [INFO] 
[REVIEW WORKER 9] starting agiz-dis-bakimi/731718449
[2026-04-05T15:03:32.896Z] [INFO] 
[REVIEW WORKER 5] starting agiz-dis-bakimi/723549005
[2026-04-05T15:03:33.042Z] [INFO] [review agiz-dis-bakimi/650268326] page=1 +0 reviews (unique=0)
[2026-04-05T15:03:33.080Z] [INFO] [REVIEW SAVED] /mnt/c/Developer/Review_AI/scraper_project/raw_data/agiz-dis-bakimi/650268326_reviews.json
[2026-04-05T15:03:33.097Z] [INFO] 
[START REVIEW] category=agiz-dis-bakimi productId=687061397 startPage=1
[2026-04-05T15:03:33.107Z] [INFO] [review agiz-dis-bakimi/726513193] page=1 +8 reviews (unique=8)
[2026-04-05T15:03:33.156Z] [INFO] 
[REVIEW WORKER 2] starting agiz-dis-bakimi/731843375
[2026-04-05T15:03:33.408Z] [INFO] [review agiz-dis-bakimi/734803286] page=8 +8 reviews (unique=64)
[2026-04-05T15:03:33.418Z] [INFO] [review agiz-dis-bakimi/687061397] page=1 +0 reviews (unique=0)
[2026-04-05T15:03:33.442Z] [INFO] [REVIEW SAVED] /mnt/c/Developer/Review_AI/scraper_project/raw_data/agiz-dis-bakimi/687061397_reviews.json
[2026-04-05T15:03:33.469Z] [INFO] 
[REVIEW WORKER 3] starting agiz-dis-bakimi/730514299
[2026-04-05T15:03:33.596Z] [INFO] [review agiz-dis-bakimi/550796776] page=5 +8 reviews (unique=40)
[2026-04-05T15:03:33.617Z] [INFO] [REVIEW PARTIAL SAVED] /mnt/c/Developer/Review_AI/scraper_project/raw_data/agiz-dis-bakimi/550796776_reviews.partial.json
[2026-04-05T15:03:33.807Z] [INFO] [review agiz-dis-bakimi/726513193] page=2 +4 reviews (unique=12)
[2026-04-05T15:03:33.833Z] [INFO] [REVIEW SAVED] /mnt/c/Developer/Review_AI/scraper_project/raw_data/agiz-dis-bakimi/726513193_reviews.json
[2026-04-05T15:03:33.869Z] [INFO] 
[REVIEW WORKER 4] starting agiz-dis-bakimi/673796156
[2026-04-05T15:03:34.103Z] [INFO] [review agiz-dis-bakimi/734803286] page=9 +7 reviews (unique=71)
[2026-04-05T15:03:34.150Z] [INFO] [REVIEW SAVED] /mnt/c/Developer/Review_AI/scraper_project/raw_data/agiz-dis-bakimi/734803286_reviews.json
[2026-04-05T15:03:34.176Z] [INFO] 
[START REVIEW] category=agiz-dis-bakimi productId=601095060 startPage=1
[2026-04-05T15:03:34.218Z] [INFO] 
[REVIEW WORKER 1] starting agiz-dis-bakimi/513261056
[2026-04-05T15:03:34.368Z] [INFO] [review agiz-dis-bakimi/550796776] page=6 +8 reviews (unique=48)
[2026-04-05T15:03:35.289Z] [INFO] [review agiz-dis-bakimi/550796776] page=7 +8 reviews (unique=56)
[2026-04-05T15:03:35.984Z] [INFO] 
[START REVIEW] category=agiz-dis-bakimi productId=601579004 startPage=1
[2026-04-05T15:03:36.075Z] [INFO] [review agiz-dis-bakimi/550796776] page=8 +8 reviews (unique=64)
[2026-04-05T15:03:36.568Z] [INFO] [review agiz-dis-bakimi/601579004] page=1 +8 reviews (unique=8)
[2026-04-05T15:03:36.738Z] [INFO] [review agiz-dis-bakimi/550796776] page=9 +8 reviews (unique=72)
[2026-04-05T15:03:36.886Z] [INFO] 
[START REVIEW] category=agiz-dis-bakimi productId=560213421 startPage=1
[2026-04-05T15:03:37.248Z] [INFO] [review agiz-dis-bakimi/560213421] page=1 +1 reviews (unique=1)
[2026-04-05T15:03:37.289Z] [INFO] [REVIEW SAVED] /mnt/c/Developer/Review_AI/scraper_project/raw_data/agiz-dis-bakimi/560213421_reviews.json
[2026-04-05T15:03:37.330Z] [INFO] 
[REVIEW WORKER 6] starting agiz-dis-bakimi/683675255
[2026-04-05T15:03:37.362Z] [INFO] [review agiz-dis-bakimi/601579004] page=2 +8 reviews (unique=16)
[2026-04-05T15:03:37.680Z] [INFO] [review agiz-dis-bakimi/550796776] page=10 +8 reviews (unique=80)
[2026-04-05T15:03:37.706Z] [INFO] [REVIEW PARTIAL SAVED] /mnt/c/Developer/Review_AI/scraper_project/raw_data/agiz-dis-bakimi/550796776_reviews.partial.json
[2026-04-05T15:03:37.764Z] [INFO] 
[START REVIEW] category=agiz-dis-bakimi productId=731718449 startPage=1
[2026-04-05T15:03:37.785Z] [INFO] 
[START REVIEW] category=agiz-dis-bakimi productId=723549005 startPage=1
[2026-04-05T15:03:37.791Z] [INFO] [review agiz-dis-bakimi/601095060] page=1 +0 reviews (unique=0)
[2026-04-05T15:03:37.821Z] [INFO] [REVIEW SAVED] /mnt/c/Developer/Review_AI/scraper_project/raw_data/agiz-dis-bakimi/601095060_reviews.json
[2026-04-05T15:03:37.844Z] [INFO] 
[START REVIEW] category=agiz-dis-bakimi productId=731843375 startPage=1
[2026-04-05T15:03:37.860Z] [INFO] 
[REVIEW WORKER 10] starting agiz-dis-bakimi/645385391
[2026-04-05T15:03:38.517Z] [INFO] 
[START REVIEW] category=agiz-dis-bakimi productId=673796156 startPage=1
[2026-04-05T15:03:38.539Z] [INFO] 
[START REVIEW] category=agiz-dis-bakimi productId=730514299 startPage=1
[2026-04-05T15:03:38.712Z] [INFO] 
[START REVIEW] category=agiz-dis-bakimi productId=513261056 startPage=1
[2026-04-05T15:03:39.021Z] [INFO] [review agiz-dis-bakimi/601579004] page=3 +2 reviews (unique=18)
[2026-04-05T15:03:39.068Z] [INFO] [REVIEW SAVED] /mnt/c/Developer/Review_AI/scraper_project/raw_data/agiz-dis-bakimi/601579004_reviews.json
[2026-04-05T15:03:39.074Z] [INFO] [review agiz-dis-bakimi/723549005] page=1 +0 reviews (unique=0)
[2026-04-05T15:03:39.114Z] [INFO] [REVIEW SAVED] /mnt/c/Developer/Review_AI/scraper_project/raw_data/agiz-dis-bakimi/723549005_reviews.json
[2026-04-05T15:03:39.123Z] [INFO] [review agiz-dis-bakimi/731718449] page=1 +0 reviews (unique=0)
[2026-04-05T15:03:39.156Z] [INFO] [REVIEW SAVED] /mnt/c/Developer/Review_AI/scraper_project/raw_data/agiz-dis-bakimi/731718449_reviews.json
[2026-04-05T15:03:39.171Z] [INFO] [review agiz-dis-bakimi/550796776] page=11 +8 reviews (unique=88)
[2026-04-05T15:03:39.191Z] [INFO] 
[REVIEW WORKER 5] starting agiz-dis-bakimi/735542767
[2026-04-05T15:03:39.207Z] [INFO] 
[REVIEW WORKER 8] starting agiz-dis-bakimi/564841523
[2026-04-05T15:03:39.236Z] [INFO] 
[REVIEW WORKER 9] starting agiz-dis-bakimi/589424187
[2026-04-05T15:03:39.289Z] [INFO] [review agiz-dis-bakimi/731843375] page=1 +1 reviews (unique=1)
[2026-04-05T15:03:39.323Z] [INFO] [REVIEW SAVED] /mnt/c/Developer/Review_AI/scraper_project/raw_data/agiz-dis-bakimi/731843375_reviews.json
[2026-04-05T15:03:39.354Z] [INFO] 
[REVIEW WORKER 2] starting agiz-dis-bakimi/577396689
[2026-04-05T15:03:39.492Z] [INFO] [review agiz-dis-bakimi/673796156] page=1 +4 reviews (unique=4)
[2026-04-05T15:03:39.518Z] [INFO] [REVIEW SAVED] /mnt/c/Developer/Review_AI/scraper_project/raw_data/agiz-dis-bakimi/673796156_reviews.json
[2026-04-05T15:03:39.532Z] [INFO] [review agiz-dis-bakimi/730514299] page=1 +1 reviews (unique=1)
[2026-04-05T15:03:39.589Z] [INFO] [REVIEW SAVED] /mnt/c/Developer/Review_AI/scraper_project/raw_data/agiz-dis-bakimi/730514299_reviews.json
[2026-04-05T15:03:39.601Z] [INFO] [review agiz-dis-bakimi/513261056] page=1 +8 reviews (unique=8)
[2026-04-05T15:03:39.614Z] [INFO] 
[REVIEW WORKER 4] starting agiz-dis-bakimi/464723404
[2026-04-05T15:03:39.729Z] [INFO] 
[REVIEW WORKER 3] starting agiz-dis-bakimi/723918692
[2026-04-05T15:03:39.878Z] [INFO] [review agiz-dis-bakimi/550796776] page=12 +8 reviews (unique=96)
[2026-04-05T15:03:40.190Z] [INFO] [review agiz-dis-bakimi/513261056] page=2 +8 reviews (unique=16)
[2026-04-05T15:03:40.561Z] [INFO] [review agiz-dis-bakimi/550796776] page=13 +8 reviews (unique=104)
[2026-04-05T15:03:40.767Z] [INFO] [review agiz-dis-bakimi/513261056] page=3 +4 reviews (unique=20)
[2026-04-05T15:03:40.782Z] [INFO] [REVIEW SAVED] /mnt/c/Developer/Review_AI/scraper_project/raw_data/agiz-dis-bakimi/513261056_reviews.json
[2026-04-05T15:03:40.800Z] [INFO] 
[REVIEW WORKER 1] starting agiz-dis-bakimi/565390000
[2026-04-05T15:03:41.182Z] [INFO] [review agiz-dis-bakimi/550796776] page=14 +8 reviews (unique=112)
[2026-04-05T15:03:41.890Z] [INFO] [review agiz-dis-bakimi/550796776] page=15 +8 reviews (unique=120)
[2026-04-05T15:03:41.923Z] [INFO] [REVIEW PARTIAL SAVED] /mnt/c/Developer/Review_AI/scraper_project/raw_data/agiz-dis-bakimi/550796776_reviews.partial.json
[2026-04-05T15:03:43.238Z] [INFO] 
[START REVIEW] category=agiz-dis-bakimi productId=645385391 startPage=1
[2026-04-05T15:03:43.290Z] [INFO] 
[START REVIEW] category=agiz-dis-bakimi productId=683675255 startPage=1
[2026-04-05T15:03:43.413Z] [INFO] 
[START REVIEW] category=agiz-dis-bakimi productId=589424187 startPage=1
[2026-04-05T15:03:43.668Z] [INFO] 
[START REVIEW] category=agiz-dis-bakimi productId=564841523 startPage=1
[2026-04-05T15:03:43.685Z] [INFO] 
[START REVIEW] category=agiz-dis-bakimi productId=735542767 startPage=1
[2026-04-05T15:03:43.696Z] [INFO] 
[START REVIEW] category=agiz-dis-bakimi productId=577396689 startPage=1
[2026-04-05T15:03:43.715Z] [INFO] 
[START REVIEW] category=agiz-dis-bakimi productId=464723404 startPage=1
[2026-04-05T15:03:43.725Z] [INFO] [review agiz-dis-bakimi/550796776] page=16 +8 reviews (unique=128)
[2026-04-05T15:03:44.211Z] [INFO] [review agiz-dis-bakimi/645385391] page=1 +0 reviews (unique=0)
[2026-04-05T15:03:44.252Z] [INFO] [REVIEW SAVED] /mnt/c/Developer/Review_AI/scraper_project/raw_data/agiz-dis-bakimi/645385391_reviews.json
[2026-04-05T15:03:44.280Z] [INFO] 
[REVIEW WORKER 10] starting agiz-dis-bakimi/736434112
[2026-04-05T15:03:44.379Z] [INFO] [review agiz-dis-bakimi/683675255] page=1 +1 reviews (unique=1)
[2026-04-05T15:03:44.422Z] [INFO] [REVIEW SAVED] /mnt/c/Developer/Review_AI/scraper_project/raw_data/agiz-dis-bakimi/683675255_reviews.json
[2026-04-05T15:03:44.459Z] [INFO] 
[REVIEW WORKER 6] starting agiz-dis-bakimi/676577558
[2026-04-05T15:03:44.891Z] [INFO] [review agiz-dis-bakimi/589424187] page=1 +0 reviews (unique=0)
[2026-04-05T15:03:44.946Z] [INFO] [REVIEW SAVED] /mnt/c/Developer/Review_AI/scraper_project/raw_data/agiz-dis-bakimi/589424187_reviews.json
[2026-04-05T15:03:44.999Z] [INFO] 
[REVIEW WORKER 9] starting agiz-dis-bakimi/638699542
[2026-04-05T15:03:45.035Z] [INFO] [review agiz-dis-bakimi/464723404] page=1 +8 reviews (unique=8)
[2026-04-05T15:03:45.156Z] [INFO] [review agiz-dis-bakimi/735542767] page=1 +8 reviews (unique=8)
[2026-04-05T15:03:45.185Z] [INFO] [review agiz-dis-bakimi/577396689] page=1 +0 reviews (unique=0)
[2026-04-05T15:03:45.248Z] [INFO] [REVIEW SAVED] /mnt/c/Developer/Review_AI/scraper_project/raw_data/agiz-dis-bakimi/577396689_reviews.json
[2026-04-05T15:03:45.265Z] [INFO] [review agiz-dis-bakimi/564841523] page=1 +8 reviews (unique=8)
[2026-04-05T15:03:45.327Z] [INFO] 
[REVIEW WORKER 2] starting agiz-dis-bakimi/736624963
[2026-04-05T15:03:46.525Z] [INFO] [review agiz-dis-bakimi/564841523] page=2 +8 reviews (unique=16)
[2026-04-05T15:03:46.616Z] [INFO] [review agiz-dis-bakimi/464723404] page=2 +8 reviews (unique=16)
[2026-04-05T15:03:48.836Z] [INFO] [review agiz-dis-bakimi/564841523] page=3 +8 reviews (unique=24)
[2026-04-05T15:03:48.885Z] [INFO] [review agiz-dis-bakimi/464723404] page=3 +8 reviews (unique=24)
[2026-04-05T15:03:49.202Z] [INFO] 
[START REVIEW] category=agiz-dis-bakimi productId=565390000 startPage=1
[2026-04-05T15:03:50.048Z] [INFO] [review agiz-dis-bakimi/564841523] page=4 +4 reviews (unique=28)
[2026-04-05T15:03:50.065Z] [INFO] [REVIEW SAVED] /mnt/c/Developer/Review_AI/scraper_project/raw_data/agiz-dis-bakimi/564841523_reviews.json
[2026-04-05T15:03:50.069Z] [INFO] [review agiz-dis-bakimi/565390000] page=1 +0 reviews (unique=0)
[2026-04-05T15:03:50.098Z] [INFO] [REVIEW SAVED] /mnt/c/Developer/Review_AI/scraper_project/raw_data/agiz-dis-bakimi/565390000_reviews.json
[2026-04-05T15:03:50.119Z] [INFO] 
[REVIEW WORKER 1] starting agiz-dis-bakimi/539976064
[2026-04-05T15:03:50.125Z] [INFO] 
[REVIEW WORKER 8] starting agiz-dis-bakimi/514248393
[2026-04-05T15:03:50.207Z] [INFO] 
[START REVIEW] category=agiz-dis-bakimi productId=723918692 startPage=1
[2026-04-05T15:03:50.218Z] [INFO] [review agiz-dis-bakimi/464723404] page=4 +8 reviews (unique=32)
[2026-04-05T15:03:50.772Z] [INFO] [review agiz-dis-bakimi/550796776] page=17 +8 reviews (unique=136)
[2026-04-05T15:03:50.868Z] [INFO] [review agiz-dis-bakimi/723918692] page=1 +0 reviews (unique=0)
[2026-04-05T15:03:50.897Z] [INFO] [REVIEW SAVED] /mnt/c/Developer/Review_AI/scraper_project/raw_data/agiz-dis-bakimi/723918692_reviews.json
[2026-04-05T15:03:50.919Z] [INFO] 
[REVIEW WORKER 3] starting agiz-dis-bakimi/717900869
[2026-04-05T15:03:50.998Z] [INFO] [review agiz-dis-bakimi/464723404] page=5 +1 reviews (unique=33)
[2026-04-05T15:03:51.015Z] [INFO] [REVIEW PARTIAL SAVED] /mnt/c/Developer/Review_AI/scraper_project/raw_data/agiz-dis-bakimi/464723404_reviews.partial.json
[2026-04-05T15:03:51.033Z] [INFO] [REVIEW SAVED] /mnt/c/Developer/Review_AI/scraper_project/raw_data/agiz-dis-bakimi/464723404_reviews.json
[2026-04-05T15:03:51.064Z] [INFO] 
[REVIEW WORKER 4] starting agiz-dis-bakimi/657822149
[2026-04-05T15:03:51.233Z] [INFO] [review agiz-dis-bakimi/735542767] page=2 +3 reviews (unique=11)
[2026-04-05T15:03:51.257Z] [INFO] [REVIEW SAVED] /mnt/c/Developer/Review_AI/scraper_project/raw_data/agiz-dis-bakimi/735542767_reviews.json
[2026-04-05T15:03:51.275Z] [INFO] 
[REVIEW WORKER 5] starting agiz-dis-bakimi/723617394
[2026-04-05T15:03:51.485Z] [INFO] [review agiz-dis-bakimi/550796776] page=18 +8 reviews (unique=144)
[2026-04-05T15:03:52.046Z] [INFO] 
[START REVIEW] category=agiz-dis-bakimi productId=736434112 startPage=1
[2026-04-05T15:03:52.055Z] [INFO] 
[START REVIEW] category=agiz-dis-bakimi productId=638699542 startPage=1
[2026-04-05T15:03:52.174Z] [INFO] [review agiz-dis-bakimi/550796776] page=19 +8 reviews (unique=152)
[2026-04-05T15:03:52.206Z] [INFO] 
[START REVIEW] category=agiz-dis-bakimi productId=676577558 startPage=1
[2026-04-05T15:03:52.271Z] [INFO] [review agiz-dis-bakimi/638699542] page=1 +8 reviews (unique=8)
[2026-04-05T15:03:52.308Z] [INFO] [review agiz-dis-bakimi/736434112] page=1 +0 reviews (unique=0)
[2026-04-05T15:03:52.329Z] [INFO] [REVIEW SAVED] /mnt/c/Developer/Review_AI/scraper_project/raw_data/agiz-dis-bakimi/736434112_reviews.json
[2026-04-05T15:03:52.359Z] [INFO] 
[REVIEW WORKER 10] starting agiz-dis-bakimi/640625435
[2026-04-05T15:03:52.585Z] [INFO] [review agiz-dis-bakimi/676577558] page=1 +4 reviews (unique=4)
[2026-04-05T15:03:52.618Z] [INFO] [REVIEW SAVED] /mnt/c/Developer/Review_AI/scraper_project/raw_data/agiz-dis-bakimi/676577558_reviews.json
[2026-04-05T15:03:52.687Z] [INFO] 
[REVIEW WORKER 6] starting agiz-dis-bakimi/736984728
[2026-04-05T15:03:52.779Z] [INFO] 
[START REVIEW] category=agiz-dis-bakimi productId=736624963 startPage=1
[2026-04-05T15:03:52.846Z] [INFO] [review agiz-dis-bakimi/550796776] page=20 +8 reviews (unique=160)
[2026-04-05T15:03:52.879Z] [INFO] [REVIEW PARTIAL SAVED] /mnt/c/Developer/Review_AI/scraper_project/raw_data/agiz-dis-bakimi/550796776_reviews.partial.json
[2026-04-05T15:03:53.051Z] [INFO] [review agiz-dis-bakimi/736624963] page=1 +0 reviews (unique=0)
[2026-04-05T15:03:53.111Z] [INFO] [REVIEW SAVED] /mnt/c/Developer/Review_AI/scraper_project/raw_data/agiz-dis-bakimi/736624963_reviews.json
[2026-04-05T15:03:53.126Z] [INFO] [review agiz-dis-bakimi/638699542] page=2 +8 reviews (unique=16)
[2026-04-05T15:03:53.163Z] [INFO] 
[REVIEW WORKER 2] starting agiz-dis-bakimi/724340566
[2026-04-05T15:03:53.774Z] [INFO] [review agiz-dis-bakimi/550796776] page=21 +8 reviews (unique=168)
[2026-04-05T15:03:54.226Z] [INFO] [review agiz-dis-bakimi/638699542] page=3 +6 reviews (unique=22)
[2026-04-05T15:03:54.288Z] [INFO] [REVIEW SAVED] /mnt/c/Developer/Review_AI/scraper_project/raw_data/agiz-dis-bakimi/638699542_reviews.json
[2026-04-05T15:03:54.350Z] [INFO] 
[REVIEW WORKER 9] starting agiz-dis-bakimi/532377569
[2026-04-05T15:03:54.881Z] [INFO] [review agiz-dis-bakimi/550796776] page=22 +3 reviews (unique=171)
[2026-04-05T15:03:54.916Z] [INFO] [REVIEW SAVED] /mnt/c/Developer/Review_AI/scraper_project/raw_data/agiz-dis-bakimi/550796776_reviews.json
[2026-04-05T15:03:54.946Z] [INFO] 
[REVIEW WORKER 7] starting agiz-dis-bakimi/690239231
[2026-04-05T15:03:55.165Z] [INFO] 
[START REVIEW] category=agiz-dis-bakimi productId=539976064 startPage=1
[2026-04-05T15:03:55.201Z] [INFO] 
[START REVIEW] category=agiz-dis-bakimi productId=514248393 startPage=1
[2026-04-05T15:03:55.822Z] [INFO] [review agiz-dis-bakimi/539976064] page=1 +8 reviews (unique=8)
[2026-04-05T15:03:55.856Z] [INFO] [review agiz-dis-bakimi/514248393] page=1 +8 reviews (unique=8)
[2026-04-05T15:03:56.423Z] [INFO] 
[START REVIEW] category=agiz-dis-bakimi productId=723617394 startPage=1
[2026-04-05T15:03:56.453Z] [INFO] 
[START REVIEW] category=agiz-dis-bakimi productId=657822149 startPage=1
[2026-04-05T15:03:56.488Z] [INFO] 
[START REVIEW] category=agiz-dis-bakimi productId=717900869 startPage=1
[2026-04-05T15:03:56.547Z] [INFO] [review agiz-dis-bakimi/514248393] page=2 +8 reviews (unique=16)
[2026-04-05T15:03:56.638Z] [INFO] [review agiz-dis-bakimi/539976064] page=2 +8 reviews (unique=16)
[2026-04-05T15:03:56.853Z] [INFO] [review agiz-dis-bakimi/723617394] page=1 +1 reviews (unique=1)
[2026-04-05T15:03:56.905Z] [INFO] [REVIEW SAVED] /mnt/c/Developer/Review_AI/scraper_project/raw_data/agiz-dis-bakimi/723617394_reviews.json
[2026-04-05T15:03:56.947Z] [INFO] 
[REVIEW WORKER 5] starting agiz-dis-bakimi/736625172
[2026-04-05T15:03:56.972Z] [INFO] [review agiz-dis-bakimi/717900869] page=1 +6 reviews (unique=6)
[2026-04-05T15:03:57.018Z] [INFO] [REVIEW SAVED] /mnt/c/Developer/Review_AI/scraper_project/raw_data/agiz-dis-bakimi/717900869_reviews.json
[2026-04-05T15:03:57.035Z] [INFO] [review agiz-dis-bakimi/657822149] page=1 +8 reviews (unique=8)
[2026-04-05T15:03:57.100Z] [INFO] 
[REVIEW WORKER 3] starting agiz-dis-bakimi/726833103
[2026-04-05T15:03:57.239Z] [INFO] [review agiz-dis-bakimi/514248393] page=3 +8 reviews (unique=24)
[2026-04-05T15:03:57.513Z] [INFO] [review agiz-dis-bakimi/539976064] page=3 +8 reviews (unique=24)
[2026-04-05T15:03:58.168Z] [INFO] 
[START REVIEW] category=agiz-dis-bakimi productId=640625435 startPage=1
[2026-04-05T15:03:58.296Z] [INFO] [review agiz-dis-bakimi/657822149] page=2 +7 reviews (unique=15)
[2026-04-05T15:03:58.336Z] [INFO] [REVIEW SAVED] /mnt/c/Developer/Review_AI/scraper_project/raw_data/agiz-dis-bakimi/657822149_reviews.json
[2026-04-05T15:03:58.372Z] [INFO] 
[REVIEW WORKER 4] starting agiz-dis-bakimi/587267869
[2026-04-05T15:03:58.569Z] [INFO] [review agiz-dis-bakimi/514248393] page=4 +8 reviews (unique=32)
[2026-04-05T15:03:58.812Z] [INFO] [review agiz-dis-bakimi/539976064] page=4 +8 reviews (unique=32)
[2026-04-05T15:03:58.821Z] [INFO] [review agiz-dis-bakimi/640625435] page=1 +2 reviews (unique=2)
[2026-04-05T15:03:58.839Z] [INFO] [REVIEW SAVED] /mnt/c/Developer/Review_AI/scraper_project/raw_data/agiz-dis-bakimi/640625435_reviews.json
[2026-04-05T15:03:58.859Z] [INFO] 
[REVIEW WORKER 10] starting agiz-dis-bakimi/578989852
[2026-04-05T15:03:59.180Z] [INFO] 
[START REVIEW] category=agiz-dis-bakimi productId=724340566 startPage=1
[2026-04-05T15:03:59.186Z] [INFO] 
[START REVIEW] category=agiz-dis-bakimi productId=736984728 startPage=1
[2026-04-05T15:03:59.466Z] [INFO] [review agiz-dis-bakimi/514248393] page=5 +2 reviews (unique=34)
[2026-04-05T15:03:59.476Z] [INFO] [REVIEW PARTIAL SAVED] /mnt/c/Developer/Review_AI/scraper_project/raw_data/agiz-dis-bakimi/514248393_reviews.partial.json
[2026-04-05T15:03:59.498Z] [INFO] [REVIEW SAVED] /mnt/c/Developer/Review_AI/scraper_project/raw_data/agiz-dis-bakimi/514248393_reviews.json
[2026-04-05T15:03:59.529Z] [INFO] 
[REVIEW WORKER 8] starting agiz-dis-bakimi/669915945
[2026-04-05T15:03:59.541Z] [INFO] [review agiz-dis-bakimi/539976064] page=5 +3 reviews (unique=35)
[2026-04-05T15:03:59.555Z] [INFO] [REVIEW PARTIAL SAVED] /mnt/c/Developer/Review_AI/scraper_project/raw_data/agiz-dis-bakimi/539976064_reviews.partial.json
[2026-04-05T15:03:59.575Z] [INFO] [REVIEW SAVED] /mnt/c/Developer/Review_AI/scraper_project/raw_data/agiz-dis-bakimi/539976064_reviews.json
[2026-04-05T15:03:59.669Z] [INFO] 
[REVIEW WORKER 1] starting agiz-dis-bakimi/589660493
[2026-04-05T15:03:59.767Z] [INFO] 
[START REVIEW] category=agiz-dis-bakimi productId=532377569 startPage=1
[2026-04-05T15:03:59.874Z] [INFO] [review agiz-dis-bakimi/736984728] page=1 +8 reviews (unique=8)
[2026-04-05T15:03:59.923Z] [INFO] [review agiz-dis-bakimi/724340566] page=1 +0 reviews (unique=0)
[2026-04-05T15:03:59.940Z] [INFO] [REVIEW SAVED] /mnt/c/Developer/Review_AI/scraper_project/raw_data/agiz-dis-bakimi/724340566_reviews.json
[2026-04-05T15:03:59.957Z] [INFO] 
[REVIEW WORKER 2] starting agiz-dis-bakimi/727133919
[2026-04-05T15:04:00.200Z] [INFO] [review agiz-dis-bakimi/532377569] page=1 +6 reviews (unique=6)
[2026-04-05T15:04:00.220Z] [INFO] [REVIEW SAVED] /mnt/c/Developer/Review_AI/scraper_project/raw_data/agiz-dis-bakimi/532377569_reviews.json
[2026-04-05T15:04:00.239Z] [INFO] 
[REVIEW WORKER 9] starting agiz-dis-bakimi/731161976
[2026-04-05T15:04:00.597Z] [INFO] [review agiz-dis-bakimi/736984728] page=2 +2 reviews (unique=10)
[2026-04-05T15:04:00.618Z] [INFO] [REVIEW SAVED] /mnt/c/Developer/Review_AI/scraper_project/raw_data/agiz-dis-bakimi/736984728_reviews.json
[2026-04-05T15:04:00.643Z] [INFO] 
[REVIEW WORKER 6] starting agiz-dis-bakimi/730823841
[2026-04-05T15:04:02.225Z] [INFO] 
[START REVIEW] category=agiz-dis-bakimi productId=736625172 startPage=1
[2026-04-05T15:04:02.240Z] [INFO] 
[START REVIEW] category=agiz-dis-bakimi productId=726833103 startPage=1
[2026-04-05T15:04:02.846Z] [INFO] 
[START REVIEW] category=agiz-dis-bakimi productId=690239231 startPage=1
[2026-04-05T15:04:02.969Z] [INFO] [review agiz-dis-bakimi/736625172] page=1 +0 reviews (unique=0)
[2026-04-05T15:04:03.030Z] [INFO] [REVIEW SAVED] /mnt/c/Developer/Review_AI/scraper_project/raw_data/agiz-dis-bakimi/736625172_reviews.json
[2026-04-05T15:04:03.048Z] [INFO] [review agiz-dis-bakimi/726833103] page=1 +1 reviews (unique=1)
[2026-04-05T15:04:03.108Z] [INFO] [REVIEW SAVED] /mnt/c/Developer/Review_AI/scraper_project/raw_data/agiz-dis-bakimi/726833103_reviews.json
[2026-04-05T15:04:03.144Z] [INFO] 
[REVIEW WORKER 5] starting agiz-dis-bakimi/594252933
[2026-04-05T15:04:03.175Z] [INFO] 
[REVIEW WORKER 3] starting agiz-dis-bakimi/593589104
[2026-04-05T15:04:03.868Z] [INFO] 
[START REVIEW] category=agiz-dis-bakimi productId=578989852 startPage=1
[2026-04-05T15:04:04.209Z] [INFO] 
[START REVIEW] category=agiz-dis-bakimi productId=587267869 startPage=1
[2026-04-05T15:04:04.313Z] [INFO] [review agiz-dis-bakimi/690239231] page=1 +8 reviews (unique=8)
[2026-04-05T15:04:04.621Z] [INFO] [review agiz-dis-bakimi/587267869] page=1 +4 reviews (unique=4)
[2026-04-05T15:04:04.666Z] [INFO] [REVIEW SAVED] /mnt/c/Developer/Review_AI/scraper_project/raw_data/agiz-dis-bakimi/587267869_reviews.json
[2026-04-05T15:04:04.686Z] [INFO] [review agiz-dis-bakimi/578989852] page=1 +8 reviews (unique=8)
[2026-04-05T15:04:04.725Z] [INFO] 
[REVIEW WORKER 4] starting agiz-dis-bakimi/523892938
[2026-04-05T15:04:04.922Z] [INFO] [review agiz-dis-bakimi/690239231] page=2 +1 reviews (unique=9)
[2026-04-05T15:04:04.941Z] [INFO] [REVIEW SAVED] /mnt/c/Developer/Review_AI/scraper_project/raw_data/agiz-dis-bakimi/690239231_reviews.json
[2026-04-05T15:04:04.963Z] [INFO] 
[REVIEW WORKER 7] starting agiz-dis-bakimi/589512183
[2026-04-05T15:04:05.176Z] [INFO] 
[START REVIEW] category=agiz-dis-bakimi productId=589660493 startPage=1
[2026-04-05T15:04:05.229Z] [INFO] 
[START REVIEW] category=agiz-dis-bakimi productId=727133919 startPage=1
[2026-04-05T15:04:05.559Z] [INFO] 
[START REVIEW] category=agiz-dis-bakimi productId=669915945 startPage=1
[2026-04-05T15:04:06.123Z] [INFO] [review agiz-dis-bakimi/578989852] page=2 +8 reviews (unique=16)
[2026-04-05T15:04:06.165Z] [INFO] [review agiz-dis-bakimi/589660493] page=1 +8 reviews (unique=8)
[2026-04-05T15:04:06.258Z] [INFO] 
[START REVIEW] category=agiz-dis-bakimi productId=731161976 startPage=1
[2026-04-05T15:04:06.312Z] [INFO] 
[START REVIEW] category=agiz-dis-bakimi productId=730823841 startPage=1
[2026-04-05T15:04:06.338Z] [INFO] [review agiz-dis-bakimi/669915945] page=1 +1 reviews (unique=1)
[2026-04-05T15:04:06.362Z] [INFO] [REVIEW SAVED] /mnt/c/Developer/Review_AI/scraper_project/raw_data/agiz-dis-bakimi/669915945_reviews.json
[2026-04-05T15:04:06.397Z] [INFO] 
[REVIEW WORKER 8] starting agiz-dis-bakimi/724316120
[2026-04-05T15:04:06.505Z] [INFO] [review agiz-dis-bakimi/727133919] page=1 +8 reviews (unique=8)
[2026-04-05T15:04:06.652Z] [INFO] [review agiz-dis-bakimi/730823841] page=1 +8 reviews (unique=8)
[2026-04-05T15:04:06.673Z] [INFO] [review agiz-dis-bakimi/731161976] page=1 +0 reviews (unique=0)
[2026-04-05T15:04:06.730Z] [INFO] [REVIEW SAVED] /mnt/c/Developer/Review_AI/scraper_project/raw_data/agiz-dis-bakimi/731161976_reviews.json
[2026-04-05T15:04:06.760Z] [INFO] 
[REVIEW WORKER 9] starting agiz-dis-bakimi/733205606
[2026-04-05T15:04:06.807Z] [INFO] [review agiz-dis-bakimi/578989852] page=3 +8 reviews (unique=24)
[2026-04-05T15:04:06.892Z] [INFO] [review agiz-dis-bakimi/589660493] page=2 +8 reviews (unique=16)
[2026-04-05T15:04:07.173Z] [INFO] [review agiz-dis-bakimi/727133919] page=2 +8 reviews (unique=16)
[2026-04-05T15:04:07.284Z] [INFO] [review agiz-dis-bakimi/730823841] page=2 +4 reviews (unique=12)
[2026-04-05T15:04:07.324Z] [INFO] [REVIEW SAVED] /mnt/c/Developer/Review_AI/scraper_project/raw_data/agiz-dis-bakimi/730823841_reviews.json
[2026-04-05T15:04:07.349Z] [INFO] 
[REVIEW WORKER 6] starting agiz-dis-bakimi/725070529
[2026-04-05T15:04:07.486Z] [INFO] [review agiz-dis-bakimi/578989852] page=4 +8 reviews (unique=32)
[2026-04-05T15:04:07.690Z] [INFO] [review agiz-dis-bakimi/589660493] page=3 +8 reviews (unique=24)
[2026-04-05T15:04:07.844Z] [INFO] [review agiz-dis-bakimi/727133919] page=3 +8 reviews (unique=24)
[2026-04-05T15:04:08.195Z] [INFO] [review agiz-dis-bakimi/578989852] page=5 +8 reviews (unique=40)
[2026-04-05T15:04:08.206Z] [INFO] [REVIEW PARTIAL SAVED] /mnt/c/Developer/Review_AI/scraper_project/raw_data/agiz-dis-bakimi/578989852_reviews.partial.json
[2026-04-05T15:04:08.358Z] [INFO] [review agiz-dis-bakimi/589660493] page=4 +7 reviews (unique=31)
[2026-04-05T15:04:08.388Z] [INFO] [REVIEW SAVED] /mnt/c/Developer/Review_AI/scraper_project/raw_data/agiz-dis-bakimi/589660493_reviews.json
[2026-04-05T15:04:08.409Z] [INFO] 
[REVIEW WORKER 1] starting agiz-dis-bakimi/738280119
[2026-04-05T15:04:08.854Z] [INFO] [review agiz-dis-bakimi/727133919] page=4 +8 reviews (unique=32)
[2026-04-05T15:04:09.016Z] [INFO] [review agiz-dis-bakimi/578989852] page=6 +5 reviews (unique=45)
[2026-04-05T15:04:09.045Z] [INFO] [REVIEW SAVED] /mnt/c/Developer/Review_AI/scraper_project/raw_data/agiz-dis-bakimi/578989852_reviews.json
[2026-04-05T15:04:09.091Z] [INFO] 
[REVIEW WORKER 10] starting agiz-dis-bakimi/497989464
[2026-04-05T15:04:09.302Z] [INFO] 
[START REVIEW] category=agiz-dis-bakimi productId=594252933 startPage=1
[2026-04-05T15:04:09.318Z] [INFO] 
[START REVIEW] category=agiz-dis-bakimi productId=523892938 startPage=1
[2026-04-05T15:04:09.663Z] [INFO] [review agiz-dis-bakimi/727133919] page=5 +1 reviews (unique=33)
[2026-04-05T15:04:09.686Z] [INFO] [REVIEW PARTIAL SAVED] /mnt/c/Developer/Review_AI/scraper_project/raw_data/agiz-dis-bakimi/727133919_reviews.partial.json
[2026-04-05T15:04:09.719Z] [INFO] [REVIEW SAVED] /mnt/c/Developer/Review_AI/scraper_project/raw_data/agiz-dis-bakimi/727133919_reviews.json
[2026-04-05T15:04:09.755Z] [INFO] 
[REVIEW WORKER 2] starting agiz-dis-bakimi/658628310
[2026-04-05T15:04:10.172Z] [INFO] [review agiz-dis-bakimi/594252933] page=1 +0 reviews (unique=0)
[2026-04-05T15:04:10.223Z] [INFO] [REVIEW SAVED] /mnt/c/Developer/Review_AI/scraper_project/raw_data/agiz-dis-bakimi/594252933_reviews.json
[2026-04-05T15:04:10.257Z] [INFO] 
[START REVIEW] category=agiz-dis-bakimi productId=589512183 startPage=1
[2026-04-05T15:04:10.275Z] [INFO] [review agiz-dis-bakimi/523892938] page=1 +0 reviews (unique=0)
[2026-04-05T15:04:10.339Z] [INFO] [REVIEW SAVED] /mnt/c/Developer/Review_AI/scraper_project/raw_data/agiz-dis-bakimi/523892938_reviews.json
[2026-04-05T15:04:10.381Z] [INFO] 
[REVIEW WORKER 5] starting agiz-dis-bakimi/723381226
[2026-04-05T15:04:10.432Z] [INFO] 
[REVIEW WORKER 4] starting agiz-dis-bakimi/704553095
[2026-04-05T15:04:10.821Z] [INFO] [review agiz-dis-bakimi/589512183] page=1 +8 reviews (unique=8)
[2026-04-05T15:04:10.881Z] [INFO] 
[START REVIEW] category=agiz-dis-bakimi productId=724316120 startPage=1
[2026-04-05T15:04:11.506Z] [INFO] [review agiz-dis-bakimi/724316120] page=1 +0 reviews (unique=0)
[2026-04-05T15:04:11.653Z] [INFO] [REVIEW SAVED] /mnt/c/Developer/Review_AI/scraper_project/raw_data/agiz-dis-bakimi/724316120_reviews.json
[2026-04-05T15:04:11.720Z] [INFO] [review agiz-dis-bakimi/589512183] page=2 +6 reviews (unique=14)
[2026-04-05T15:04:11.856Z] [INFO] [REVIEW SAVED] /mnt/c/Developer/Review_AI/scraper_project/raw_data/agiz-dis-bakimi/589512183_reviews.json
[2026-04-05T15:04:11.907Z] [INFO] 
[START REVIEW] category=agiz-dis-bakimi productId=725070529 startPage=1
[2026-04-05T15:04:11.957Z] [INFO] 
[START REVIEW] category=agiz-dis-bakimi productId=733205606 startPage=1
[2026-04-05T15:04:12.008Z] [INFO] 
[REVIEW WORKER 8] starting agiz-dis-bakimi/725071308
[2026-04-05T15:04:12.026Z] [INFO] 
[REVIEW WORKER 7] starting agiz-dis-bakimi/695751075
[2026-04-05T15:04:12.339Z] [INFO] [review agiz-dis-bakimi/725070529] page=1 +0 reviews (unique=0)
[2026-04-05T15:04:12.381Z] [INFO] [REVIEW SAVED] /mnt/c/Developer/Review_AI/scraper_project/raw_data/agiz-dis-bakimi/725070529_reviews.json
[2026-04-05T15:04:12.414Z] [INFO] 
[REVIEW WORKER 6] starting agiz-dis-bakimi/656041287
[2026-04-05T15:04:12.447Z] [INFO] [review agiz-dis-bakimi/733205606] page=1 +2 reviews (unique=2)
[2026-04-05T15:04:12.475Z] [INFO] [REVIEW SAVED] /mnt/c/Developer/Review_AI/scraper_project/raw_data/agiz-dis-bakimi/733205606_reviews.json
[2026-04-05T15:04:12.560Z] [INFO] 
[REVIEW WORKER 9] starting agiz-dis-bakimi/724173258
[2026-04-05T15:04:13.389Z] [INFO] 
[START REVIEW] category=agiz-dis-bakimi productId=738280119 startPage=1
[2026-04-05T15:04:13.774Z] [INFO] [review agiz-dis-bakimi/738280119] page=1 +8 reviews (unique=8)
[2026-04-05T15:04:14.529Z] [INFO] 
[START REVIEW] category=agiz-dis-bakimi productId=658628310 startPage=1
[2026-04-05T15:04:14.663Z] [INFO] [review agiz-dis-bakimi/738280119] page=2 +8 reviews (unique=16)
[2026-04-05T15:04:15.024Z] [INFO] 
[START REVIEW] category=agiz-dis-bakimi productId=723381226 startPage=1
[2026-04-05T15:04:15.613Z] [INFO] [review agiz-dis-bakimi/738280119] page=3 +8 reviews (unique=24)
[2026-04-05T15:04:16.243Z] [INFO] 
[START REVIEW] category=agiz-dis-bakimi productId=704553095 startPage=1
[2026-04-05T15:04:16.420Z] [INFO] [review agiz-dis-bakimi/658628310] page=1 +0 reviews (unique=0)
[2026-04-05T15:04:16.529Z] [INFO] [REVIEW SAVED] /mnt/c/Developer/Review_AI/scraper_project/raw_data/agiz-dis-bakimi/658628310_reviews.json
[2026-04-05T15:04:16.593Z] [INFO] 
[REVIEW WORKER 2] starting agiz-dis-bakimi/601489145
[2026-04-05T15:04:16.616Z] [INFO] [review agiz-dis-bakimi/723381226] page=1 +8 reviews (unique=8)
[2026-04-05T15:04:16.818Z] [INFO] [review agiz-dis-bakimi/738280119] page=4 +8 reviews (unique=32)
[2026-04-05T15:04:17.215Z] [INFO] [review agiz-dis-bakimi/704553095] page=1 +8 reviews (unique=8)
[2026-04-05T15:04:17.527Z] [INFO] [review agiz-dis-bakimi/723381226] page=2 +2 reviews (unique=10)
[2026-04-05T15:04:17.582Z] [INFO] [REVIEW SAVED] /mnt/c/Developer/Review_AI/scraper_project/raw_data/agiz-dis-bakimi/723381226_reviews.json
[2026-04-05T15:04:17.652Z] [INFO] 
[REVIEW WORKER 5] starting agiz-dis-bakimi/612157598
[2026-04-05T15:04:17.671Z] [INFO] [review agiz-dis-bakimi/738280119] page=5 +8 reviews (unique=40)
[2026-04-05T15:04:17.717Z] [INFO] [REVIEW PARTIAL SAVED] /mnt/c/Developer/Review_AI/scraper_project/raw_data/agiz-dis-bakimi/738280119_reviews.partial.json
[2026-04-05T15:04:17.890Z] [INFO] 
[START REVIEW] category=agiz-dis-bakimi productId=725071308 startPage=1
[2026-04-05T15:04:17.923Z] [INFO] 
[START REVIEW] category=agiz-dis-bakimi productId=695751075 startPage=1
[2026-04-05T15:04:18.215Z] [INFO] 
[START REVIEW] category=agiz-dis-bakimi productId=656041287 startPage=1
[2026-04-05T15:04:18.254Z] [INFO] [review agiz-dis-bakimi/704553095] page=2 +7 reviews (unique=15)
[2026-04-05T15:04:18.272Z] [INFO] [REVIEW SAVED] /mnt/c/Developer/Review_AI/scraper_project/raw_data/agiz-dis-bakimi/704553095_reviews.json
[2026-04-05T15:04:18.287Z] [INFO] 
[REVIEW WORKER 4] starting agiz-dis-bakimi/597179674
[2026-04-05T15:04:18.493Z] [INFO] [review agiz-dis-bakimi/725071308] page=1 +0 reviews (unique=0)
[2026-04-05T15:04:18.518Z] [INFO] [REVIEW SAVED] /mnt/c/Developer/Review_AI/scraper_project/raw_data/agiz-dis-bakimi/725071308_reviews.json
[2026-04-05T15:04:18.552Z] [INFO] 
[REVIEW WORKER 8] starting agiz-dis-bakimi/730514281
[2026-04-05T15:04:18.628Z] [INFO] [review agiz-dis-bakimi/695751075] page=1 +0 reviews (unique=0)
[2026-04-05T15:04:18.654Z] [INFO] [REVIEW SAVED] /mnt/c/Developer/Review_AI/scraper_project/raw_data/agiz-dis-bakimi/695751075_reviews.json
[2026-04-05T15:04:18.680Z] [INFO] 
[REVIEW WORKER 7] starting agiz-dis-bakimi/735964120
[2026-04-05T15:04:18.693Z] [INFO] [review agiz-dis-bakimi/738280119] page=6 +8 reviews (unique=48)
[2026-04-05T15:04:18.707Z] [INFO] [review agiz-dis-bakimi/656041287] page=1 +8 reviews (unique=8)
[2026-04-05T15:04:19.028Z] [INFO] 
[START REVIEW] category=agiz-dis-bakimi productId=724173258 startPage=1
[2026-04-05T15:04:19.364Z] [INFO] [review agiz-dis-bakimi/738280119] page=7 +8 reviews (unique=56)
[2026-04-05T15:04:19.412Z] [INFO] [review agiz-dis-bakimi/724173258] page=1 +8 reviews (unique=8)
[2026-04-05T15:04:19.427Z] [INFO] [REVIEW SAVED] /mnt/c/Developer/Review_AI/scraper_project/raw_data/agiz-dis-bakimi/724173258_reviews.json
[2026-04-05T15:04:19.443Z] [INFO] 
[REVIEW WORKER 9] starting agiz-dis-bakimi/681647023
[2026-04-05T15:04:19.502Z] [INFO] [review agiz-dis-bakimi/656041287] page=2 +8 reviews (unique=16)
[2026-04-05T15:04:20.100Z] [INFO] [review agiz-dis-bakimi/738280119] page=8 +8 reviews (unique=64)
[2026-04-05T15:04:20.130Z] [INFO] [review agiz-dis-bakimi/656041287] page=3 +8 reviews (unique=24)
[2026-04-05T15:04:22.155Z] [INFO] [review agiz-dis-bakimi/738280119] page=9 +1 reviews (unique=65)
[2026-04-05T15:04:22.169Z] [INFO] [REVIEW SAVED] /mnt/c/Developer/Review_AI/scraper_project/raw_data/agiz-dis-bakimi/738280119_reviews.json
[2026-04-05T15:04:22.187Z] [INFO] 
[REVIEW WORKER 1] starting agiz-dis-bakimi/493593445
[2026-04-05T15:04:22.192Z] [INFO] [review agiz-dis-bakimi/656041287] page=4 +8 reviews (unique=32)
[2026-04-05T15:04:22.849Z] [INFO] [review agiz-dis-bakimi/656041287] page=5 +1 reviews (unique=33)
[2026-04-05T15:04:22.864Z] [INFO] [REVIEW PARTIAL SAVED] /mnt/c/Developer/Review_AI/scraper_project/raw_data/agiz-dis-bakimi/656041287_reviews.partial.json
[2026-04-05T15:04:22.893Z] [INFO] [REVIEW SAVED] /mnt/c/Developer/Review_AI/scraper_project/raw_data/agiz-dis-bakimi/656041287_reviews.json
[2026-04-05T15:04:22.923Z] [INFO] 
[REVIEW WORKER 6] starting agiz-dis-bakimi/729237351
[2026-04-05T15:04:23.475Z] [INFO] 
[START REVIEW] category=agiz-dis-bakimi productId=601489145 startPage=1
[2026-04-05T15:04:23.936Z] [INFO] [review agiz-dis-bakimi/601489145] page=1 +0 reviews (unique=0)
[2026-04-05T15:04:23.964Z] [INFO] [REVIEW SAVED] /mnt/c/Developer/Review_AI/scraper_project/raw_data/agiz-dis-bakimi/601489145_reviews.json
[2026-04-05T15:04:23.993Z] [INFO] 
[REVIEW WORKER 2] starting agiz-dis-bakimi/713773688
[2026-04-05T15:04:24.014Z] [INFO] 
[START REVIEW] category=agiz-dis-bakimi productId=497989464 startPage=1
[2026-04-05T15:04:24.162Z] [INFO] 
[START REVIEW] category=agiz-dis-bakimi productId=730514281 startPage=1
[2026-04-05T15:04:24.323Z] [INFO] [review agiz-dis-bakimi/497989464] page=1 +8 reviews (unique=8)
[2026-04-05T15:04:24.477Z] [INFO] 
[START REVIEW] category=agiz-dis-bakimi productId=597179674 startPage=1
[2026-04-05T15:04:24.512Z] [INFO] 
[START REVIEW] category=agiz-dis-bakimi productId=735964120 startPage=1
[2026-04-05T15:04:24.579Z] [INFO] [review agiz-dis-bakimi/730514281] page=1 +1 reviews (unique=1)
[2026-04-05T15:04:24.608Z] [INFO] [REVIEW SAVED] /mnt/c/Developer/Review_AI/scraper_project/raw_data/agiz-dis-bakimi/730514281_reviews.json
[2026-04-05T15:04:24.619Z] [INFO] 
[START REVIEW] category=agiz-dis-bakimi productId=593589104 startPage=1
[2026-04-05T15:04:24.649Z] [INFO] 
[REVIEW WORKER 8] starting agiz-dis-bakimi/504518433
[2026-04-05T15:04:24.769Z] [INFO] [review agiz-dis-bakimi/735964120] page=1 +8 reviews (unique=8)
[2026-04-05T15:04:24.858Z] [INFO] [review agiz-dis-bakimi/593589104] page=1 +8 reviews (unique=8)
[2026-04-05T15:04:24.910Z] [INFO] [review agiz-dis-bakimi/597179674] page=1 +5 reviews (unique=5)
[2026-04-05T15:04:24.933Z] [INFO] [REVIEW SAVED] /mnt/c/Developer/Review_AI/scraper_project/raw_data/agiz-dis-bakimi/597179674_reviews.json
[2026-04-05T15:04:24.953Z] [INFO] 
[REVIEW WORKER 4] starting agiz-dis-bakimi/597213293
[2026-04-05T15:04:25.031Z] [INFO] [review agiz-dis-bakimi/497989464] page=2 +8 reviews (unique=16)
[2026-04-05T15:04:25.373Z] [INFO] 
[START REVIEW] category=agiz-dis-bakimi productId=681647023 startPage=1
[2026-04-05T15:04:25.408Z] [INFO] [review agiz-dis-bakimi/735964120] page=2 +8 reviews (unique=16)
[2026-04-05T15:04:25.482Z] [INFO] [review agiz-dis-bakimi/593589104] page=2 +8 reviews (unique=16)
[2026-04-05T15:04:25.700Z] [INFO] [review agiz-dis-bakimi/681647023] page=1 +6 reviews (unique=6)
[2026-04-05T15:04:25.744Z] [INFO] [REVIEW SAVED] /mnt/c/Developer/Review_AI/scraper_project/raw_data/agiz-dis-bakimi/681647023_reviews.json
[2026-04-05T15:04:25.764Z] [INFO] [review agiz-dis-bakimi/497989464] page=3 +8 reviews (unique=24)
[2026-04-05T15:04:25.799Z] [INFO] 
[REVIEW WORKER 9] starting agiz-dis-bakimi/285291636
[2026-04-05T15:04:26.171Z] [INFO] [review agiz-dis-bakimi/593589104] page=3 +8 reviews (unique=24)
[2026-04-05T15:04:26.217Z] [INFO] [review agiz-dis-bakimi/735964120] page=3 +8 reviews (unique=24)
[2026-04-05T15:04:26.526Z] [INFO] 
[START REVIEW] category=agiz-dis-bakimi productId=493593445 startPage=1
[2026-04-05T15:04:26.539Z] [INFO] [review agiz-dis-bakimi/497989464] page=4 +5 reviews (unique=29)
[2026-04-05T15:04:26.612Z] [INFO] [REVIEW SAVED] /mnt/c/Developer/Review_AI/scraper_project/raw_data/agiz-dis-bakimi/497989464_reviews.json
[2026-04-05T15:04:26.698Z] [INFO] 
[REVIEW WORKER 10] starting agiz-dis-bakimi/737442499
[2026-04-05T15:04:26.957Z] [INFO] 
[START REVIEW] category=agiz-dis-bakimi productId=729237351 startPage=1
[2026-04-05T15:04:27.009Z] [INFO] [review agiz-dis-bakimi/735964120] page=4 +7 reviews (unique=31)
[2026-04-05T15:04:27.480Z] [INFO] [REVIEW SAVED] /mnt/c/Developer/Review_AI/scraper_project/raw_data/agiz-dis-bakimi/735964120_reviews.json
[2026-04-05T15:04:27.516Z] [INFO] [review agiz-dis-bakimi/593589104] page=4 +8 reviews (unique=32)
[2026-04-05T15:04:27.675Z] [INFO] 
[REVIEW WORKER 7] starting agiz-dis-bakimi/593589273
[2026-04-05T15:04:27.933Z] [INFO] 
[START REVIEW] category=agiz-dis-bakimi productId=612157598 startPage=1
[2026-04-05T15:04:27.964Z] [INFO] [review agiz-dis-bakimi/493593445] page=1 +6 reviews (unique=6)
[2026-04-05T15:04:28.068Z] [INFO] [REVIEW SAVED] /mnt/c/Developer/Review_AI/scraper_project/raw_data/agiz-dis-bakimi/493593445_reviews.json
[2026-04-05T15:04:28.163Z] [INFO] 
[REVIEW WORKER 1] starting agiz-dis-bakimi/680890057
[2026-04-05T15:04:28.381Z] [INFO] [review agiz-dis-bakimi/729237351] page=1 +0 reviews (unique=0)
[2026-04-05T15:04:28.822Z] [INFO] [REVIEW SAVED] /mnt/c/Developer/Review_AI/scraper_project/raw_data/agiz-dis-bakimi/729237351_reviews.json
[2026-04-05T15:04:28.858Z] [INFO] [review agiz-dis-bakimi/593589104] page=5 +8 reviews (unique=40)
[2026-04-05T15:04:28.901Z] [INFO] [REVIEW PARTIAL SAVED] /mnt/c/Developer/Review_AI/scraper_project/raw_data/agiz-dis-bakimi/593589104_reviews.partial.json
[2026-04-05T15:04:28.922Z] [INFO] [review agiz-dis-bakimi/612157598] page=1 +5 reviews (unique=5)
[2026-04-05T15:04:28.969Z] [INFO] [REVIEW SAVED] /mnt/c/Developer/Review_AI/scraper_project/raw_data/agiz-dis-bakimi/612157598_reviews.json
[2026-04-05T15:04:28.993Z] [INFO] 
[REVIEW WORKER 6] starting agiz-dis-bakimi/588070321
[2026-04-05T15:04:29.010Z] [INFO] 
[REVIEW WORKER 5] starting agiz-dis-bakimi/610698170
[2026-04-05T15:04:29.305Z] [INFO] 
[START REVIEW] category=agiz-dis-bakimi productId=713773688 startPage=1
[2026-04-05T15:04:29.540Z] [INFO] [review agiz-dis-bakimi/593589104] page=6 +8 reviews (unique=48)
[2026-04-05T15:04:29.624Z] [INFO] [review agiz-dis-bakimi/713773688] page=1 +4 reviews (unique=4)
[2026-04-05T15:04:29.656Z] [INFO] [REVIEW SAVED] /mnt/c/Developer/Review_AI/scraper_project/raw_data/agiz-dis-bakimi/713773688_reviews.json
[2026-04-05T15:04:29.675Z] [INFO] 
[REVIEW WORKER 2] starting agiz-dis-bakimi/600699504
[2026-04-05T15:04:30.182Z] [INFO] 
[START REVIEW] category=agiz-dis-bakimi productId=597213293 startPage=1
[2026-04-05T15:04:30.190Z] [INFO] [review agiz-dis-bakimi/593589104] page=7 +4 reviews (unique=52)
[2026-04-05T15:04:30.223Z] [INFO] [REVIEW SAVED] /mnt/c/Developer/Review_AI/scraper_project/raw_data/agiz-dis-bakimi/593589104_reviews.json
[2026-04-05T15:04:30.235Z] [INFO] 
[START REVIEW] category=agiz-dis-bakimi productId=504518433 startPage=1
[2026-04-05T15:04:30.274Z] [INFO] 
[REVIEW WORKER 3] starting agiz-dis-bakimi/731162922
[2026-04-05T15:04:30.512Z] [INFO] [review agiz-dis-bakimi/597213293] page=1 +8 reviews (unique=8)
[2026-04-05T15:04:30.578Z] [INFO] [review agiz-dis-bakimi/504518433] page=1 +8 reviews (unique=8)
[2026-04-05T15:04:30.598Z] [INFO] [REVIEW SAVED] /mnt/c/Developer/Review_AI/scraper_project/raw_data/agiz-dis-bakimi/504518433_reviews.json
[2026-04-05T15:04:30.619Z] [INFO] 
[REVIEW WORKER 8] starting agiz-dis-bakimi/583567752
[2026-04-05T15:04:31.131Z] [INFO] [review agiz-dis-bakimi/597213293] page=2 +8 reviews (unique=16)
[2026-04-05T15:04:31.307Z] [INFO] 
[START REVIEW] category=agiz-dis-bakimi productId=285291636 startPage=1
[2026-04-05T15:04:31.971Z] [INFO] [review agiz-dis-bakimi/285291636] page=1 +1 reviews (unique=1)
[2026-04-05T15:04:32.065Z] [INFO] [REVIEW SAVED] /mnt/c/Developer/Review_AI/scraper_project/raw_data/agiz-dis-bakimi/285291636_reviews.json
[2026-04-05T15:04:32.130Z] [INFO] 
[REVIEW WORKER 9] starting agiz-dis-bakimi/569356943
[2026-04-05T15:04:32.329Z] [INFO] 
[START REVIEW] category=agiz-dis-bakimi productId=737442499 startPage=1
[2026-04-05T15:04:32.431Z] [INFO] [review agiz-dis-bakimi/597213293] page=3 +8 reviews (unique=24)
[2026-04-05T15:04:32.559Z] [INFO] 
[START REVIEW] category=agiz-dis-bakimi productId=593589273 startPage=1
[2026-04-05T15:04:32.852Z] [INFO] [review agiz-dis-bakimi/737442499] page=1 +0 reviews (unique=0)
[2026-04-05T15:04:32.910Z] [INFO] [REVIEW SAVED] /mnt/c/Developer/Review_AI/scraper_project/raw_data/agiz-dis-bakimi/737442499_reviews.json
[2026-04-05T15:04:32.953Z] [INFO] 
[REVIEW WORKER 10] starting agiz-dis-bakimi/730514184
[2026-04-05T15:04:33.222Z] [INFO] [review agiz-dis-bakimi/597213293] page=4 +8 reviews (unique=32)
[2026-04-05T15:04:33.378Z] [INFO] 
[START REVIEW] category=agiz-dis-bakimi productId=588070321 startPage=1
[2026-04-05T15:04:33.417Z] [INFO] [review agiz-dis-bakimi/593589273] page=1 +7 reviews (unique=7)
[2026-04-05T15:04:33.449Z] [INFO] [REVIEW SAVED] /mnt/c/Developer/Review_AI/scraper_project/raw_data/agiz-dis-bakimi/593589273_reviews.json
[2026-04-05T15:04:33.474Z] [INFO] 
[REVIEW WORKER 7] starting agiz-dis-bakimi/736803822
[2026-04-05T15:04:33.873Z] [INFO] [review agiz-dis-bakimi/597213293] page=5 +8 reviews (unique=40)
[2026-04-05T15:04:33.889Z] [INFO] [REVIEW PARTIAL SAVED] /mnt/c/Developer/Review_AI/scraper_project/raw_data/agiz-dis-bakimi/597213293_reviews.partial.json
[2026-04-05T15:04:34.335Z] [INFO] 
[START REVIEW] category=agiz-dis-bakimi productId=610698170 startPage=1
[2026-04-05T15:04:34.360Z] [INFO] 
[START REVIEW] category=agiz-dis-bakimi productId=680890057 startPage=1
[2026-04-05T15:04:34.623Z] [INFO] [review agiz-dis-bakimi/597213293] page=6 +8 reviews (unique=48)
[2026-04-05T15:04:34.646Z] [INFO] [review agiz-dis-bakimi/610698170] page=1 +3 reviews (unique=3)
[2026-04-05T15:04:34.678Z] [INFO] [REVIEW SAVED] /mnt/c/Developer/Review_AI/scraper_project/raw_data/agiz-dis-bakimi/610698170_reviews.json
[2026-04-05T15:04:34.714Z] [INFO] 
[START REVIEW] category=agiz-dis-bakimi productId=600699504 startPage=1
[2026-04-05T15:04:34.740Z] [INFO] 
[REVIEW WORKER 5] starting agiz-dis-bakimi/513238419
[2026-04-05T15:04:34.976Z] [INFO] [review agiz-dis-bakimi/680890057] page=1 +2 reviews (unique=2)
[2026-04-05T15:04:35.036Z] [INFO] [REVIEW SAVED] /mnt/c/Developer/Review_AI/scraper_project/raw_data/agiz-dis-bakimi/680890057_reviews.json
[2026-04-05T15:04:35.081Z] [INFO] 
[REVIEW WORKER 1] starting agiz-dis-bakimi/601972871
[2026-04-05T15:04:35.214Z] [INFO] 
[START REVIEW] category=agiz-dis-bakimi productId=731162922 startPage=1
[2026-04-05T15:04:35.353Z] [INFO] 
[START REVIEW] category=agiz-dis-bakimi productId=583567752 startPage=1
[2026-04-05T15:04:35.577Z] [INFO] [review agiz-dis-bakimi/597213293] page=7 +8 reviews (unique=56)
[2026-04-05T15:04:35.806Z] [INFO] [review agiz-dis-bakimi/600699504] page=1 +8 reviews (unique=8)
[2026-04-05T15:04:36.205Z] [INFO] [review agiz-dis-bakimi/731162922] page=1 +1 reviews (unique=1)
[2026-04-05T15:04:36.300Z] [INFO] [REVIEW SAVED] /mnt/c/Developer/Review_AI/scraper_project/raw_data/agiz-dis-bakimi/731162922_reviews.json
[2026-04-05T15:04:36.334Z] [INFO] [review agiz-dis-bakimi/583567752] page=1 +8 reviews (unique=8)
[2026-04-05T15:04:36.404Z] [INFO] [REVIEW SAVED] /mnt/c/Developer/Review_AI/scraper_project/raw_data/agiz-dis-bakimi/583567752_reviews.json
[2026-04-05T15:04:36.456Z] [INFO] 
[REVIEW WORKER 3] starting agiz-dis-bakimi/684926580
[2026-04-05T15:04:36.477Z] [INFO] 
[REVIEW WORKER 8] starting agiz-dis-bakimi/729960042
[2026-04-05T15:04:36.591Z] [INFO] [review agiz-dis-bakimi/597213293] page=8 +8 reviews (unique=64)
[2026-04-05T15:04:36.703Z] [INFO] [review agiz-dis-bakimi/588070321] page=1 +2 reviews (unique=2)
[2026-04-05T15:04:36.731Z] [INFO] [REVIEW SAVED] /mnt/c/Developer/Review_AI/scraper_project/raw_data/agiz-dis-bakimi/588070321_reviews.json
[2026-04-05T15:04:36.772Z] [INFO] [review agiz-dis-bakimi/600699504] page=2 +8 reviews (unique=16)
[2026-04-05T15:04:36.811Z] [INFO] 
[REVIEW WORKER 6] starting agiz-dis-bakimi/729237373
[2026-04-05T15:04:37.117Z] [INFO] 
[START REVIEW] category=agiz-dis-bakimi productId=569356943 startPage=1
[2026-04-05T15:04:37.224Z] [INFO] [review agiz-dis-bakimi/597213293] page=9 +8 reviews (unique=72)
[2026-04-05T15:04:37.343Z] [INFO] [review agiz-dis-bakimi/569356943] page=1 +8 reviews (unique=8)
[2026-04-05T15:04:37.435Z] [INFO] [review agiz-dis-bakimi/600699504] page=3 +8 reviews (unique=24)
[2026-04-05T15:04:37.943Z] [INFO] [review agiz-dis-bakimi/597213293] page=10 +8 reviews (unique=80)
[2026-04-05T15:04:37.956Z] [INFO] [REVIEW PARTIAL SAVED] /mnt/c/Developer/Review_AI/scraper_project/raw_data/agiz-dis-bakimi/597213293_reviews.partial.json
[2026-04-05T15:04:37.973Z] [INFO] 
[START REVIEW] category=agiz-dis-bakimi productId=730514184 startPage=1
[2026-04-05T15:04:38.080Z] [INFO] [review agiz-dis-bakimi/569356943] page=2 +8 reviews (unique=16)
[2026-04-05T15:04:38.360Z] [INFO] 
[START REVIEW] category=agiz-dis-bakimi productId=736803822 startPage=1
[2026-04-05T15:04:38.630Z] [INFO] [review agiz-dis-bakimi/600699504] page=4 +6 reviews (unique=30)
[2026-04-05T15:04:38.662Z] [INFO] [REVIEW SAVED] /mnt/c/Developer/Review_AI/scraper_project/raw_data/agiz-dis-bakimi/600699504_reviews.json
[2026-04-05T15:04:38.688Z] [INFO] 
[REVIEW WORKER 2] starting agiz-dis-bakimi/639849960
[2026-04-05T15:04:38.801Z] [INFO] [review agiz-dis-bakimi/730514184] page=1 +8 reviews (unique=8)
[2026-04-05T15:04:39.045Z] [INFO] [review agiz-dis-bakimi/597213293] page=11 +8 reviews (unique=88)
[2026-04-05T15:04:39.071Z] [INFO] [review agiz-dis-bakimi/569356943] page=3 +8 reviews (unique=24)
[2026-04-05T15:04:39.099Z] [INFO] [review agiz-dis-bakimi/736803822] page=1 +8 reviews (unique=8)
[2026-04-05T15:04:39.229Z] [INFO] 
[START REVIEW] category=agiz-dis-bakimi productId=513238419 startPage=1
[2026-04-05T15:04:39.613Z] [INFO] [review agiz-dis-bakimi/730514184] page=2 +6 reviews (unique=14)
[2026-04-05T15:04:39.643Z] [INFO] [REVIEW SAVED] /mnt/c/Developer/Review_AI/scraper_project/raw_data/agiz-dis-bakimi/730514184_reviews.json
[2026-04-05T15:04:39.677Z] [INFO] 
[REVIEW WORKER 10] starting agiz-dis-bakimi/732417704
[2026-04-05T15:04:39.705Z] [INFO] [review agiz-dis-bakimi/597213293] page=12 +8 reviews (unique=96)
[2026-04-05T15:04:39.761Z] [INFO] [review agiz-dis-bakimi/569356943] page=4 +3 reviews (unique=27)
[2026-04-05T15:04:39.786Z] [INFO] [REVIEW SAVED] /mnt/c/Developer/Review_AI/scraper_project/raw_data/agiz-dis-bakimi/569356943_reviews.json
[2026-04-05T15:04:39.803Z] [INFO] [review agiz-dis-bakimi/513238419] page=1 +8 reviews (unique=8)
[2026-04-05T15:04:39.818Z] [INFO] [review agiz-dis-bakimi/736803822] page=2 +8 reviews (unique=16)
[2026-04-05T15:04:39.833Z] [INFO] 
[REVIEW WORKER 9] starting agiz-dis-bakimi/602736994
[2026-04-05T15:04:39.984Z] [INFO] 
[START REVIEW] category=agiz-dis-bakimi productId=601972871 startPage=1
[2026-04-05T15:04:40.274Z] [INFO] [review agiz-dis-bakimi/601972871] page=1 +8 reviews (unique=8)
[2026-04-05T15:04:40.417Z] [INFO] [review agiz-dis-bakimi/597213293] page=13 +8 reviews (unique=104)
[2026-04-05T15:04:40.444Z] [INFO] [review agiz-dis-bakimi/736803822] page=3 +8 reviews (unique=24)
[2026-04-05T15:04:40.602Z] [INFO] [review agiz-dis-bakimi/513238419] page=2 +8 reviews (unique=16)
[2026-04-05T15:04:41.016Z] [INFO] [review agiz-dis-bakimi/601972871] page=2 +5 reviews (unique=13)
[2026-04-05T15:04:41.057Z] [INFO] [REVIEW SAVED] /mnt/c/Developer/Review_AI/scraper_project/raw_data/agiz-dis-bakimi/601972871_reviews.json
[2026-04-05T15:04:41.076Z] [INFO] [review agiz-dis-bakimi/597213293] page=14 +8 reviews (unique=112)
[2026-04-05T15:04:41.111Z] [INFO] 
[REVIEW WORKER 1] starting agiz-dis-bakimi/588994475
[2026-04-05T15:04:41.156Z] [INFO] [review agiz-dis-bakimi/736803822] page=4 +8 reviews (unique=32)
[2026-04-05T15:04:41.354Z] [INFO] [review agiz-dis-bakimi/513238419] page=3 +8 reviews (unique=24)
[2026-04-05T15:04:41.998Z] [INFO] 
[START REVIEW] category=agiz-dis-bakimi productId=684926580 startPage=1
[2026-04-05T15:04:42.062Z] [INFO] 
[START REVIEW] category=agiz-dis-bakimi productId=729960042 startPage=1
[2026-04-05T15:04:42.406Z] [INFO] [review agiz-dis-bakimi/597213293] page=15 +8 reviews (unique=120)
[2026-04-05T15:04:42.449Z] [INFO] [REVIEW PARTIAL SAVED] /mnt/c/Developer/Review_AI/scraper_project/raw_data/agiz-dis-bakimi/597213293_reviews.partial.json
[2026-04-05T15:04:42.461Z] [INFO] [review agiz-dis-bakimi/736803822] page=5 +8 reviews (unique=40)
[2026-04-05T15:04:42.503Z] [INFO] [REVIEW PARTIAL SAVED] /mnt/c/Developer/Review_AI/scraper_project/raw_data/agiz-dis-bakimi/736803822_reviews.partial.json
[2026-04-05T15:04:42.538Z] [INFO] 
[START REVIEW] category=agiz-dis-bakimi productId=729237373 startPage=1
[2026-04-05T15:04:42.656Z] [INFO] [review agiz-dis-bakimi/513238419] page=4 +8 reviews (unique=32)
[2026-04-05T15:04:43.268Z] [INFO] [review agiz-dis-bakimi/684926580] page=1 +2 reviews (unique=2)
[2026-04-05T15:04:43.452Z] [INFO] [REVIEW SAVED] /mnt/c/Developer/Review_AI/scraper_project/raw_data/agiz-dis-bakimi/684926580_reviews.json
[2026-04-05T15:04:43.516Z] [INFO] [review agiz-dis-bakimi/736803822] page=6 +8 reviews (unique=48)
[2026-04-05T15:04:43.568Z] [INFO] [review agiz-dis-bakimi/729960042] page=1 +0 reviews (unique=0)
[2026-04-05T15:04:43.646Z] [INFO] [REVIEW SAVED] /mnt/c/Developer/Review_AI/scraper_project/raw_data/agiz-dis-bakimi/729960042_reviews.json
[2026-04-05T15:04:43.676Z] [INFO] [review agiz-dis-bakimi/597213293] page=16 +5 reviews (unique=125)
[2026-04-05T15:04:43.879Z] [INFO] [REVIEW SAVED] /mnt/c/Developer/Review_AI/scraper_project/raw_data/agiz-dis-bakimi/597213293_reviews.json
[2026-04-05T15:04:43.918Z] [INFO] [review agiz-dis-bakimi/513238419] page=5 +8 reviews (unique=40)
[2026-04-05T15:04:44.002Z] [INFO] [REVIEW PARTIAL SAVED] /mnt/c/Developer/Review_AI/scraper_project/raw_data/agiz-dis-bakimi/513238419_reviews.partial.json
[2026-04-05T15:04:44.077Z] [INFO] 
[REVIEW WORKER 3] starting agiz-dis-bakimi/731124549
[2026-04-05T15:04:44.197Z] [INFO] [review agiz-dis-bakimi/729237373] page=1 +0 reviews (unique=0)
[2026-04-05T15:04:44.305Z] [INFO] [REVIEW SAVED] /mnt/c/Developer/Review_AI/scraper_project/raw_data/agiz-dis-bakimi/729237373_reviews.json
[2026-04-05T15:04:44.327Z] [INFO] 
[REVIEW WORKER 8] starting agiz-dis-bakimi/472096886
[2026-04-05T15:04:44.375Z] [INFO] 
[REVIEW WORKER 4] starting agiz-dis-bakimi/732956072
[2026-04-05T15:04:44.408Z] [INFO] 
[START REVIEW] category=agiz-dis-bakimi productId=639849960 startPage=1
[2026-04-05T15:04:44.437Z] [INFO] 
[REVIEW WORKER 6] starting agiz-dis-bakimi/583291742
[2026-04-05T15:04:44.553Z] [INFO] [review agiz-dis-bakimi/736803822] page=7 +8 reviews (unique=56)
[2026-04-05T15:04:44.783Z] [INFO] [review agiz-dis-bakimi/513238419] page=6 +8 reviews (unique=48)
[2026-04-05T15:04:44.885Z] [INFO] [review agiz-dis-bakimi/639849960] page=1 +8 reviews (unique=8)
[2026-04-05T15:04:45.166Z] [INFO] [review agiz-dis-bakimi/736803822] page=8 +5 reviews (unique=61)
[2026-04-05T15:04:45.183Z] [INFO] [REVIEW SAVED] /mnt/c/Developer/Review_AI/scraper_project/raw_data/agiz-dis-bakimi/736803822_reviews.json
[2026-04-05T15:04:45.202Z] [INFO] 
[REVIEW WORKER 7] starting agiz-dis-bakimi/735543277
[2026-04-05T15:04:45.407Z] [INFO] [review agiz-dis-bakimi/513238419] page=7 +8 reviews (unique=56)
[2026-04-05T15:04:45.612Z] [INFO] [review agiz-dis-bakimi/639849960] page=2 +8 reviews (unique=16)
[2026-04-05T15:04:45.627Z] [INFO] 
[START REVIEW] category=agiz-dis-bakimi productId=602736994 startPage=1
[2026-04-05T15:04:45.682Z] [INFO] 
[START REVIEW] category=agiz-dis-bakimi productId=732417704 startPage=1
[2026-04-05T15:04:45.882Z] [INFO] [review agiz-dis-bakimi/602736994] page=1 +8 reviews (unique=8)
[2026-04-05T15:04:46.004Z] [INFO] [review agiz-dis-bakimi/732417704] page=1 +8 reviews (unique=8)
[2026-04-05T15:04:46.103Z] [INFO] [review agiz-dis-bakimi/513238419] page=8 +8 reviews (unique=64)
[2026-04-05T15:04:46.236Z] [INFO] [review agiz-dis-bakimi/639849960] page=3 +8 reviews (unique=24)
[2026-04-05T15:04:46.548Z] [INFO] 
[START REVIEW] category=agiz-dis-bakimi productId=588994475 startPage=1
[2026-04-05T15:04:46.707Z] [INFO] [review agiz-dis-bakimi/602736994] page=2 +8 reviews (unique=16)
[2026-04-05T15:04:46.968Z] [INFO] [review agiz-dis-bakimi/513238419] page=9 +8 reviews (unique=72)
[2026-04-05T15:04:47.020Z] [INFO] [review agiz-dis-bakimi/588994475] page=1 +8 reviews (unique=8)
[2026-04-05T15:04:47.045Z] [INFO] [review agiz-dis-bakimi/639849960] page=4 +8 reviews (unique=32)
[2026-04-05T15:04:47.093Z] [INFO] [review agiz-dis-bakimi/732417704] page=2 +8 reviews (unique=16)
[2026-04-05T15:04:47.729Z] [INFO] [review agiz-dis-bakimi/602736994] page=3 +8 reviews (unique=24)
[2026-04-05T15:04:47.886Z] [INFO] [review agiz-dis-bakimi/588994475] page=2 +8 reviews (unique=16)
[2026-04-05T15:04:48.124Z] [INFO] [review agiz-dis-bakimi/732417704] page=3 +8 reviews (unique=24)
[2026-04-05T15:04:48.255Z] [INFO] [review agiz-dis-bakimi/513238419] page=10 +8 reviews (unique=80)
[2026-04-05T15:04:48.297Z] [INFO] [REVIEW PARTIAL SAVED] /mnt/c/Developer/Review_AI/scraper_project/raw_data/agiz-dis-bakimi/513238419_reviews.partial.json
[2026-04-05T15:04:48.315Z] [INFO] [review agiz-dis-bakimi/639849960] page=5 +8 reviews (unique=40)
[2026-04-05T15:04:48.340Z] [INFO] [REVIEW PARTIAL SAVED] /mnt/c/Developer/Review_AI/scraper_project/raw_data/agiz-dis-bakimi/639849960_reviews.partial.json
[2026-04-05T15:04:48.826Z] [INFO] [review agiz-dis-bakimi/588994475] page=3 +8 reviews (unique=24)
[2026-04-05T15:04:48.841Z] [INFO] [review agiz-dis-bakimi/602736994] page=4 +8 reviews (unique=32)
[2026-04-05T15:04:48.853Z] [INFO] [review agiz-dis-bakimi/732417704] page=4 +8 reviews (unique=32)
[2026-04-05T15:04:49.057Z] [INFO] [review agiz-dis-bakimi/639849960] page=6 +8 reviews (unique=48)
[2026-04-05T15:04:49.084Z] [INFO] [review agiz-dis-bakimi/513238419] page=11 +8 reviews (unique=88)
[2026-04-05T15:04:49.350Z] [INFO] 
[START REVIEW] category=agiz-dis-bakimi productId=731124549 startPage=1
[2026-04-05T15:04:49.363Z] [INFO] 
[START REVIEW] category=agiz-dis-bakimi productId=472096886 startPage=1
[2026-04-05T15:04:49.372Z] [INFO] 
[START REVIEW] category=agiz-dis-bakimi productId=732956072 startPage=1
[2026-04-05T15:04:49.472Z] [INFO] [review agiz-dis-bakimi/588994475] page=4 +8 reviews (unique=32)
[2026-04-05T15:04:49.504Z] [INFO] [review agiz-dis-bakimi/602736994] page=5 +8 reviews (unique=40)
[2026-04-05T15:04:49.526Z] [INFO] [REVIEW PARTIAL SAVED] /mnt/c/Developer/Review_AI/scraper_project/raw_data/agiz-dis-bakimi/602736994_reviews.partial.json
[2026-04-05T15:04:49.557Z] [INFO] 
[START REVIEW] category=agiz-dis-bakimi productId=583291742 startPage=1
[2026-04-05T15:04:49.565Z] [INFO] [review agiz-dis-bakimi/732417704] page=5 +8 reviews (unique=40)
[2026-04-05T15:04:49.581Z] [INFO] [REVIEW PARTIAL SAVED] /mnt/c/Developer/Review_AI/scraper_project/raw_data/agiz-dis-bakimi/732417704_reviews.partial.json
[2026-04-05T15:04:49.623Z] [INFO] [review agiz-dis-bakimi/732956072] page=1 +0 reviews (unique=0)
[2026-04-05T15:04:49.646Z] [INFO] [REVIEW SAVED] /mnt/c/Developer/Review_AI/scraper_project/raw_data/agiz-dis-bakimi/732956072_reviews.json
[2026-04-05T15:04:49.658Z] [INFO] [review agiz-dis-bakimi/731124549] page=1 +1 reviews (unique=1)
[2026-04-05T15:04:49.682Z] [INFO] [REVIEW SAVED] /mnt/c/Developer/Review_AI/scraper_project/raw_data/agiz-dis-bakimi/731124549_reviews.json
[2026-04-05T15:04:49.690Z] [INFO] [review agiz-dis-bakimi/472096886] page=1 +8 reviews (unique=8)
[2026-04-05T15:04:49.719Z] [INFO] 
[REVIEW WORKER 4] starting agiz-dis-bakimi/733771264
[2026-04-05T15:04:49.753Z] [INFO] [review agiz-dis-bakimi/513238419] page=12 +8 reviews (unique=96)
[2026-04-05T15:04:49.768Z] [INFO] [review agiz-dis-bakimi/639849960] page=7 +5 reviews (unique=53)
[2026-04-05T15:04:49.795Z] [INFO] [REVIEW SAVED] /mnt/c/Developer/Review_AI/scraper_project/raw_data/agiz-dis-bakimi/639849960_reviews.json
[2026-04-05T15:04:49.805Z] [INFO] 
[REVIEW WORKER 3] starting agiz-dis-bakimi/725986971
[2026-04-05T15:04:49.865Z] [INFO] 
[REVIEW WORKER 2] starting agiz-dis-bakimi/620465338
[2026-04-05T15:04:49.991Z] [INFO] 
[START REVIEW] category=agiz-dis-bakimi productId=735543277 startPage=1
[2026-04-05T15:04:50.005Z] [INFO] [review agiz-dis-bakimi/583291742] page=1 +8 reviews (unique=8)
[2026-04-05T15:04:50.036Z] [INFO] [REVIEW SAVED] /mnt/c/Developer/Review_AI/scraper_project/raw_data/agiz-dis-bakimi/583291742_reviews.json
[2026-04-05T15:04:50.071Z] [INFO] 
[REVIEW WORKER 6] starting agiz-dis-bakimi/723617347
[2026-04-05T15:04:50.164Z] [INFO] [review agiz-dis-bakimi/588994475] page=5 +8 reviews (unique=40)
[2026-04-05T15:04:50.177Z] [INFO] [REVIEW PARTIAL SAVED] /mnt/c/Developer/Review_AI/scraper_project/raw_data/agiz-dis-bakimi/588994475_reviews.partial.json
[2026-04-05T15:04:50.193Z] [INFO] [review agiz-dis-bakimi/602736994] page=6 +8 reviews (unique=48)
[2026-04-05T15:04:50.223Z] [INFO] [review agiz-dis-bakimi/732417704] page=6 +8 reviews (unique=48)
[2026-04-05T15:04:50.283Z] [INFO] [review agiz-dis-bakimi/735543277] page=1 +8 reviews (unique=8)
[2026-04-05T15:04:50.366Z] [INFO] [review agiz-dis-bakimi/513238419] page=13 +8 reviews (unique=104)
[2026-04-05T15:04:50.418Z] [INFO] [review agiz-dis-bakimi/472096886] page=2 +8 reviews (unique=16)
[2026-04-05T15:04:50.776Z] [INFO] [review agiz-dis-bakimi/602736994] page=7 +8 reviews (unique=56)
[2026-04-05T15:04:50.809Z] [INFO] [review agiz-dis-bakimi/588994475] page=6 +8 reviews (unique=48)
[2026-04-05T15:04:50.936Z] [INFO] [review agiz-dis-bakimi/732417704] page=7 +8 reviews (unique=56)
[2026-04-05T15:04:50.963Z] [INFO] [review agiz-dis-bakimi/735543277] page=2 +8 reviews (unique=16)
[2026-04-05T15:04:51.056Z] [INFO] [review agiz-dis-bakimi/513238419] page=14 +8 reviews (unique=112)
[2026-04-05T15:04:51.080Z] [INFO] [review agiz-dis-bakimi/472096886] page=3 +8 reviews (unique=24)
[2026-04-05T15:04:51.402Z] [INFO] [review agiz-dis-bakimi/602736994] page=8 +8 reviews (unique=64)
[2026-04-05T15:04:51.430Z] [INFO] [review agiz-dis-bakimi/588994475] page=7 +8 reviews (unique=56)
[2026-04-05T15:04:51.623Z] [INFO] [review agiz-dis-bakimi/735543277] page=3 +8 reviews (unique=24)
[2026-04-05T15:04:51.654Z] [INFO] [review agiz-dis-bakimi/732417704] page=8 +8 reviews (unique=64)
[2026-04-05T15:04:51.671Z] [INFO] [review agiz-dis-bakimi/513238419] page=15 +8 reviews (unique=120)
[2026-04-05T15:04:51.680Z] [INFO] [REVIEW PARTIAL SAVED] /mnt/c/Developer/Review_AI/scraper_project/raw_data/agiz-dis-bakimi/513238419_reviews.partial.json
[2026-04-05T15:04:51.768Z] [INFO] [review agiz-dis-bakimi/472096886] page=4 +8 reviews (unique=32)
[2026-04-05T15:04:52.019Z] [INFO] [review agiz-dis-bakimi/602736994] page=9 +8 reviews (unique=72)
[2026-04-05T15:04:52.200Z] [INFO] [review agiz-dis-bakimi/588994475] page=8 +8 reviews (unique=64)
[2026-04-05T15:04:52.282Z] [INFO] [review agiz-dis-bakimi/732417704] page=9 +8 reviews (unique=72)
[2026-04-05T15:04:52.291Z] [INFO] [review agiz-dis-bakimi/735543277] page=4 +4 reviews (unique=28)
[2026-04-05T15:04:52.305Z] [INFO] [REVIEW SAVED] /mnt/c/Developer/Review_AI/scraper_project/raw_data/agiz-dis-bakimi/735543277_reviews.json
[2026-04-05T15:04:52.322Z] [INFO] 
[REVIEW WORKER 7] starting agiz-dis-bakimi/660992806
[2026-04-05T15:04:52.345Z] [INFO] [review agiz-dis-bakimi/513238419] page=16 +2 reviews (unique=122)
[2026-04-05T15:04:52.369Z] [INFO] [REVIEW SAVED] /mnt/c/Developer/Review_AI/scraper_project/raw_data/agiz-dis-bakimi/513238419_reviews.json
[2026-04-05T15:04:52.431Z] [INFO] 
[REVIEW WORKER 5] starting agiz-dis-bakimi/734737384
[2026-04-05T15:04:52.556Z] [INFO] [review agiz-dis-bakimi/472096886] page=5 +8 reviews (unique=40)
[2026-04-05T15:04:52.582Z] [INFO] [REVIEW PARTIAL SAVED] /mnt/c/Developer/Review_AI/scraper_project/raw_data/agiz-dis-bakimi/472096886_reviews.partial.json
[2026-04-05T15:04:52.728Z] [INFO] [review agiz-dis-bakimi/602736994] page=10 +6 reviews (unique=78)
[2026-04-05T15:04:52.759Z] [INFO] [REVIEW PARTIAL SAVED] /mnt/c/Developer/Review_AI/scraper_project/raw_data/agiz-dis-bakimi/602736994_reviews.partial.json
[2026-04-05T15:04:52.792Z] [INFO] [REVIEW SAVED] /mnt/c/Developer/Review_AI/scraper_project/raw_data/agiz-dis-bakimi/602736994_reviews.json
[2026-04-05T15:04:52.830Z] [INFO] 
[REVIEW WORKER 9] starting agiz-dis-bakimi/730768715
[2026-04-05T15:04:52.989Z] [INFO] [review agiz-dis-bakimi/588994475] page=9 +8 reviews (unique=72)
[2026-04-05T15:04:53.060Z] [INFO] [review agiz-dis-bakimi/732417704] page=10 +8 reviews (unique=80)
[2026-04-05T15:04:53.079Z] [INFO] [REVIEW PARTIAL SAVED] /mnt/c/Developer/Review_AI/scraper_project/raw_data/agiz-dis-bakimi/732417704_reviews.partial.json
[2026-04-05T15:04:53.230Z] [INFO] [review agiz-dis-bakimi/472096886] page=6 +8 reviews (unique=48)
[2026-04-05T15:04:53.718Z] [INFO] [review agiz-dis-bakimi/732417704] page=11 +8 reviews (unique=88)
[2026-04-05T15:04:53.730Z] [INFO] [review agiz-dis-bakimi/588994475] page=10 +8 reviews (unique=80)
[2026-04-05T15:04:53.742Z] [INFO] [REVIEW PARTIAL SAVED] /mnt/c/Developer/Review_AI/scraper_project/raw_data/agiz-dis-bakimi/588994475_reviews.partial.json
[2026-04-05T15:04:53.936Z] [INFO] [review agiz-dis-bakimi/472096886] page=7 +8 reviews (unique=56)
[2026-04-05T15:04:54.046Z] [INFO] 
[START REVIEW] category=agiz-dis-bakimi productId=733771264 startPage=1
[2026-04-05T15:04:54.060Z] [INFO] 
[START REVIEW] category=agiz-dis-bakimi productId=725986971 startPage=1
[2026-04-05T15:04:54.081Z] [INFO] 
[START REVIEW] category=agiz-dis-bakimi productId=620465338 startPage=1
[2026-04-05T15:04:54.266Z] [INFO] 
[START REVIEW] category=agiz-dis-bakimi productId=723617347 startPage=1
[2026-04-05T15:04:54.278Z] [INFO] [review agiz-dis-bakimi/733771264] page=1 +0 reviews (unique=0)
[2026-04-05T15:04:54.301Z] [INFO] [REVIEW SAVED] /mnt/c/Developer/Review_AI/scraper_project/raw_data/agiz-dis-bakimi/733771264_reviews.json
[2026-04-05T15:04:54.307Z] [INFO] [review agiz-dis-bakimi/725986971] page=1 +0 reviews (unique=0)
[2026-04-05T15:04:54.326Z] [INFO] [REVIEW SAVED] /mnt/c/Developer/Review_AI/scraper_project/raw_data/agiz-dis-bakimi/725986971_reviews.json
[2026-04-05T15:04:54.352Z] [INFO] 
[REVIEW WORKER 4] starting agiz-dis-bakimi/724215437
[2026-04-05T15:04:54.359Z] [INFO] 
[REVIEW WORKER 3] starting agiz-dis-bakimi/604942949
[2026-04-05T15:04:54.391Z] [INFO] [review agiz-dis-bakimi/588994475] page=11 +7 reviews (unique=87)
[2026-04-05T15:04:54.416Z] [INFO] [REVIEW SAVED] /mnt/c/Developer/Review_AI/scraper_project/raw_data/agiz-dis-bakimi/588994475_reviews.json
[2026-04-05T15:04:54.423Z] [INFO] [review agiz-dis-bakimi/620465338] page=1 +3 reviews (unique=3)
[2026-04-05T15:04:54.441Z] [INFO] [REVIEW SAVED] /mnt/c/Developer/Review_AI/scraper_project/raw_data/agiz-dis-bakimi/620465338_reviews.json
[2026-04-05T15:04:54.444Z] [INFO] [review agiz-dis-bakimi/732417704] page=12 +6 reviews (unique=94)
[2026-04-05T15:04:54.460Z] [INFO] [REVIEW SAVED] /mnt/c/Developer/Review_AI/scraper_project/raw_data/agiz-dis-bakimi/732417704_reviews.json
[2026-04-05T15:04:54.531Z] [INFO] 
[REVIEW WORKER 1] starting agiz-dis-bakimi/677141431
[2026-04-05T15:04:54.549Z] [INFO] 
[REVIEW WORKER 2] starting agiz-dis-bakimi/688632743
[2026-04-05T15:04:54.568Z] [INFO] 
[REVIEW WORKER 10] starting agiz-dis-bakimi/632296509
[2026-04-05T15:04:54.630Z] [INFO] [review agiz-dis-bakimi/472096886] page=8 +8 reviews (unique=64)
[2026-04-05T15:04:54.774Z] [INFO] [review agiz-dis-bakimi/723617347] page=1 +8 reviews (unique=8)
[2026-04-05T15:04:55.336Z] [INFO] [review agiz-dis-bakimi/472096886] page=9 +8 reviews (unique=72)
[2026-04-05T15:04:55.538Z] [INFO] [review agiz-dis-bakimi/723617347] page=2 +8 reviews (unique=16)
[2026-04-05T15:04:56.150Z] [INFO] [review agiz-dis-bakimi/472096886] page=10 +8 reviews (unique=80)
[2026-04-05T15:04:56.217Z] [INFO] [REVIEW PARTIAL SAVED] /mnt/c/Developer/Review_AI/scraper_project/raw_data/agiz-dis-bakimi/472096886_reviews.partial.json
[2026-04-05T15:04:56.377Z] [INFO] [review agiz-dis-bakimi/723617347] page=3 +8 reviews (unique=24)
[2026-04-05T15:04:56.945Z] [INFO] 
[START REVIEW] category=agiz-dis-bakimi productId=734737384 startPage=1
[2026-04-05T15:04:57.054Z] [INFO] 
[START REVIEW] category=agiz-dis-bakimi productId=660992806 startPage=1
[2026-04-05T15:04:57.223Z] [INFO] 
[START REVIEW] category=agiz-dis-bakimi productId=730768715 startPage=1
[2026-04-05T15:04:57.250Z] [INFO] [review agiz-dis-bakimi/472096886] page=11 +8 reviews (unique=88)
[2026-04-05T15:04:57.348Z] [INFO] [review agiz-dis-bakimi/723617347] page=4 +8 reviews (unique=32)
[2026-04-05T15:04:57.419Z] [INFO] [review agiz-dis-bakimi/734737384] page=1 +0 reviews (unique=0)
[2026-04-05T15:04:57.485Z] [INFO] [REVIEW SAVED] /mnt/c/Developer/Review_AI/scraper_project/raw_data/agiz-dis-bakimi/734737384_reviews.json
[2026-04-05T15:04:57.541Z] [INFO] 
[REVIEW WORKER 5] starting agiz-dis-bakimi/732159468
[2026-04-05T15:04:57.601Z] [INFO] [review agiz-dis-bakimi/660992806] page=1 +2 reviews (unique=2)
[2026-04-05T15:04:57.674Z] [INFO] [REVIEW SAVED] /mnt/c/Developer/Review_AI/scraper_project/raw_data/agiz-dis-bakimi/660992806_reviews.json
[2026-04-05T15:04:57.760Z] [INFO] [review agiz-dis-bakimi/730768715] page=1 +0 reviews (unique=0)
[2026-04-05T15:04:57.913Z] [INFO] [REVIEW SAVED] /mnt/c/Developer/Review_AI/scraper_project/raw_data/agiz-dis-bakimi/730768715_reviews.json
[2026-04-05T15:04:58.025Z] [INFO] 
[REVIEW WORKER 7] starting agiz-dis-bakimi/681656721
[2026-04-05T15:04:58.103Z] [INFO] 
[REVIEW WORKER 9] starting agiz-dis-bakimi/729740970
[2026-04-05T15:04:58.269Z] [INFO] [review agiz-dis-bakimi/472096886] page=12 +8 reviews (unique=96)
[2026-04-05T15:04:58.543Z] [INFO] [review agiz-dis-bakimi/723617347] page=5 +8 reviews (unique=40)
[2026-04-05T15:04:58.563Z] [INFO] [REVIEW PARTIAL SAVED] /mnt/c/Developer/Review_AI/scraper_project/raw_data/agiz-dis-bakimi/723617347_reviews.partial.json
[2026-04-05T15:04:58.924Z] [INFO] [review agiz-dis-bakimi/472096886] page=13 +8 reviews (unique=104)
[2026-04-05T15:04:59.284Z] [INFO] [review agiz-dis-bakimi/723617347] page=6 +8 reviews (unique=48)
[2026-04-05T15:04:59.694Z] [INFO] [review agiz-dis-bakimi/472096886] page=14 +8 reviews (unique=112)
[2026-04-05T15:04:59.881Z] [INFO] 
[START REVIEW] category=agiz-dis-bakimi productId=688632743 startPage=1
[2026-04-05T15:04:59.908Z] [INFO] 
[START REVIEW] category=agiz-dis-bakimi productId=604942949 startPage=1
[2026-04-05T15:04:59.923Z] [INFO] 
[START REVIEW] category=agiz-dis-bakimi productId=677141431 startPage=1
[2026-04-05T15:04:59.945Z] [INFO] 
[START REVIEW] category=agiz-dis-bakimi productId=724215437 startPage=1
[2026-04-05T15:05:00.059Z] [INFO] [review agiz-dis-bakimi/723617347] page=7 +1 reviews (unique=49)
[2026-04-05T15:05:00.089Z] [INFO] [REVIEW SAVED] /mnt/c/Developer/Review_AI/scraper_project/raw_data/agiz-dis-bakimi/723617347_reviews.json
[2026-04-05T15:05:00.124Z] [INFO] 
[REVIEW WORKER 6] starting agiz-dis-bakimi/732744122
[2026-04-05T15:05:00.172Z] [INFO] 
[START REVIEW] category=agiz-dis-bakimi productId=632296509 startPage=1
[2026-04-05T15:05:00.225Z] [INFO] [review agiz-dis-bakimi/724215437] page=1 +0 reviews (unique=0)
[2026-04-05T15:05:00.260Z] [INFO] [REVIEW SAVED] /mnt/c/Developer/Review_AI/scraper_project/raw_data/agiz-dis-bakimi/724215437_reviews.json
[2026-04-05T15:05:00.272Z] [INFO] [review agiz-dis-bakimi/604942949] page=1 +4 reviews (unique=4)
[2026-04-05T15:05:00.302Z] [INFO] [REVIEW SAVED] /mnt/c/Developer/Review_AI/scraper_project/raw_data/agiz-dis-bakimi/604942949_reviews.json
[2026-04-05T15:05:00.311Z] [INFO] [review agiz-dis-bakimi/677141431] page=1 +0 reviews (unique=0)
[2026-04-05T15:05:00.385Z] [INFO] [REVIEW SAVED] /mnt/c/Developer/Review_AI/scraper_project/raw_data/agiz-dis-bakimi/677141431_reviews.json
[2026-04-05T15:05:00.393Z] [INFO] [review agiz-dis-bakimi/688632743] page=1 +1 reviews (unique=1)
[2026-04-05T15:05:00.443Z] [INFO] [REVIEW SAVED] /mnt/c/Developer/Review_AI/scraper_project/raw_data/agiz-dis-bakimi/688632743_reviews.json
[2026-04-05T15:05:00.462Z] [INFO] [review agiz-dis-bakimi/472096886] page=15 +8 reviews (unique=120)
[2026-04-05T15:05:00.495Z] [INFO] [REVIEW PARTIAL SAVED] /mnt/c/Developer/Review_AI/scraper_project/raw_data/agiz-dis-bakimi/472096886_reviews.partial.json
[2026-04-05T15:05:00.524Z] [INFO] 
[REVIEW WORKER 3] starting agiz-dis-bakimi/593552343
[2026-04-05T15:05:00.541Z] [INFO] 
[REVIEW WORKER 4] starting agiz-dis-bakimi/591003534
[2026-04-05T15:05:00.558Z] [INFO] 
[REVIEW WORKER 1] starting agiz-dis-bakimi/633156042
[2026-04-05T15:05:00.576Z] [INFO] 
[REVIEW WORKER 2] starting agiz-dis-bakimi/584965120
[2026-04-05T15:05:00.650Z] [INFO] [review agiz-dis-bakimi/632296509] page=1 +0 reviews (unique=0)
[2026-04-05T15:05:00.674Z] [INFO] [REVIEW SAVED] /mnt/c/Developer/Review_AI/scraper_project/raw_data/agiz-dis-bakimi/632296509_reviews.json
[2026-04-05T15:05:00.859Z] [INFO] 
[REVIEW WORKER 10] starting agiz-dis-bakimi/708030221
[2026-04-05T15:05:01.380Z] [INFO] [review agiz-dis-bakimi/472096886] page=16 +8 reviews (unique=128)
[2026-04-05T15:05:02.081Z] [INFO] [review agiz-dis-bakimi/472096886] page=17 +8 reviews (unique=136)
[2026-04-05T15:05:02.780Z] [INFO] 
[START REVIEW] category=agiz-dis-bakimi productId=729740970 startPage=1
[2026-04-05T15:05:02.816Z] [INFO] 
[START REVIEW] category=agiz-dis-bakimi productId=681656721 startPage=1
[2026-04-05T15:05:02.837Z] [INFO] 
[START REVIEW] category=agiz-dis-bakimi productId=732159468 startPage=1
[2026-04-05T15:05:02.844Z] [INFO] [review agiz-dis-bakimi/472096886] page=18 +8 reviews (unique=144)
[2026-04-05T15:05:03.171Z] [INFO] [review agiz-dis-bakimi/729740970] page=1 +1 reviews (unique=1)
[2026-04-05T15:05:03.208Z] [INFO] [REVIEW SAVED] /mnt/c/Developer/Review_AI/scraper_project/raw_data/agiz-dis-bakimi/729740970_reviews.json
[2026-04-05T15:05:03.232Z] [INFO] 
[REVIEW WORKER 9] starting agiz-dis-bakimi/701284019
[2026-04-05T15:05:03.348Z] [INFO] [review agiz-dis-bakimi/681656721] page=1 +3 reviews (unique=3)
[2026-04-05T15:05:03.371Z] [INFO] [REVIEW SAVED] /mnt/c/Developer/Review_AI/scraper_project/raw_data/agiz-dis-bakimi/681656721_reviews.json
[2026-04-05T15:05:03.397Z] [INFO] 
[REVIEW WORKER 7] starting agiz-dis-bakimi/723619552
[2026-04-05T15:05:03.626Z] [INFO] [review agiz-dis-bakimi/472096886] page=19 +8 reviews (unique=152)
[2026-04-05T15:05:04.473Z] [INFO] [review agiz-dis-bakimi/472096886] page=20 +8 reviews (unique=160)
[2026-04-05T15:05:04.534Z] [INFO] [REVIEW PARTIAL SAVED] /mnt/c/Developer/Review_AI/scraper_project/raw_data/agiz-dis-bakimi/472096886_reviews.partial.json
[2026-04-05T15:05:04.836Z] [INFO] 
[START REVIEW] category=agiz-dis-bakimi productId=732744122 startPage=1
[2026-04-05T15:05:05.070Z] [INFO] [review agiz-dis-bakimi/732744122] page=1 +0 reviews (unique=0)
[2026-04-05T15:05:05.154Z] [INFO] [REVIEW SAVED] /mnt/c/Developer/Review_AI/scraper_project/raw_data/agiz-dis-bakimi/732744122_reviews.json
[2026-04-05T15:05:05.248Z] [INFO] 
[START REVIEW] category=agiz-dis-bakimi productId=633156042 startPage=1
[2026-04-05T15:05:05.337Z] [INFO] 
[START REVIEW] category=agiz-dis-bakimi productId=593552343 startPage=1
[2026-04-05T15:05:05.449Z] [INFO] 
[REVIEW WORKER 6] starting agiz-dis-bakimi/734080162
[2026-04-05T15:05:05.669Z] [INFO] 
[START REVIEW] category=agiz-dis-bakimi productId=591003534 startPage=1
[2026-04-05T15:05:05.695Z] [INFO] [review agiz-dis-bakimi/472096886] page=21 +8 reviews (unique=168)
[2026-04-05T15:05:06.161Z] [INFO] [review agiz-dis-bakimi/593552343] page=1 +8 reviews (unique=8)
[2026-04-05T15:05:06.239Z] [INFO] [review agiz-dis-bakimi/591003534] page=1 +6 reviews (unique=6)
[2026-04-05T15:05:06.299Z] [INFO] [REVIEW SAVED] /mnt/c/Developer/Review_AI/scraper_project/raw_data/agiz-dis-bakimi/591003534_reviews.json
[2026-04-05T15:05:06.313Z] [INFO] 
[START REVIEW] category=agiz-dis-bakimi productId=584965120 startPage=1
[2026-04-05T15:05:06.340Z] [INFO] [review agiz-dis-bakimi/633156042] page=1 +4 reviews (unique=4)
[2026-04-05T15:05:06.364Z] [INFO] [REVIEW SAVED] /mnt/c/Developer/Review_AI/scraper_project/raw_data/agiz-dis-bakimi/633156042_reviews.json
[2026-04-05T15:05:06.391Z] [INFO] 
[REVIEW WORKER 4] starting agiz-dis-bakimi/647819839
[2026-04-05T15:05:06.396Z] [INFO] [review agiz-dis-bakimi/732159468] page=1 +1 reviews (unique=1)
[2026-04-05T15:05:06.431Z] [INFO] [REVIEW SAVED] /mnt/c/Developer/Review_AI/scraper_project/raw_data/agiz-dis-bakimi/732159468_reviews.json
[2026-04-05T15:05:06.442Z] [INFO] 
[REVIEW WORKER 1] starting agiz-dis-bakimi/737405591
[2026-04-05T15:05:06.521Z] [INFO] 
[REVIEW WORKER 5] starting agiz-dis-bakimi/649460976
[2026-04-05T15:05:06.625Z] [INFO] [review agiz-dis-bakimi/472096886] page=22 +8 reviews (unique=176)
[2026-04-05T15:05:06.636Z] [INFO] [review agiz-dis-bakimi/584965120] page=1 +7 reviews (unique=7)
[2026-04-05T15:05:06.655Z] [INFO] [REVIEW SAVED] /mnt/c/Developer/Review_AI/scraper_project/raw_data/agiz-dis-bakimi/584965120_reviews.json
[2026-04-05T15:05:06.697Z] [INFO] 
[REVIEW WORKER 2] starting agiz-dis-bakimi/604677615
[2026-04-05T15:05:06.891Z] [INFO] [review agiz-dis-bakimi/593552343] page=2 +2 reviews (unique=10)
[2026-04-05T15:05:06.913Z] [INFO] [REVIEW SAVED] /mnt/c/Developer/Review_AI/scraper_project/raw_data/agiz-dis-bakimi/593552343_reviews.json
[2026-04-05T15:05:06.931Z] [INFO] 
[REVIEW WORKER 3] starting agiz-dis-bakimi/602567756
[2026-04-05T15:05:07.891Z] [INFO] 
[START REVIEW] category=agiz-dis-bakimi productId=701284019 startPage=1
[2026-04-05T15:05:08.154Z] [INFO] [review agiz-dis-bakimi/701284019] page=1 +0 reviews (unique=0)
[2026-04-05T15:05:08.198Z] [INFO] [REVIEW SAVED] /mnt/c/Developer/Review_AI/scraper_project/raw_data/agiz-dis-bakimi/701284019_reviews.json
[2026-04-05T15:05:08.234Z] [INFO] 
[START REVIEW] category=agiz-dis-bakimi productId=723619552 startPage=1
[2026-04-05T15:05:08.252Z] [INFO] 
[REVIEW WORKER 9] starting agiz-dis-bakimi/607457917
[2026-04-05T15:05:08.589Z] [INFO] [review agiz-dis-bakimi/723619552] page=1 +8 reviews (unique=8)
[2026-04-05T15:05:08.941Z] [INFO] 
[START REVIEW] category=agiz-dis-bakimi productId=708030221 startPage=1
[2026-04-05T15:05:09.173Z] [INFO] [review agiz-dis-bakimi/708030221] page=1 +8 reviews (unique=8)
[2026-04-05T15:05:09.891Z] [INFO] [review agiz-dis-bakimi/723619552] page=2 +8 reviews (unique=16)
[2026-04-05T15:05:10.042Z] [INFO] 
[START REVIEW] category=agiz-dis-bakimi productId=734080162 startPage=1
[2026-04-05T15:05:10.369Z] [INFO] [review agiz-dis-bakimi/708030221] page=2 +5 reviews (unique=13)
[2026-04-05T15:05:10.389Z] [INFO] [REVIEW SAVED] /mnt/c/Developer/Review_AI/scraper_project/raw_data/agiz-dis-bakimi/708030221_reviews.json
[2026-04-05T15:05:10.422Z] [INFO] 
[REVIEW WORKER 10] starting agiz-dis-bakimi/547578920
[2026-04-05T15:05:10.809Z] [INFO] [review agiz-dis-bakimi/734080162] page=1 +1 reviews (unique=1)
[2026-04-05T15:05:10.835Z] [INFO] [REVIEW SAVED] /mnt/c/Developer/Review_AI/scraper_project/raw_data/agiz-dis-bakimi/734080162_reviews.json
[2026-04-05T15:05:10.855Z] [INFO] 
[REVIEW WORKER 6] starting agiz-dis-bakimi/734737095
[2026-04-05T15:05:10.964Z] [INFO] [review agiz-dis-bakimi/723619552] page=3 +8 reviews (unique=24)
[2026-04-05T15:05:11.666Z] [INFO] [review agiz-dis-bakimi/723619552] page=4 +8 reviews (unique=32)
[2026-04-05T15:05:11.777Z] [INFO] 
[START REVIEW] category=agiz-dis-bakimi productId=647819839 startPage=1
[2026-04-05T15:05:11.790Z] [INFO] 
[START REVIEW] category=agiz-dis-bakimi productId=737405591 startPage=1
[2026-04-05T15:05:11.867Z] [INFO] 
[START REVIEW] category=agiz-dis-bakimi productId=649460976 startPage=1
[2026-04-05T15:05:11.878Z] [INFO] 
[START REVIEW] category=agiz-dis-bakimi productId=602567756 startPage=1
[2026-04-05T15:05:11.897Z] [INFO] 
[START REVIEW] category=agiz-dis-bakimi productId=604677615 startPage=1
[2026-04-05T15:05:12.040Z] [INFO] [review agiz-dis-bakimi/737405591] page=1 +8 reviews (unique=8)
[2026-04-05T15:05:12.065Z] [INFO] [review agiz-dis-bakimi/647819839] page=1 +7 reviews (unique=7)
[2026-04-05T15:05:12.097Z] [INFO] [REVIEW SAVED] /mnt/c/Developer/Review_AI/scraper_project/raw_data/agiz-dis-bakimi/647819839_reviews.json
[2026-04-05T15:05:12.117Z] [INFO] [review agiz-dis-bakimi/649460976] page=1 +0 reviews (unique=0)
[2026-04-05T15:05:12.153Z] [INFO] [REVIEW SAVED] /mnt/c/Developer/Review_AI/scraper_project/raw_data/agiz-dis-bakimi/649460976_reviews.json
[2026-04-05T15:05:12.181Z] [INFO] 
[REVIEW WORKER 4] starting agiz-dis-bakimi/575049014
[2026-04-05T15:05:12.206Z] [INFO] 
[REVIEW WORKER 5] starting agiz-dis-bakimi/646157045
[2026-04-05T15:05:12.217Z] [INFO] [review agiz-dis-bakimi/602567756] page=1 +8 reviews (unique=8)
[2026-04-05T15:05:12.395Z] [INFO] [review agiz-dis-bakimi/472096886] page=23 +8 reviews (unique=184)
[2026-04-05T15:05:12.442Z] [INFO] [review agiz-dis-bakimi/723619552] page=5 +8 reviews (unique=40)
[2026-04-05T15:05:12.473Z] [INFO] [REVIEW PARTIAL SAVED] /mnt/c/Developer/Review_AI/scraper_project/raw_data/agiz-dis-bakimi/723619552_reviews.partial.json
[2026-04-05T15:05:12.753Z] [INFO] [review agiz-dis-bakimi/737405591] page=2 +8 reviews (unique=16)
[2026-04-05T15:05:12.995Z] [INFO] [review agiz-dis-bakimi/602567756] page=2 +8 reviews (unique=16)
[2026-04-05T15:05:13.136Z] [INFO] [review agiz-dis-bakimi/723619552] page=6 +8 reviews (unique=48)
[2026-04-05T15:05:13.289Z] [INFO] [review agiz-dis-bakimi/472096886] page=24 +8 reviews (unique=192)
[2026-04-05T15:05:13.511Z] [INFO] [review agiz-dis-bakimi/737405591] page=3 +8 reviews (unique=24)
[2026-04-05T15:05:13.653Z] [INFO] 
[START REVIEW] category=agiz-dis-bakimi productId=607457917 startPage=1
[2026-04-05T15:05:13.663Z] [INFO] [review agiz-dis-bakimi/602567756] page=3 +8 reviews (unique=24)
[2026-04-05T15:05:14.105Z] [INFO] [review agiz-dis-bakimi/723619552] page=7 +8 reviews (unique=56)
[2026-04-05T15:05:14.171Z] [INFO] [review agiz-dis-bakimi/472096886] page=25 +8 reviews (unique=200)
[2026-04-05T15:05:14.197Z] [INFO] [REVIEW PARTIAL SAVED] /mnt/c/Developer/Review_AI/scraper_project/raw_data/agiz-dis-bakimi/472096886_reviews.partial.json
[2026-04-05T15:05:14.320Z] [INFO] [review agiz-dis-bakimi/607457917] page=1 +8 reviews (unique=8)
[2026-04-05T15:05:14.380Z] [INFO] [review agiz-dis-bakimi/737405591] page=4 +7 reviews (unique=31)
[2026-04-05T15:05:14.408Z] [INFO] [REVIEW SAVED] /mnt/c/Developer/Review_AI/scraper_project/raw_data/agiz-dis-bakimi/737405591_reviews.json
[2026-04-05T15:05:14.454Z] [INFO] 
[REVIEW WORKER 1] starting agiz-dis-bakimi/653507210
[2026-04-05T15:05:14.492Z] [INFO] [review agiz-dis-bakimi/602567756] page=4 +8 reviews (unique=32)
[2026-04-05T15:05:14.564Z] [INFO] [review agiz-dis-bakimi/604677615] page=1 +3 reviews (unique=3)
[2026-04-05T15:05:14.596Z] [INFO] [REVIEW SAVED] /mnt/c/Developer/Review_AI/scraper_project/raw_data/agiz-dis-bakimi/604677615_reviews.json
[2026-04-05T15:05:14.638Z] [INFO] 
[REVIEW WORKER 2] starting agiz-dis-bakimi/695463082
[2026-04-05T15:05:14.824Z] [INFO] [review agiz-dis-bakimi/723619552] page=8 +8 reviews (unique=64)
[2026-04-05T15:05:14.897Z] [INFO] [review agiz-dis-bakimi/472096886] page=26 +1 reviews (unique=201)
[2026-04-05T15:05:14.937Z] [INFO] [REVIEW SAVED] /mnt/c/Developer/Review_AI/scraper_project/raw_data/agiz-dis-bakimi/472096886_reviews.json
[2026-04-05T15:05:14.974Z] [INFO] 
[REVIEW WORKER 8] starting agiz-dis-bakimi/633103782
[2026-04-05T15:05:15.055Z] [INFO] [review agiz-dis-bakimi/607457917] page=2 +8 reviews (unique=16)
[2026-04-05T15:05:15.168Z] [INFO] [review agiz-dis-bakimi/602567756] page=5 +8 reviews (unique=40)
[2026-04-05T15:05:15.182Z] [INFO] [REVIEW PARTIAL SAVED] /mnt/c/Developer/Review_AI/scraper_project/raw_data/agiz-dis-bakimi/602567756_reviews.partial.json
[2026-04-05T15:05:15.340Z] [INFO] 
[START REVIEW] category=agiz-dis-bakimi productId=547578920 startPage=1
[2026-04-05T15:05:15.495Z] [INFO] [review agiz-dis-bakimi/723619552] page=9 +8 reviews (unique=72)
[2026-04-05T15:05:15.565Z] [INFO] 
[START REVIEW] category=agiz-dis-bakimi productId=734737095 startPage=1
[2026-04-05T15:05:15.581Z] [INFO] [review agiz-dis-bakimi/547578920] page=1 +8 reviews (unique=8)
[2026-04-05T15:05:15.605Z] [INFO] [REVIEW SAVED] /mnt/c/Developer/Review_AI/scraper_project/raw_data/agiz-dis-bakimi/547578920_reviews.json
[2026-04-05T15:05:15.635Z] [INFO] 
[REVIEW WORKER 10] starting agiz-dis-bakimi/724717865
[2026-04-05T15:05:15.766Z] [INFO] [review agiz-dis-bakimi/607457917] page=3 +8 reviews (unique=24)
[2026-04-05T15:05:15.807Z] [INFO] [review agiz-dis-bakimi/602567756] page=6 +8 reviews (unique=48)
[2026-04-05T15:05:15.834Z] [INFO] [review agiz-dis-bakimi/734737095] page=1 +0 reviews (unique=0)
[2026-04-05T15:05:15.863Z] [INFO] [REVIEW SAVED] /mnt/c/Developer/Review_AI/scraper_project/raw_data/agiz-dis-bakimi/734737095_reviews.json
[2026-04-05T15:05:15.886Z] [INFO] 
[REVIEW WORKER 6] starting agiz-dis-bakimi/694374239
[2026-04-05T15:05:16.301Z] [INFO] [review agiz-dis-bakimi/723619552] page=10 +8 reviews (unique=80)
[2026-04-05T15:05:16.336Z] [INFO] [REVIEW PARTIAL SAVED] /mnt/c/Developer/Review_AI/scraper_project/raw_data/agiz-dis-bakimi/723619552_reviews.partial.json
[2026-04-05T15:05:16.426Z] [INFO] [review agiz-dis-bakimi/602567756] page=7 +8 reviews (unique=56)
[2026-04-05T15:05:16.560Z] [INFO] [review agiz-dis-bakimi/607457917] page=4 +8 reviews (unique=32)
[2026-04-05T15:05:16.727Z] [INFO] 
[START REVIEW] category=agiz-dis-bakimi productId=575049014 startPage=1
[2026-04-05T15:05:16.746Z] [INFO] 
[START REVIEW] category=agiz-dis-bakimi productId=646157045 startPage=1
[2026-04-05T15:05:17.115Z] [INFO] [review agiz-dis-bakimi/723619552] page=11 +8 reviews (unique=88)
[2026-04-05T15:05:17.261Z] [INFO] [review agiz-dis-bakimi/575049014] page=1 +8 reviews (unique=8)
[2026-04-05T15:05:17.302Z] [INFO] [review agiz-dis-bakimi/602567756] page=8 +8 reviews (unique=64)
[2026-04-05T15:05:17.350Z] [INFO] [review agiz-dis-bakimi/646157045] page=1 +8 reviews (unique=8)
[2026-04-05T15:05:18.225Z] [INFO] [review agiz-dis-bakimi/575049014] page=2 +8 reviews (unique=16)
[2026-04-05T15:05:18.270Z] [INFO] [review agiz-dis-bakimi/646157045] page=2 +2 reviews (unique=10)
[2026-04-05T15:05:18.298Z] [INFO] [REVIEW SAVED] /mnt/c/Developer/Review_AI/scraper_project/raw_data/agiz-dis-bakimi/646157045_reviews.json
[2026-04-05T15:05:18.343Z] [INFO] 
[REVIEW WORKER 5] starting agiz-dis-bakimi/684774349
[2026-04-05T15:05:18.954Z] [INFO] [review agiz-dis-bakimi/575049014] page=3 +8 reviews (unique=24)
[2026-04-05T15:05:19.405Z] [INFO] 
[START REVIEW] category=agiz-dis-bakimi productId=653507210 startPage=1
[2026-04-05T15:05:19.426Z] [INFO] 
[START REVIEW] category=agiz-dis-bakimi productId=695463082 startPage=1
[2026-04-05T15:05:19.719Z] [INFO] [review agiz-dis-bakimi/575049014] page=4 +8 reviews (unique=32)
[2026-04-05T15:05:19.737Z] [INFO] [review agiz-dis-bakimi/695463082] page=1 +0 reviews (unique=0)
[2026-04-05T15:05:19.778Z] [INFO] [REVIEW SAVED] /mnt/c/Developer/Review_AI/scraper_project/raw_data/agiz-dis-bakimi/695463082_reviews.json
[2026-04-05T15:05:19.815Z] [INFO] 
[REVIEW WORKER 2] starting agiz-dis-bakimi/647716197
[2026-04-05T15:05:20.035Z] [INFO] 
[START REVIEW] category=agiz-dis-bakimi productId=633103782 startPage=1
[2026-04-05T15:05:20.263Z] [INFO] [review agiz-dis-bakimi/633103782] page=1 +1 reviews (unique=1)
[2026-04-05T15:05:20.280Z] [INFO] [REVIEW SAVED] /mnt/c/Developer/Review_AI/scraper_project/raw_data/agiz-dis-bakimi/633103782_reviews.json
[2026-04-05T15:05:20.343Z] [INFO] 
[REVIEW WORKER 8] starting agiz-dis-bakimi/725224804
[2026-04-05T15:05:20.426Z] [INFO] [review agiz-dis-bakimi/575049014] page=5 +8 reviews (unique=40)
[2026-04-05T15:05:20.444Z] [INFO] [REVIEW PARTIAL SAVED] /mnt/c/Developer/Review_AI/scraper_project/raw_data/agiz-dis-bakimi/575049014_reviews.partial.json
[2026-04-05T15:05:20.658Z] [INFO] 
[START REVIEW] category=agiz-dis-bakimi productId=724717865 startPage=1
[2026-04-05T15:05:20.960Z] [INFO] [review agiz-dis-bakimi/724717865] page=1 +0 reviews (unique=0)
[2026-04-05T15:05:21.006Z] [INFO] [REVIEW SAVED] /mnt/c/Developer/Review_AI/scraper_project/raw_data/agiz-dis-bakimi/724717865_reviews.json
[2026-04-05T15:05:21.036Z] [INFO] 
[REVIEW WORKER 10] starting agiz-dis-bakimi/594332365
[2026-04-05T15:05:21.070Z] [INFO] 
[START REVIEW] category=agiz-dis-bakimi productId=694374239 startPage=1
[2026-04-05T15:05:21.181Z] [INFO] [review agiz-dis-bakimi/575049014] page=6 +8 reviews (unique=48)
[2026-04-05T15:05:21.406Z] [INFO] [review agiz-dis-bakimi/694374239] page=1 +0 reviews (unique=0)
[2026-04-05T15:05:21.453Z] [INFO] [REVIEW SAVED] /mnt/c/Developer/Review_AI/scraper_project/raw_data/agiz-dis-bakimi/694374239_reviews.json
[2026-04-05T15:05:21.501Z] [INFO] 
[REVIEW WORKER 6] starting agiz-dis-bakimi/650512324
[2026-04-05T15:05:21.829Z] [INFO] [review agiz-dis-bakimi/607457917] page=5 +4 reviews (unique=36)
[2026-04-05T15:05:21.857Z] [INFO] [REVIEW PARTIAL SAVED] /mnt/c/Developer/Review_AI/scraper_project/raw_data/agiz-dis-bakimi/607457917_reviews.partial.json
[2026-04-05T15:05:21.917Z] [INFO] [REVIEW SAVED] /mnt/c/Developer/Review_AI/scraper_project/raw_data/agiz-dis-bakimi/607457917_reviews.json
[2026-04-05T15:05:21.960Z] [INFO] [review agiz-dis-bakimi/723619552] page=12 +8 reviews (unique=96)
[2026-04-05T15:05:21.981Z] [INFO] [review agiz-dis-bakimi/602567756] page=9 +8 reviews (unique=72)
[2026-04-05T15:05:22.012Z] [INFO] [review agiz-dis-bakimi/575049014] page=7 +8 reviews (unique=56)
[2026-04-05T15:05:22.037Z] [INFO] 
[REVIEW WORKER 9] starting agiz-dis-bakimi/679681248
[2026-04-05T15:05:22.046Z] [INFO] [review agiz-dis-bakimi/653507210] page=1 +1 reviews (unique=1)
[2026-04-05T15:05:22.093Z] [INFO] [REVIEW SAVED] /mnt/c/Developer/Review_AI/scraper_project/raw_data/agiz-dis-bakimi/653507210_reviews.json
[2026-04-05T15:05:22.141Z] [INFO] 
[REVIEW WORKER 1] starting agiz-dis-bakimi/607457430
[2026-04-05T15:05:22.617Z] [INFO] [review agiz-dis-bakimi/723619552] page=13 +8 reviews (unique=104)
[2026-04-05T15:05:22.756Z] [INFO] [review agiz-dis-bakimi/575049014] page=8 +8 reviews (unique=64)
[2026-04-05T15:05:22.780Z] [INFO] [review agiz-dis-bakimi/602567756] page=10 +8 reviews (unique=80)
[2026-04-05T15:05:22.796Z] [INFO] [REVIEW PARTIAL SAVED] /mnt/c/Developer/Review_AI/scraper_project/raw_data/agiz-dis-bakimi/602567756_reviews.partial.json
[2026-04-05T15:05:23.313Z] [INFO] 
[START REVIEW] category=agiz-dis-bakimi productId=684774349 startPage=1
[2026-04-05T15:05:23.329Z] [INFO] [review agiz-dis-bakimi/723619552] page=14 +3 reviews (unique=107)
[2026-04-05T15:05:23.360Z] [INFO] [REVIEW SAVED] /mnt/c/Developer/Review_AI/scraper_project/raw_data/agiz-dis-bakimi/723619552_reviews.json
[2026-04-05T15:05:23.419Z] [INFO] 
[REVIEW WORKER 7] starting agiz-dis-bakimi/726652137
[2026-04-05T15:05:23.549Z] [INFO] [review agiz-dis-bakimi/575049014] page=9 +8 reviews (unique=72)
[2026-04-05T15:05:23.569Z] [INFO] [review agiz-dis-bakimi/602567756] page=11 +8 reviews (unique=88)
[2026-04-05T15:05:23.611Z] [INFO] [review agiz-dis-bakimi/684774349] page=1 +0 reviews (unique=0)
[2026-04-05T15:05:23.636Z] [INFO] [REVIEW SAVED] /mnt/c/Developer/Review_AI/scraper_project/raw_data/agiz-dis-bakimi/684774349_reviews.json
[2026-04-05T15:05:23.664Z] [INFO] 
[REVIEW WORKER 5] starting agiz-dis-bakimi/721940576
[2026-04-05T15:05:24.223Z] [INFO] [review agiz-dis-bakimi/575049014] page=10 +8 reviews (unique=80)
[2026-04-05T15:05:24.241Z] [INFO] [REVIEW PARTIAL SAVED] /mnt/c/Developer/Review_AI/scraper_project/raw_data/agiz-dis-bakimi/575049014_reviews.partial.json
[2026-04-05T15:05:24.310Z] [INFO] [review agiz-dis-bakimi/602567756] page=12 +8 reviews (unique=96)
[2026-04-05T15:05:24.919Z] [INFO] 
[START REVIEW] category=agiz-dis-bakimi productId=647716197 startPage=1
[2026-04-05T15:05:25.439Z] [INFO] [review agiz-dis-bakimi/575049014] page=11 +8 reviews (unique=88)
[2026-04-05T15:05:25.513Z] [INFO] [review agiz-dis-bakimi/602567756] page=13 +8 reviews (unique=104)
[2026-04-05T15:05:25.623Z] [INFO] 
[START REVIEW] category=agiz-dis-bakimi productId=725224804 startPage=1
[2026-04-05T15:05:25.760Z] [INFO] [review agiz-dis-bakimi/647716197] page=1 +2 reviews (unique=2)
[2026-04-05T15:05:25.798Z] [INFO] [REVIEW SAVED] /mnt/c/Developer/Review_AI/scraper_project/raw_data/agiz-dis-bakimi/647716197_reviews.json
[2026-04-05T15:05:25.893Z] [INFO] 
[REVIEW WORKER 2] starting agiz-dis-bakimi/527420423
[2026-04-05T15:05:25.998Z] [INFO] 
[START REVIEW] category=agiz-dis-bakimi productId=594332365 startPage=1
[2026-04-05T15:05:26.040Z] [INFO] [review agiz-dis-bakimi/725224804] page=1 +1 reviews (unique=1)
[2026-04-05T15:05:26.086Z] [INFO] [REVIEW SAVED] /mnt/c/Developer/Review_AI/scraper_project/raw_data/agiz-dis-bakimi/725224804_reviews.json
[2026-04-05T15:05:26.113Z] [INFO] 
[REVIEW WORKER 8] starting agiz-dis-bakimi/593589131
[2026-04-05T15:05:26.305Z] [INFO] [review agiz-dis-bakimi/594332365] page=1 +8 reviews (unique=8)
[2026-04-05T15:05:26.328Z] [INFO] [REVIEW SAVED] /mnt/c/Developer/Review_AI/scraper_project/raw_data/agiz-dis-bakimi/594332365_reviews.json
[2026-04-05T15:05:26.352Z] [INFO] 
[REVIEW WORKER 10] starting agiz-dis-bakimi/488400214
[2026-04-05T15:05:26.368Z] [INFO] [review agiz-dis-bakimi/575049014] page=12 +8 reviews (unique=96)
[2026-04-05T15:05:26.388Z] [INFO] [review agiz-dis-bakimi/602567756] page=14 +8 reviews (unique=112)
[2026-04-05T15:05:27.031Z] [INFO] 
[START REVIEW] category=agiz-dis-bakimi productId=650512324 startPage=1
[2026-04-05T15:05:27.072Z] [INFO] [review agiz-dis-bakimi/575049014] page=13 +8 reviews (unique=104)
[2026-04-05T15:05:27.236Z] [INFO] [review agiz-dis-bakimi/602567756] page=15 +8 reviews (unique=120)
[2026-04-05T15:05:27.262Z] [INFO] [REVIEW PARTIAL SAVED] /mnt/c/Developer/Review_AI/scraper_project/raw_data/agiz-dis-bakimi/602567756_reviews.partial.json
[2026-04-05T15:05:27.320Z] [INFO] [review agiz-dis-bakimi/650512324] page=1 +0 reviews (unique=0)
[2026-04-05T15:05:27.376Z] [INFO] [REVIEW SAVED] /mnt/c/Developer/Review_AI/scraper_project/raw_data/agiz-dis-bakimi/650512324_reviews.json
[2026-04-05T15:05:27.433Z] [INFO] 
[REVIEW WORKER 6] starting agiz-dis-bakimi/664452535
[2026-04-05T15:05:27.901Z] [INFO] 
[START REVIEW] category=agiz-dis-bakimi productId=607457430 startPage=1
[2026-04-05T15:05:27.930Z] [INFO] 
[START REVIEW] category=agiz-dis-bakimi productId=679681248 startPage=1
[2026-04-05T15:05:28.331Z] [INFO] [review agiz-dis-bakimi/575049014] page=14 +8 reviews (unique=112)
[2026-04-05T15:05:28.370Z] [INFO] [review agiz-dis-bakimi/602567756] page=16 +8 reviews (unique=128)
[2026-04-05T15:05:28.423Z] [INFO] [review agiz-dis-bakimi/679681248] page=1 +4 reviews (unique=4)
[2026-04-05T15:05:28.468Z] [INFO] [REVIEW SAVED] /mnt/c/Developer/Review_AI/scraper_project/raw_data/agiz-dis-bakimi/679681248_reviews.json
[2026-04-05T15:05:28.529Z] [INFO] 
[REVIEW WORKER 9] starting agiz-dis-bakimi/689640693
[2026-04-05T15:05:28.745Z] [INFO] 
[START REVIEW] category=agiz-dis-bakimi productId=726652137 startPage=1
[2026-04-05T15:05:28.786Z] [INFO] [review agiz-dis-bakimi/607457430] page=1 +8 reviews (unique=8)
[2026-04-05T15:05:29.089Z] [INFO] [review agiz-dis-bakimi/575049014] page=15 +8 reviews (unique=120)
[2026-04-05T15:05:29.141Z] [INFO] [REVIEW PARTIAL SAVED] /mnt/c/Developer/Review_AI/scraper_project/raw_data/agiz-dis-bakimi/575049014_reviews.partial.json
[2026-04-05T15:05:29.155Z] [INFO] [review agiz-dis-bakimi/602567756] page=17 +8 reviews (unique=136)
[2026-04-05T15:05:29.307Z] [INFO] [review agiz-dis-bakimi/726652137] page=1 +0 reviews (unique=0)
[2026-04-05T15:05:29.340Z] [INFO] [REVIEW SAVED] /mnt/c/Developer/Review_AI/scraper_project/raw_data/agiz-dis-bakimi/726652137_reviews.json
[2026-04-05T15:05:29.375Z] [INFO] 
[REVIEW WORKER 7] starting agiz-dis-bakimi/459130031
[2026-04-05T15:05:29.568Z] [INFO] [review agiz-dis-bakimi/607457430] page=2 +8 reviews (unique=16)
[2026-04-05T15:05:29.623Z] [INFO] 
[START REVIEW] category=agiz-dis-bakimi productId=721940576 startPage=1
[2026-04-05T15:05:29.926Z] [INFO] [review agiz-dis-bakimi/575049014] page=16 +3 reviews (unique=123)
[2026-04-05T15:05:29.954Z] [INFO] [REVIEW SAVED] /mnt/c/Developer/Review_AI/scraper_project/raw_data/agiz-dis-bakimi/575049014_reviews.json
[2026-04-05T15:05:29.984Z] [INFO] 
[REVIEW WORKER 4] starting agiz-dis-bakimi/565434727
[2026-04-05T15:05:30.043Z] [INFO] [review agiz-dis-bakimi/602567756] page=18 +8 reviews (unique=144)
[2026-04-05T15:05:30.060Z] [INFO] [review agiz-dis-bakimi/721940576] page=1 +8 reviews (unique=8)
[2026-04-05T15:05:30.349Z] [INFO] [review agiz-dis-bakimi/607457430] page=3 +8 reviews (unique=24)
[2026-04-05T15:05:30.678Z] [INFO] [review agiz-dis-bakimi/721940576] page=2 +2 reviews (unique=10)
[2026-04-05T15:05:30.696Z] [INFO] [REVIEW SAVED] /mnt/c/Developer/Review_AI/scraper_project/raw_data/agiz-dis-bakimi/721940576_reviews.json
[2026-04-05T15:05:30.703Z] [INFO] [review agiz-dis-bakimi/602567756] page=19 +8 reviews (unique=152)
[2026-04-05T15:05:30.726Z] [INFO] 
[REVIEW WORKER 5] starting agiz-dis-bakimi/595928112
[2026-04-05T15:05:31.022Z] [INFO] 
[START REVIEW] category=agiz-dis-bakimi productId=527420423 startPage=1
[2026-04-05T15:05:31.072Z] [INFO] [review agiz-dis-bakimi/607457430] page=4 +8 reviews (unique=32)
[2026-04-05T15:05:31.317Z] [INFO] 
[START REVIEW] category=agiz-dis-bakimi productId=593589131 startPage=1
[2026-04-05T15:05:31.702Z] [INFO] [review agiz-dis-bakimi/527420423] page=1 +5 reviews (unique=5)
[2026-04-05T15:05:31.756Z] [INFO] [REVIEW SAVED] /mnt/c/Developer/Review_AI/scraper_project/raw_data/agiz-dis-bakimi/527420423_reviews.json
[2026-04-05T15:05:31.795Z] [INFO] 
[REVIEW WORKER 2] starting agiz-dis-bakimi/565676896
[2026-04-05T15:05:32.000Z] [INFO] [review agiz-dis-bakimi/607457430] page=5 +8 reviews (unique=40)
[2026-04-05T15:05:32.027Z] [INFO] [REVIEW PARTIAL SAVED] /mnt/c/Developer/Review_AI/scraper_project/raw_data/agiz-dis-bakimi/607457430_reviews.partial.json
[2026-04-05T15:05:32.185Z] [INFO] [review agiz-dis-bakimi/602567756] page=20 +8 reviews (unique=160)
[2026-04-05T15:05:32.224Z] [INFO] [REVIEW PARTIAL SAVED] /mnt/c/Developer/Review_AI/scraper_project/raw_data/agiz-dis-bakimi/602567756_reviews.partial.json
[2026-04-05T15:05:32.773Z] [INFO] [review agiz-dis-bakimi/607457430] page=6 +8 reviews (unique=48)
[2026-04-05T15:05:32.796Z] [INFO] [review agiz-dis-bakimi/593589131] page=1 +8 reviews (unique=8)
[2026-04-05T15:05:33.010Z] [INFO] [review agiz-dis-bakimi/602567756] page=21 +8 reviews (unique=168)
[2026-04-05T15:05:33.171Z] [INFO] 
[START REVIEW] category=agiz-dis-bakimi productId=664452535 startPage=1
[2026-04-05T15:05:33.522Z] [INFO] [review agiz-dis-bakimi/607457430] page=7 +8 reviews (unique=56)
[2026-04-05T15:05:33.581Z] [INFO] [review agiz-dis-bakimi/593589131] page=2 +4 reviews (unique=12)
[2026-04-05T15:05:33.631Z] [INFO] [REVIEW SAVED] /mnt/c/Developer/Review_AI/scraper_project/raw_data/agiz-dis-bakimi/593589131_reviews.json
[2026-04-05T15:05:33.676Z] [INFO] 
[REVIEW WORKER 8] starting agiz-dis-bakimi/593589240
[2026-04-05T15:05:33.687Z] [INFO] [review agiz-dis-bakimi/602567756] page=22 +8 reviews (unique=176)
[2026-04-05T15:05:33.770Z] [INFO] [review agiz-dis-bakimi/664452535] page=1 +5 reviews (unique=5)
[2026-04-05T15:05:33.803Z] [INFO] [REVIEW SAVED] /mnt/c/Developer/Review_AI/scraper_project/raw_data/agiz-dis-bakimi/664452535_reviews.json
[2026-04-05T15:05:33.839Z] [INFO] 
[REVIEW WORKER 6] starting agiz-dis-bakimi/639154531
[2026-04-05T15:05:34.152Z] [INFO] 
[START REVIEW] category=agiz-dis-bakimi productId=689640693 startPage=1
[2026-04-05T15:05:34.256Z] [INFO] [review agiz-dis-bakimi/607457430] page=8 +8 reviews (unique=64)
[2026-04-05T15:05:34.434Z] [INFO] [review agiz-dis-bakimi/602567756] page=23 +8 reviews (unique=184)
[2026-04-05T15:05:34.448Z] [INFO] [review agiz-dis-bakimi/689640693] page=1 +8 reviews (unique=8)
[2026-04-05T15:05:34.907Z] [INFO] [review agiz-dis-bakimi/607457430] page=9 +8 reviews (unique=72)
[2026-04-05T15:05:35.028Z] [INFO] [review agiz-dis-bakimi/602567756] page=24 +2 reviews (unique=186)
[2026-04-05T15:05:35.059Z] [INFO] [REVIEW SAVED] /mnt/c/Developer/Review_AI/scraper_project/raw_data/agiz-dis-bakimi/602567756_reviews.json
[2026-04-05T15:05:35.080Z] [INFO] 
[REVIEW WORKER 3] starting agiz-dis-bakimi/714872289
[2026-04-05T15:05:35.267Z] [INFO] [review agiz-dis-bakimi/689640693] page=2 +2 reviews (unique=10)
[2026-04-05T15:05:35.296Z] [INFO] [REVIEW SAVED] /mnt/c/Developer/Review_AI/scraper_project/raw_data/agiz-dis-bakimi/689640693_reviews.json
[2026-04-05T15:05:35.319Z] [INFO] 
[REVIEW WORKER 9] starting agiz-dis-bakimi/633188931
[2026-04-05T15:05:35.507Z] [INFO] 
[START REVIEW] category=agiz-dis-bakimi productId=565434727 startPage=1
[2026-04-05T15:05:35.675Z] [INFO] 
[START REVIEW] category=agiz-dis-bakimi productId=488400214 startPage=1
[2026-04-05T15:05:35.694Z] [INFO] 
[START REVIEW] category=agiz-dis-bakimi productId=595928112 startPage=1
[2026-04-05T15:05:36.181Z] [INFO] [review agiz-dis-bakimi/607457430] page=10 +8 reviews (unique=80)
[2026-04-05T15:05:36.216Z] [INFO] [REVIEW PARTIAL SAVED] /mnt/c/Developer/Review_AI/scraper_project/raw_data/agiz-dis-bakimi/607457430_reviews.partial.json
[2026-04-05T15:05:36.278Z] [INFO] [review agiz-dis-bakimi/488400214] page=1 +8 reviews (unique=8)
[2026-04-05T15:05:36.320Z] [INFO] [review agiz-dis-bakimi/595928112] page=1 +8 reviews (unique=8)
[2026-04-05T15:05:36.910Z] [INFO] [review agiz-dis-bakimi/607457430] page=11 +8 reviews (unique=88)
[2026-04-05T15:05:37.184Z] [INFO] [review agiz-dis-bakimi/595928112] page=2 +3 reviews (unique=11)
[2026-04-05T15:05:37.296Z] [INFO] [REVIEW SAVED] /mnt/c/Developer/Review_AI/scraper_project/raw_data/agiz-dis-bakimi/595928112_reviews.json
[2026-04-05T15:05:37.340Z] [INFO] [review agiz-dis-bakimi/488400214] page=2 +8 reviews (unique=16)
[2026-04-05T15:05:37.475Z] [INFO] 
[REVIEW WORKER 5] starting agiz-dis-bakimi/571215027
[2026-04-05T15:05:37.719Z] [INFO] [review agiz-dis-bakimi/607457430] page=12 +8 reviews (unique=96)
[2026-04-05T15:05:37.961Z] [INFO] 
[START REVIEW] category=agiz-dis-bakimi productId=565676896 startPage=1
[2026-04-05T15:05:37.990Z] [INFO] [review agiz-dis-bakimi/565434727] page=1 +8 reviews (unique=8)
[2026-04-05T15:05:38.082Z] [INFO] [review agiz-dis-bakimi/488400214] page=3 +5 reviews (unique=21)
[2026-04-05T15:05:38.111Z] [INFO] [REVIEW SAVED] /mnt/c/Developer/Review_AI/scraper_project/raw_data/agiz-dis-bakimi/488400214_reviews.json
[2026-04-05T15:05:38.143Z] [INFO] 
[REVIEW WORKER 10] starting agiz-dis-bakimi/733644250
[2026-04-05T15:05:38.240Z] [INFO] [review agiz-dis-bakimi/565676896] page=1 +7 reviews (unique=7)
[2026-04-05T15:05:38.261Z] [INFO] [REVIEW SAVED] /mnt/c/Developer/Review_AI/scraper_project/raw_data/agiz-dis-bakimi/565676896_reviews.json
[2026-04-05T15:05:38.288Z] [INFO] 
[REVIEW WORKER 2] starting agiz-dis-bakimi/650268323
[2026-04-05T15:05:39.193Z] [INFO] 
[START REVIEW] category=agiz-dis-bakimi productId=639154531 startPage=1
[2026-04-05T15:05:39.218Z] [INFO] 
[START REVIEW] category=agiz-dis-bakimi productId=593589240 startPage=1
[2026-04-05T15:05:39.612Z] [INFO] [review agiz-dis-bakimi/607457430] page=13 +8 reviews (unique=104)
[2026-04-05T15:05:39.622Z] [INFO] [review agiz-dis-bakimi/565434727] page=2 +8 reviews (unique=16)
[2026-04-05T15:05:39.849Z] [INFO] [review agiz-dis-bakimi/639154531] page=1 +8 reviews (unique=8)
[2026-04-05T15:05:39.862Z] [INFO] [review agiz-dis-bakimi/593589240] page=1 +3 reviews (unique=3)
[2026-04-05T15:05:39.893Z] [INFO] [REVIEW SAVED] /mnt/c/Developer/Review_AI/scraper_project/raw_data/agiz-dis-bakimi/593589240_reviews.json
[2026-04-05T15:05:39.930Z] [INFO] 
[REVIEW WORKER 8] starting agiz-dis-bakimi/652594564
[2026-04-05T15:05:40.341Z] [INFO] [review agiz-dis-bakimi/565434727] page=3 +8 reviews (unique=24)
[2026-04-05T15:05:40.371Z] [INFO] [review agiz-dis-bakimi/607457430] page=14 +8 reviews (unique=112)
[2026-04-05T15:05:40.696Z] [INFO] [review agiz-dis-bakimi/639154531] page=2 +8 reviews (unique=16)
[2026-04-05T15:05:41.083Z] [INFO] [review agiz-dis-bakimi/565434727] page=4 +8 reviews (unique=32)
[2026-04-05T15:05:41.144Z] [INFO] 
[START REVIEW] category=agiz-dis-bakimi productId=633188931 startPage=1
[2026-04-05T15:05:41.174Z] [INFO] [review agiz-dis-bakimi/607457430] page=15 +8 reviews (unique=120)
[2026-04-05T15:05:41.214Z] [INFO] [REVIEW PARTIAL SAVED] /mnt/c/Developer/Review_AI/scraper_project/raw_data/agiz-dis-bakimi/607457430_reviews.partial.json
[2026-04-05T15:05:41.519Z] [INFO] [review agiz-dis-bakimi/633188931] page=1 +0 reviews (unique=0)
[2026-04-05T15:05:41.592Z] [INFO] [REVIEW SAVED] /mnt/c/Developer/Review_AI/scraper_project/raw_data/agiz-dis-bakimi/633188931_reviews.json
[2026-04-05T15:05:41.613Z] [INFO] [review agiz-dis-bakimi/639154531] page=3 +8 reviews (unique=24)
[2026-04-05T15:05:41.690Z] [INFO] 
[REVIEW WORKER 9] starting agiz-dis-bakimi/569478803
[2026-04-05T15:05:42.137Z] [INFO] 
[START REVIEW] category=agiz-dis-bakimi productId=714872289 startPage=1
[2026-04-05T15:05:42.179Z] [INFO] [review agiz-dis-bakimi/607457430] page=16 +8 reviews (unique=128)
[2026-04-05T15:05:42.256Z] [INFO] [review agiz-dis-bakimi/565434727] page=5 +8 reviews (unique=40)
[2026-04-05T15:05:42.346Z] [INFO] [REVIEW PARTIAL SAVED] /mnt/c/Developer/Review_AI/scraper_project/raw_data/agiz-dis-bakimi/565434727_reviews.partial.json
[2026-04-05T15:05:42.444Z] [INFO] [REVIEW SAVED] /mnt/c/Developer/Review_AI/scraper_project/raw_data/agiz-dis-bakimi/565434727_reviews.json
[2026-04-05T15:05:42.520Z] [INFO] 
[REVIEW WORKER 4] starting agiz-dis-bakimi/736047096
[2026-04-05T15:05:42.692Z] [INFO] [review agiz-dis-bakimi/639154531] page=4 +8 reviews (unique=32)
[2026-04-05T15:05:42.879Z] [INFO] [review agiz-dis-bakimi/714872289] page=1 +1 reviews (unique=1)
[2026-04-05T15:05:42.955Z] [INFO] [REVIEW SAVED] /mnt/c/Developer/Review_AI/scraper_project/raw_data/agiz-dis-bakimi/714872289_reviews.json
[2026-04-05T15:05:43.033Z] [INFO] 
[REVIEW WORKER 3] starting agiz-dis-bakimi/735233243
[2026-04-05T15:05:43.420Z] [INFO] [review agiz-dis-bakimi/607457430] page=17 +8 reviews (unique=136)
[2026-04-05T15:05:43.710Z] [INFO] 
[START REVIEW] category=agiz-dis-bakimi productId=733644250 startPage=1
[2026-04-05T15:05:43.776Z] [INFO] [review agiz-dis-bakimi/639154531] page=5 +2 reviews (unique=34)
[2026-04-05T15:05:43.809Z] [INFO] [REVIEW PARTIAL SAVED] /mnt/c/Developer/Review_AI/scraper_project/raw_data/agiz-dis-bakimi/639154531_reviews.partial.json
[2026-04-05T15:05:43.846Z] [INFO] [REVIEW SAVED] /mnt/c/Developer/Review_AI/scraper_project/raw_data/agiz-dis-bakimi/639154531_reviews.json
[2026-04-05T15:05:43.912Z] [INFO] 
[REVIEW WORKER 6] starting agiz-dis-bakimi/716990775
[2026-04-05T15:05:43.992Z] [INFO] 
[START REVIEW] category=agiz-dis-bakimi productId=571215027 startPage=1
[2026-04-05T15:05:44.220Z] [INFO] [review agiz-dis-bakimi/607457430] page=18 +8 reviews (unique=144)
[2026-04-05T15:05:44.382Z] [INFO] [review agiz-dis-bakimi/733644250] page=1 +0 reviews (unique=0)
[2026-04-05T15:05:44.407Z] [INFO] [REVIEW SAVED] /mnt/c/Developer/Review_AI/scraper_project/raw_data/agiz-dis-bakimi/733644250_reviews.json
[2026-04-05T15:05:44.431Z] [INFO] 
[REVIEW WORKER 10] starting agiz-dis-bakimi/735977555
[2026-04-05T15:05:44.535Z] [INFO] [review agiz-dis-bakimi/571215027] page=1 +1 reviews (unique=1)
[2026-04-05T15:05:44.587Z] [INFO] [REVIEW SAVED] /mnt/c/Developer/Review_AI/scraper_project/raw_data/agiz-dis-bakimi/571215027_reviews.json
[2026-04-05T15:05:44.613Z] [INFO] 
[REVIEW WORKER 5] starting agiz-dis-bakimi/594256613
[2026-04-05T15:05:44.982Z] [INFO] 
[START REVIEW] category=agiz-dis-bakimi productId=652594564 startPage=1
[2026-04-05T15:05:45.072Z] [INFO] 
[START REVIEW] category=agiz-dis-bakimi productId=650268323 startPage=1
[2026-04-05T15:05:45.110Z] [INFO] [review agiz-dis-bakimi/607457430] page=19 +8 reviews (unique=152)
[2026-04-05T15:05:45.255Z] [INFO] [review agiz-dis-bakimi/652594564] page=1 +8 reviews (unique=8)
[2026-04-05T15:05:45.310Z] [INFO] [review agiz-dis-bakimi/650268323] page=1 +2 reviews (unique=2)
[2026-04-05T15:05:45.338Z] [INFO] [REVIEW SAVED] /mnt/c/Developer/Review_AI/scraper_project/raw_data/agiz-dis-bakimi/650268323_reviews.json
[2026-04-05T15:05:45.358Z] [INFO] 
[REVIEW WORKER 2] starting agiz-dis-bakimi/730716735
[2026-04-05T15:05:45.834Z] [INFO] [review agiz-dis-bakimi/607457430] page=20 +3 reviews (unique=155)
[2026-04-05T15:05:45.850Z] [INFO] [REVIEW PARTIAL SAVED] /mnt/c/Developer/Review_AI/scraper_project/raw_data/agiz-dis-bakimi/607457430_reviews.partial.json
[2026-04-05T15:05:45.873Z] [INFO] [REVIEW SAVED] /mnt/c/Developer/Review_AI/scraper_project/raw_data/agiz-dis-bakimi/607457430_reviews.json
[2026-04-05T15:05:45.896Z] [INFO] 
[REVIEW WORKER 1] starting agiz-dis-bakimi/726764834
[2026-04-05T15:05:46.084Z] [INFO] [review agiz-dis-bakimi/652594564] page=2 +8 reviews (unique=16)
[2026-04-05T15:05:46.417Z] [INFO] 
[START REVIEW] category=agiz-dis-bakimi productId=569478803 startPage=1
[2026-04-05T15:05:47.071Z] [INFO] [review agiz-dis-bakimi/569478803] page=1 +8 reviews (unique=8)
[2026-04-05T15:05:47.104Z] [INFO] [review agiz-dis-bakimi/652594564] page=3 +4 reviews (unique=20)
[2026-04-05T15:05:47.134Z] [INFO] [REVIEW SAVED] /mnt/c/Developer/Review_AI/scraper_project/raw_data/agiz-dis-bakimi/652594564_reviews.json
[2026-04-05T15:05:47.179Z] [INFO] 
[REVIEW WORKER 8] starting agiz-dis-bakimi/311360986
[2026-04-05T15:05:47.347Z] [INFO] 
[START REVIEW] category=agiz-dis-bakimi productId=736047096 startPage=1
[2026-04-05T15:05:47.900Z] [INFO] [review agiz-dis-bakimi/736047096] page=1 +5 reviews (unique=5)
[2026-04-05T15:05:47.947Z] [INFO] [REVIEW SAVED] /mnt/c/Developer/Review_AI/scraper_project/raw_data/agiz-dis-bakimi/736047096_reviews.json
[2026-04-05T15:05:47.979Z] [INFO] 
[REVIEW WORKER 4] starting agiz-dis-bakimi/603589839
[2026-04-05T15:05:48.136Z] [INFO] [review agiz-dis-bakimi/569478803] page=2 +8 reviews (unique=16)
[2026-04-05T15:05:48.856Z] [INFO] [review agiz-dis-bakimi/569478803] page=3 +8 reviews (unique=24)
[2026-04-05T15:05:49.182Z] [INFO] 
[START REVIEW] category=agiz-dis-bakimi productId=716990775 startPage=1
[2026-04-05T15:05:49.213Z] [INFO] 
[START REVIEW] category=agiz-dis-bakimi productId=735233243 startPage=1
[2026-04-05T15:05:49.779Z] [INFO] 
[START REVIEW] category=agiz-dis-bakimi productId=735977555 startPage=1
[2026-04-05T15:05:49.938Z] [INFO] 
[START REVIEW] category=agiz-dis-bakimi productId=594256613 startPage=1
[2026-04-05T15:05:49.965Z] [INFO] [review agiz-dis-bakimi/569478803] page=4 +8 reviews (unique=32)
[2026-04-05T15:05:49.990Z] [INFO] [review agiz-dis-bakimi/735233243] page=1 +0 reviews (unique=0)
[2026-04-05T15:05:50.067Z] [INFO] [REVIEW SAVED] /mnt/c/Developer/Review_AI/scraper_project/raw_data/agiz-dis-bakimi/735233243_reviews.json
[2026-04-05T15:05:50.074Z] [INFO] [review agiz-dis-bakimi/716990775] page=1 +0 reviews (unique=0)
[2026-04-05T15:05:50.151Z] [INFO] [REVIEW SAVED] /mnt/c/Developer/Review_AI/scraper_project/raw_data/agiz-dis-bakimi/716990775_reviews.json
[2026-04-05T15:05:50.224Z] [INFO] 
[REVIEW WORKER 3] starting agiz-dis-bakimi/725416234
[2026-04-05T15:05:50.244Z] [INFO] 
[REVIEW WORKER 6] starting agiz-dis-bakimi/661422932
[2026-04-05T15:05:50.468Z] [INFO] 
[START REVIEW] category=agiz-dis-bakimi productId=726764834 startPage=1
[2026-04-05T15:05:50.503Z] [INFO] 
[START REVIEW] category=agiz-dis-bakimi productId=730716735 startPage=1
[2026-04-05T15:05:50.543Z] [INFO] [review agiz-dis-bakimi/735977555] page=1 +0 reviews (unique=0)
[2026-04-05T15:05:50.622Z] [INFO] [REVIEW SAVED] /mnt/c/Developer/Review_AI/scraper_project/raw_data/agiz-dis-bakimi/735977555_reviews.json
[2026-04-05T15:05:50.721Z] [INFO] 
[REVIEW WORKER 10] starting agiz-dis-bakimi/465302018
[2026-04-05T15:05:51.220Z] [INFO] [review agiz-dis-bakimi/569478803] page=5 +8 reviews (unique=40)
[2026-04-05T15:05:51.299Z] [INFO] [REVIEW PARTIAL SAVED] /mnt/c/Developer/Review_AI/scraper_project/raw_data/agiz-dis-bakimi/569478803_reviews.partial.json
[2026-04-05T15:05:51.722Z] [INFO] [review agiz-dis-bakimi/730716735] page=1 +3 reviews (unique=3)
[2026-04-05T15:05:51.812Z] [INFO] [REVIEW SAVED] /mnt/c/Developer/Review_AI/scraper_project/raw_data/agiz-dis-bakimi/730716735_reviews.json
[2026-04-05T15:05:51.885Z] [INFO] 
[REVIEW WORKER 2] starting agiz-dis-bakimi/593836728
[2026-04-05T15:05:51.914Z] [INFO] [review agiz-dis-bakimi/726764834] page=1 +0 reviews (unique=0)
[2026-04-05T15:05:51.954Z] [INFO] [REVIEW SAVED] /mnt/c/Developer/Review_AI/scraper_project/raw_data/agiz-dis-bakimi/726764834_reviews.json
[2026-04-05T15:05:51.992Z] [INFO] 
[REVIEW WORKER 1] starting agiz-dis-bakimi/426354740
[2026-04-05T15:05:52.156Z] [INFO] [review agiz-dis-bakimi/569478803] page=6 +8 reviews (unique=48)
[2026-04-05T15:05:53.000Z] [INFO] [review agiz-dis-bakimi/569478803] page=7 +8 reviews (unique=56)
[2026-04-05T15:05:53.185Z] [INFO] 
[START REVIEW] category=agiz-dis-bakimi productId=311360986 startPage=1
[2026-04-05T15:05:53.282Z] [INFO] 
[START REVIEW] category=agiz-dis-bakimi productId=603589839 startPage=1
[2026-04-05T15:05:53.636Z] [INFO] [review agiz-dis-bakimi/569478803] page=8 +8 reviews (unique=64)
[2026-04-05T15:05:53.679Z] [INFO] [review agiz-dis-bakimi/603589839] page=1 +5 reviews (unique=5)
[2026-04-05T15:05:53.720Z] [INFO] [REVIEW SAVED] /mnt/c/Developer/Review_AI/scraper_project/raw_data/agiz-dis-bakimi/603589839_reviews.json
[2026-04-05T15:05:53.757Z] [INFO] 
[REVIEW WORKER 4] starting agiz-dis-bakimi/712662087
[2026-04-05T15:05:53.873Z] [INFO] [review agiz-dis-bakimi/311360986] page=1 +8 reviews (unique=8)
[2026-04-05T15:05:54.270Z] [INFO] [review agiz-dis-bakimi/569478803] page=9 +8 reviews (unique=72)
[2026-04-05T15:05:54.532Z] [INFO] [review agiz-dis-bakimi/311360986] page=2 +8 reviews (unique=16)
[2026-04-05T15:05:54.980Z] [INFO] 
[START REVIEW] category=agiz-dis-bakimi productId=661422932 startPage=1
[2026-04-05T15:05:55.014Z] [INFO] [review agiz-dis-bakimi/569478803] page=10 +8 reviews (unique=80)
[2026-04-05T15:05:55.034Z] [INFO] [REVIEW PARTIAL SAVED] /mnt/c/Developer/Review_AI/scraper_project/raw_data/agiz-dis-bakimi/569478803_reviews.partial.json
[2026-04-05T15:05:55.182Z] [INFO] [review agiz-dis-bakimi/594256613] page=1 +3 reviews (unique=3)
[2026-04-05T15:05:55.221Z] [INFO] [REVIEW SAVED] /mnt/c/Developer/Review_AI/scraper_project/raw_data/agiz-dis-bakimi/594256613_reviews.json
[2026-04-05T15:05:55.267Z] [INFO] 
[REVIEW WORKER 5] starting agiz-dis-bakimi/598888365
[2026-04-05T15:05:55.353Z] [INFO] 
[START REVIEW] category=agiz-dis-bakimi productId=725416234 startPage=1
[2026-04-05T15:05:55.366Z] [INFO] [review agiz-dis-bakimi/311360986] page=3 +8 reviews (unique=24)
[2026-04-05T15:05:55.412Z] [INFO] [review agiz-dis-bakimi/661422932] page=1 +1 reviews (unique=1)
[2026-04-05T15:05:55.464Z] [INFO] [REVIEW SAVED] /mnt/c/Developer/Review_AI/scraper_project/raw_data/agiz-dis-bakimi/661422932_reviews.json
[2026-04-05T15:05:55.510Z] [INFO] 
[REVIEW WORKER 6] starting agiz-dis-bakimi/423878690
[2026-04-05T15:05:55.662Z] [INFO] [review agiz-dis-bakimi/569478803] page=11 +8 reviews (unique=88)
[2026-04-05T15:05:55.800Z] [INFO] 
[START REVIEW] category=agiz-dis-bakimi productId=465302018 startPage=1
[2026-04-05T15:05:55.808Z] [INFO] [review agiz-dis-bakimi/725416234] page=1 +0 reviews (unique=0)
[2026-04-05T15:05:55.831Z] [INFO] [REVIEW SAVED] /mnt/c/Developer/Review_AI/scraper_project/raw_data/agiz-dis-bakimi/725416234_reviews.json
[2026-04-05T15:05:55.859Z] [INFO] 
[REVIEW WORKER 3] starting agiz-dis-bakimi/679812647
[2026-04-05T15:05:56.076Z] [INFO] [review agiz-dis-bakimi/465302018] page=1 +8 reviews (unique=8)
[2026-04-05T15:05:56.092Z] [INFO] [review agiz-dis-bakimi/311360986] page=4 +8 reviews (unique=32)
[2026-04-05T15:05:56.347Z] [INFO] 
[START REVIEW] category=agiz-dis-bakimi productId=593836728 startPage=1
[2026-04-05T15:05:56.387Z] [INFO] [review agiz-dis-bakimi/569478803] page=12 +8 reviews (unique=96)
[2026-04-05T15:05:56.593Z] [INFO] [review agiz-dis-bakimi/593836728] page=1 +4 reviews (unique=4)
[2026-04-05T15:05:56.639Z] [INFO] [REVIEW SAVED] /mnt/c/Developer/Review_AI/scraper_project/raw_data/agiz-dis-bakimi/593836728_reviews.json
[2026-04-05T15:05:56.679Z] [INFO] 
[REVIEW WORKER 2] starting agiz-dis-bakimi/601793085
[2026-04-05T15:05:56.697Z] [INFO] 
[START REVIEW] category=agiz-dis-bakimi productId=426354740 startPage=1
[2026-04-05T15:05:56.738Z] [INFO] [review agiz-dis-bakimi/311360986] page=5 +1 reviews (unique=33)
[2026-04-05T15:05:56.761Z] [INFO] [REVIEW PARTIAL SAVED] /mnt/c/Developer/Review_AI/scraper_project/raw_data/agiz-dis-bakimi/311360986_reviews.partial.json
[2026-04-05T15:05:56.808Z] [INFO] [REVIEW SAVED] /mnt/c/Developer/Review_AI/scraper_project/raw_data/agiz-dis-bakimi/311360986_reviews.json
[2026-04-05T15:05:56.874Z] [INFO] 
[REVIEW WORKER 8] starting agiz-dis-bakimi/631560608
[2026-04-05T15:05:56.962Z] [INFO] [review agiz-dis-bakimi/465302018] page=2 +4 reviews (unique=12)
[2026-04-05T15:05:56.997Z] [INFO] [REVIEW SAVED] /mnt/c/Developer/Review_AI/scraper_project/raw_data/agiz-dis-bakimi/465302018_reviews.json
[2026-04-05T15:05:57.021Z] [INFO] [review agiz-dis-bakimi/426354740] page=1 +8 reviews (unique=8)
[2026-04-05T15:05:57.113Z] [INFO] 
[REVIEW WORKER 10] starting agiz-dis-bakimi/583291264
[2026-04-05T15:05:57.172Z] [INFO] [review agiz-dis-bakimi/569478803] page=13 +8 reviews (unique=104)
[2026-04-05T15:05:57.756Z] [INFO] [review agiz-dis-bakimi/426354740] page=2 +8 reviews (unique=16)
[2026-04-05T15:05:57.885Z] [INFO] [review agiz-dis-bakimi/569478803] page=14 +8 reviews (unique=112)
[2026-04-05T15:05:58.380Z] [INFO] 
[START REVIEW] category=agiz-dis-bakimi productId=712662087 startPage=1
[2026-04-05T15:05:58.480Z] [INFO] [review agiz-dis-bakimi/426354740] page=3 +8 reviews (unique=24)
[2026-04-05T15:05:58.561Z] [INFO] [review agiz-dis-bakimi/569478803] page=15 +8 reviews (unique=120)
[2026-04-05T15:05:58.589Z] [INFO] [REVIEW PARTIAL SAVED] /mnt/c/Developer/Review_AI/scraper_project/raw_data/agiz-dis-bakimi/569478803_reviews.partial.json
[2026-04-05T15:05:58.807Z] [INFO] [review agiz-dis-bakimi/712662087] page=1 +0 reviews (unique=0)
[2026-04-05T15:05:58.829Z] [INFO] [REVIEW SAVED] /mnt/c/Developer/Review_AI/scraper_project/raw_data/agiz-dis-bakimi/712662087_reviews.json
[2026-04-05T15:05:58.866Z] [INFO] 
[REVIEW WORKER 4] starting agiz-dis-bakimi/678607893
[2026-04-05T15:05:59.273Z] [INFO] [review agiz-dis-bakimi/569478803] page=16 +5 reviews (unique=125)
[2026-04-05T15:05:59.327Z] [INFO] [REVIEW SAVED] /mnt/c/Developer/Review_AI/scraper_project/raw_data/agiz-dis-bakimi/569478803_reviews.json
[2026-04-05T15:05:59.338Z] [INFO] [review agiz-dis-bakimi/426354740] page=4 +8 reviews (unique=32)
[2026-04-05T15:05:59.388Z] [INFO] 
[REVIEW WORKER 9] starting agiz-dis-bakimi/562733601
[2026-04-05T15:06:00.064Z] [INFO] [review agiz-dis-bakimi/426354740] page=5 +1 reviews (unique=33)
[2026-04-05T15:06:00.085Z] [INFO] [REVIEW PARTIAL SAVED] /mnt/c/Developer/Review_AI/scraper_project/raw_data/agiz-dis-bakimi/426354740_reviews.partial.json
[2026-04-05T15:06:00.128Z] [INFO] [REVIEW SAVED] /mnt/c/Developer/Review_AI/scraper_project/raw_data/agiz-dis-bakimi/426354740_reviews.json
[2026-04-05T15:06:00.170Z] [INFO] 
[START REVIEW] category=agiz-dis-bakimi productId=423878690 startPage=1
[2026-04-05T15:06:00.200Z] [INFO] 
[START REVIEW] category=agiz-dis-bakimi productId=679812647 startPage=1
[2026-04-05T15:06:00.262Z] [INFO] 
[START REVIEW] category=agiz-dis-bakimi productId=598888365 startPage=1
[2026-04-05T15:06:00.299Z] [INFO] 
[REVIEW WORKER 1] starting agiz-dis-bakimi/632752220
[2026-04-05T15:06:00.684Z] [INFO] [review agiz-dis-bakimi/423878690] page=1 +1 reviews (unique=1)
[2026-04-05T15:06:00.715Z] [INFO] [REVIEW SAVED] /mnt/c/Developer/Review_AI/scraper_project/raw_data/agiz-dis-bakimi/423878690_reviews.json
[2026-04-05T15:06:00.745Z] [INFO] 
[REVIEW WORKER 6] starting agiz-dis-bakimi/689258375
[2026-04-05T15:06:00.868Z] [INFO] [review agiz-dis-bakimi/598888365] page=1 +8 reviews (unique=8)
[2026-04-05T15:06:00.894Z] [INFO] [review agiz-dis-bakimi/679812647] page=1 +0 reviews (unique=0)
[2026-04-05T15:06:00.977Z] [INFO] [REVIEW SAVED] /mnt/c/Developer/Review_AI/scraper_project/raw_data/agiz-dis-bakimi/679812647_reviews.json
[2026-04-05T15:06:01.043Z] [INFO] 
[REVIEW WORKER 3] starting agiz-dis-bakimi/710056321
[2026-04-05T15:06:01.595Z] [INFO] [review agiz-dis-bakimi/598888365] page=2 +8 reviews (unique=16)
[2026-04-05T15:06:02.205Z] [INFO] 
[START REVIEW] category=agiz-dis-bakimi productId=601793085 startPage=1
[2026-04-05T15:06:02.325Z] [INFO] [review agiz-dis-bakimi/598888365] page=3 +5 reviews (unique=21)
[2026-04-05T15:06:02.363Z] [INFO] [REVIEW SAVED] /mnt/c/Developer/Review_AI/scraper_project/raw_data/agiz-dis-bakimi/598888365_reviews.json
[2026-04-05T15:06:02.408Z] [INFO] 
[REVIEW WORKER 5] starting agiz-dis-bakimi/632820619
[2026-04-05T15:06:02.533Z] [INFO] 
[START REVIEW] category=agiz-dis-bakimi productId=583291264 startPage=1
[2026-04-05T15:06:02.572Z] [INFO] [review agiz-dis-bakimi/601793085] page=1 +8 reviews (unique=8)
[2026-04-05T15:06:02.619Z] [INFO] 
[START REVIEW] category=agiz-dis-bakimi productId=631560608 startPage=1
[2026-04-05T15:06:02.807Z] [INFO] [review agiz-dis-bakimi/583291264] page=1 +8 reviews (unique=8)
[2026-04-05T15:06:02.844Z] [INFO] [review agiz-dis-bakimi/631560608] page=1 +3 reviews (unique=3)
[2026-04-05T15:06:02.863Z] [INFO] [REVIEW SAVED] /mnt/c/Developer/Review_AI/scraper_project/raw_data/agiz-dis-bakimi/631560608_reviews.json
[2026-04-05T15:06:02.888Z] [INFO] 
[REVIEW WORKER 8] starting agiz-dis-bakimi/728001783
[2026-04-05T15:06:03.351Z] [INFO] [review agiz-dis-bakimi/601793085] page=2 +1 reviews (unique=9)
[2026-04-05T15:06:03.372Z] [INFO] [REVIEW SAVED] /mnt/c/Developer/Review_AI/scraper_project/raw_data/agiz-dis-bakimi/601793085_reviews.json
[2026-04-05T15:06:03.402Z] [INFO] 
[REVIEW WORKER 2] starting agiz-dis-bakimi/423878454
[2026-04-05T15:06:03.931Z] [INFO] 
[START REVIEW] category=agiz-dis-bakimi productId=678607893 startPage=1
[2026-04-05T15:06:04.260Z] [INFO] 
[START REVIEW] category=agiz-dis-bakimi productId=562733601 startPage=1
[2026-04-05T15:06:04.940Z] [INFO] [review agiz-dis-bakimi/562733601] page=1 +7 reviews (unique=7)
[2026-04-05T15:06:05.007Z] [INFO] [REVIEW SAVED] /mnt/c/Developer/Review_AI/scraper_project/raw_data/agiz-dis-bakimi/562733601_reviews.json
[2026-04-05T15:06:05.070Z] [INFO] 
[REVIEW WORKER 9] starting agiz-dis-bakimi/734897371
[2026-04-05T15:06:05.143Z] [INFO] 
[START REVIEW] category=agiz-dis-bakimi productId=632752220 startPage=1
[2026-04-05T15:06:05.771Z] [INFO] [review agiz-dis-bakimi/632752220] page=1 +8 reviews (unique=8)
[2026-04-05T15:06:06.247Z] [INFO] 
[START REVIEW] category=agiz-dis-bakimi productId=710056321 startPage=1
[2026-04-05T15:06:06.266Z] [INFO] 
[START REVIEW] category=agiz-dis-bakimi productId=689258375 startPage=1
[2026-04-05T15:06:06.689Z] [INFO] [review agiz-dis-bakimi/632752220] page=2 +3 reviews (unique=11)
[2026-04-05T15:06:06.720Z] [INFO] [REVIEW SAVED] /mnt/c/Developer/Review_AI/scraper_project/raw_data/agiz-dis-bakimi/632752220_reviews.json
[2026-04-05T15:06:06.751Z] [INFO] 
[REVIEW WORKER 1] starting agiz-dis-bakimi/583147098
[2026-04-05T15:06:06.825Z] [INFO] [review agiz-dis-bakimi/689258375] page=1 +0 reviews (unique=0)
[2026-04-05T15:06:06.850Z] [INFO] [REVIEW SAVED] /mnt/c/Developer/Review_AI/scraper_project/raw_data/agiz-dis-bakimi/689258375_reviews.json
[2026-04-05T15:06:06.920Z] [INFO] 
[REVIEW WORKER 6] starting agiz-dis-bakimi/734740595
[2026-04-05T15:06:06.926Z] [INFO] [review agiz-dis-bakimi/710056321] page=1 +0 reviews (unique=0)
[2026-04-05T15:06:06.946Z] [INFO] [REVIEW SAVED] /mnt/c/Developer/Review_AI/scraper_project/raw_data/agiz-dis-bakimi/710056321_reviews.json
[2026-04-05T15:06:07.018Z] [INFO] 
[REVIEW WORKER 3] starting agiz-dis-bakimi/728001592
[2026-04-05T15:06:07.174Z] [INFO] [review agiz-dis-bakimi/678607893] page=1 +1 reviews (unique=1)
[2026-04-05T15:06:07.203Z] [INFO] [REVIEW SAVED] /mnt/c/Developer/Review_AI/scraper_project/raw_data/agiz-dis-bakimi/678607893_reviews.json
[2026-04-05T15:06:07.240Z] [INFO] 
[REVIEW WORKER 4] starting agiz-dis-bakimi/569356274
[2026-04-05T15:06:07.321Z] [INFO] 
[START REVIEW] category=agiz-dis-bakimi productId=632820619 startPage=1
[2026-04-05T15:06:07.329Z] [INFO] [review agiz-dis-bakimi/583291264] page=2 +8 reviews (unique=16)
[2026-04-05T15:06:07.817Z] [INFO] [review agiz-dis-bakimi/632820619] page=1 +7 reviews (unique=7)
[2026-04-05T15:06:07.847Z] [INFO] [REVIEW SAVED] /mnt/c/Developer/Review_AI/scraper_project/raw_data/agiz-dis-bakimi/632820619_reviews.json
[2026-04-05T15:06:07.875Z] [INFO] 
[REVIEW WORKER 5] starting agiz-dis-bakimi/682371601
[2026-04-05T15:06:07.988Z] [INFO] 
[START REVIEW] category=agiz-dis-bakimi productId=728001783 startPage=1
[2026-04-05T15:06:08.130Z] [INFO] [review agiz-dis-bakimi/583291264] page=3 +8 reviews (unique=24)
[2026-04-05T15:06:08.544Z] [INFO] [review agiz-dis-bakimi/728001783] page=1 +2 reviews (unique=2)
[2026-04-05T15:06:08.585Z] [INFO] [REVIEW SAVED] /mnt/c/Developer/Review_AI/scraper_project/raw_data/agiz-dis-bakimi/728001783_reviews.json
[2026-04-05T15:06:08.619Z] [INFO] 
[REVIEW WORKER 8] starting agiz-dis-bakimi/589686714
[2026-04-05T15:06:08.869Z] [INFO] [review agiz-dis-bakimi/583291264] page=4 +8 reviews (unique=32)
[2026-04-05T15:06:08.949Z] [INFO] 
[START REVIEW] category=agiz-dis-bakimi productId=423878454 startPage=1
[2026-04-05T15:06:09.478Z] [INFO] [review agiz-dis-bakimi/423878454] page=1 +1 reviews (unique=1)
[2026-04-05T15:06:09.570Z] [INFO] [REVIEW SAVED] /mnt/c/Developer/Review_AI/scraper_project/raw_data/agiz-dis-bakimi/423878454_reviews.json
[2026-04-05T15:06:09.618Z] [INFO] [review agiz-dis-bakimi/583291264] page=5 +8 reviews (unique=40)
[2026-04-05T15:06:09.678Z] [INFO] [REVIEW PARTIAL SAVED] /mnt/c/Developer/Review_AI/scraper_project/raw_data/agiz-dis-bakimi/583291264_reviews.partial.json
[2026-04-05T15:06:09.708Z] [INFO] 
[REVIEW WORKER 2] starting agiz-dis-bakimi/726005730
[2026-04-05T15:06:10.126Z] [INFO] 
[START REVIEW] category=agiz-dis-bakimi productId=734897371 startPage=1
[2026-04-05T15:06:10.596Z] [INFO] [review agiz-dis-bakimi/583291264] page=6 +8 reviews (unique=48)
[2026-04-05T15:06:10.635Z] [INFO] [review agiz-dis-bakimi/734897371] page=1 +0 reviews (unique=0)
[2026-04-05T15:06:10.687Z] [INFO] [REVIEW SAVED] /mnt/c/Developer/Review_AI/scraper_project/raw_data/agiz-dis-bakimi/734897371_reviews.json
[2026-04-05T15:06:10.729Z] [INFO] 
[REVIEW WORKER 9] starting agiz-dis-bakimi/530185169
[2026-04-05T15:06:11.386Z] [INFO] [review agiz-dis-bakimi/583291264] page=7 +8 reviews (unique=56)
[2026-04-05T15:06:11.465Z] [INFO] 
[START REVIEW] category=agiz-dis-bakimi productId=728001592 startPage=1
[2026-04-05T15:06:11.580Z] [INFO] 
[START REVIEW] category=agiz-dis-bakimi productId=583147098 startPage=1
[2026-04-05T15:06:12.055Z] [INFO] [review agiz-dis-bakimi/583147098] page=1 +1 reviews (unique=1)
[2026-04-05T15:06:12.095Z] [INFO] [REVIEW SAVED] /mnt/c/Developer/Review_AI/scraper_project/raw_data/agiz-dis-bakimi/583147098_reviews.json
[2026-04-05T15:06:12.116Z] [INFO] [review agiz-dis-bakimi/728001592] page=1 +1 reviews (unique=1)
[2026-04-05T15:06:12.153Z] [INFO] [REVIEW SAVED] /mnt/c/Developer/Review_AI/scraper_project/raw_data/agiz-dis-bakimi/728001592_reviews.json
[2026-04-05T15:06:12.162Z] [INFO] [review agiz-dis-bakimi/583291264] page=8 +8 reviews (unique=64)
[2026-04-05T15:06:12.180Z] [INFO] 
[START REVIEW] category=agiz-dis-bakimi productId=569356274 startPage=1
[2026-04-05T15:06:12.210Z] [INFO] 
[REVIEW WORKER 1] starting agiz-dis-bakimi/736796641
[2026-04-05T15:06:12.287Z] [INFO] 
[START REVIEW] category=agiz-dis-bakimi productId=734740595 startPage=1
[2026-04-05T15:06:12.302Z] [INFO] 
[REVIEW WORKER 3] starting agiz-dis-bakimi/451101391
[2026-04-05T15:06:12.664Z] [INFO] [review agiz-dis-bakimi/734740595] page=1 +0 reviews (unique=0)
[2026-04-05T15:06:12.709Z] [INFO] [REVIEW SAVED] /mnt/c/Developer/Review_AI/scraper_project/raw_data/agiz-dis-bakimi/734740595_reviews.json
[2026-04-05T15:06:12.721Z] [INFO] [review agiz-dis-bakimi/569356274] page=1 +4 reviews (unique=4)
[2026-04-05T15:06:12.781Z] [INFO] [REVIEW SAVED] /mnt/c/Developer/Review_AI/scraper_project/raw_data/agiz-dis-bakimi/569356274_reviews.json
[2026-04-05T15:06:12.808Z] [INFO] 
[REVIEW WORKER 6] starting agiz-dis-bakimi/738311052
[2026-04-05T15:06:12.857Z] [INFO] 
[REVIEW WORKER 4] starting agiz-dis-bakimi/569357186
[2026-04-05T15:06:12.903Z] [INFO] 
[START REVIEW] category=agiz-dis-bakimi productId=682371601 startPage=1
[2026-04-05T15:06:12.918Z] [INFO] [review agiz-dis-bakimi/583291264] page=9 +8 reviews (unique=72)
[2026-04-05T15:06:13.758Z] [INFO] [review agiz-dis-bakimi/583291264] page=10 +8 reviews (unique=80)
[2026-04-05T15:06:13.799Z] [INFO] [REVIEW PARTIAL SAVED] /mnt/c/Developer/Review_AI/scraper_project/raw_data/agiz-dis-bakimi/583291264_reviews.partial.json
[2026-04-05T15:06:13.834Z] [INFO] 
[START REVIEW] category=agiz-dis-bakimi productId=589686714 startPage=1
[2026-04-05T15:06:14.316Z] [INFO] [review agiz-dis-bakimi/589686714] page=1 +8 reviews (unique=8)
[2026-04-05T15:06:14.549Z] [INFO] [REVIEW SAVED] /mnt/c/Developer/Review_AI/scraper_project/raw_data/agiz-dis-bakimi/589686714_reviews.json
[2026-04-05T15:06:14.613Z] [INFO] [review agiz-dis-bakimi/583291264] page=11 +8 reviews (unique=88)
[2026-04-05T15:06:14.653Z] [INFO] 
[REVIEW WORKER 8] starting agiz-dis-bakimi/606940739
[2026-04-05T15:06:15.357Z] [INFO] [review agiz-dis-bakimi/583291264] page=12 +8 reviews (unique=96)
[2026-04-05T15:06:16.034Z] [INFO] 
[START REVIEW] category=agiz-dis-bakimi productId=726005730 startPage=1
[2026-04-05T15:06:16.159Z] [INFO] 
[START REVIEW] category=agiz-dis-bakimi productId=530185169 startPage=1
[2026-04-05T15:06:16.236Z] [INFO] [review agiz-dis-bakimi/583291264] page=13 +8 reviews (unique=104)
[2026-04-05T15:06:16.617Z] [INFO] [review agiz-dis-bakimi/530185169] page=1 +4 reviews (unique=4)
[2026-04-05T15:06:16.669Z] [INFO] [REVIEW SAVED] /mnt/c/Developer/Review_AI/scraper_project/raw_data/agiz-dis-bakimi/530185169_reviews.json
[2026-04-05T15:06:16.680Z] [INFO] [review agiz-dis-bakimi/726005730] page=1 +0 reviews (unique=0)
[2026-04-05T15:06:16.709Z] [INFO] [REVIEW SAVED] /mnt/c/Developer/Review_AI/scraper_project/raw_data/agiz-dis-bakimi/726005730_reviews.json
[2026-04-05T15:06:16.744Z] [INFO] 
[REVIEW WORKER 9] starting agiz-dis-bakimi/563710249
[2026-04-05T15:06:16.763Z] [INFO] 
[REVIEW WORKER 2] starting agiz-dis-bakimi/678395901
[2026-04-05T15:06:16.947Z] [INFO] [review agiz-dis-bakimi/583291264] page=14 +8 reviews (unique=112)
[2026-04-05T15:06:16.991Z] [INFO] [review agiz-dis-bakimi/682371601] page=1 +0 reviews (unique=0)
[2026-04-05T15:06:17.020Z] [INFO] [REVIEW SAVED] /mnt/c/Developer/Review_AI/scraper_project/raw_data/agiz-dis-bakimi/682371601_reviews.json
[2026-04-05T15:06:17.054Z] [INFO] 
[REVIEW WORKER 5] starting agiz-dis-bakimi/698462773
[2026-04-05T15:06:17.540Z] [INFO] [review agiz-dis-bakimi/583291264] page=15 +8 reviews (unique=120)
[2026-04-05T15:06:17.556Z] [INFO] [REVIEW PARTIAL SAVED] /mnt/c/Developer/Review_AI/scraper_project/raw_data/agiz-dis-bakimi/583291264_reviews.partial.json
[2026-04-05T15:06:17.727Z] [INFO] 
[START REVIEW] category=agiz-dis-bakimi productId=736796641 startPage=1
[2026-04-05T15:06:17.889Z] [INFO] 
[START REVIEW] category=agiz-dis-bakimi productId=451101391 startPage=1
[2026-04-05T15:06:17.930Z] [INFO] 
[START REVIEW] category=agiz-dis-bakimi productId=569357186 startPage=1
[2026-04-05T15:06:17.949Z] [INFO] [review agiz-dis-bakimi/736796641] page=1 +0 reviews (unique=0)
[2026-04-05T15:06:17.979Z] [INFO] [REVIEW SAVED] /mnt/c/Developer/Review_AI/scraper_project/raw_data/agiz-dis-bakimi/736796641_reviews.json
[2026-04-05T15:06:18.042Z] [INFO] 
[REVIEW WORKER 1] starting agiz-dis-bakimi/645385474
[2026-04-05T15:06:18.141Z] [INFO] [review agiz-dis-bakimi/451101391] page=1 +8 reviews (unique=8)
[2026-04-05T15:06:18.245Z] [INFO] [review agiz-dis-bakimi/569357186] page=1 +6 reviews (unique=6)
[2026-04-05T15:06:18.262Z] [INFO] [REVIEW SAVED] /mnt/c/Developer/Review_AI/scraper_project/raw_data/agiz-dis-bakimi/569357186_reviews.json
[2026-04-05T15:06:18.283Z] [INFO] 
[REVIEW WORKER 4] starting agiz-dis-bakimi/649121990
[2026-04-05T15:06:18.289Z] [INFO] [review agiz-dis-bakimi/583291264] page=16 +8 reviews (unique=128)
[2026-04-05T15:06:18.925Z] [INFO] [review agiz-dis-bakimi/451101391] page=2 +8 reviews (unique=16)
[2026-04-05T15:06:18.961Z] [INFO] [review agiz-dis-bakimi/583291264] page=17 +8 reviews (unique=136)
[2026-04-05T15:06:19.025Z] [INFO] 
[START REVIEW] category=agiz-dis-bakimi productId=606940739 startPage=1
[2026-04-05T15:06:19.573Z] [INFO] [review agiz-dis-bakimi/606940739] page=1 +0 reviews (unique=0)
[2026-04-05T15:06:19.602Z] [INFO] [REVIEW SAVED] /mnt/c/Developer/Review_AI/scraper_project/raw_data/agiz-dis-bakimi/606940739_reviews.json
[2026-04-05T15:06:19.628Z] [INFO] 
[REVIEW WORKER 8] starting agiz-dis-bakimi/658799954
[2026-04-05T15:06:19.758Z] [INFO] [review agiz-dis-bakimi/451101391] page=3 +8 reviews (unique=24)
[2026-04-05T15:06:19.818Z] [INFO] [review agiz-dis-bakimi/583291264] page=18 +8 reviews (unique=144)
[2026-04-05T15:06:20.451Z] [INFO] [review agiz-dis-bakimi/451101391] page=4 +6 reviews (unique=30)
[2026-04-05T15:06:20.492Z] [INFO] [REVIEW SAVED] /mnt/c/Developer/Review_AI/scraper_project/raw_data/agiz-dis-bakimi/451101391_reviews.json
[2026-04-05T15:06:20.522Z] [INFO] 
[REVIEW WORKER 3] starting agiz-dis-bakimi/315821253
[2026-04-05T15:06:20.561Z] [INFO] [review agiz-dis-bakimi/583291264] page=19 +8 reviews (unique=152)
[2026-04-05T15:06:21.124Z] [INFO] 
[START REVIEW] category=agiz-dis-bakimi productId=738311052 startPage=1
[2026-04-05T15:06:21.206Z] [INFO] 
[START REVIEW] category=agiz-dis-bakimi productId=563710249 startPage=1
[2026-04-05T15:06:21.264Z] [INFO] 
[START REVIEW] category=agiz-dis-bakimi productId=698462773 startPage=1
[2026-04-05T15:06:21.382Z] [INFO] 
[START REVIEW] category=agiz-dis-bakimi productId=678395901 startPage=1
[2026-04-05T15:06:21.561Z] [INFO] [review agiz-dis-bakimi/583291264] page=20 +8 reviews (unique=160)
[2026-04-05T15:06:21.646Z] [INFO] [REVIEW PARTIAL SAVED] /mnt/c/Developer/Review_AI/scraper_project/raw_data/agiz-dis-bakimi/583291264_reviews.partial.json
[2026-04-05T15:06:21.685Z] [INFO] [review agiz-dis-bakimi/738311052] page=1 +5 reviews (unique=5)
[2026-04-05T15:06:21.857Z] [INFO] [REVIEW SAVED] /mnt/c/Developer/Review_AI/scraper_project/raw_data/agiz-dis-bakimi/738311052_reviews.json
[2026-04-05T15:06:21.917Z] [INFO] [review agiz-dis-bakimi/698462773] page=1 +0 reviews (unique=0)
[2026-04-05T15:06:22.077Z] [INFO] [REVIEW SAVED] /mnt/c/Developer/Review_AI/scraper_project/raw_data/agiz-dis-bakimi/698462773_reviews.json
[2026-04-05T15:06:22.096Z] [INFO] [review agiz-dis-bakimi/678395901] page=1 +0 reviews (unique=0)
[2026-04-05T15:06:22.191Z] [INFO] [REVIEW SAVED] /mnt/c/Developer/Review_AI/scraper_project/raw_data/agiz-dis-bakimi/678395901_reviews.json
[2026-04-05T15:06:22.268Z] [INFO] 
[REVIEW WORKER 6] starting agiz-dis-bakimi/730117811
[2026-04-05T15:06:22.285Z] [INFO] [review agiz-dis-bakimi/563710249] page=1 +1 reviews (unique=1)
[2026-04-05T15:06:22.353Z] [INFO] [REVIEW SAVED] /mnt/c/Developer/Review_AI/scraper_project/raw_data/agiz-dis-bakimi/563710249_reviews.json
[2026-04-05T15:06:22.399Z] [INFO] 
[REVIEW WORKER 5] starting agiz-dis-bakimi/596638519
[2026-04-05T15:06:22.414Z] [INFO] 
[REVIEW WORKER 2] starting agiz-dis-bakimi/569478952
[2026-04-05T15:06:22.509Z] [INFO] 
[START REVIEW] category=agiz-dis-bakimi productId=645385474 startPage=1
[2026-04-05T15:06:22.588Z] [INFO] 
[REVIEW WORKER 9] starting agiz-dis-bakimi/589424410
[2026-04-05T15:06:22.599Z] [INFO] [review agiz-dis-bakimi/583291264] page=21 +8 reviews (unique=168)
[2026-04-05T15:06:23.051Z] [INFO] [review agiz-dis-bakimi/645385474] page=1 +6 reviews (unique=6)
[2026-04-05T15:06:23.075Z] [INFO] [REVIEW SAVED] /mnt/c/Developer/Review_AI/scraper_project/raw_data/agiz-dis-bakimi/645385474_reviews.json
[2026-04-05T15:06:23.096Z] [INFO] 
[REVIEW WORKER 1] starting agiz-dis-bakimi/561587234
[2026-04-05T15:06:23.340Z] [INFO] [review agiz-dis-bakimi/583291264] page=22 +8 reviews (unique=176)
[2026-04-05T15:06:23.819Z] [INFO] 
[START REVIEW] category=agiz-dis-bakimi productId=649121990 startPage=1
[2026-04-05T15:06:23.998Z] [INFO] [review agiz-dis-bakimi/583291264] page=23 +8 reviews (unique=184)
[2026-04-05T15:06:24.026Z] [INFO] [review agiz-dis-bakimi/649121990] page=1 +0 reviews (unique=0)
[2026-04-05T15:06:24.055Z] [INFO] [REVIEW SAVED] /mnt/c/Developer/Review_AI/scraper_project/raw_data/agiz-dis-bakimi/649121990_reviews.json
[2026-04-05T15:06:24.085Z] [INFO] 
[REVIEW WORKER 4] starting agiz-dis-bakimi/634027959
[2026-04-05T15:06:24.670Z] [INFO] [review agiz-dis-bakimi/583291264] page=24 +8 reviews (unique=192)
[2026-04-05T15:06:24.777Z] [INFO] 
[START REVIEW] category=agiz-dis-bakimi productId=658799954 startPage=1
[2026-04-05T15:06:24.984Z] [INFO] [review agiz-dis-bakimi/658799954] page=1 +0 reviews (unique=0)
[2026-04-05T15:06:25.033Z] [INFO] [REVIEW SAVED] /mnt/c/Developer/Review_AI/scraper_project/raw_data/agiz-dis-bakimi/658799954_reviews.json
[2026-04-05T15:06:25.084Z] [INFO] 
[REVIEW WORKER 8] starting agiz-dis-bakimi/737374482
[2026-04-05T15:06:25.504Z] [INFO] 
[START REVIEW] category=agiz-dis-bakimi productId=315821253 startPage=1
[2026-04-05T15:06:25.575Z] [INFO] [review agiz-dis-bakimi/583291264] page=25 +8 reviews (unique=200)
[2026-04-05T15:06:25.635Z] [INFO] [REVIEW PARTIAL SAVED] /mnt/c/Developer/Review_AI/scraper_project/raw_data/agiz-dis-bakimi/583291264_reviews.partial.json
[2026-04-05T15:06:26.558Z] [INFO] [review agiz-dis-bakimi/583291264] page=26 +8 reviews (unique=208)
[2026-04-05T15:06:26.963Z] [INFO] 
[START REVIEW] category=agiz-dis-bakimi productId=589424410 startPage=1
[2026-04-05T15:06:27.312Z] [INFO] [review agiz-dis-bakimi/583291264] page=27 +8 reviews (unique=216)
[2026-04-05T15:06:27.355Z] [INFO] 
[START REVIEW] category=agiz-dis-bakimi productId=569478952 startPage=1
[2026-04-05T15:06:27.398Z] [INFO] [review agiz-dis-bakimi/589424410] page=1 +4 reviews (unique=4)
[2026-04-05T15:06:27.428Z] [INFO] [REVIEW SAVED] /mnt/c/Developer/Review_AI/scraper_project/raw_data/agiz-dis-bakimi/589424410_reviews.json
[2026-04-05T15:06:27.453Z] [INFO] 
[REVIEW WORKER 9] starting agiz-dis-bakimi/718035694
[2026-04-05T15:06:27.615Z] [INFO] [review agiz-dis-bakimi/569478952] page=1 +2 reviews (unique=2)
[2026-04-05T15:06:27.634Z] [INFO] [REVIEW SAVED] /mnt/c/Developer/Review_AI/scraper_project/raw_data/agiz-dis-bakimi/569478952_reviews.json
[2026-04-05T15:06:27.652Z] [INFO] 
[REVIEW WORKER 2] starting agiz-dis-bakimi/636170605
[2026-04-05T15:06:27.888Z] [INFO] 
[START REVIEW] category=agiz-dis-bakimi productId=596638519 startPage=1
[2026-04-05T15:06:27.900Z] [INFO] 
[START REVIEW] category=agiz-dis-bakimi productId=730117811 startPage=1
[2026-04-05T15:06:28.047Z] [INFO] [review agiz-dis-bakimi/583291264] page=28 +8 reviews (unique=224)
[2026-04-05T15:06:28.135Z] [INFO] 
[START REVIEW] category=agiz-dis-bakimi productId=561587234 startPage=1
[2026-04-05T15:06:28.153Z] [INFO] [review agiz-dis-bakimi/730117811] page=1 +0 reviews (unique=0)
[2026-04-05T15:06:28.187Z] [INFO] [REVIEW SAVED] /mnt/c/Developer/Review_AI/scraper_project/raw_data/agiz-dis-bakimi/730117811_reviews.json
[2026-04-05T15:06:28.198Z] [INFO] [review agiz-dis-bakimi/596638519] page=1 +0 reviews (unique=0)
[2026-04-05T15:06:28.228Z] [INFO] [REVIEW SAVED] /mnt/c/Developer/Review_AI/scraper_project/raw_data/agiz-dis-bakimi/596638519_reviews.json
[2026-04-05T15:06:28.259Z] [INFO] 
[REVIEW WORKER 6] starting agiz-dis-bakimi/582097236
[2026-04-05T15:06:28.273Z] [INFO] 
[REVIEW WORKER 5] starting agiz-dis-bakimi/638292835
[2026-04-05T15:06:28.686Z] [INFO] [review agiz-dis-bakimi/583291264] page=29 +8 reviews (unique=232)
[2026-04-05T15:06:28.961Z] [INFO] 
[START REVIEW] category=agiz-dis-bakimi productId=634027959 startPage=1
[2026-04-05T15:06:29.074Z] [INFO] [review agiz-dis-bakimi/561587234] page=1 +0 reviews (unique=0)
[2026-04-05T15:06:29.133Z] [INFO] [REVIEW SAVED] /mnt/c/Developer/Review_AI/scraper_project/raw_data/agiz-dis-bakimi/561587234_reviews.json
[2026-04-05T15:06:29.178Z] [INFO] 
[REVIEW WORKER 1] starting agiz-dis-bakimi/504517914
[2026-04-05T15:06:29.410Z] [INFO] [review agiz-dis-bakimi/583291264] page=30 +8 reviews (unique=240)
[2026-04-05T15:06:29.443Z] [INFO] [REVIEW PARTIAL SAVED] /mnt/c/Developer/Review_AI/scraper_project/raw_data/agiz-dis-bakimi/583291264_reviews.partial.json
[2026-04-05T15:06:29.508Z] [ERROR] [REVIEW ERROR] agiz-dis-bakimi/459130031
[2026-04-05T15:06:29.515Z] [ERROR] {"name":"TimeoutError"}
[2026-04-05T15:06:29.554Z] [INFO] 
[REVIEW WORKER 7] starting agiz-dis-bakimi/315525287
[2026-04-05T15:06:29.565Z] [INFO] [review agiz-dis-bakimi/634027959] page=1 +1 reviews (unique=1)
[2026-04-05T15:06:29.616Z] [INFO] [REVIEW SAVED] /mnt/c/Developer/Review_AI/scraper_project/raw_data/agiz-dis-bakimi/634027959_reviews.json
[2026-04-05T15:06:29.728Z] [INFO] 
[REVIEW WORKER 4] starting agiz-dis-bakimi/634025216
[2026-04-05T15:06:29.780Z] [INFO] 
[START REVIEW] category=agiz-dis-bakimi productId=737374482 startPage=1
[2026-04-05T15:06:30.123Z] [INFO] [review agiz-dis-bakimi/737374482] page=1 +0 reviews (unique=0)
[2026-04-05T15:06:30.198Z] [INFO] [REVIEW SAVED] /mnt/c/Developer/Review_AI/scraper_project/raw_data/agiz-dis-bakimi/737374482_reviews.json
[2026-04-05T15:06:30.248Z] [INFO] [review agiz-dis-bakimi/583291264] page=31 +8 reviews (unique=248)
[2026-04-05T15:06:30.295Z] [INFO] 
[REVIEW WORKER 8] starting agiz-dis-bakimi/686099054
[2026-04-05T15:06:31.094Z] [INFO] [review agiz-dis-bakimi/583291264] page=32 +8 reviews (unique=256)
[2026-04-05T15:06:31.617Z] [INFO] [review agiz-dis-bakimi/315821253] page=1 +8 reviews (unique=8)
[2026-04-05T15:06:31.912Z] [INFO] [review agiz-dis-bakimi/583291264] page=33 +8 reviews (unique=264)
[2026-04-05T15:06:32.256Z] [INFO] 
[START REVIEW] category=agiz-dis-bakimi productId=718035694 startPage=1
[2026-04-05T15:06:32.374Z] [INFO] 
[START REVIEW] category=agiz-dis-bakimi productId=636170605 startPage=1
[2026-04-05T15:06:32.466Z] [INFO] [review agiz-dis-bakimi/315821253] page=2 +8 reviews (unique=16)
[2026-04-05T15:06:32.742Z] [INFO] [review agiz-dis-bakimi/583291264] page=34 +8 reviews (unique=272)
[2026-04-05T15:06:32.960Z] [INFO] [review agiz-dis-bakimi/718035694] page=1 +3 reviews (unique=3)
[2026-04-05T15:06:32.996Z] [INFO] [REVIEW SAVED] /mnt/c/Developer/Review_AI/scraper_project/raw_data/agiz-dis-bakimi/718035694_reviews.json
[2026-04-05T15:06:33.045Z] [INFO] 
[REVIEW WORKER 9] starting agiz-dis-bakimi/650287662
[2026-04-05T15:06:33.150Z] [INFO] [review agiz-dis-bakimi/636170605] page=1 +0 reviews (unique=0)
[2026-04-05T15:06:33.183Z] [INFO] [REVIEW SAVED] /mnt/c/Developer/Review_AI/scraper_project/raw_data/agiz-dis-bakimi/636170605_reviews.json
[2026-04-05T15:06:33.215Z] [INFO] [review agiz-dis-bakimi/315821253] page=3 +7 reviews (unique=23)
[2026-04-05T15:06:33.246Z] [INFO] [REVIEW SAVED] /mnt/c/Developer/Review_AI/scraper_project/raw_data/agiz-dis-bakimi/315821253_reviews.json
[2026-04-05T15:06:33.259Z] [INFO] 
[REVIEW WORKER 2] starting agiz-dis-bakimi/480559656
[2026-04-05T15:06:33.295Z] [INFO] 
[REVIEW WORKER 3] starting agiz-dis-bakimi/632012036
[2026-04-05T15:06:33.496Z] [INFO] 
[START REVIEW] category=agiz-dis-bakimi productId=582097236 startPage=1
[2026-04-05T15:06:33.520Z] [INFO] 
[START REVIEW] category=agiz-dis-bakimi productId=638292835 startPage=1
[2026-04-05T15:06:33.558Z] [INFO] [review agiz-dis-bakimi/583291264] page=35 +8 reviews (unique=280)
[2026-04-05T15:06:33.590Z] [INFO] [REVIEW PARTIAL SAVED] /mnt/c/Developer/Review_AI/scraper_project/raw_data/agiz-dis-bakimi/583291264_reviews.partial.json
[2026-04-05T15:06:33.930Z] [INFO] [review agiz-dis-bakimi/582097236] page=1 +8 reviews (unique=8)
[2026-04-05T15:06:34.283Z] [INFO] [review agiz-dis-bakimi/583291264] page=36 +8 reviews (unique=288)
[2026-04-05T15:06:34.397Z] [INFO] 
[START REVIEW] category=agiz-dis-bakimi productId=504517914 startPage=1
[2026-04-05T15:06:34.609Z] [INFO] [review agiz-dis-bakimi/582097236] page=2 +1 reviews (unique=9)
[2026-04-05T15:06:34.637Z] [INFO] [REVIEW SAVED] /mnt/c/Developer/Review_AI/scraper_project/raw_data/agiz-dis-bakimi/582097236_reviews.json
[2026-04-05T15:06:34.666Z] [INFO] 
[REVIEW WORKER 6] starting agiz-dis-bakimi/694643703
[2026-04-05T15:06:34.826Z] [INFO] 
[START REVIEW] category=agiz-dis-bakimi productId=315525287 startPage=1
[2026-04-05T15:06:34.849Z] [INFO] [review agiz-dis-bakimi/504517914] page=1 +7 reviews (unique=7)
[2026-04-05T15:06:34.921Z] [INFO] [REVIEW SAVED] /mnt/c/Developer/Review_AI/scraper_project/raw_data/agiz-dis-bakimi/504517914_reviews.json
[2026-04-05T15:06:34.951Z] [INFO] 
[START REVIEW] category=agiz-dis-bakimi productId=634025216 startPage=1
[2026-04-05T15:06:35.003Z] [INFO] [review agiz-dis-bakimi/583291264] page=37 +8 reviews (unique=296)
[2026-04-05T15:06:35.111Z] [INFO] 
[REVIEW WORKER 1] starting agiz-dis-bakimi/559250406
[2026-04-05T15:06:35.315Z] [INFO] [review agiz-dis-bakimi/315525287] page=1 +8 reviews (unique=8)
[2026-04-05T15:06:35.413Z] [INFO] [review agiz-dis-bakimi/634025216] page=1 +0 reviews (unique=0)
[2026-04-05T15:06:35.458Z] [INFO] [REVIEW SAVED] /mnt/c/Developer/Review_AI/scraper_project/raw_data/agiz-dis-bakimi/634025216_reviews.json
[2026-04-05T15:06:35.509Z] [INFO] 
[REVIEW WORKER 4] starting agiz-dis-bakimi/683656808
[2026-04-05T15:06:35.809Z] [INFO] [review agiz-dis-bakimi/583291264] page=38 +8 reviews (unique=304)
[2026-04-05T15:06:35.857Z] [INFO] 
[START REVIEW] category=agiz-dis-bakimi productId=686099054 startPage=1
[2026-04-05T15:06:35.941Z] [INFO] [review agiz-dis-bakimi/315525287] page=2 +8 reviews (unique=16)
[2026-04-05T15:06:36.296Z] [INFO] [review agiz-dis-bakimi/686099054] page=1 +8 reviews (unique=8)
[2026-04-05T15:06:36.730Z] [INFO] [review agiz-dis-bakimi/583291264] page=39 +8 reviews (unique=312)
[2026-04-05T15:06:36.781Z] [INFO] [review agiz-dis-bakimi/315525287] page=3 +5 reviews (unique=21)
[2026-04-05T15:06:36.877Z] [INFO] [REVIEW SAVED] /mnt/c/Developer/Review_AI/scraper_project/raw_data/agiz-dis-bakimi/315525287_reviews.json
[2026-04-05T15:06:36.927Z] [INFO] 
[REVIEW WORKER 7] starting agiz-dis-bakimi/694892177
[2026-04-05T15:06:37.164Z] [INFO] [review agiz-dis-bakimi/686099054] page=2 +8 reviews (unique=16)
[2026-04-05T15:06:37.437Z] [INFO] [review agiz-dis-bakimi/583291264] page=40 +8 reviews (unique=320)
[2026-04-05T15:06:37.474Z] [INFO] [REVIEW PARTIAL SAVED] /mnt/c/Developer/Review_AI/scraper_project/raw_data/agiz-dis-bakimi/583291264_reviews.partial.json
[2026-04-05T15:06:37.690Z] [INFO] 
[START REVIEW] category=agiz-dis-bakimi productId=650287662 startPage=1
[2026-04-05T15:06:37.913Z] [INFO] [review agiz-dis-bakimi/650287662] page=1 +0 reviews (unique=0)
[2026-04-05T15:06:37.940Z] [INFO] [REVIEW SAVED] /mnt/c/Developer/Review_AI/scraper_project/raw_data/agiz-dis-bakimi/650287662_reviews.json
[2026-04-05T15:06:37.956Z] [INFO] [review agiz-dis-bakimi/686099054] page=3 +8 reviews (unique=24)
[2026-04-05T15:06:38.001Z] [INFO] 
[REVIEW WORKER 9] starting agiz-dis-bakimi/684817900
[2026-04-05T15:06:38.275Z] [INFO] [review agiz-dis-bakimi/583291264] page=41 +8 reviews (unique=328)
[2026-04-05T15:06:38.308Z] [INFO] 
[START REVIEW] category=agiz-dis-bakimi productId=632012036 startPage=1
[2026-04-05T15:06:38.329Z] [INFO] 
[START REVIEW] category=agiz-dis-bakimi productId=480559656 startPage=1
[2026-04-05T15:06:38.620Z] [INFO] [review agiz-dis-bakimi/480559656] page=1 +8 reviews (unique=8)
[2026-04-05T15:06:38.652Z] [INFO] [review agiz-dis-bakimi/686099054] page=4 +8 reviews (unique=32)
[2026-04-05T15:06:38.669Z] [INFO] [review agiz-dis-bakimi/632012036] page=1 +8 reviews (unique=8)
[2026-04-05T15:06:39.066Z] [INFO] [review agiz-dis-bakimi/583291264] page=42 +8 reviews (unique=336)
[2026-04-05T15:06:39.429Z] [INFO] [review agiz-dis-bakimi/480559656] page=2 +4 reviews (unique=12)
[2026-04-05T15:06:39.458Z] [INFO] [REVIEW SAVED] /mnt/c/Developer/Review_AI/scraper_project/raw_data/agiz-dis-bakimi/480559656_reviews.json
[2026-04-05T15:06:39.472Z] [INFO] [review agiz-dis-bakimi/686099054] page=5 +8 reviews (unique=40)
[2026-04-05T15:06:39.500Z] [INFO] [REVIEW PARTIAL SAVED] /mnt/c/Developer/Review_AI/scraper_project/raw_data/agiz-dis-bakimi/686099054_reviews.partial.json
[2026-04-05T15:06:39.542Z] [INFO] 
[REVIEW WORKER 2] starting agiz-dis-bakimi/735651079
[2026-04-05T15:06:39.625Z] [INFO] [review agiz-dis-bakimi/632012036] page=2 +5 reviews (unique=13)
[2026-04-05T15:06:39.651Z] [INFO] [REVIEW SAVED] /mnt/c/Developer/Review_AI/scraper_project/raw_data/agiz-dis-bakimi/632012036_reviews.json
[2026-04-05T15:06:39.704Z] [INFO] 
[REVIEW WORKER 3] starting agiz-dis-bakimi/723276194
[2026-04-05T15:06:39.805Z] [INFO] 
[START REVIEW] category=agiz-dis-bakimi productId=694643703 startPage=1
[2026-04-05T15:06:39.819Z] [INFO] [review agiz-dis-bakimi/583291264] page=43 +8 reviews (unique=344)
[2026-04-05T15:06:39.979Z] [INFO] 
[START REVIEW] category=agiz-dis-bakimi productId=683656808 startPage=1
[2026-04-05T15:06:39.996Z] [INFO] 
[START REVIEW] category=agiz-dis-bakimi productId=559250406 startPage=1
[2026-04-05T15:06:40.146Z] [INFO] [review agiz-dis-bakimi/686099054] page=6 +8 reviews (unique=48)
[2026-04-05T15:06:40.162Z] [INFO] [review agiz-dis-bakimi/638292835] page=1 +3 reviews (unique=3)
[2026-04-05T15:06:40.178Z] [INFO] [REVIEW SAVED] /mnt/c/Developer/Review_AI/scraper_project/raw_data/agiz-dis-bakimi/638292835_reviews.json
[2026-04-05T15:06:40.194Z] [INFO] [review agiz-dis-bakimi/694643703] page=1 +8 reviews (unique=8)
[2026-04-05T15:06:40.218Z] [INFO] 
[REVIEW WORKER 5] starting agiz-dis-bakimi/708986749
[2026-04-05T15:06:40.244Z] [INFO] [review agiz-dis-bakimi/559250406] page=1 +0 reviews (unique=0)
[2026-04-05T15:06:40.266Z] [INFO] [REVIEW SAVED] /mnt/c/Developer/Review_AI/scraper_project/raw_data/agiz-dis-bakimi/559250406_reviews.json
[2026-04-05T15:06:40.328Z] [INFO] 
[REVIEW WORKER 1] starting agiz-dis-bakimi/734899469
[2026-04-05T15:06:40.493Z] [INFO] [review agiz-dis-bakimi/583291264] page=44 +8 reviews (unique=352)
[2026-04-05T15:06:40.590Z] [INFO] [review agiz-dis-bakimi/683656808] page=1 +0 reviews (unique=0)
[2026-04-05T15:06:40.623Z] [INFO] [REVIEW SAVED] /mnt/c/Developer/Review_AI/scraper_project/raw_data/agiz-dis-bakimi/683656808_reviews.json
[2026-04-05T15:06:40.683Z] [INFO] 
[REVIEW WORKER 4] starting agiz-dis-bakimi/724794418
[2026-04-05T15:06:40.810Z] [INFO] [review agiz-dis-bakimi/686099054] page=7 +8 reviews (unique=56)
[2026-04-05T15:06:40.926Z] [INFO] [review agiz-dis-bakimi/694643703] page=2 +8 reviews (unique=16)
[2026-04-05T15:06:41.105Z] [INFO] 
[START REVIEW] category=agiz-dis-bakimi productId=694892177 startPage=1
[2026-04-05T15:06:41.173Z] [INFO] [review agiz-dis-bakimi/583291264] page=45 +8 reviews (unique=360)
[2026-04-05T15:06:41.209Z] [INFO] [REVIEW PARTIAL SAVED] /mnt/c/Developer/Review_AI/scraper_project/raw_data/agiz-dis-bakimi/583291264_reviews.partial.json
[2026-04-05T15:06:41.385Z] [INFO] [review agiz-dis-bakimi/694892177] page=1 +8 reviews (unique=8)
[2026-04-05T15:06:41.483Z] [INFO] [review agiz-dis-bakimi/686099054] page=8 +8 reviews (unique=64)
[2026-04-05T15:06:41.689Z] [INFO] [review agiz-dis-bakimi/694643703] page=3 +8 reviews (unique=24)
[2026-04-05T15:06:41.918Z] [INFO] [review agiz-dis-bakimi/583291264] page=46 +8 reviews (unique=368)
[2026-04-05T15:06:42.169Z] [INFO] [review agiz-dis-bakimi/694892177] page=2 +8 reviews (unique=16)
[2026-04-05T15:06:42.204Z] [INFO] 
[START REVIEW] category=agiz-dis-bakimi productId=684817900 startPage=1
[2026-04-05T15:06:42.217Z] [INFO] [review agiz-dis-bakimi/686099054] page=9 +8 reviews (unique=72)
[2026-04-05T15:06:42.404Z] [INFO] [review agiz-dis-bakimi/694643703] page=4 +8 reviews (unique=32)
[2026-04-05T15:06:42.448Z] [INFO] [REVIEW SAVED] /mnt/c/Developer/Review_AI/scraper_project/raw_data/agiz-dis-bakimi/694643703_reviews.json
[2026-04-05T15:06:42.496Z] [INFO] 
[REVIEW WORKER 6] starting agiz-dis-bakimi/730210724
[2026-04-05T15:06:42.528Z] [INFO] [review agiz-dis-bakimi/684817900] page=1 +0 reviews (unique=0)
[2026-04-05T15:06:42.574Z] [INFO] [REVIEW SAVED] /mnt/c/Developer/Review_AI/scraper_project/raw_data/agiz-dis-bakimi/684817900_reviews.json
[2026-04-05T15:06:42.618Z] [INFO] 
[REVIEW WORKER 9] starting agiz-dis-bakimi/671124996
[2026-04-05T15:06:42.875Z] [INFO] [review agiz-dis-bakimi/583291264] page=47 +8 reviews (unique=376)
[2026-04-05T15:06:43.098Z] [INFO] [review agiz-dis-bakimi/686099054] page=10 +8 reviews (unique=80)
[2026-04-05T15:06:43.169Z] [INFO] [REVIEW PARTIAL SAVED] /mnt/c/Developer/Review_AI/scraper_project/raw_data/agiz-dis-bakimi/686099054_reviews.partial.json
[2026-04-05T15:06:43.911Z] [INFO] [review agiz-dis-bakimi/583291264] page=48 +8 reviews (unique=384)
[2026-04-05T15:06:44.179Z] [INFO] [review agiz-dis-bakimi/686099054] page=11 +8 reviews (unique=88)
[2026-04-05T15:06:44.242Z] [INFO] 
[START REVIEW] category=agiz-dis-bakimi productId=735651079 startPage=1
[2026-04-05T15:06:44.768Z] [INFO] 
[START REVIEW] category=agiz-dis-bakimi productId=723276194 startPage=1
[2026-04-05T15:06:44.800Z] [INFO] [review agiz-dis-bakimi/583291264] page=49 +8 reviews (unique=392)
[2026-04-05T15:06:44.857Z] [INFO] [review agiz-dis-bakimi/686099054] page=12 +8 reviews (unique=96)
[2026-04-05T15:06:44.904Z] [INFO] [review agiz-dis-bakimi/735651079] page=1 +0 reviews (unique=0)
[2026-04-05T15:06:44.947Z] [INFO] [REVIEW SAVED] /mnt/c/Developer/Review_AI/scraper_project/raw_data/agiz-dis-bakimi/735651079_reviews.json
[2026-04-05T15:06:44.995Z] [INFO] 
[REVIEW WORKER 2] starting agiz-dis-bakimi/640185837
[2026-04-05T15:06:45.009Z] [INFO] 
[START REVIEW] category=agiz-dis-bakimi productId=734899469 startPage=1
[2026-04-05T15:06:45.187Z] [INFO] 
[START REVIEW] category=agiz-dis-bakimi productId=708986749 startPage=1
[2026-04-05T15:06:45.439Z] [INFO] [review agiz-dis-bakimi/708986749] page=1 +0 reviews (unique=0)
[2026-04-05T15:06:45.484Z] [INFO] [REVIEW SAVED] /mnt/c/Developer/Review_AI/scraper_project/raw_data/agiz-dis-bakimi/708986749_reviews.json
[2026-04-05T15:06:45.513Z] [INFO] 
[START REVIEW] category=agiz-dis-bakimi productId=724794418 startPage=1
[2026-04-05T15:06:45.525Z] [INFO] 
[REVIEW WORKER 5] starting agiz-dis-bakimi/602567855
[2026-04-05T15:06:45.618Z] [INFO] [review agiz-dis-bakimi/686099054] page=13 +5 reviews (unique=101)
[2026-04-05T15:06:45.665Z] [INFO] [REVIEW SAVED] /mnt/c/Developer/Review_AI/scraper_project/raw_data/agiz-dis-bakimi/686099054_reviews.json
[2026-04-05T15:06:45.676Z] [INFO] [review agiz-dis-bakimi/583291264] page=50 +8 reviews (unique=400)
[2026-04-05T15:06:45.698Z] [INFO] [REVIEW PARTIAL SAVED] /mnt/c/Developer/Review_AI/scraper_project/raw_data/agiz-dis-bakimi/583291264_reviews.partial.json
[2026-04-05T15:06:45.740Z] [INFO] 
[REVIEW WORKER 8] starting agiz-dis-bakimi/601095670
[2026-04-05T15:06:46.106Z] [INFO] [review agiz-dis-bakimi/724794418] page=1 +0 reviews (unique=0)
[2026-04-05T15:06:46.136Z] [INFO] [REVIEW SAVED] /mnt/c/Developer/Review_AI/scraper_project/raw_data/agiz-dis-bakimi/724794418_reviews.json
[2026-04-05T15:06:46.178Z] [INFO] 
[REVIEW WORKER 4] starting agiz-dis-bakimi/663348847
[2026-04-05T15:06:46.323Z] [INFO] [review agiz-dis-bakimi/583291264] page=51 +8 reviews (unique=408)
[2026-04-05T15:06:46.915Z] [INFO] [review agiz-dis-bakimi/723276194] page=1 +1 reviews (unique=1)
[2026-04-05T15:06:46.943Z] [INFO] [REVIEW SAVED] /mnt/c/Developer/Review_AI/scraper_project/raw_data/agiz-dis-bakimi/723276194_reviews.json
[2026-04-05T15:06:46.949Z] [INFO] [review agiz-dis-bakimi/694892177] page=3 +7 reviews (unique=23)
[2026-04-05T15:06:46.968Z] [INFO] [REVIEW SAVED] /mnt/c/Developer/Review_AI/scraper_project/raw_data/agiz-dis-bakimi/694892177_reviews.json
[2026-04-05T15:06:46.977Z] [INFO] [review agiz-dis-bakimi/734899469] page=1 +8 reviews (unique=8)
[2026-04-05T15:06:47.021Z] [INFO] [REVIEW SAVED] /mnt/c/Developer/Review_AI/scraper_project/raw_data/agiz-dis-bakimi/734899469_reviews.json
[2026-04-05T15:06:47.043Z] [INFO] 
[REVIEW WORKER 3] starting agiz-dis-bakimi/639375317
[2026-04-05T15:06:47.055Z] [INFO] [review agiz-dis-bakimi/583291264] page=52 +8 reviews (unique=416)
[2026-04-05T15:06:47.084Z] [INFO] 
[REVIEW WORKER 7] starting agiz-dis-bakimi/706253906
[2026-04-05T15:06:47.096Z] [INFO] 
[REVIEW WORKER 1] starting agiz-dis-bakimi/659466276
[2026-04-05T15:06:47.293Z] [INFO] 
[START REVIEW] category=agiz-dis-bakimi productId=730210724 startPage=1
[2026-04-05T15:06:47.504Z] [INFO] 
[START REVIEW] category=agiz-dis-bakimi productId=671124996 startPage=1
[2026-04-05T15:06:47.711Z] [INFO] [review agiz-dis-bakimi/730210724] page=1 +0 reviews (unique=0)
[2026-04-05T15:06:47.731Z] [INFO] [REVIEW SAVED] /mnt/c/Developer/Review_AI/scraper_project/raw_data/agiz-dis-bakimi/730210724_reviews.json
[2026-04-05T15:06:47.751Z] [INFO] 
[REVIEW WORKER 6] starting agiz-dis-bakimi/737310206
[2026-04-05T15:06:47.818Z] [INFO] [review agiz-dis-bakimi/583291264] page=53 +8 reviews (unique=424)
[2026-04-05T15:06:47.830Z] [INFO] [review agiz-dis-bakimi/671124996] page=1 +0 reviews (unique=0)
[2026-04-05T15:06:47.853Z] [INFO] [REVIEW SAVED] /mnt/c/Developer/Review_AI/scraper_project/raw_data/agiz-dis-bakimi/671124996_reviews.json
[2026-04-05T15:06:47.884Z] [INFO] 
[REVIEW WORKER 9] starting agiz-dis-bakimi/582028190
[2026-04-05T15:06:48.509Z] [INFO] [review agiz-dis-bakimi/583291264] page=54 +8 reviews (unique=432)
[2026-04-05T15:06:49.215Z] [INFO] [review agiz-dis-bakimi/583291264] page=55 +8 reviews (unique=440)
[2026-04-05T15:06:49.269Z] [INFO] [REVIEW PARTIAL SAVED] /mnt/c/Developer/Review_AI/scraper_project/raw_data/agiz-dis-bakimi/583291264_reviews.partial.json
[2026-04-05T15:06:49.290Z] [INFO] 
[START REVIEW] category=agiz-dis-bakimi productId=640185837 startPage=1
[2026-04-05T15:06:49.563Z] [INFO] [review agiz-dis-bakimi/640185837] page=1 +8 reviews (unique=8)
[2026-04-05T15:06:50.048Z] [INFO] 
[START REVIEW] category=agiz-dis-bakimi productId=601095670 startPage=1
[2026-04-05T15:06:50.084Z] [INFO] [review agiz-dis-bakimi/583291264] page=56 +8 reviews (unique=448)
[2026-04-05T15:06:50.728Z] [INFO] [review agiz-dis-bakimi/640185837] page=2 +8 reviews (unique=16)
[2026-04-05T15:06:50.832Z] [INFO] [review agiz-dis-bakimi/601095670] page=1 +1 reviews (unique=1)
[2026-04-05T15:06:50.899Z] [INFO] [REVIEW SAVED] /mnt/c/Developer/Review_AI/scraper_project/raw_data/agiz-dis-bakimi/601095670_reviews.json
[2026-04-05T15:06:50.924Z] [INFO] 
[START REVIEW] category=agiz-dis-bakimi productId=602567855 startPage=1
[2026-04-05T15:06:50.958Z] [INFO] 
[START REVIEW] category=agiz-dis-bakimi productId=663348847 startPage=1
[2026-04-05T15:06:51.026Z] [INFO] 
[REVIEW WORKER 8] starting agiz-dis-bakimi/635302034
[2026-04-05T15:06:51.082Z] [INFO] [review agiz-dis-bakimi/583291264] page=57 +8 reviews (unique=456)
[2026-04-05T15:06:51.407Z] [INFO] [review agiz-dis-bakimi/663348847] page=1 +2 reviews (unique=2)
[2026-04-05T15:06:51.552Z] [INFO] [REVIEW SAVED] /mnt/c/Developer/Review_AI/scraper_project/raw_data/agiz-dis-bakimi/663348847_reviews.json
[2026-04-05T15:06:51.599Z] [INFO] [review agiz-dis-bakimi/602567855] page=1 +1 reviews (unique=1)
[2026-04-05T15:06:51.784Z] [INFO] [REVIEW SAVED] /mnt/c/Developer/Review_AI/scraper_project/raw_data/agiz-dis-bakimi/602567855_reviews.json
[2026-04-05T15:06:51.901Z] [INFO] [review agiz-dis-bakimi/640185837] page=3 +4 reviews (unique=20)
[2026-04-05T15:06:52.141Z] [INFO] [REVIEW SAVED] /mnt/c/Developer/Review_AI/scraper_project/raw_data/agiz-dis-bakimi/640185837_reviews.json
[2026-04-05T15:06:52.178Z] [INFO] 
[REVIEW WORKER 4] starting agiz-dis-bakimi/561646442
[2026-04-05T15:06:52.231Z] [INFO] [review agiz-dis-bakimi/583291264] page=58 +8 reviews (unique=464)
[2026-04-05T15:06:52.390Z] [INFO] 
[START REVIEW] category=agiz-dis-bakimi productId=639375317 startPage=1
[2026-04-05T15:06:52.466Z] [INFO] 
[START REVIEW] category=agiz-dis-bakimi productId=706253906 startPage=1
[2026-04-05T15:06:52.509Z] [INFO] 
[REVIEW WORKER 5] starting agiz-dis-bakimi/706255755
[2026-04-05T15:06:52.553Z] [INFO] 
[REVIEW WORKER 2] starting agiz-dis-bakimi/548724545
[2026-04-05T15:06:53.077Z] [INFO] 
[START REVIEW] category=agiz-dis-bakimi productId=659466276 startPage=1
[2026-04-05T15:06:53.251Z] [INFO] [review agiz-dis-bakimi/583291264] page=59 +8 reviews (unique=472)
[2026-04-05T15:06:53.545Z] [INFO] [review agiz-dis-bakimi/659466276] page=1 +0 reviews (unique=0)
[2026-04-05T15:06:53.576Z] [INFO] [REVIEW SAVED] /mnt/c/Developer/Review_AI/scraper_project/raw_data/agiz-dis-bakimi/659466276_reviews.json
[2026-04-05T15:06:53.584Z] [INFO] [review agiz-dis-bakimi/706253906] page=1 +8 reviews (unique=8)
[2026-04-05T15:06:53.612Z] [INFO] 
[REVIEW WORKER 1] starting agiz-dis-bakimi/664511395
[2026-04-05T15:06:53.746Z] [INFO] 
[START REVIEW] category=agiz-dis-bakimi productId=737310206 startPage=1
[2026-04-05T15:06:53.807Z] [INFO] 
[START REVIEW] category=agiz-dis-bakimi productId=582028190 startPage=1
[2026-04-05T15:06:53.982Z] [INFO] [review agiz-dis-bakimi/583291264] page=60 +8 reviews (unique=480)
[2026-04-05T15:06:54.015Z] [INFO] [REVIEW PARTIAL SAVED] /mnt/c/Developer/Review_AI/scraper_project/raw_data/agiz-dis-bakimi/583291264_reviews.partial.json
[2026-04-05T15:06:54.090Z] [INFO] [review agiz-dis-bakimi/737310206] page=1 +0 reviews (unique=0)
[2026-04-05T15:06:54.113Z] [INFO] [REVIEW SAVED] /mnt/c/Developer/Review_AI/scraper_project/raw_data/agiz-dis-bakimi/737310206_reviews.json
[2026-04-05T15:06:54.143Z] [INFO] 
[REVIEW WORKER 6] starting agiz-dis-bakimi/578715844
[2026-04-05T15:06:54.152Z] [INFO] [review agiz-dis-bakimi/582028190] page=1 +8 reviews (unique=8)
[2026-04-05T15:06:54.294Z] [INFO] [review agiz-dis-bakimi/706253906] page=2 +8 reviews (unique=16)
[2026-04-05T15:06:54.321Z] [INFO] [REVIEW SAVED] /mnt/c/Developer/Review_AI/scraper_project/raw_data/agiz-dis-bakimi/706253906_reviews.json
[2026-04-05T15:06:54.354Z] [INFO] 
[REVIEW WORKER 7] starting agiz-dis-bakimi/686066107
[2026-04-05T15:06:54.705Z] [INFO] [review agiz-dis-bakimi/583291264] page=61 +8 reviews (unique=488)
[2026-04-05T15:06:54.719Z] [INFO] [review agiz-dis-bakimi/639375317] page=1 +1 reviews (unique=1)
[2026-04-05T15:06:54.747Z] [INFO] [REVIEW SAVED] /mnt/c/Developer/Review_AI/scraper_project/raw_data/agiz-dis-bakimi/639375317_reviews.json
[2026-04-05T15:06:54.788Z] [INFO] 
[REVIEW WORKER 3] starting agiz-dis-bakimi/658448030
[2026-04-05T15:06:55.014Z] [INFO] [review agiz-dis-bakimi/582028190] page=2 +8 reviews (unique=16)
[2026-04-05T15:06:55.374Z] [INFO] [review agiz-dis-bakimi/583291264] page=62 +8 reviews (unique=496)
[2026-04-05T15:06:55.744Z] [INFO] [review agiz-dis-bakimi/582028190] page=3 +4 reviews (unique=20)
[2026-04-05T15:06:55.799Z] [INFO] [REVIEW SAVED] /mnt/c/Developer/Review_AI/scraper_project/raw_data/agiz-dis-bakimi/582028190_reviews.json
[2026-04-05T15:06:55.854Z] [INFO] 
[REVIEW WORKER 9] starting agiz-dis-bakimi/730511727
[2026-04-05T15:06:56.270Z] [INFO] 
[START REVIEW] category=agiz-dis-bakimi productId=635302034 startPage=1
[2026-04-05T15:06:56.296Z] [INFO] [review agiz-dis-bakimi/583291264] page=63 +8 reviews (unique=504)
[2026-04-05T15:06:56.803Z] [INFO] [review agiz-dis-bakimi/635302034] page=1 +5 reviews (unique=5)
[2026-04-05T15:06:56.954Z] [INFO] [REVIEW SAVED] /mnt/c/Developer/Review_AI/scraper_project/raw_data/agiz-dis-bakimi/635302034_reviews.json
[2026-04-05T15:06:57.254Z] [INFO] 
[REVIEW WORKER 8] starting agiz-dis-bakimi/696099124
[2026-04-05T15:06:57.394Z] [INFO] [review agiz-dis-bakimi/583291264] page=64 +8 reviews (unique=512)
[2026-04-05T15:06:57.849Z] [INFO] 
[START REVIEW] category=agiz-dis-bakimi productId=548724545 startPage=1
[2026-04-05T15:06:57.868Z] [INFO] 
[START REVIEW] category=agiz-dis-bakimi productId=561646442 startPage=1
[2026-04-05T15:06:58.197Z] [INFO] 
[START REVIEW] category=agiz-dis-bakimi productId=706255755 startPage=1
[2026-04-05T15:06:58.220Z] [INFO] [review agiz-dis-bakimi/548724545] page=1 +6 reviews (unique=6)
[2026-04-05T15:06:58.261Z] [INFO] [REVIEW SAVED] /mnt/c/Developer/Review_AI/scraper_project/raw_data/agiz-dis-bakimi/548724545_reviews.json
[2026-04-05T15:06:58.278Z] [INFO] [review agiz-dis-bakimi/561646442] page=1 +8 reviews (unique=8)
[2026-04-05T15:06:58.302Z] [INFO] [review agiz-dis-bakimi/583291264] page=65 +8 reviews (unique=520)
[2026-04-05T15:06:58.350Z] [INFO] [REVIEW PARTIAL SAVED] /mnt/c/Developer/Review_AI/scraper_project/raw_data/agiz-dis-bakimi/583291264_reviews.partial.json
[2026-04-05T15:06:58.372Z] [INFO] 
[REVIEW WORKER 2] starting agiz-dis-bakimi/725959084
[2026-04-05T15:06:58.582Z] [INFO] [review agiz-dis-bakimi/706255755] page=1 +1 reviews (unique=1)
[2026-04-05T15:06:58.612Z] [INFO] [REVIEW SAVED] /mnt/c/Developer/Review_AI/scraper_project/raw_data/agiz-dis-bakimi/706255755_reviews.json
[2026-04-05T15:06:58.646Z] [INFO] 
[REVIEW WORKER 5] starting agiz-dis-bakimi/596639078
[2026-04-05T15:06:58.863Z] [INFO] 
[START REVIEW] category=agiz-dis-bakimi productId=664511395 startPage=1
[2026-04-05T15:06:58.978Z] [INFO] [review agiz-dis-bakimi/561646442] page=2 +7 reviews (unique=15)
[2026-04-05T15:06:59.002Z] [INFO] [REVIEW SAVED] /mnt/c/Developer/Review_AI/scraper_project/raw_data/agiz-dis-bakimi/561646442_reviews.json
[2026-04-05T15:06:59.060Z] [INFO] 
[REVIEW WORKER 4] starting agiz-dis-bakimi/694911716
[2026-04-05T15:06:59.076Z] [INFO] [review agiz-dis-bakimi/583291264] page=66 +8 reviews (unique=528)
[2026-04-05T15:06:59.113Z] [INFO] 
[START REVIEW] category=agiz-dis-bakimi productId=578715844 startPage=1
[2026-04-05T15:06:59.256Z] [INFO] [review agiz-dis-bakimi/664511395] page=1 +1 reviews (unique=1)
[2026-04-05T15:06:59.292Z] [INFO] [REVIEW SAVED] /mnt/c/Developer/Review_AI/scraper_project/raw_data/agiz-dis-bakimi/664511395_reviews.json
[2026-04-05T15:06:59.318Z] [INFO] 
[REVIEW WORKER 1] starting agiz-dis-bakimi/315419128
[2026-04-05T15:06:59.507Z] [INFO] [review agiz-dis-bakimi/578715844] page=1 +8 reviews (unique=8)
[2026-04-05T15:06:59.669Z] [INFO] 
[START REVIEW] category=agiz-dis-bakimi productId=686066107 startPage=1
[2026-04-05T15:06:59.902Z] [INFO] [review agiz-dis-bakimi/583291264] page=67 +8 reviews (unique=536)
[2026-04-05T15:07:00.005Z] [INFO] [review agiz-dis-bakimi/686066107] page=1 +0 reviews (unique=0)
[2026-04-05T15:07:00.042Z] [INFO] [REVIEW SAVED] /mnt/c/Developer/Review_AI/scraper_project/raw_data/agiz-dis-bakimi/686066107_reviews.json
[2026-04-05T15:07:00.075Z] [INFO] 
[REVIEW WORKER 7] starting agiz-dis-bakimi/589772435
[2026-04-05T15:07:00.167Z] [INFO] 
[START REVIEW] category=agiz-dis-bakimi productId=658448030 startPage=1
[2026-04-05T15:07:00.243Z] [INFO] [review agiz-dis-bakimi/578715844] page=2 +8 reviews (unique=16)
[2026-04-05T15:07:00.464Z] [INFO] [review agiz-dis-bakimi/658448030] page=1 +1 reviews (unique=1)
[2026-04-05T15:07:00.497Z] [INFO] [REVIEW SAVED] /mnt/c/Developer/Review_AI/scraper_project/raw_data/agiz-dis-bakimi/658448030_reviews.json
[2026-04-05T15:07:00.531Z] [INFO] 
[REVIEW WORKER 3] starting agiz-dis-bakimi/547573878
[2026-04-05T15:07:00.639Z] [INFO] [review agiz-dis-bakimi/583291264] page=68 +8 reviews (unique=544)
[2026-04-05T15:07:00.828Z] [INFO] [review agiz-dis-bakimi/578715844] page=3 +1 reviews (unique=17)
[2026-04-05T15:07:00.858Z] [INFO] [REVIEW SAVED] /mnt/c/Developer/Review_AI/scraper_project/raw_data/agiz-dis-bakimi/578715844_reviews.json
[2026-04-05T15:07:00.904Z] [INFO] 
[REVIEW WORKER 6] starting agiz-dis-bakimi/655734240
[2026-04-05T15:07:01.282Z] [INFO] [review agiz-dis-bakimi/583291264] page=69 +8 reviews (unique=552)
[2026-04-05T15:07:01.520Z] [INFO] 
[START REVIEW] category=agiz-dis-bakimi productId=730511727 startPage=1
[2026-04-05T15:07:01.842Z] [INFO] 
[START REVIEW] category=agiz-dis-bakimi productId=696099124 startPage=1
[2026-04-05T15:07:01.891Z] [INFO] [review agiz-dis-bakimi/730511727] page=1 +8 reviews (unique=8)
[2026-04-05T15:07:02.119Z] [INFO] [review agiz-dis-bakimi/583291264] page=70 +8 reviews (unique=560)
[2026-04-05T15:07:02.170Z] [INFO] [REVIEW PARTIAL SAVED] /mnt/c/Developer/Review_AI/scraper_project/raw_data/agiz-dis-bakimi/583291264_reviews.partial.json
[2026-04-05T15:07:02.723Z] [INFO] 
[START REVIEW] category=agiz-dis-bakimi productId=725959084 startPage=1
[2026-04-05T15:07:02.843Z] [INFO] [review agiz-dis-bakimi/696099124] page=1 +8 reviews (unique=8)
[2026-04-05T15:07:03.223Z] [INFO] [REVIEW SAVED] /mnt/c/Developer/Review_AI/scraper_project/raw_data/agiz-dis-bakimi/696099124_reviews.json
[2026-04-05T15:07:03.283Z] [INFO] 
[START REVIEW] category=agiz-dis-bakimi productId=596639078 startPage=1
[2026-04-05T15:07:03.328Z] [INFO] [review agiz-dis-bakimi/730511727] page=2 +8 reviews (unique=16)
[2026-04-05T15:07:03.401Z] [INFO] [review agiz-dis-bakimi/583291264] page=71 +8 reviews (unique=568)
[2026-04-05T15:07:03.449Z] [INFO] 
[REVIEW WORKER 8] starting agiz-dis-bakimi/601293760
[2026-04-05T15:07:03.658Z] [INFO] 
[START REVIEW] category=agiz-dis-bakimi productId=315419128 startPage=1
[2026-04-05T15:07:03.686Z] [INFO] 
[START REVIEW] category=agiz-dis-bakimi productId=694911716 startPage=1
[2026-04-05T15:07:03.722Z] [INFO] [review agiz-dis-bakimi/725959084] page=1 +0 reviews (unique=0)
[2026-04-05T15:07:03.771Z] [INFO] [REVIEW SAVED] /mnt/c/Developer/Review_AI/scraper_project/raw_data/agiz-dis-bakimi/725959084_reviews.json
[2026-04-05T15:07:03.818Z] [INFO] 
[REVIEW WORKER 2] starting agiz-dis-bakimi/582096645
[2026-04-05T15:07:03.857Z] [INFO] [review agiz-dis-bakimi/596639078] page=1 +2 reviews (unique=2)
[2026-04-05T15:07:03.909Z] [INFO] [REVIEW SAVED] /mnt/c/Developer/Review_AI/scraper_project/raw_data/agiz-dis-bakimi/596639078_reviews.json
[2026-04-05T15:07:03.987Z] [INFO] 
[REVIEW WORKER 5] starting agiz-dis-bakimi/602567827
[2026-04-05T15:07:04.113Z] [INFO] [review agiz-dis-bakimi/315419128] page=1 +8 reviews (unique=8)
[2026-04-05T15:07:04.128Z] [INFO] [review agiz-dis-bakimi/583291264] page=72 +8 reviews (unique=576)
[2026-04-05T15:07:04.219Z] [INFO] [review agiz-dis-bakimi/694911716] page=1 +1 reviews (unique=1)
[2026-04-05T15:07:04.237Z] [INFO] [REVIEW SAVED] /mnt/c/Developer/Review_AI/scraper_project/raw_data/agiz-dis-bakimi/694911716_reviews.json
[2026-04-05T15:07:04.257Z] [INFO] 
[REVIEW WORKER 4] starting agiz-dis-bakimi/598811787
[2026-04-05T15:07:04.343Z] [INFO] [review agiz-dis-bakimi/730511727] page=3 +8 reviews (unique=24)
[2026-04-05T15:07:04.921Z] [INFO] 
[START REVIEW] category=agiz-dis-bakimi productId=589772435 startPage=1
[2026-04-05T15:07:04.999Z] [INFO] [review agiz-dis-bakimi/583291264] page=73 +8 reviews (unique=584)
[2026-04-05T15:07:05.031Z] [INFO] [review agiz-dis-bakimi/315419128] page=2 +3 reviews (unique=11)
[2026-04-05T15:07:05.054Z] [INFO] [REVIEW SAVED] /mnt/c/Developer/Review_AI/scraper_project/raw_data/agiz-dis-bakimi/315419128_reviews.json
[2026-04-05T15:07:05.090Z] [INFO] 
[REVIEW WORKER 1] starting agiz-dis-bakimi/734037467
[2026-04-05T15:07:05.105Z] [INFO] [review agiz-dis-bakimi/730511727] page=4 +8 reviews (unique=32)
[2026-04-05T15:07:05.204Z] [INFO] [review agiz-dis-bakimi/589772435] page=1 +2 reviews (unique=2)
[2026-04-05T15:07:05.242Z] [INFO] [REVIEW SAVED] /mnt/c/Developer/Review_AI/scraper_project/raw_data/agiz-dis-bakimi/589772435_reviews.json
[2026-04-05T15:07:05.276Z] [INFO] 
[REVIEW WORKER 7] starting agiz-dis-bakimi/583291001
[2026-04-05T15:07:05.576Z] [INFO] 
[START REVIEW] category=agiz-dis-bakimi productId=547573878 startPage=1
[2026-04-05T15:07:05.664Z] [INFO] [review agiz-dis-bakimi/583291264] page=74 +8 reviews (unique=592)
[2026-04-05T15:07:05.703Z] [INFO] 
[START REVIEW] category=agiz-dis-bakimi productId=655734240 startPage=1
[2026-04-05T15:07:05.830Z] [INFO] [review agiz-dis-bakimi/730511727] page=5 +8 reviews (unique=40)
[2026-04-05T15:07:05.854Z] [INFO] [REVIEW PARTIAL SAVED] /mnt/c/Developer/Review_AI/scraper_project/raw_data/agiz-dis-bakimi/730511727_reviews.partial.json
[2026-04-05T15:07:05.987Z] [INFO] [review agiz-dis-bakimi/547573878] page=1 +8 reviews (unique=8)
[2026-04-05T15:07:06.350Z] [INFO] [review agiz-dis-bakimi/583291264] page=75 +8 reviews (unique=600)
[2026-04-05T15:07:06.410Z] [INFO] [REVIEW PARTIAL SAVED] /mnt/c/Developer/Review_AI/scraper_project/raw_data/agiz-dis-bakimi/583291264_reviews.partial.json
[2026-04-05T15:07:06.420Z] [INFO] [review agiz-dis-bakimi/655734240] page=1 +8 reviews (unique=8)
[2026-04-05T15:07:06.725Z] [INFO] [review agiz-dis-bakimi/730511727] page=6 +4 reviews (unique=44)
[2026-04-05T15:07:06.814Z] [INFO] [REVIEW SAVED] /mnt/c/Developer/Review_AI/scraper_project/raw_data/agiz-dis-bakimi/730511727_reviews.json
[2026-04-05T15:07:06.852Z] [INFO] [review agiz-dis-bakimi/547573878] page=2 +8 reviews (unique=16)
[2026-04-05T15:07:06.941Z] [INFO] 
[REVIEW WORKER 9] starting agiz-dis-bakimi/730860110
[2026-04-05T15:07:07.447Z] [INFO] [review agiz-dis-bakimi/583291264] page=76 +8 reviews (unique=608)
[2026-04-05T15:07:07.492Z] [INFO] [review agiz-dis-bakimi/655734240] page=2 +8 reviews (unique=16)
[2026-04-05T15:07:07.810Z] [INFO] [review agiz-dis-bakimi/547573878] page=3 +8 reviews (unique=24)
[2026-04-05T15:07:08.243Z] [INFO] 
[START REVIEW] category=agiz-dis-bakimi productId=601293760 startPage=1
[2026-04-05T15:07:08.297Z] [INFO] [review agiz-dis-bakimi/583291264] page=77 +8 reviews (unique=616)
[2026-04-05T15:07:08.386Z] [INFO] [review agiz-dis-bakimi/655734240] page=3 +2 reviews (unique=18)
[2026-04-05T15:07:08.511Z] [INFO] [REVIEW SAVED] /mnt/c/Developer/Review_AI/scraper_project/raw_data/agiz-dis-bakimi/655734240_reviews.json
[2026-04-05T15:07:08.631Z] [INFO] 
[REVIEW WORKER 6] starting agiz-dis-bakimi/732245787
[2026-04-05T15:07:08.726Z] [INFO] [review agiz-dis-bakimi/547573878] page=4 +8 reviews (unique=32)
[2026-04-05T15:07:08.971Z] [INFO] 
[START REVIEW] category=agiz-dis-bakimi productId=582096645 startPage=1
[2026-04-05T15:07:09.110Z] [INFO] 
[START REVIEW] category=agiz-dis-bakimi productId=602567827 startPage=1
[2026-04-05T15:07:09.236Z] [INFO] [review agiz-dis-bakimi/583291264] page=78 +8 reviews (unique=624)
[2026-04-05T15:07:09.480Z] [INFO] 
[START REVIEW] category=agiz-dis-bakimi productId=598811787 startPage=1
[2026-04-05T15:07:09.621Z] [INFO] [review agiz-dis-bakimi/547573878] page=5 +8 reviews (unique=40)
[2026-04-05T15:07:09.644Z] [INFO] [REVIEW PARTIAL SAVED] /mnt/c/Developer/Review_AI/scraper_project/raw_data/agiz-dis-bakimi/547573878_reviews.partial.json
[2026-04-05T15:07:09.780Z] [INFO] [review agiz-dis-bakimi/601293760] page=1 +0 reviews (unique=0)
[2026-04-05T15:07:09.811Z] [INFO] [REVIEW SAVED] /mnt/c/Developer/Review_AI/scraper_project/raw_data/agiz-dis-bakimi/601293760_reviews.json
[2026-04-05T15:07:09.821Z] [INFO] [review agiz-dis-bakimi/602567827] page=1 +0 reviews (unique=0)
[2026-04-05T15:07:09.850Z] [INFO] [REVIEW SAVED] /mnt/c/Developer/Review_AI/scraper_project/raw_data/agiz-dis-bakimi/602567827_reviews.json
[2026-04-05T15:07:09.859Z] [INFO] 
[REVIEW WORKER 8] starting agiz-dis-bakimi/711727538
[2026-04-05T15:07:09.890Z] [INFO] 
[REVIEW WORKER 5] starting agiz-dis-bakimi/718416876
[2026-04-05T15:07:09.954Z] [INFO] [review agiz-dis-bakimi/583291264] page=79 +8 reviews (unique=632)
[2026-04-05T15:07:10.003Z] [INFO] [review agiz-dis-bakimi/582096645] page=1 +8 reviews (unique=8)
[2026-04-05T15:07:10.180Z] [INFO] [review agiz-dis-bakimi/598811787] page=1 +3 reviews (unique=3)
[2026-04-05T15:07:10.199Z] [INFO] [REVIEW SAVED] /mnt/c/Developer/Review_AI/scraper_project/raw_data/agiz-dis-bakimi/598811787_reviews.json
[2026-04-05T15:07:10.219Z] [INFO] 
[REVIEW WORKER 4] starting agiz-dis-bakimi/715678636
[2026-04-05T15:07:10.401Z] [INFO] 
[START REVIEW] category=agiz-dis-bakimi productId=734037467 startPage=1
[2026-04-05T15:07:10.676Z] [INFO] [review agiz-dis-bakimi/547573878] page=6 +8 reviews (unique=48)
[2026-04-05T15:07:10.743Z] [INFO] [review agiz-dis-bakimi/583291264] page=80 +8 reviews (unique=640)
[2026-04-05T15:07:10.779Z] [INFO] [REVIEW PARTIAL SAVED] /mnt/c/Developer/Review_AI/scraper_project/raw_data/agiz-dis-bakimi/583291264_reviews.partial.json
[2026-04-05T15:07:10.795Z] [INFO] [review agiz-dis-bakimi/734037467] page=1 +0 reviews (unique=0)
[2026-04-05T15:07:10.817Z] [INFO] [REVIEW SAVED] /mnt/c/Developer/Review_AI/scraper_project/raw_data/agiz-dis-bakimi/734037467_reviews.json
[2026-04-05T15:07:10.835Z] [INFO] 
[START REVIEW] category=agiz-dis-bakimi productId=583291001 startPage=1
[2026-04-05T15:07:10.852Z] [INFO] [review agiz-dis-bakimi/582096645] page=2 +8 reviews (unique=16)
[2026-04-05T15:07:10.884Z] [INFO] 
[REVIEW WORKER 1] starting agiz-dis-bakimi/710440348
[2026-04-05T15:07:11.111Z] [INFO] [review agiz-dis-bakimi/583291001] page=1 +8 reviews (unique=8)
[2026-04-05T15:07:11.371Z] [INFO] [review agiz-dis-bakimi/547573878] page=7 +8 reviews (unique=56)
[2026-04-05T15:07:11.482Z] [INFO] [review agiz-dis-bakimi/583291264] page=81 +8 reviews (unique=648)
[2026-04-05T15:07:11.572Z] [INFO] [review agiz-dis-bakimi/582096645] page=3 +8 reviews (unique=24)
[2026-04-05T15:07:11.842Z] [INFO] [review agiz-dis-bakimi/583291001] page=2 +8 reviews (unique=16)
[2026-04-05T15:07:12.105Z] [INFO] [review agiz-dis-bakimi/547573878] page=8 +8 reviews (unique=64)
[2026-04-05T15:07:12.311Z] [INFO] [review agiz-dis-bakimi/582096645] page=4 +8 reviews (unique=32)
[2026-04-05T15:07:12.355Z] [INFO] 
[START REVIEW] category=agiz-dis-bakimi productId=730860110 startPage=1
[2026-04-05T15:07:12.585Z] [INFO] [review agiz-dis-bakimi/583291001] page=3 +8 reviews (unique=24)
[2026-04-05T15:07:12.607Z] [INFO] [review agiz-dis-bakimi/730860110] page=1 +5 reviews (unique=5)
[2026-04-05T15:07:12.630Z] [INFO] [REVIEW SAVED] /mnt/c/Developer/Review_AI/scraper_project/raw_data/agiz-dis-bakimi/730860110_reviews.json
[2026-04-05T15:07:12.647Z] [INFO] 
[REVIEW WORKER 9] starting agiz-dis-bakimi/569478581
[2026-04-05T15:07:12.720Z] [INFO] [review agiz-dis-bakimi/547573878] page=9 +1 reviews (unique=65)
[2026-04-05T15:07:12.769Z] [INFO] [REVIEW SAVED] /mnt/c/Developer/Review_AI/scraper_project/raw_data/agiz-dis-bakimi/547573878_reviews.json
[2026-04-05T15:07:12.800Z] [INFO] 
[REVIEW WORKER 3] starting agiz-dis-bakimi/726241647
[2026-04-05T15:07:13.018Z] [INFO] [review agiz-dis-bakimi/582096645] page=5 +8 reviews (unique=40)
[2026-04-05T15:07:13.030Z] [INFO] [REVIEW PARTIAL SAVED] /mnt/c/Developer/Review_AI/scraper_project/raw_data/agiz-dis-bakimi/582096645_reviews.partial.json
[2026-04-05T15:07:13.355Z] [INFO] [review agiz-dis-bakimi/583291001] page=4 +8 reviews (unique=32)
[2026-04-05T15:07:13.543Z] [INFO] 
[START REVIEW] category=agiz-dis-bakimi productId=732245787 startPage=1
[2026-04-05T15:07:13.725Z] [INFO] [review agiz-dis-bakimi/582096645] page=6 +8 reviews (unique=48)
[2026-04-05T15:07:14.143Z] [INFO] [review agiz-dis-bakimi/732245787] page=1 +1 reviews (unique=1)
[2026-04-05T15:07:14.190Z] [INFO] [REVIEW SAVED] /mnt/c/Developer/Review_AI/scraper_project/raw_data/agiz-dis-bakimi/732245787_reviews.json
[2026-04-05T15:07:14.218Z] [INFO] 
[REVIEW WORKER 6] starting agiz-dis-bakimi/550796765
[2026-04-05T15:07:14.270Z] [INFO] [review agiz-dis-bakimi/583291001] page=5 +5 reviews (unique=37)
[2026-04-05T15:07:14.316Z] [INFO] [REVIEW PARTIAL SAVED] /mnt/c/Developer/Review_AI/scraper_project/raw_data/agiz-dis-bakimi/583291001_reviews.partial.json
[2026-04-05T15:07:14.354Z] [INFO] [REVIEW SAVED] /mnt/c/Developer/Review_AI/scraper_project/raw_data/agiz-dis-bakimi/583291001_reviews.json
[2026-04-05T15:07:14.401Z] [INFO] 
[START REVIEW] category=agiz-dis-bakimi productId=711727538 startPage=1
[2026-04-05T15:07:14.443Z] [INFO] [review agiz-dis-bakimi/582096645] page=7 +8 reviews (unique=56)
[2026-04-05T15:07:14.471Z] [INFO] 
[REVIEW WORKER 7] starting agiz-dis-bakimi/566462057
[2026-04-05T15:07:14.507Z] [INFO] 
[START REVIEW] category=agiz-dis-bakimi productId=718416876 startPage=1
[2026-04-05T15:07:14.618Z] [INFO] 
[START REVIEW] category=agiz-dis-bakimi productId=715678636 startPage=1
[2026-04-05T15:07:14.857Z] [INFO] [review agiz-dis-bakimi/711727538] page=1 +0 reviews (unique=0)
[2026-04-05T15:07:14.988Z] [INFO] [REVIEW SAVED] /mnt/c/Developer/Review_AI/scraper_project/raw_data/agiz-dis-bakimi/711727538_reviews.json
[2026-04-05T15:07:15.096Z] [INFO] 
[REVIEW WORKER 8] starting agiz-dis-bakimi/597996015
[2026-04-05T15:07:15.205Z] [INFO] [review agiz-dis-bakimi/718416876] page=1 +0 reviews (unique=0)
[2026-04-05T15:07:15.594Z] [INFO] [REVIEW SAVED] /mnt/c/Developer/Review_AI/scraper_project/raw_data/agiz-dis-bakimi/718416876_reviews.json
[2026-04-05T15:07:15.633Z] [INFO] [review agiz-dis-bakimi/583291264] page=82 +8 reviews (unique=656)
[2026-04-05T15:07:15.654Z] [INFO] [review agiz-dis-bakimi/582096645] page=8 +8 reviews (unique=64)
[2026-04-05T15:07:15.683Z] [INFO] 
[START REVIEW] category=agiz-dis-bakimi productId=710440348 startPage=1
[2026-04-05T15:07:15.766Z] [INFO] 
[REVIEW WORKER 5] starting agiz-dis-bakimi/585227533
[2026-04-05T15:07:15.868Z] [INFO] [review agiz-dis-bakimi/715678636] page=1 +8 reviews (unique=8)
[2026-04-05T15:07:16.089Z] [INFO] [review agiz-dis-bakimi/710440348] page=1 +2 reviews (unique=2)
[2026-04-05T15:07:16.119Z] [INFO] [REVIEW SAVED] /mnt/c/Developer/Review_AI/scraper_project/raw_data/agiz-dis-bakimi/710440348_reviews.json
[2026-04-05T15:07:16.138Z] [INFO] 
[REVIEW WORKER 1] starting agiz-dis-bakimi/733135484
[2026-04-05T15:07:16.387Z] [INFO] [review agiz-dis-bakimi/582096645] page=9 +8 reviews (unique=72)
[2026-04-05T15:07:16.413Z] [INFO] [review agiz-dis-bakimi/583291264] page=83 +8 reviews (unique=664)
[2026-04-05T15:07:16.509Z] [INFO] [review agiz-dis-bakimi/715678636] page=2 +8 reviews (unique=16)
[2026-04-05T15:07:17.266Z] [INFO] [review agiz-dis-bakimi/582096645] page=10 +8 reviews (unique=80)
[2026-04-05T15:07:17.288Z] [INFO] [REVIEW PARTIAL SAVED] /mnt/c/Developer/Review_AI/scraper_project/raw_data/agiz-dis-bakimi/582096645_reviews.partial.json
[2026-04-05T15:07:17.296Z] [INFO] [review agiz-dis-bakimi/583291264] page=84 +8 reviews (unique=672)
[2026-04-05T15:07:17.314Z] [INFO] [review agiz-dis-bakimi/715678636] page=3 +8 reviews (unique=24)
[2026-04-05T15:07:17.356Z] [INFO] [REVIEW SAVED] /mnt/c/Developer/Review_AI/scraper_project/raw_data/agiz-dis-bakimi/715678636_reviews.json
[2026-04-05T15:07:17.402Z] [INFO] 
[REVIEW WORKER 4] starting agiz-dis-bakimi/701287875
[2026-04-05T15:07:17.663Z] [INFO] 
[START REVIEW] category=agiz-dis-bakimi productId=726241647 startPage=1
[2026-04-05T15:07:17.979Z] [INFO] [review agiz-dis-bakimi/583291264] page=85 +8 reviews (unique=680)
[2026-04-05T15:07:18.043Z] [INFO] [REVIEW PARTIAL SAVED] /mnt/c/Developer/Review_AI/scraper_project/raw_data/agiz-dis-bakimi/583291264_reviews.partial.json
[2026-04-05T15:07:18.124Z] [INFO] [REVIEW SAVED] /mnt/c/Developer/Review_AI/scraper_project/raw_data/agiz-dis-bakimi/583291264_reviews.json
[2026-04-05T15:07:18.172Z] [INFO] [review agiz-dis-bakimi/582096645] page=11 +8 reviews (unique=88)
[2026-04-05T15:07:18.197Z] [INFO] [review agiz-dis-bakimi/726241647] page=1 +4 reviews (unique=4)
[2026-04-05T15:07:18.279Z] [INFO] [REVIEW SAVED] /mnt/c/Developer/Review_AI/scraper_project/raw_data/agiz-dis-bakimi/726241647_reviews.json
[2026-04-05T15:07:18.298Z] [INFO] 
[REVIEW WORKER 10] starting agiz-dis-bakimi/738769850
[2026-04-05T15:07:18.343Z] [INFO] 
[REVIEW WORKER 3] starting agiz-dis-bakimi/701807366
[2026-04-05T15:07:18.390Z] [INFO] 
[START REVIEW] category=agiz-dis-bakimi productId=569478581 startPage=1
[2026-04-05T15:07:19.210Z] [INFO] 
[START REVIEW] category=agiz-dis-bakimi productId=550796765 startPage=1
[2026-04-05T15:07:19.366Z] [INFO] [review agiz-dis-bakimi/582096645] page=12 +7 reviews (unique=95)
[2026-04-05T15:07:19.580Z] [INFO] [REVIEW SAVED] /mnt/c/Developer/Review_AI/scraper_project/raw_data/agiz-dis-bakimi/582096645_reviews.json
[2026-04-05T15:07:19.706Z] [INFO] 
[REVIEW WORKER 2] starting agiz-dis-bakimi/734897438
[2026-04-05T15:07:20.035Z] [INFO] [review agiz-dis-bakimi/550796765] page=1 +8 reviews (unique=8)
[2026-04-05T15:07:20.249Z] [INFO] 
[START REVIEW] category=agiz-dis-bakimi productId=566462057 startPage=1
[2026-04-05T15:07:20.563Z] [INFO] [review agiz-dis-bakimi/566462057] page=1 +5 reviews (unique=5)
[2026-04-05T15:07:20.588Z] [INFO] [REVIEW SAVED] /mnt/c/Developer/Review_AI/scraper_project/raw_data/agiz-dis-bakimi/566462057_reviews.json
[2026-04-05T15:07:20.614Z] [INFO] 
[REVIEW WORKER 7] starting agiz-dis-bakimi/576687724
[2026-04-05T15:07:20.780Z] [INFO] [review agiz-dis-bakimi/550796765] page=2 +8 reviews (unique=16)
[2026-04-05T15:07:21.309Z] [INFO] 
[START REVIEW] category=agiz-dis-bakimi productId=597996015 startPage=1
[2026-04-05T15:07:21.372Z] [INFO] 
[START REVIEW] category=agiz-dis-bakimi productId=733135484 startPage=1
[2026-04-05T15:07:21.381Z] [INFO] 
[START REVIEW] category=agiz-dis-bakimi productId=585227533 startPage=1
[2026-04-05T15:07:21.437Z] [INFO] [review agiz-dis-bakimi/550796765] page=3 +8 reviews (unique=24)
[2026-04-05T15:07:21.633Z] [INFO] [review agiz-dis-bakimi/585227533] page=1 +8 reviews (unique=8)
[2026-04-05T15:07:21.679Z] [INFO] [review agiz-dis-bakimi/597996015] page=1 +6 reviews (unique=6)
[2026-04-05T15:07:21.703Z] [INFO] [REVIEW SAVED] /mnt/c/Developer/Review_AI/scraper_project/raw_data/agiz-dis-bakimi/597996015_reviews.json
[2026-04-05T15:07:21.715Z] [INFO] [review agiz-dis-bakimi/733135484] page=1 +0 reviews (unique=0)
[2026-04-05T15:07:21.785Z] [INFO] [REVIEW SAVED] /mnt/c/Developer/Review_AI/scraper_project/raw_data/agiz-dis-bakimi/733135484_reviews.json
[2026-04-05T15:07:21.805Z] [INFO] 
[REVIEW WORKER 8] starting agiz-dis-bakimi/696793726
[2026-04-05T15:07:21.854Z] [INFO] 
[REVIEW WORKER 1] starting agiz-dis-bakimi/668667937
[2026-04-05T15:07:21.901Z] [INFO] [review agiz-dis-bakimi/569478581] page=1 +1 reviews (unique=1)
[2026-04-05T15:07:21.940Z] [INFO] [REVIEW SAVED] /mnt/c/Developer/Review_AI/scraper_project/raw_data/agiz-dis-bakimi/569478581_reviews.json
[2026-04-05T15:07:22.103Z] [INFO] 
[REVIEW WORKER 9] starting agiz-dis-bakimi/730768562
[2026-04-05T15:07:22.361Z] [INFO] [review agiz-dis-bakimi/550796765] page=4 +8 reviews (unique=32)
[2026-04-05T15:07:22.575Z] [INFO] [review agiz-dis-bakimi/585227533] page=2 +8 reviews (unique=16)
[2026-04-05T15:07:22.677Z] [INFO] 
[START REVIEW] category=agiz-dis-bakimi productId=701287875 startPage=1
[2026-04-05T15:07:23.212Z] [INFO] [review agiz-dis-bakimi/550796765] page=5 +8 reviews (unique=40)
[2026-04-05T15:07:23.321Z] [INFO] [REVIEW PARTIAL SAVED] /mnt/c/Developer/Review_AI/scraper_project/raw_data/agiz-dis-bakimi/550796765_reviews.partial.json
[2026-04-05T15:07:23.480Z] [INFO] 
[START REVIEW] category=agiz-dis-bakimi productId=738769850 startPage=1
[2026-04-05T15:07:23.598Z] [INFO] [review agiz-dis-bakimi/585227533] page=3 +8 reviews (unique=24)
[2026-04-05T15:07:23.708Z] [INFO] 
[START REVIEW] category=agiz-dis-bakimi productId=701807366 startPage=1
[2026-04-05T15:07:24.027Z] [INFO] [review agiz-dis-bakimi/550796765] page=6 +8 reviews (unique=48)
[2026-04-05T15:07:24.082Z] [INFO] [review agiz-dis-bakimi/701287875] page=1 +8 reviews (unique=8)
[2026-04-05T15:07:24.156Z] [INFO] [review agiz-dis-bakimi/701807366] page=1 +0 reviews (unique=0)
[2026-04-05T15:07:24.190Z] [INFO] [REVIEW SAVED] /mnt/c/Developer/Review_AI/scraper_project/raw_data/agiz-dis-bakimi/701807366_reviews.json
[2026-04-05T15:07:24.228Z] [INFO] 
[REVIEW WORKER 3] starting agiz-dis-bakimi/581267512
[2026-04-05T15:07:24.245Z] [INFO] [review agiz-dis-bakimi/738769850] page=1 +1 reviews (unique=1)
[2026-04-05T15:07:24.279Z] [INFO] [REVIEW SAVED] /mnt/c/Developer/Review_AI/scraper_project/raw_data/agiz-dis-bakimi/738769850_reviews.json
[2026-04-05T15:07:24.345Z] [INFO] [review agiz-dis-bakimi/585227533] page=4 +8 reviews (unique=32)
[2026-04-05T15:07:24.356Z] [INFO] 
[REVIEW WORKER 10] starting agiz-dis-bakimi/731750819
[2026-04-05T15:07:24.369Z] [INFO] 
[START REVIEW] category=agiz-dis-bakimi productId=734897438 startPage=1
[2026-04-05T15:07:24.713Z] [INFO] [review agiz-dis-bakimi/734897438] page=1 +0 reviews (unique=0)
[2026-04-05T15:07:24.737Z] [INFO] [REVIEW SAVED] /mnt/c/Developer/Review_AI/scraper_project/raw_data/agiz-dis-bakimi/734897438_reviews.json
[2026-04-05T15:07:24.779Z] [INFO] 
[REVIEW WORKER 2] starting agiz-dis-bakimi/705282935
[2026-04-05T15:07:24.786Z] [INFO] [review agiz-dis-bakimi/550796765] page=7 +8 reviews (unique=56)
[2026-04-05T15:07:24.804Z] [INFO] [review agiz-dis-bakimi/701287875] page=2 +8 reviews (unique=16)
[2026-04-05T15:07:24.993Z] [INFO] [review agiz-dis-bakimi/585227533] page=5 +4 reviews (unique=36)
[2026-04-05T15:07:25.007Z] [INFO] [REVIEW PARTIAL SAVED] /mnt/c/Developer/Review_AI/scraper_project/raw_data/agiz-dis-bakimi/585227533_reviews.partial.json
[2026-04-05T15:07:25.026Z] [INFO] [REVIEW SAVED] /mnt/c/Developer/Review_AI/scraper_project/raw_data/agiz-dis-bakimi/585227533_reviews.json
[2026-04-05T15:07:25.053Z] [INFO] 
[REVIEW WORKER 5] starting agiz-dis-bakimi/704007638
[2026-04-05T15:07:25.438Z] [INFO] [review agiz-dis-bakimi/550796765] page=8 +8 reviews (unique=64)
[2026-04-05T15:07:25.469Z] [INFO] [REVIEW SAVED] /mnt/c/Developer/Review_AI/scraper_project/raw_data/agiz-dis-bakimi/550796765_reviews.json
[2026-04-05T15:07:25.509Z] [INFO] 
[START REVIEW] category=agiz-dis-bakimi productId=576687724 startPage=1
[2026-04-05T15:07:25.523Z] [INFO] 
[REVIEW WORKER 6] starting agiz-dis-bakimi/562840398
[2026-04-05T15:07:25.532Z] [INFO] [review agiz-dis-bakimi/701287875] page=3 +8 reviews (unique=24)
[2026-04-05T15:07:26.129Z] [INFO] [review agiz-dis-bakimi/576687724] page=1 +8 reviews (unique=8)
[2026-04-05T15:07:26.236Z] [INFO] [review agiz-dis-bakimi/701287875] page=4 +8 reviews (unique=32)
[2026-04-05T15:07:26.778Z] [INFO] [review agiz-dis-bakimi/576687724] page=2 +8 reviews (unique=16)
[2026-04-05T15:07:26.844Z] [INFO] [REVIEW SAVED] /mnt/c/Developer/Review_AI/scraper_project/raw_data/agiz-dis-bakimi/576687724_reviews.json
[2026-04-05T15:07:26.905Z] [INFO] 
[START REVIEW] category=agiz-dis-bakimi productId=696793726 startPage=1
[2026-04-05T15:07:26.962Z] [INFO] 
[START REVIEW] category=agiz-dis-bakimi productId=730768562 startPage=1
[2026-04-05T15:07:27.029Z] [INFO] [review agiz-dis-bakimi/701287875] page=5 +7 reviews (unique=39)
[2026-04-05T15:07:27.171Z] [INFO] [REVIEW PARTIAL SAVED] /mnt/c/Developer/Review_AI/scraper_project/raw_data/agiz-dis-bakimi/701287875_reviews.partial.json
[2026-04-05T15:07:27.300Z] [INFO] [REVIEW SAVED] /mnt/c/Developer/Review_AI/scraper_project/raw_data/agiz-dis-bakimi/701287875_reviews.json
[2026-04-05T15:07:27.356Z] [INFO] 
[REVIEW WORKER 7] starting agiz-dis-bakimi/565301747
[2026-04-05T15:07:27.508Z] [INFO] 
[START REVIEW] category=agiz-dis-bakimi productId=668667937 startPage=1
[2026-04-05T15:07:27.575Z] [INFO] 
[REVIEW WORKER 4] starting agiz-dis-bakimi/689003538
[2026-04-05T15:07:27.614Z] [INFO] [review agiz-dis-bakimi/696793726] page=1 +0 reviews (unique=0)
[2026-04-05T15:07:27.681Z] [INFO] [REVIEW SAVED] /mnt/c/Developer/Review_AI/scraper_project/raw_data/agiz-dis-bakimi/696793726_reviews.json
[2026-04-05T15:07:27.967Z] [INFO] 
[REVIEW WORKER 8] starting agiz-dis-bakimi/447853394
[2026-04-05T15:07:28.102Z] [INFO] [review agiz-dis-bakimi/730768562] page=1 +0 reviews (unique=0)
[2026-04-05T15:07:28.229Z] [INFO] [REVIEW SAVED] /mnt/c/Developer/Review_AI/scraper_project/raw_data/agiz-dis-bakimi/730768562_reviews.json
[2026-04-05T15:07:28.461Z] [INFO] 
[REVIEW WORKER 9] starting agiz-dis-bakimi/701330024
[2026-04-05T15:07:28.547Z] [INFO] [review agiz-dis-bakimi/668667937] page=1 +0 reviews (unique=0)
[2026-04-05T15:07:28.748Z] [INFO] [REVIEW SAVED] /mnt/c/Developer/Review_AI/scraper_project/raw_data/agiz-dis-bakimi/668667937_reviews.json
[2026-04-05T15:07:28.904Z] [INFO] 
[REVIEW WORKER 1] starting agiz-dis-bakimi/724347659
[2026-04-05T15:07:29.483Z] [INFO] 
[START REVIEW] category=agiz-dis-bakimi productId=581267512 startPage=1
[2026-04-05T15:07:29.517Z] [INFO] 
[START REVIEW] category=agiz-dis-bakimi productId=731750819 startPage=1
[2026-04-05T15:07:30.265Z] [INFO] [review agiz-dis-bakimi/581267512] page=1 +1 reviews (unique=1)
[2026-04-05T15:07:30.285Z] [INFO] [REVIEW SAVED] /mnt/c/Developer/Review_AI/scraper_project/raw_data/agiz-dis-bakimi/581267512_reviews.json
[2026-04-05T15:07:30.307Z] [INFO] 
[REVIEW WORKER 3] starting agiz-dis-bakimi/566461252
[2026-04-05T15:07:30.335Z] [INFO] 
[START REVIEW] category=agiz-dis-bakimi productId=705282935 startPage=1
[2026-04-05T15:07:30.684Z] [INFO] [review agiz-dis-bakimi/705282935] page=1 +8 reviews (unique=8)
[2026-04-05T15:07:31.128Z] [INFO] 
[START REVIEW] category=agiz-dis-bakimi productId=704007638 startPage=1
[2026-04-05T15:07:31.231Z] [INFO] 
[START REVIEW] category=agiz-dis-bakimi productId=562840398 startPage=1
[2026-04-05T15:07:31.410Z] [INFO] [review agiz-dis-bakimi/705282935] page=2 +8 reviews (unique=16)
[2026-04-05T15:07:31.746Z] [INFO] [review agiz-dis-bakimi/704007638] page=1 +0 reviews (unique=0)
[2026-04-05T15:07:31.780Z] [INFO] [REVIEW SAVED] /mnt/c/Developer/Review_AI/scraper_project/raw_data/agiz-dis-bakimi/704007638_reviews.json
[2026-04-05T15:07:31.818Z] [INFO] 
[REVIEW WORKER 5] starting agiz-dis-bakimi/661661752
[2026-04-05T15:07:31.945Z] [INFO] [review agiz-dis-bakimi/562840398] page=1 +7 reviews (unique=7)
[2026-04-05T15:07:31.997Z] [INFO] [REVIEW SAVED] /mnt/c/Developer/Review_AI/scraper_project/raw_data/agiz-dis-bakimi/562840398_reviews.json
[2026-04-05T15:07:32.048Z] [INFO] 
[REVIEW WORKER 6] starting agiz-dis-bakimi/566464968
[2026-04-05T15:07:32.183Z] [INFO] [review agiz-dis-bakimi/705282935] page=3 +8 reviews (unique=24)
[2026-04-05T15:07:32.971Z] [INFO] [review agiz-dis-bakimi/705282935] page=4 +8 reviews (unique=32)
[2026-04-05T15:07:33.152Z] [INFO] 
[START REVIEW] category=agiz-dis-bakimi productId=565301747 startPage=1
[2026-04-05T15:07:33.181Z] [INFO] 
[START REVIEW] category=agiz-dis-bakimi productId=689003538 startPage=1
[2026-04-05T15:07:33.463Z] [INFO] 
[START REVIEW] category=agiz-dis-bakimi productId=447853394 startPage=1
[2026-04-05T15:07:33.491Z] [INFO] [review agiz-dis-bakimi/565301747] page=1 +4 reviews (unique=4)
[2026-04-05T15:07:33.532Z] [INFO] [REVIEW SAVED] /mnt/c/Developer/Review_AI/scraper_project/raw_data/agiz-dis-bakimi/565301747_reviews.json
[2026-04-05T15:07:33.571Z] [INFO] 
[REVIEW WORKER 7] starting agiz-dis-bakimi/474915650
[2026-04-05T15:07:33.703Z] [INFO] [review agiz-dis-bakimi/705282935] page=5 +8 reviews (unique=40)
[2026-04-05T15:07:33.720Z] [INFO] [REVIEW PARTIAL SAVED] /mnt/c/Developer/Review_AI/scraper_project/raw_data/agiz-dis-bakimi/705282935_reviews.partial.json
[2026-04-05T15:07:33.783Z] [INFO] [REVIEW SAVED] /mnt/c/Developer/Review_AI/scraper_project/raw_data/agiz-dis-bakimi/705282935_reviews.json
[2026-04-05T15:07:33.807Z] [INFO] 
[START REVIEW] category=agiz-dis-bakimi productId=701330024 startPage=1
[2026-04-05T15:07:33.876Z] [INFO] 
[REVIEW WORKER 2] starting agiz-dis-bakimi/431820816
[2026-04-05T15:07:33.917Z] [INFO] [review agiz-dis-bakimi/447853394] page=1 +8 reviews (unique=8)
[2026-04-05T15:07:33.945Z] [INFO] 
[START REVIEW] category=agiz-dis-bakimi productId=724347659 startPage=1
[2026-04-05T15:07:34.132Z] [INFO] [review agiz-dis-bakimi/701330024] page=1 +0 reviews (unique=0)
[2026-04-05T15:07:34.171Z] [INFO] [REVIEW SAVED] /mnt/c/Developer/Review_AI/scraper_project/raw_data/agiz-dis-bakimi/701330024_reviews.json
[2026-04-05T15:07:34.203Z] [INFO] 
[REVIEW WORKER 9] starting agiz-dis-bakimi/728225557
[2026-04-05T15:07:34.410Z] [INFO] [review agiz-dis-bakimi/724347659] page=1 +0 reviews (unique=0)
[2026-04-05T15:07:34.472Z] [INFO] [REVIEW SAVED] /mnt/c/Developer/Review_AI/scraper_project/raw_data/agiz-dis-bakimi/724347659_reviews.json
[2026-04-05T15:07:34.527Z] [INFO] 
[REVIEW WORKER 1] starting agiz-dis-bakimi/724827488
[2026-04-05T15:07:34.678Z] [INFO] [review agiz-dis-bakimi/447853394] page=2 +8 reviews (unique=16)
[2026-04-05T15:07:35.071Z] [INFO] 
[START REVIEW] category=agiz-dis-bakimi productId=566461252 startPage=1
[2026-04-05T15:07:35.389Z] [INFO] [review agiz-dis-bakimi/447853394] page=3 +5 reviews (unique=21)
[2026-04-05T15:07:35.565Z] [INFO] [REVIEW SAVED] /mnt/c/Developer/Review_AI/scraper_project/raw_data/agiz-dis-bakimi/447853394_reviews.json
[2026-04-05T15:07:35.606Z] [INFO] [review agiz-dis-bakimi/566461252] page=1 +1 reviews (unique=1)
[2026-04-05T15:07:35.778Z] [INFO] [REVIEW SAVED] /mnt/c/Developer/Review_AI/scraper_project/raw_data/agiz-dis-bakimi/566461252_reviews.json
[2026-04-05T15:07:35.937Z] [INFO] 
[REVIEW WORKER 8] starting agiz-dis-bakimi/698039470
[2026-04-05T15:07:35.969Z] [INFO] 
[REVIEW WORKER 3] starting agiz-dis-bakimi/605586223
[2026-04-05T15:07:36.126Z] [INFO] [review agiz-dis-bakimi/731750819] page=1 +3 reviews (unique=3)
[2026-04-05T15:07:36.169Z] [INFO] [REVIEW SAVED] /mnt/c/Developer/Review_AI/scraper_project/raw_data/agiz-dis-bakimi/731750819_reviews.json
[2026-04-05T15:07:36.410Z] [INFO] 
[REVIEW WORKER 10] starting agiz-dis-bakimi/581267581
[2026-04-05T15:07:36.467Z] [INFO] 
[START REVIEW] category=agiz-dis-bakimi productId=661661752 startPage=1
[2026-04-05T15:07:36.981Z] [INFO] 
[START REVIEW] category=agiz-dis-bakimi productId=566464968 startPage=1
[2026-04-05T15:07:37.297Z] [INFO] [review agiz-dis-bakimi/689003538] page=1 +1 reviews (unique=1)
[2026-04-05T15:07:37.374Z] [INFO] [REVIEW SAVED] /mnt/c/Developer/Review_AI/scraper_project/raw_data/agiz-dis-bakimi/689003538_reviews.json
[2026-04-05T15:07:37.451Z] [INFO] 
[REVIEW WORKER 4] starting agiz-dis-bakimi/662879611
[2026-04-05T15:07:37.650Z] [INFO] [review agiz-dis-bakimi/661661752] page=1 +2 reviews (unique=2)
[2026-04-05T15:07:37.730Z] [INFO] [REVIEW SAVED] /mnt/c/Developer/Review_AI/scraper_project/raw_data/agiz-dis-bakimi/661661752_reviews.json
[2026-04-05T15:07:37.775Z] [INFO] [review agiz-dis-bakimi/566464968] page=1 +3 reviews (unique=3)
[2026-04-05T15:07:37.893Z] [INFO] [REVIEW SAVED] /mnt/c/Developer/Review_AI/scraper_project/raw_data/agiz-dis-bakimi/566464968_reviews.json
[2026-04-05T15:07:37.967Z] [INFO] 
[REVIEW WORKER 5] starting agiz-dis-bakimi/569199348
[2026-04-05T15:07:38.097Z] [INFO] 
[REVIEW WORKER 6] starting agiz-dis-bakimi/735259981
[2026-04-05T15:07:38.852Z] [INFO] 
[START REVIEW] category=agiz-dis-bakimi productId=474915650 startPage=1
[2026-04-05T15:07:38.965Z] [INFO] 
[START REVIEW] category=agiz-dis-bakimi productId=431820816 startPage=1
[2026-04-05T15:07:39.130Z] [INFO] [review agiz-dis-bakimi/474915650] page=1 +8 reviews (unique=8)
[2026-04-05T15:07:39.364Z] [INFO] [review agiz-dis-bakimi/431820816] page=1 +8 reviews (unique=8)
[2026-04-05T15:07:40.015Z] [INFO] 
[START REVIEW] category=agiz-dis-bakimi productId=728225557 startPage=1
[2026-04-05T15:07:40.113Z] [INFO] [review agiz-dis-bakimi/474915650] page=2 +1 reviews (unique=9)
[2026-04-05T15:07:40.165Z] [INFO] [REVIEW SAVED] /mnt/c/Developer/Review_AI/scraper_project/raw_data/agiz-dis-bakimi/474915650_reviews.json
[2026-04-05T15:07:40.187Z] [INFO] 
[START REVIEW] category=agiz-dis-bakimi productId=724827488 startPage=1
[2026-04-05T15:07:40.229Z] [INFO] 
[REVIEW WORKER 7] starting agiz-dis-bakimi/673793993
[2026-04-05T15:07:40.265Z] [INFO] [review agiz-dis-bakimi/431820816] page=2 +8 reviews (unique=16)
[2026-04-05T15:07:40.696Z] [INFO] [review agiz-dis-bakimi/728225557] page=1 +0 reviews (unique=0)
[2026-04-05T15:07:40.759Z] [INFO] [REVIEW SAVED] /mnt/c/Developer/Review_AI/scraper_project/raw_data/agiz-dis-bakimi/728225557_reviews.json
[2026-04-05T15:07:40.840Z] [INFO] 
[REVIEW WORKER 9] starting agiz-dis-bakimi/659959539
[2026-04-05T15:07:40.884Z] [INFO] 
[START REVIEW] category=agiz-dis-bakimi productId=605586223 startPage=1
[2026-04-05T15:07:40.948Z] [INFO] 
[START REVIEW] category=agiz-dis-bakimi productId=698039470 startPage=1
[2026-04-05T15:07:41.118Z] [INFO] [review agiz-dis-bakimi/431820816] page=3 +8 reviews (unique=24)
[2026-04-05T15:07:41.364Z] [INFO] [review agiz-dis-bakimi/724827488] page=1 +0 reviews (unique=0)
[2026-04-05T15:07:41.941Z] [INFO] [REVIEW SAVED] /mnt/c/Developer/Review_AI/scraper_project/raw_data/agiz-dis-bakimi/724827488_reviews.json
[2026-04-05T15:07:42.005Z] [INFO] 
[REVIEW WORKER 1] starting agiz-dis-bakimi/731306192
[2026-04-05T15:07:42.055Z] [INFO] [review agiz-dis-bakimi/698039470] page=1 +0 reviews (unique=0)
[2026-04-05T15:07:42.122Z] [INFO] [REVIEW SAVED] /mnt/c/Developer/Review_AI/scraper_project/raw_data/agiz-dis-bakimi/698039470_reviews.json
[2026-04-05T15:07:42.160Z] [INFO] 
[REVIEW WORKER 8] starting agiz-dis-bakimi/647806644
[2026-04-05T15:07:42.250Z] [INFO] [review agiz-dis-bakimi/605586223] page=1 +1 reviews (unique=1)
[2026-04-05T15:07:42.334Z] [INFO] [REVIEW SAVED] /mnt/c/Developer/Review_AI/scraper_project/raw_data/agiz-dis-bakimi/605586223_reviews.json
[2026-04-05T15:07:42.349Z] [INFO] 
[START REVIEW] category=agiz-dis-bakimi productId=581267581 startPage=1
[2026-04-05T15:07:42.378Z] [INFO] [review agiz-dis-bakimi/431820816] page=4 +8 reviews (unique=32)
[2026-04-05T15:07:42.433Z] [INFO] 
[REVIEW WORKER 3] starting agiz-dis-bakimi/715071029
[2026-04-05T15:07:42.528Z] [INFO] 
[START REVIEW] category=agiz-dis-bakimi productId=662879611 startPage=1
[2026-04-05T15:07:42.734Z] [INFO] [review agiz-dis-bakimi/581267581] page=1 +1 reviews (unique=1)
[2026-04-05T15:07:42.764Z] [INFO] [REVIEW SAVED] /mnt/c/Developer/Review_AI/scraper_project/raw_data/agiz-dis-bakimi/581267581_reviews.json
[2026-04-05T15:07:42.808Z] [INFO] 
[REVIEW WORKER 10] starting agiz-dis-bakimi/675097296
[2026-04-05T15:07:42.962Z] [INFO] [review agiz-dis-bakimi/662879611] page=1 +0 reviews (unique=0)
[2026-04-05T15:07:42.991Z] [INFO] [REVIEW SAVED] /mnt/c/Developer/Review_AI/scraper_project/raw_data/agiz-dis-bakimi/662879611_reviews.json
[2026-04-05T15:07:43.022Z] [INFO] 
[REVIEW WORKER 4] starting agiz-dis-bakimi/582096733
[2026-04-05T15:07:43.132Z] [INFO] [review agiz-dis-bakimi/431820816] page=5 +8 reviews (unique=40)
[2026-04-05T15:07:43.148Z] [INFO] [REVIEW PARTIAL SAVED] /mnt/c/Developer/Review_AI/scraper_project/raw_data/agiz-dis-bakimi/431820816_reviews.partial.json
[2026-04-05T15:07:43.354Z] [INFO] 
[START REVIEW] category=agiz-dis-bakimi productId=735259981 startPage=1
[2026-04-05T15:07:43.367Z] [INFO] 
[START REVIEW] category=agiz-dis-bakimi productId=569199348 startPage=1
[2026-04-05T15:07:43.601Z] [INFO] [review agiz-dis-bakimi/735259981] page=1 +0 reviews (unique=0)
[2026-04-05T15:07:43.620Z] [INFO] [REVIEW SAVED] /mnt/c/Developer/Review_AI/scraper_project/raw_data/agiz-dis-bakimi/735259981_reviews.json
[2026-04-05T15:07:43.650Z] [INFO] 
[REVIEW WORKER 6] starting agiz-dis-bakimi/582096738
[2026-04-05T15:07:43.779Z] [INFO] [review agiz-dis-bakimi/431820816] page=6 +8 reviews (unique=48)
[2026-04-05T15:07:43.820Z] [INFO] [review agiz-dis-bakimi/569199348] page=1 +8 reviews (unique=8)
[2026-04-05T15:07:44.627Z] [INFO] [review agiz-dis-bakimi/431820816] page=7 +8 reviews (unique=56)
[2026-04-05T15:07:44.667Z] [INFO] [review agiz-dis-bakimi/569199348] page=2 +1 reviews (unique=9)
[2026-04-05T15:07:44.685Z] [INFO] [REVIEW SAVED] /mnt/c/Developer/Review_AI/scraper_project/raw_data/agiz-dis-bakimi/569199348_reviews.json
[2026-04-05T15:07:44.701Z] [INFO] 
[REVIEW WORKER 5] starting agiz-dis-bakimi/315523006
[2026-04-05T15:07:45.012Z] [INFO] 
[START REVIEW] category=agiz-dis-bakimi productId=673793993 startPage=1
[2026-04-05T15:07:45.261Z] [INFO] [review agiz-dis-bakimi/673793993] page=1 +1 reviews (unique=1)
[2026-04-05T15:07:45.295Z] [INFO] [REVIEW SAVED] /mnt/c/Developer/Review_AI/scraper_project/raw_data/agiz-dis-bakimi/673793993_reviews.json
[2026-04-05T15:07:45.320Z] [INFO] 
[REVIEW WORKER 7] starting agiz-dis-bakimi/724677475
[2026-04-05T15:07:45.443Z] [INFO] [review agiz-dis-bakimi/431820816] page=8 +7 reviews (unique=63)
[2026-04-05T15:07:45.515Z] [INFO] [REVIEW SAVED] /mnt/c/Developer/Review_AI/scraper_project/raw_data/agiz-dis-bakimi/431820816_reviews.json
[2026-04-05T15:07:45.568Z] [INFO] 
[REVIEW WORKER 2] starting agiz-dis-bakimi/632847275
[2026-04-05T15:07:45.999Z] [INFO] 
[START REVIEW] category=agiz-dis-bakimi productId=659959539 startPage=1
[2026-04-05T15:07:46.380Z] [INFO] [review agiz-dis-bakimi/659959539] page=1 +2 reviews (unique=2)
[2026-04-05T15:07:46.443Z] [INFO] [REVIEW SAVED] /mnt/c/Developer/Review_AI/scraper_project/raw_data/agiz-dis-bakimi/659959539_reviews.json
[2026-04-05T15:07:46.479Z] [INFO] 
[REVIEW WORKER 9] starting agiz-dis-bakimi/725736116
[2026-04-05T15:07:47.110Z] [INFO] 
[START REVIEW] category=agiz-dis-bakimi productId=731306192 startPage=1
[2026-04-05T15:07:47.153Z] [INFO] 
[START REVIEW] category=agiz-dis-bakimi productId=647806644 startPage=1
[2026-04-05T15:07:47.209Z] [INFO] 
[START REVIEW] category=agiz-dis-bakimi productId=715071029 startPage=1
[2026-04-05T15:07:47.463Z] [INFO] [review agiz-dis-bakimi/731306192] page=1 +0 reviews (unique=0)
[2026-04-05T15:07:47.619Z] [INFO] [REVIEW SAVED] /mnt/c/Developer/Review_AI/scraper_project/raw_data/agiz-dis-bakimi/731306192_reviews.json
[2026-04-05T15:07:47.898Z] [INFO] 
[REVIEW WORKER 1] starting agiz-dis-bakimi/652593715
[2026-04-05T15:07:48.023Z] [INFO] [review agiz-dis-bakimi/715071029] page=1 +1 reviews (unique=1)
[2026-04-05T15:07:48.099Z] [INFO] [REVIEW SAVED] /mnt/c/Developer/Review_AI/scraper_project/raw_data/agiz-dis-bakimi/715071029_reviews.json
[2026-04-05T15:07:48.216Z] [INFO] [review agiz-dis-bakimi/647806644] page=1 +8 reviews (unique=8)
[2026-04-05T15:07:48.271Z] [INFO] [REVIEW SAVED] /mnt/c/Developer/Review_AI/scraper_project/raw_data/agiz-dis-bakimi/647806644_reviews.json
[2026-04-05T15:07:48.292Z] [INFO] 
[REVIEW WORKER 3] starting agiz-dis-bakimi/529955777
[2026-04-05T15:07:48.343Z] [INFO] 
[START REVIEW] category=agiz-dis-bakimi productId=675097296 startPage=1
[2026-04-05T15:07:48.373Z] [INFO] 
[START REVIEW] category=agiz-dis-bakimi productId=582096733 startPage=1
[2026-04-05T15:07:48.405Z] [INFO] 
[REVIEW WORKER 8] starting agiz-dis-bakimi/536314350
[2026-04-05T15:07:48.517Z] [INFO] 
[START REVIEW] category=agiz-dis-bakimi productId=582096738 startPage=1
[2026-04-05T15:07:48.893Z] [INFO] [review agiz-dis-bakimi/675097296] page=1 +0 reviews (unique=0)
[2026-04-05T15:07:49.000Z] [INFO] [REVIEW SAVED] /mnt/c/Developer/Review_AI/scraper_project/raw_data/agiz-dis-bakimi/675097296_reviews.json
[2026-04-05T15:07:49.024Z] [INFO] [review agiz-dis-bakimi/582096733] page=1 +7 reviews (unique=7)
[2026-04-05T15:07:49.158Z] [INFO] [REVIEW SAVED] /mnt/c/Developer/Review_AI/scraper_project/raw_data/agiz-dis-bakimi/582096733_reviews.json
[2026-04-05T15:07:49.250Z] [INFO] [review agiz-dis-bakimi/582096738] page=1 +8 reviews (unique=8)
[2026-04-05T15:07:49.293Z] [INFO] 
[REVIEW WORKER 10] starting agiz-dis-bakimi/700179362
[2026-04-05T15:07:49.396Z] [INFO] 
[REVIEW WORKER 4] starting agiz-dis-bakimi/718819588
[2026-04-05T15:07:50.424Z] [INFO] 
[START REVIEW] category=agiz-dis-bakimi productId=315523006 startPage=1
[2026-04-05T15:07:50.735Z] [INFO] [review agiz-dis-bakimi/582096738] page=2 +8 reviews (unique=16)
[2026-04-05T15:07:50.753Z] [INFO] [review agiz-dis-bakimi/315523006] page=1 +8 reviews (unique=8)
[2026-04-05T15:07:51.157Z] [INFO] 
[START REVIEW] category=agiz-dis-bakimi productId=724677475 startPage=1
[2026-04-05T15:07:51.512Z] [INFO] [review agiz-dis-bakimi/582096738] page=3 +8 reviews (unique=24)
[2026-04-05T15:07:51.584Z] [INFO] [review agiz-dis-bakimi/315523006] page=2 +8 reviews (unique=16)
[2026-04-05T15:07:51.808Z] [INFO] [review agiz-dis-bakimi/724677475] page=1 +0 reviews (unique=0)
[2026-04-05T15:07:51.851Z] [INFO] [REVIEW SAVED] /mnt/c/Developer/Review_AI/scraper_project/raw_data/agiz-dis-bakimi/724677475_reviews.json
[2026-04-05T15:07:51.915Z] [INFO] 
[REVIEW WORKER 7] starting agiz-dis-bakimi/736625493
[2026-04-05T15:07:51.979Z] [INFO] 
[START REVIEW] category=agiz-dis-bakimi productId=632847275 startPage=1
[2026-04-05T15:07:52.100Z] [INFO] 
[START REVIEW] category=agiz-dis-bakimi productId=725736116 startPage=1
[2026-04-05T15:07:52.240Z] [INFO] [review agiz-dis-bakimi/582096738] page=4 +8 reviews (unique=32)
[2026-04-05T15:07:52.332Z] [INFO] [review agiz-dis-bakimi/315523006] page=3 +8 reviews (unique=24)
[2026-04-05T15:07:52.517Z] [INFO] [review agiz-dis-bakimi/632847275] page=1 +0 reviews (unique=0)
[2026-04-05T15:07:52.570Z] [INFO] [REVIEW SAVED] /mnt/c/Developer/Review_AI/scraper_project/raw_data/agiz-dis-bakimi/632847275_reviews.json
[2026-04-05T15:07:52.618Z] [INFO] 
[REVIEW WORKER 2] starting agiz-dis-bakimi/569357169
[2026-04-05T15:07:52.749Z] [INFO] [review agiz-dis-bakimi/725736116] page=1 +0 reviews (unique=0)
[2026-04-05T15:07:52.829Z] [INFO] [REVIEW SAVED] /mnt/c/Developer/Review_AI/scraper_project/raw_data/agiz-dis-bakimi/725736116_reviews.json
[2026-04-05T15:07:52.859Z] [INFO] 
[START REVIEW] category=agiz-dis-bakimi productId=652593715 startPage=1
[2026-04-05T15:07:52.904Z] [INFO] 
[REVIEW WORKER 9] starting agiz-dis-bakimi/589509212
[2026-04-05T15:07:52.950Z] [INFO] [review agiz-dis-bakimi/582096738] page=5 +8 reviews (unique=40)
[2026-04-05T15:07:52.983Z] [INFO] [REVIEW PARTIAL SAVED] /mnt/c/Developer/Review_AI/scraper_project/raw_data/agiz-dis-bakimi/582096738_reviews.partial.json
[2026-04-05T15:07:53.095Z] [INFO] [review agiz-dis-bakimi/315523006] page=4 +8 reviews (unique=32)
[2026-04-05T15:07:53.142Z] [INFO] [review agiz-dis-bakimi/652593715] page=1 +8 reviews (unique=8)
[2026-04-05T15:07:53.253Z] [INFO] 
[START REVIEW] category=agiz-dis-bakimi productId=529955777 startPage=1
[2026-04-05T15:07:53.786Z] [INFO] [review agiz-dis-bakimi/529955777] page=1 +3 reviews (unique=3)
[2026-04-05T15:07:53.859Z] [INFO] [REVIEW SAVED] /mnt/c/Developer/Review_AI/scraper_project/raw_data/agiz-dis-bakimi/529955777_reviews.json
[2026-04-05T15:07:53.900Z] [INFO] 
[START REVIEW] category=agiz-dis-bakimi productId=536314350 startPage=1
[2026-04-05T15:07:53.953Z] [INFO] [review agiz-dis-bakimi/582096738] page=6 +8 reviews (unique=48)
[2026-04-05T15:07:54.027Z] [INFO] 
[REVIEW WORKER 3] starting agiz-dis-bakimi/733598968
[2026-04-05T15:07:54.122Z] [INFO] [review agiz-dis-bakimi/315523006] page=5 +8 reviews (unique=40)
[2026-04-05T15:07:54.257Z] [INFO] [REVIEW PARTIAL SAVED] /mnt/c/Developer/Review_AI/scraper_project/raw_data/agiz-dis-bakimi/315523006_reviews.partial.json
[2026-04-05T15:07:54.341Z] [INFO] [review agiz-dis-bakimi/652593715] page=2 +1 reviews (unique=9)
[2026-04-05T15:07:54.407Z] [INFO] [REVIEW SAVED] /mnt/c/Developer/Review_AI/scraper_project/raw_data/agiz-dis-bakimi/652593715_reviews.json
[2026-04-05T15:07:54.466Z] [INFO] 
[START REVIEW] category=agiz-dis-bakimi productId=718819588 startPage=1
[2026-04-05T15:07:54.601Z] [INFO] 
[REVIEW WORKER 1] starting agiz-dis-bakimi/567099695
[2026-04-05T15:07:54.626Z] [INFO] 
[START REVIEW] category=agiz-dis-bakimi productId=700179362 startPage=1
[2026-04-05T15:07:54.808Z] [INFO] [review agiz-dis-bakimi/582096738] page=7 +2 reviews (unique=50)
[2026-04-05T15:07:54.844Z] [INFO] [REVIEW SAVED] /mnt/c/Developer/Review_AI/scraper_project/raw_data/agiz-dis-bakimi/582096738_reviews.json
[2026-04-05T15:07:54.887Z] [INFO] 
[REVIEW WORKER 6] starting agiz-dis-bakimi/543431072
[2026-04-05T15:07:54.995Z] [INFO] [review agiz-dis-bakimi/536314350] page=1 +1 reviews (unique=1)
[2026-04-05T15:07:55.023Z] [INFO] [REVIEW SAVED] /mnt/c/Developer/Review_AI/scraper_project/raw_data/agiz-dis-bakimi/536314350_reviews.json
[2026-04-05T15:07:55.041Z] [INFO] [review agiz-dis-bakimi/315523006] page=6 +8 reviews (unique=48)
[2026-04-05T15:07:55.102Z] [INFO] 
[REVIEW WORKER 8] starting agiz-dis-bakimi/730272322
[2026-04-05T15:07:55.247Z] [INFO] [review agiz-dis-bakimi/718819588] page=1 +8 reviews (unique=8)
[2026-04-05T15:07:55.261Z] [INFO] [REVIEW SAVED] /mnt/c/Developer/Review_AI/scraper_project/raw_data/agiz-dis-bakimi/718819588_reviews.json
[2026-04-05T15:07:55.282Z] [INFO] 
[REVIEW WORKER 4] starting agiz-dis-bakimi/614640679
[2026-04-05T15:07:55.359Z] [INFO] [review agiz-dis-bakimi/700179362] page=1 +7 reviews (unique=7)
[2026-04-05T15:07:55.392Z] [INFO] [REVIEW SAVED] /mnt/c/Developer/Review_AI/scraper_project/raw_data/agiz-dis-bakimi/700179362_reviews.json
[2026-04-05T15:07:55.416Z] [INFO] 
[REVIEW WORKER 10] starting agiz-dis-bakimi/700163325
[2026-04-05T15:07:55.819Z] [INFO] [review agiz-dis-bakimi/315523006] page=7 +5 reviews (unique=53)
[2026-04-05T15:07:55.839Z] [INFO] [REVIEW SAVED] /mnt/c/Developer/Review_AI/scraper_project/raw_data/agiz-dis-bakimi/315523006_reviews.json
[2026-04-05T15:07:55.866Z] [INFO] 
[REVIEW WORKER 5] starting agiz-dis-bakimi/514082819
[2026-04-05T15:07:57.031Z] [INFO] 
[START REVIEW] category=agiz-dis-bakimi productId=736625493 startPage=1
[2026-04-05T15:07:57.251Z] [INFO] 
[START REVIEW] category=agiz-dis-bakimi productId=569357169 startPage=1
[2026-04-05T15:07:57.485Z] [INFO] [review agiz-dis-bakimi/736625493] page=1 +0 reviews (unique=0)
[2026-04-05T15:07:57.555Z] [INFO] [REVIEW SAVED] /mnt/c/Developer/Review_AI/scraper_project/raw_data/agiz-dis-bakimi/736625493_reviews.json
[2026-04-05T15:07:57.601Z] [INFO] 
[REVIEW WORKER 7] starting agiz-dis-bakimi/721382199
[2026-04-05T15:07:57.803Z] [INFO] [review agiz-dis-bakimi/569357169] page=1 +7 reviews (unique=7)
[2026-04-05T15:07:57.879Z] [INFO] [REVIEW SAVED] /mnt/c/Developer/Review_AI/scraper_project/raw_data/agiz-dis-bakimi/569357169_reviews.json
[2026-04-05T15:07:57.919Z] [INFO] 
[START REVIEW] category=agiz-dis-bakimi productId=589509212 startPage=1
[2026-04-05T15:07:57.998Z] [INFO] 
[REVIEW WORKER 2] starting agiz-dis-bakimi/647121819
[2026-04-05T15:07:58.676Z] [INFO] [review agiz-dis-bakimi/589509212] page=1 +5 reviews (unique=5)
[2026-04-05T15:07:58.747Z] [INFO] [REVIEW SAVED] /mnt/c/Developer/Review_AI/scraper_project/raw_data/agiz-dis-bakimi/589509212_reviews.json
[2026-04-05T15:07:58.784Z] [INFO] 
[REVIEW WORKER 9] starting agiz-dis-bakimi/735232958
[2026-04-05T15:07:59.796Z] [INFO] 
[START REVIEW] category=agiz-dis-bakimi productId=567099695 startPage=1
[2026-04-05T15:07:59.966Z] [INFO] 
[START REVIEW] category=agiz-dis-bakimi productId=733598968 startPage=1
[2026-04-05T15:07:59.983Z] [INFO] 
[START REVIEW] category=agiz-dis-bakimi productId=730272322 startPage=1
[2026-04-05T15:08:00.215Z] [INFO] 
[START REVIEW] category=agiz-dis-bakimi productId=543431072 startPage=1
[2026-04-05T15:08:00.448Z] [INFO] [review agiz-dis-bakimi/567099695] page=1 +8 reviews (unique=8)
[2026-04-05T15:08:00.554Z] [INFO] 
[START REVIEW] category=agiz-dis-bakimi productId=614640679 startPage=1
[2026-04-05T15:08:00.568Z] [INFO] 
[START REVIEW] category=agiz-dis-bakimi productId=700163325 startPage=1
[2026-04-05T15:08:00.826Z] [INFO] [review agiz-dis-bakimi/730272322] page=1 +0 reviews (unique=0)
[2026-04-05T15:08:00.853Z] [INFO] [REVIEW SAVED] /mnt/c/Developer/Review_AI/scraper_project/raw_data/agiz-dis-bakimi/730272322_reviews.json
[2026-04-05T15:08:00.889Z] [INFO] 
[REVIEW WORKER 8] starting agiz-dis-bakimi/544975255
[2026-04-05T15:08:01.091Z] [INFO] 
[START REVIEW] category=agiz-dis-bakimi productId=514082819 startPage=1
[2026-04-05T15:08:01.109Z] [INFO] [review agiz-dis-bakimi/733598968] page=1 +8 reviews (unique=8)
[2026-04-05T15:08:01.161Z] [INFO] [review agiz-dis-bakimi/543431072] page=1 +2 reviews (unique=2)
[2026-04-05T15:08:01.214Z] [INFO] [REVIEW SAVED] /mnt/c/Developer/Review_AI/scraper_project/raw_data/agiz-dis-bakimi/543431072_reviews.json
[2026-04-05T15:08:01.238Z] [INFO] [review agiz-dis-bakimi/614640679] page=1 +2 reviews (unique=2)
[2026-04-05T15:08:01.320Z] [INFO] [REVIEW SAVED] /mnt/c/Developer/Review_AI/scraper_project/raw_data/agiz-dis-bakimi/614640679_reviews.json
[2026-04-05T15:08:01.359Z] [INFO] 
[REVIEW WORKER 6] starting agiz-dis-bakimi/541924736
[2026-04-05T15:08:01.384Z] [INFO] 
[REVIEW WORKER 4] starting agiz-dis-bakimi/731163577
[2026-04-05T15:08:01.407Z] [INFO] [review agiz-dis-bakimi/567099695] page=2 +8 reviews (unique=16)
[2026-04-05T15:08:01.580Z] [INFO] [review agiz-dis-bakimi/514082819] page=1 +8 reviews (unique=8)
[2026-04-05T15:08:01.618Z] [INFO] [review agiz-dis-bakimi/700163325] page=1 +0 reviews (unique=0)
[2026-04-05T15:08:01.663Z] [INFO] [REVIEW SAVED] /mnt/c/Developer/Review_AI/scraper_project/raw_data/agiz-dis-bakimi/700163325_reviews.json
[2026-04-05T15:08:01.720Z] [INFO] 
[REVIEW WORKER 10] starting agiz-dis-bakimi/576100344
[2026-04-05T15:08:02.419Z] [INFO] [review agiz-dis-bakimi/567099695] page=3 +8 reviews (unique=24)
[2026-04-05T15:08:02.792Z] [INFO] [review agiz-dis-bakimi/514082819] page=2 +4 reviews (unique=12)
[2026-04-05T15:08:02.832Z] [INFO] [REVIEW SAVED] /mnt/c/Developer/Review_AI/scraper_project/raw_data/agiz-dis-bakimi/514082819_reviews.json
[2026-04-05T15:08:02.865Z] [INFO] 
[REVIEW WORKER 5] starting agiz-dis-bakimi/689362884
[2026-04-05T15:08:03.249Z] [INFO] [review agiz-dis-bakimi/567099695] page=4 +2 reviews (unique=26)
[2026-04-05T15:08:03.268Z] [INFO] [REVIEW SAVED] /mnt/c/Developer/Review_AI/scraper_project/raw_data/agiz-dis-bakimi/567099695_reviews.json
[2026-04-05T15:08:03.299Z] [INFO] 
[REVIEW WORKER 1] starting agiz-dis-bakimi/724345439
[2026-04-05T15:08:03.814Z] [INFO] 
[START REVIEW] category=agiz-dis-bakimi productId=721382199 startPage=1
[2026-04-05T15:08:03.977Z] [INFO] 
[START REVIEW] category=agiz-dis-bakimi productId=647121819 startPage=1
[2026-04-05T15:08:04.508Z] [INFO] 
[START REVIEW] category=agiz-dis-bakimi productId=735232958 startPage=1
[2026-04-05T15:08:04.585Z] [INFO] [review agiz-dis-bakimi/647121819] page=1 +2 reviews (unique=2)
[2026-04-05T15:08:04.625Z] [INFO] [REVIEW SAVED] /mnt/c/Developer/Review_AI/scraper_project/raw_data/agiz-dis-bakimi/647121819_reviews.json
[2026-04-05T15:08:04.667Z] [INFO] 
[REVIEW WORKER 2] starting agiz-dis-bakimi/606136276
[2026-04-05T15:08:04.950Z] [INFO] [review agiz-dis-bakimi/735232958] page=1 +0 reviews (unique=0)
[2026-04-05T15:08:05.000Z] [INFO] [REVIEW SAVED] /mnt/c/Developer/Review_AI/scraper_project/raw_data/agiz-dis-bakimi/735232958_reviews.json
[2026-04-05T15:08:05.040Z] [INFO] 
[REVIEW WORKER 9] starting agiz-dis-bakimi/731306434
[2026-04-05T15:08:05.537Z] [INFO] [review agiz-dis-bakimi/733598968] page=2 +8 reviews (unique=16)
[2026-04-05T15:08:05.769Z] [INFO] 
[START REVIEW] category=agiz-dis-bakimi productId=544975255 startPage=1
[2026-04-05T15:08:06.277Z] [INFO] 
[START REVIEW] category=agiz-dis-bakimi productId=541924736 startPage=1
[2026-04-05T15:08:06.477Z] [INFO] 
[START REVIEW] category=agiz-dis-bakimi productId=731163577 startPage=1
[2026-04-05T15:08:06.675Z] [INFO] [review agiz-dis-bakimi/544975255] page=1 +8 reviews (unique=8)
[2026-04-05T15:08:06.697Z] [INFO] 
[START REVIEW] category=agiz-dis-bakimi productId=576100344 startPage=1
[2026-04-05T15:08:06.714Z] [INFO] [review agiz-dis-bakimi/733598968] page=3 +5 reviews (unique=21)
[2026-04-05T15:08:06.758Z] [INFO] [REVIEW SAVED] /mnt/c/Developer/Review_AI/scraper_project/raw_data/agiz-dis-bakimi/733598968_reviews.json
[2026-04-05T15:08:06.812Z] [INFO] 
[REVIEW WORKER 3] starting agiz-dis-bakimi/671421872
[2026-04-05T15:08:06.988Z] [INFO] [review agiz-dis-bakimi/541924736] page=1 +8 reviews (unique=8)
[2026-04-05T15:08:07.067Z] [INFO] [review agiz-dis-bakimi/731163577] page=1 +0 reviews (unique=0)
[2026-04-05T15:08:07.098Z] [INFO] [REVIEW SAVED] /mnt/c/Developer/Review_AI/scraper_project/raw_data/agiz-dis-bakimi/731163577_reviews.json
[2026-04-05T15:08:07.120Z] [INFO] 
[REVIEW WORKER 4] starting agiz-dis-bakimi/718416968
[2026-04-05T15:08:07.260Z] [INFO] 
[START REVIEW] category=agiz-dis-bakimi productId=689362884 startPage=1
[2026-04-05T15:08:07.323Z] [INFO] [review agiz-dis-bakimi/576100344] page=1 +3 reviews (unique=3)
[2026-04-05T15:08:07.359Z] [INFO] [REVIEW SAVED] /mnt/c/Developer/Review_AI/scraper_project/raw_data/agiz-dis-bakimi/576100344_reviews.json
[2026-04-05T15:08:07.385Z] [INFO] 
[REVIEW WORKER 10] starting agiz-dis-bakimi/666835999
[2026-04-05T15:08:07.460Z] [INFO] [review agiz-dis-bakimi/544975255] page=2 +4 reviews (unique=12)
[2026-04-05T15:08:07.495Z] [INFO] [REVIEW SAVED] /mnt/c/Developer/Review_AI/scraper_project/raw_data/agiz-dis-bakimi/544975255_reviews.json
[2026-04-05T15:08:07.523Z] [INFO] 
[REVIEW WORKER 8] starting agiz-dis-bakimi/589603621
[2026-04-05T15:08:07.989Z] [INFO] [review agiz-dis-bakimi/541924736] page=2 +8 reviews (unique=16)
[2026-04-05T15:08:08.015Z] [INFO] [review agiz-dis-bakimi/721382199] page=1 +0 reviews (unique=0)
[2026-04-05T15:08:08.039Z] [INFO] [REVIEW SAVED] /mnt/c/Developer/Review_AI/scraper_project/raw_data/agiz-dis-bakimi/721382199_reviews.json
[2026-04-05T15:08:08.049Z] [INFO] [review agiz-dis-bakimi/689362884] page=1 +0 reviews (unique=0)
[2026-04-05T15:08:08.070Z] [INFO] [REVIEW SAVED] /mnt/c/Developer/Review_AI/scraper_project/raw_data/agiz-dis-bakimi/689362884_reviews.json
[2026-04-05T15:08:08.093Z] [INFO] 
[REVIEW WORKER 7] starting agiz-dis-bakimi/620875394
[2026-04-05T15:08:08.117Z] [INFO] 
[REVIEW WORKER 5] starting agiz-dis-bakimi/566139259
[2026-04-05T15:08:08.620Z] [INFO] 
[START REVIEW] category=agiz-dis-bakimi productId=724345439 startPage=1
[2026-04-05T15:08:08.681Z] [INFO] [review agiz-dis-bakimi/541924736] page=3 +8 reviews (unique=24)
[2026-04-05T15:08:08.856Z] [INFO] [review agiz-dis-bakimi/724345439] page=1 +0 reviews (unique=0)
[2026-04-05T15:08:08.878Z] [INFO] [REVIEW SAVED] /mnt/c/Developer/Review_AI/scraper_project/raw_data/agiz-dis-bakimi/724345439_reviews.json
[2026-04-05T15:08:08.897Z] [INFO] 
[REVIEW WORKER 1] starting agiz-dis-bakimi/597300701
[2026-04-05T15:08:09.363Z] [INFO] [review agiz-dis-bakimi/541924736] page=4 +8 reviews (unique=32)
[2026-04-05T15:08:10.087Z] [INFO] [review agiz-dis-bakimi/541924736] page=5 +8 reviews (unique=40)
[2026-04-05T15:08:10.099Z] [INFO] [REVIEW PARTIAL SAVED] /mnt/c/Developer/Review_AI/scraper_project/raw_data/agiz-dis-bakimi/541924736_reviews.partial.json
[2026-04-05T15:08:10.464Z] [INFO] 
[START REVIEW] category=agiz-dis-bakimi productId=731306434 startPage=1
[2026-04-05T15:08:10.768Z] [INFO] 
[START REVIEW] category=agiz-dis-bakimi productId=606136276 startPage=1
[2026-04-05T15:08:10.863Z] [INFO] [review agiz-dis-bakimi/541924736] page=6 +5 reviews (unique=45)
[2026-04-05T15:08:10.905Z] [INFO] [REVIEW SAVED] /mnt/c/Developer/Review_AI/scraper_project/raw_data/agiz-dis-bakimi/541924736_reviews.json
[2026-04-05T15:08:10.949Z] [INFO] 
[REVIEW WORKER 6] starting agiz-dis-bakimi/569354824
[2026-04-05T15:08:11.115Z] [INFO] [review agiz-dis-bakimi/731306434] page=1 +1 reviews (unique=1)
[2026-04-05T15:08:11.186Z] [INFO] [REVIEW SAVED] /mnt/c/Developer/Review_AI/scraper_project/raw_data/agiz-dis-bakimi/731306434_reviews.json
[2026-04-05T15:08:11.242Z] [INFO] 
[REVIEW WORKER 9] starting agiz-dis-bakimi/644615563
[2026-04-05T15:08:11.419Z] [INFO] [review agiz-dis-bakimi/606136276] page=1 +8 reviews (unique=8)
[2026-04-05T15:08:11.625Z] [INFO] 
[START REVIEW] category=agiz-dis-bakimi productId=671421872 startPage=1
[2026-04-05T15:08:12.568Z] [INFO] 
[START REVIEW] category=agiz-dis-bakimi productId=718416968 startPage=1
[2026-04-05T15:08:12.659Z] [INFO] 
[START REVIEW] category=agiz-dis-bakimi productId=589603621 startPage=1
[2026-04-05T15:08:12.734Z] [INFO] 
[START REVIEW] category=agiz-dis-bakimi productId=666835999 startPage=1
[2026-04-05T15:08:13.080Z] [INFO] [review agiz-dis-bakimi/671421872] page=1 +1 reviews (unique=1)
[2026-04-05T15:08:13.104Z] [INFO] [REVIEW SAVED] /mnt/c/Developer/Review_AI/scraper_project/raw_data/agiz-dis-bakimi/671421872_reviews.json
[2026-04-05T15:08:13.133Z] [INFO] 
[REVIEW WORKER 3] starting agiz-dis-bakimi/645400434
[2026-04-05T15:08:13.250Z] [INFO] [review agiz-dis-bakimi/589603621] page=1 +8 reviews (unique=8)
[2026-04-05T15:08:13.267Z] [INFO] [review agiz-dis-bakimi/718416968] page=1 +0 reviews (unique=0)
[2026-04-05T15:08:13.304Z] [INFO] [REVIEW SAVED] /mnt/c/Developer/Review_AI/scraper_project/raw_data/agiz-dis-bakimi/718416968_reviews.json
[2026-04-05T15:08:13.314Z] [INFO] [review agiz-dis-bakimi/606136276] page=2 +1 reviews (unique=9)
[2026-04-05T15:08:13.346Z] [INFO] [REVIEW SAVED] /mnt/c/Developer/Review_AI/scraper_project/raw_data/agiz-dis-bakimi/606136276_reviews.json
[2026-04-05T15:08:13.394Z] [INFO] 
[REVIEW WORKER 4] starting agiz-dis-bakimi/685112089
[2026-04-05T15:08:13.413Z] [INFO] 
[REVIEW WORKER 2] starting agiz-dis-bakimi/737720533
[2026-04-05T15:08:13.514Z] [INFO] 
[START REVIEW] category=agiz-dis-bakimi productId=620875394 startPage=1
[2026-04-05T15:08:13.966Z] [INFO] 
[START REVIEW] category=agiz-dis-bakimi productId=566139259 startPage=1
[2026-04-05T15:08:13.989Z] [INFO] [review agiz-dis-bakimi/620875394] page=1 +1 reviews (unique=1)
[2026-04-05T15:08:14.007Z] [INFO] [REVIEW SAVED] /mnt/c/Developer/Review_AI/scraper_project/raw_data/agiz-dis-bakimi/620875394_reviews.json
[2026-04-05T15:08:14.028Z] [INFO] 
[REVIEW WORKER 7] starting agiz-dis-bakimi/723915592
[2026-04-05T15:08:14.110Z] [INFO] [review agiz-dis-bakimi/589603621] page=2 +8 reviews (unique=16)
[2026-04-05T15:08:14.144Z] [INFO] [REVIEW SAVED] /mnt/c/Developer/Review_AI/scraper_project/raw_data/agiz-dis-bakimi/589603621_reviews.json
[2026-04-05T15:08:14.222Z] [INFO] 
[REVIEW WORKER 8] starting agiz-dis-bakimi/681071688
[2026-04-05T15:08:14.301Z] [INFO] [review agiz-dis-bakimi/566139259] page=1 +7 reviews (unique=7)
[2026-04-05T15:08:14.330Z] [INFO] [REVIEW SAVED] /mnt/c/Developer/Review_AI/scraper_project/raw_data/agiz-dis-bakimi/566139259_reviews.json
[2026-04-05T15:08:14.354Z] [INFO] 
[START REVIEW] category=agiz-dis-bakimi productId=597300701 startPage=1
[2026-04-05T15:08:14.443Z] [INFO] 
[REVIEW WORKER 5] starting agiz-dis-bakimi/540231168
[2026-04-05T15:08:16.371Z] [INFO] 
[START REVIEW] category=agiz-dis-bakimi productId=569354824 startPage=1
[2026-04-05T15:08:16.456Z] [INFO] [review agiz-dis-bakimi/666835999] page=1 +3 reviews (unique=3)
[2026-04-05T15:08:16.527Z] [INFO] [REVIEW SAVED] /mnt/c/Developer/Review_AI/scraper_project/raw_data/agiz-dis-bakimi/666835999_reviews.json
[2026-04-05T15:08:16.588Z] [INFO] 
[START REVIEW] category=agiz-dis-bakimi productId=644615563 startPage=1
[2026-04-05T15:08:16.663Z] [INFO] 
[REVIEW WORKER 10] starting agiz-dis-bakimi/722374427
[2026-04-05T15:08:17.294Z] [INFO] [review agiz-dis-bakimi/597300701] page=1 +4 reviews (unique=4)
[2026-04-05T15:08:17.387Z] [INFO] [REVIEW SAVED] /mnt/c/Developer/Review_AI/scraper_project/raw_data/agiz-dis-bakimi/597300701_reviews.json
[2026-04-05T15:08:17.418Z] [INFO] [review agiz-dis-bakimi/569354824] page=1 +8 reviews (unique=8)
[2026-04-05T15:08:17.456Z] [INFO] [review agiz-dis-bakimi/644615563] page=1 +8 reviews (unique=8)
[2026-04-05T15:08:17.493Z] [INFO] 
[REVIEW WORKER 1] starting agiz-dis-bakimi/638292243
[2026-04-05T15:08:18.557Z] [INFO] [review agiz-dis-bakimi/569354824] page=2 +7 reviews (unique=15)
[2026-04-05T15:08:18.638Z] [INFO] [REVIEW SAVED] /mnt/c/Developer/Review_AI/scraper_project/raw_data/agiz-dis-bakimi/569354824_reviews.json
[2026-04-05T15:08:18.693Z] [INFO] 
[REVIEW WORKER 6] starting agiz-dis-bakimi/728678711
[2026-04-05T15:08:18.853Z] [INFO] 
[START REVIEW] category=agiz-dis-bakimi productId=645400434 startPage=1
[2026-04-05T15:08:18.879Z] [INFO] [review agiz-dis-bakimi/644615563] page=2 +1 reviews (unique=9)
[2026-04-05T15:08:18.917Z] [INFO] [REVIEW SAVED] /mnt/c/Developer/Review_AI/scraper_project/raw_data/agiz-dis-bakimi/644615563_reviews.json
[2026-04-05T15:08:18.951Z] [INFO] 
[REVIEW WORKER 9] starting agiz-dis-bakimi/315428884
[2026-04-05T15:08:19.152Z] [INFO] 
[START REVIEW] category=agiz-dis-bakimi productId=737720533 startPage=1
[2026-04-05T15:08:19.276Z] [INFO] 
[START REVIEW] category=agiz-dis-bakimi productId=685112089 startPage=1
[2026-04-05T15:08:19.642Z] [INFO] [review agiz-dis-bakimi/645400434] page=1 +8 reviews (unique=8)
[2026-04-05T15:08:19.912Z] [INFO] [review agiz-dis-bakimi/685112089] page=1 +1 reviews (unique=1)
[2026-04-05T15:08:19.940Z] [INFO] [REVIEW SAVED] /mnt/c/Developer/Review_AI/scraper_project/raw_data/agiz-dis-bakimi/685112089_reviews.json
[2026-04-05T15:08:19.962Z] [INFO] 
[REVIEW WORKER 4] starting agiz-dis-bakimi/569355026
[2026-04-05T15:08:20.127Z] [INFO] 
[START REVIEW] category=agiz-dis-bakimi productId=723915592 startPage=1
[2026-04-05T15:08:20.183Z] [INFO] [review agiz-dis-bakimi/737720533] page=1 +0 reviews (unique=0)
[2026-04-05T15:08:20.209Z] [INFO] [REVIEW SAVED] /mnt/c/Developer/Review_AI/scraper_project/raw_data/agiz-dis-bakimi/737720533_reviews.json
[2026-04-05T15:08:20.230Z] [INFO] 
[REVIEW WORKER 2] starting agiz-dis-bakimi/566464926
[2026-04-05T15:08:20.353Z] [INFO] [review agiz-dis-bakimi/645400434] page=2 +8 reviews (unique=16)
[2026-04-05T15:08:20.387Z] [INFO] [review agiz-dis-bakimi/723915592] page=1 +6 reviews (unique=6)
[2026-04-05T15:08:20.408Z] [INFO] [REVIEW SAVED] /mnt/c/Developer/Review_AI/scraper_project/raw_data/agiz-dis-bakimi/723915592_reviews.json
[2026-04-05T15:08:20.434Z] [INFO] 
[REVIEW WORKER 7] starting agiz-dis-bakimi/590967623
[2026-04-05T15:08:20.760Z] [INFO] 
[START REVIEW] category=agiz-dis-bakimi productId=540231168 startPage=1
[2026-04-05T15:08:20.771Z] [INFO] 
[START REVIEW] category=agiz-dis-bakimi productId=681071688 startPage=1
[2026-04-05T15:08:21.009Z] [INFO] [review agiz-dis-bakimi/645400434] page=3 +8 reviews (unique=24)
[2026-04-05T15:08:21.152Z] [INFO] [review agiz-dis-bakimi/540231168] page=1 +8 reviews (unique=8)
[2026-04-05T15:08:21.728Z] [INFO] [review agiz-dis-bakimi/645400434] page=4 +8 reviews (unique=32)
[2026-04-05T15:08:21.866Z] [INFO] [review agiz-dis-bakimi/540231168] page=2 +1 reviews (unique=9)
[2026-04-05T15:08:21.899Z] [INFO] [REVIEW SAVED] /mnt/c/Developer/Review_AI/scraper_project/raw_data/agiz-dis-bakimi/540231168_reviews.json
[2026-04-05T15:08:21.960Z] [INFO] 
[REVIEW WORKER 5] starting agiz-dis-bakimi/647820252
[2026-04-05T15:08:22.268Z] [INFO] 
[START REVIEW] category=agiz-dis-bakimi productId=722374427 startPage=1
[2026-04-05T15:08:22.494Z] [INFO] [review agiz-dis-bakimi/645400434] page=5 +1 reviews (unique=33)
[2026-04-05T15:08:22.512Z] [INFO] [REVIEW PARTIAL SAVED] /mnt/c/Developer/Review_AI/scraper_project/raw_data/agiz-dis-bakimi/645400434_reviews.partial.json
[2026-04-05T15:08:22.548Z] [INFO] [REVIEW SAVED] /mnt/c/Developer/Review_AI/scraper_project/raw_data/agiz-dis-bakimi/645400434_reviews.json
[2026-04-05T15:08:22.571Z] [INFO] 
[REVIEW WORKER 3] starting agiz-dis-bakimi/569478610
[2026-04-05T15:08:22.902Z] [INFO] [review agiz-dis-bakimi/722374427] page=1 +3 reviews (unique=3)
[2026-04-05T15:08:22.946Z] [INFO] [REVIEW SAVED] /mnt/c/Developer/Review_AI/scraper_project/raw_data/agiz-dis-bakimi/722374427_reviews.json
[2026-04-05T15:08:22.977Z] [INFO] 
[REVIEW WORKER 10] starting agiz-dis-bakimi/732666063
[2026-04-05T15:08:23.024Z] [INFO] 
[START REVIEW] category=agiz-dis-bakimi productId=638292243 startPage=1
[2026-04-05T15:08:23.358Z] [INFO] [review agiz-dis-bakimi/638292243] page=1 +2 reviews (unique=2)
[2026-04-05T15:08:23.397Z] [INFO] [REVIEW SAVED] /mnt/c/Developer/Review_AI/scraper_project/raw_data/agiz-dis-bakimi/638292243_reviews.json
[2026-04-05T15:08:23.439Z] [INFO] 
[REVIEW WORKER 1] starting agiz-dis-bakimi/582018420
[2026-04-05T15:08:23.961Z] [INFO] 
[START REVIEW] category=agiz-dis-bakimi productId=315428884 startPage=1
[2026-04-05T15:08:24.290Z] [INFO] [review agiz-dis-bakimi/315428884] page=1 +8 reviews (unique=8)
[2026-04-05T15:08:24.791Z] [INFO] 
[START REVIEW] category=agiz-dis-bakimi productId=569355026 startPage=1
[2026-04-05T15:08:25.316Z] [INFO] 
[START REVIEW] category=agiz-dis-bakimi productId=590967623 startPage=1
[2026-04-05T15:08:25.407Z] [INFO] 
[START REVIEW] category=agiz-dis-bakimi productId=566464926 startPage=1
[2026-04-05T15:08:25.466Z] [INFO] [review agiz-dis-bakimi/315428884] page=2 +8 reviews (unique=16)
[2026-04-05T15:08:25.506Z] [INFO] [review agiz-dis-bakimi/569355026] page=1 +8 reviews (unique=8)
[2026-04-05T15:08:25.619Z] [INFO] [review agiz-dis-bakimi/681071688] page=1 +0 reviews (unique=0)
[2026-04-05T15:08:25.693Z] [INFO] [REVIEW SAVED] /mnt/c/Developer/Review_AI/scraper_project/raw_data/agiz-dis-bakimi/681071688_reviews.json
[2026-04-05T15:08:25.776Z] [INFO] 
[REVIEW WORKER 8] starting agiz-dis-bakimi/723615428
[2026-04-05T15:08:25.964Z] [INFO] [review agiz-dis-bakimi/566464926] page=1 +2 reviews (unique=2)
[2026-04-05T15:08:26.125Z] [INFO] [REVIEW SAVED] /mnt/c/Developer/Review_AI/scraper_project/raw_data/agiz-dis-bakimi/566464926_reviews.json
[2026-04-05T15:08:26.213Z] [INFO] [review agiz-dis-bakimi/590967623] page=1 +5 reviews (unique=5)
[2026-04-05T15:08:26.429Z] [INFO] [REVIEW SAVED] /mnt/c/Developer/Review_AI/scraper_project/raw_data/agiz-dis-bakimi/590967623_reviews.json
[2026-04-05T15:08:26.543Z] [INFO] 
[REVIEW WORKER 2] starting agiz-dis-bakimi/718787440
[2026-04-05T15:08:26.577Z] [INFO] [review agiz-dis-bakimi/315428884] page=3 +8 reviews (unique=24)
[2026-04-05T15:08:26.663Z] [INFO] 
[REVIEW WORKER 7] starting agiz-dis-bakimi/718556563
[2026-04-05T15:08:27.291Z] [INFO] [review agiz-dis-bakimi/569355026] page=2 +7 reviews (unique=15)
[2026-04-05T15:08:27.339Z] [INFO] [REVIEW SAVED] /mnt/c/Developer/Review_AI/scraper_project/raw_data/agiz-dis-bakimi/569355026_reviews.json
[2026-04-05T15:08:27.348Z] [INFO] [review agiz-dis-bakimi/315428884] page=4 +8 reviews (unique=32)
[2026-04-05T15:08:27.398Z] [INFO] 
[REVIEW WORKER 4] starting agiz-dis-bakimi/724337061
[2026-04-05T15:08:27.702Z] [INFO] 
[START REVIEW] category=agiz-dis-bakimi productId=647820252 startPage=1
[2026-04-05T15:08:28.090Z] [INFO] [review agiz-dis-bakimi/315428884] page=5 +8 reviews (unique=40)
[2026-04-05T15:08:28.111Z] [INFO] [REVIEW PARTIAL SAVED] /mnt/c/Developer/Review_AI/scraper_project/raw_data/agiz-dis-bakimi/315428884_reviews.partial.json
[2026-04-05T15:08:28.183Z] [INFO] 
[START REVIEW] category=agiz-dis-bakimi productId=569478610 startPage=1
[2026-04-05T15:08:28.478Z] [INFO] [review agiz-dis-bakimi/569478610] page=1 +6 reviews (unique=6)
[2026-04-05T15:08:29.692Z] [INFO] [REVIEW SAVED] /mnt/c/Developer/Review_AI/scraper_project/raw_data/agiz-dis-bakimi/569478610_reviews.json
[2026-04-05T15:08:29.721Z] [INFO] 
[REVIEW WORKER 3] starting agiz-dis-bakimi/648914023
[2026-04-05T15:08:29.893Z] [INFO] 
[START REVIEW] category=agiz-dis-bakimi productId=582018420 startPage=1
[2026-04-05T15:08:30.103Z] [INFO] [review agiz-dis-bakimi/315428884] page=6 +8 reviews (unique=48)
[2026-04-05T15:08:30.144Z] [INFO] [review agiz-dis-bakimi/647820252] page=1 +3 reviews (unique=3)
[2026-04-05T15:08:30.184Z] [INFO] [REVIEW SAVED] /mnt/c/Developer/Review_AI/scraper_project/raw_data/agiz-dis-bakimi/647820252_reviews.json
[2026-04-05T15:08:30.236Z] [INFO] 
[START REVIEW] category=agiz-dis-bakimi productId=728678711 startPage=1
[2026-04-05T15:08:30.250Z] [INFO] 
[REVIEW WORKER 5] starting agiz-dis-bakimi/686230538
[2026-04-05T15:08:30.537Z] [INFO] [review agiz-dis-bakimi/582018420] page=1 +0 reviews (unique=0)
[2026-04-05T15:08:30.587Z] [INFO] [REVIEW SAVED] /mnt/c/Developer/Review_AI/scraper_project/raw_data/agiz-dis-bakimi/582018420_reviews.json
[2026-04-05T15:08:30.627Z] [INFO] 
[START REVIEW] category=agiz-dis-bakimi productId=732666063 startPage=1
[2026-04-05T15:08:30.677Z] [INFO] 
[REVIEW WORKER 1] starting agiz-dis-bakimi/687061373
[2026-04-05T15:08:30.813Z] [INFO] [review agiz-dis-bakimi/728678711] page=1 +0 reviews (unique=0)
[2026-04-05T15:08:30.863Z] [INFO] [REVIEW SAVED] /mnt/c/Developer/Review_AI/scraper_project/raw_data/agiz-dis-bakimi/728678711_reviews.json
[2026-04-05T15:08:30.916Z] [INFO] 
[REVIEW WORKER 6] starting agiz-dis-bakimi/727909655
[2026-04-05T15:08:30.927Z] [INFO] [review agiz-dis-bakimi/315428884] page=7 +8 reviews (unique=56)
[2026-04-05T15:08:31.013Z] [INFO] [REVIEW SAVED] /mnt/c/Developer/Review_AI/scraper_project/raw_data/agiz-dis-bakimi/315428884_reviews.json
[2026-04-05T15:08:31.037Z] [INFO] [review agiz-dis-bakimi/732666063] page=1 +0 reviews (unique=0)
[2026-04-05T15:08:31.091Z] [INFO] [REVIEW SAVED] /mnt/c/Developer/Review_AI/scraper_project/raw_data/agiz-dis-bakimi/732666063_reviews.json
[2026-04-05T15:08:31.147Z] [INFO] 
[REVIEW WORKER 10] starting agiz-dis-bakimi/730272465
[2026-04-05T15:08:31.180Z] [INFO] 
[REVIEW WORKER 9] starting agiz-dis-bakimi/724798501
[2026-04-05T15:08:32.345Z] [INFO] 
[START REVIEW] category=agiz-dis-bakimi productId=723615428 startPage=1
[2026-04-05T15:08:32.800Z] [INFO] [review agiz-dis-bakimi/723615428] page=1 +8 reviews (unique=8)
[2026-04-05T15:08:32.824Z] [INFO] [REVIEW SAVED] /mnt/c/Developer/Review_AI/scraper_project/raw_data/agiz-dis-bakimi/723615428_reviews.json
[2026-04-05T15:08:32.837Z] [INFO] 
[START REVIEW] category=agiz-dis-bakimi productId=718556563 startPage=1
[2026-04-05T15:08:32.873Z] [INFO] 
[REVIEW WORKER 8] starting agiz-dis-bakimi/451097748
[2026-04-05T15:08:33.169Z] [INFO] [review agiz-dis-bakimi/718556563] page=1 +3 reviews (unique=3)
[2026-04-05T15:08:33.207Z] [INFO] [REVIEW SAVED] /mnt/c/Developer/Review_AI/scraper_project/raw_data/agiz-dis-bakimi/718556563_reviews.json
[2026-04-05T15:08:33.252Z] [INFO] 
[REVIEW WORKER 7] starting agiz-dis-bakimi/736443570
[2026-04-05T15:08:33.485Z] [INFO] 
[START REVIEW] category=agiz-dis-bakimi productId=718787440 startPage=1
[2026-04-05T15:08:33.724Z] [INFO] [review agiz-dis-bakimi/718787440] page=1 +0 reviews (unique=0)
[2026-04-05T15:08:33.747Z] [INFO] [REVIEW SAVED] /mnt/c/Developer/Review_AI/scraper_project/raw_data/agiz-dis-bakimi/718787440_reviews.json
[2026-04-05T15:08:33.763Z] [INFO] 
[START REVIEW] category=agiz-dis-bakimi productId=724337061 startPage=1
[2026-04-05T15:08:33.780Z] [INFO] 
[REVIEW WORKER 2] starting agiz-dis-bakimi/731166028
[2026-04-05T15:08:34.223Z] [INFO] [review agiz-dis-bakimi/724337061] page=1 +0 reviews (unique=0)
[2026-04-05T15:08:34.271Z] [INFO] [REVIEW SAVED] /mnt/c/Developer/Review_AI/scraper_project/raw_data/agiz-dis-bakimi/724337061_reviews.json
[2026-04-05T15:08:34.317Z] [INFO] 
[REVIEW WORKER 4] starting agiz-dis-bakimi/724810186
[2026-04-05T15:08:34.572Z] [INFO] 
[START REVIEW] category=agiz-dis-bakimi productId=648914023 startPage=1
[2026-04-05T15:08:35.185Z] [INFO] 
[START REVIEW] category=agiz-dis-bakimi productId=686230538 startPage=1
[2026-04-05T15:08:35.258Z] [INFO] [review agiz-dis-bakimi/648914023] page=1 +6 reviews (unique=6)
[2026-04-05T15:08:35.343Z] [INFO] [REVIEW SAVED] /mnt/c/Developer/Review_AI/scraper_project/raw_data/agiz-dis-bakimi/648914023_reviews.json
[2026-04-05T15:08:35.469Z] [INFO] 
[REVIEW WORKER 3] starting agiz-dis-bakimi/523347531
[2026-04-05T15:08:35.672Z] [INFO] 
[START REVIEW] category=agiz-dis-bakimi productId=687061373 startPage=1
[2026-04-05T15:08:35.709Z] [INFO] [review agiz-dis-bakimi/686230538] page=1 +0 reviews (unique=0)
[2026-04-05T15:08:36.100Z] [INFO] [REVIEW SAVED] /mnt/c/Developer/Review_AI/scraper_project/raw_data/agiz-dis-bakimi/686230538_reviews.json
[2026-04-05T15:08:36.297Z] [INFO] 
[REVIEW WORKER 5] starting agiz-dis-bakimi/735961729
[2026-04-05T15:08:36.386Z] [INFO] 
[START REVIEW] category=agiz-dis-bakimi productId=730272465 startPage=1
[2026-04-05T15:08:36.647Z] [INFO] [review agiz-dis-bakimi/687061373] page=1 +0 reviews (unique=0)
[2026-04-05T15:08:36.679Z] [INFO] [REVIEW SAVED] /mnt/c/Developer/Review_AI/scraper_project/raw_data/agiz-dis-bakimi/687061373_reviews.json
[2026-04-05T15:08:36.698Z] [INFO] 
[START REVIEW] category=agiz-dis-bakimi productId=727909655 startPage=1
[2026-04-05T15:08:36.728Z] [INFO] 
[REVIEW WORKER 1] starting agiz-dis-bakimi/719036379
[2026-04-05T15:08:36.848Z] [INFO] [review agiz-dis-bakimi/730272465] page=1 +0 reviews (unique=0)
[2026-04-05T15:08:36.896Z] [INFO] [REVIEW SAVED] /mnt/c/Developer/Review_AI/scraper_project/raw_data/agiz-dis-bakimi/730272465_reviews.json
[2026-04-05T15:08:36.915Z] [INFO] 
[START REVIEW] category=agiz-dis-bakimi productId=724798501 startPage=1
[2026-04-05T15:08:36.959Z] [INFO] 
[REVIEW WORKER 10] starting agiz-dis-bakimi/648874350
[2026-04-05T15:08:37.277Z] [INFO] [review agiz-dis-bakimi/724798501] page=1 +0 reviews (unique=0)
[2026-04-05T15:08:37.301Z] [INFO] [REVIEW SAVED] /mnt/c/Developer/Review_AI/scraper_project/raw_data/agiz-dis-bakimi/724798501_reviews.json
[2026-04-05T15:08:37.337Z] [INFO] 
[REVIEW WORKER 9] starting agiz-dis-bakimi/642457384
[2026-04-05T15:08:37.482Z] [INFO] [review agiz-dis-bakimi/727909655] page=1 +1 reviews (unique=1)
[2026-04-05T15:08:37.502Z] [INFO] [REVIEW SAVED] /mnt/c/Developer/Review_AI/scraper_project/raw_data/agiz-dis-bakimi/727909655_reviews.json
[2026-04-05T15:08:37.544Z] [INFO] 
[REVIEW WORKER 6] starting agiz-dis-bakimi/582019893
[2026-04-05T15:08:37.975Z] [INFO] 
[START REVIEW] category=agiz-dis-bakimi productId=451097748 startPage=1
[2026-04-05T15:08:38.645Z] [INFO] 
[START REVIEW] category=agiz-dis-bakimi productId=736443570 startPage=1
[2026-04-05T15:08:39.063Z] [INFO] [review agiz-dis-bakimi/736443570] page=1 +8 reviews (unique=8)
[2026-04-05T15:08:39.196Z] [INFO] 
[START REVIEW] category=agiz-dis-bakimi productId=724810186 startPage=1
[2026-04-05T15:08:39.648Z] [INFO] [review agiz-dis-bakimi/724810186] page=1 +1 reviews (unique=1)
[2026-04-05T15:08:39.770Z] [INFO] [REVIEW SAVED] /mnt/c/Developer/Review_AI/scraper_project/raw_data/agiz-dis-bakimi/724810186_reviews.json
[2026-04-05T15:08:39.920Z] [INFO] 
[REVIEW WORKER 4] starting agiz-dis-bakimi/551243537
[2026-04-05T15:08:40.412Z] [INFO] [review agiz-dis-bakimi/736443570] page=2 +3 reviews (unique=11)
[2026-04-05T15:08:40.559Z] [INFO] [REVIEW SAVED] /mnt/c/Developer/Review_AI/scraper_project/raw_data/agiz-dis-bakimi/736443570_reviews.json
[2026-04-05T15:08:40.588Z] [INFO] 
[START REVIEW] category=agiz-dis-bakimi productId=523347531 startPage=1
[2026-04-05T15:08:40.669Z] [INFO] 
[REVIEW WORKER 7] starting agiz-dis-bakimi/676597662
[2026-04-05T15:08:40.738Z] [INFO] 
[START REVIEW] category=agiz-dis-bakimi productId=735961729 startPage=1
[2026-04-05T15:08:41.102Z] [INFO] [review agiz-dis-bakimi/523347531] page=1 +8 reviews (unique=8)
[2026-04-05T15:08:41.245Z] [INFO] [review agiz-dis-bakimi/735961729] page=1 +1 reviews (unique=1)
[2026-04-05T15:08:41.272Z] [INFO] [REVIEW SAVED] /mnt/c/Developer/Review_AI/scraper_project/raw_data/agiz-dis-bakimi/735961729_reviews.json
[2026-04-05T15:08:41.305Z] [INFO] 
[REVIEW WORKER 5] starting agiz-dis-bakimi/652040439
[2026-04-05T15:08:41.734Z] [INFO] [review agiz-dis-bakimi/523347531] page=2 +8 reviews (unique=16)
[2026-04-05T15:08:42.189Z] [INFO] 
[START REVIEW] category=agiz-dis-bakimi productId=648874350 startPage=1
[2026-04-05T15:08:42.199Z] [INFO] 
[START REVIEW] category=agiz-dis-bakimi productId=719036379 startPage=1
[2026-04-05T15:08:42.387Z] [INFO] [review agiz-dis-bakimi/523347531] page=3 +8 reviews (unique=24)
[2026-04-05T15:08:42.489Z] [INFO] [review agiz-dis-bakimi/451097748] page=1 +8 reviews (unique=8)
[2026-04-05T15:08:42.512Z] [INFO] [review agiz-dis-bakimi/648874350] page=1 +8 reviews (unique=8)
[2026-04-05T15:08:42.559Z] [INFO] [REVIEW SAVED] /mnt/c/Developer/Review_AI/scraper_project/raw_data/agiz-dis-bakimi/648874350_reviews.json
[2026-04-05T15:08:42.700Z] [INFO] 
[START REVIEW] category=agiz-dis-bakimi productId=582019893 startPage=1
[2026-04-05T15:08:42.724Z] [INFO] [review agiz-dis-bakimi/719036379] page=1 +1 reviews (unique=1)
[2026-04-05T15:08:42.794Z] [INFO] [REVIEW SAVED] /mnt/c/Developer/Review_AI/scraper_project/raw_data/agiz-dis-bakimi/719036379_reviews.json
[2026-04-05T15:08:42.812Z] [INFO] 
[START REVIEW] category=agiz-dis-bakimi productId=642457384 startPage=1
[2026-04-05T15:08:42.837Z] [INFO] 
[REVIEW WORKER 10] starting agiz-dis-bakimi/566461224
[2026-04-05T15:08:42.888Z] [INFO] 
[REVIEW WORKER 1] starting agiz-dis-bakimi/736238061
[2026-04-05T15:08:43.213Z] [INFO] [review agiz-dis-bakimi/582019893] page=1 +2 reviews (unique=2)
[2026-04-05T15:08:43.326Z] [INFO] [REVIEW SAVED] /mnt/c/Developer/Review_AI/scraper_project/raw_data/agiz-dis-bakimi/582019893_reviews.json
[2026-04-05T15:08:43.339Z] [INFO] [review agiz-dis-bakimi/523347531] page=4 +8 reviews (unique=32)
[2026-04-05T15:08:43.375Z] [INFO] [review agiz-dis-bakimi/451097748] page=2 +8 reviews (unique=16)
[2026-04-05T15:08:43.438Z] [INFO] 
[REVIEW WORKER 6] starting agiz-dis-bakimi/725402024
[2026-04-05T15:08:43.487Z] [INFO] [review agiz-dis-bakimi/642457384] page=1 +0 reviews (unique=0)
[2026-04-05T15:08:43.612Z] [INFO] [REVIEW SAVED] /mnt/c/Developer/Review_AI/scraper_project/raw_data/agiz-dis-bakimi/642457384_reviews.json
[2026-04-05T15:08:43.691Z] [INFO] 
[REVIEW WORKER 9] starting agiz-dis-bakimi/674893710
[2026-04-05T15:08:44.283Z] [INFO] 
[START REVIEW] category=agiz-dis-bakimi productId=731166028 startPage=1
[2026-04-05T15:08:44.474Z] [INFO] [review agiz-dis-bakimi/451097748] page=3 +2 reviews (unique=18)
[2026-04-05T15:08:44.578Z] [INFO] [REVIEW SAVED] /mnt/c/Developer/Review_AI/scraper_project/raw_data/agiz-dis-bakimi/451097748_reviews.json
[2026-04-05T15:08:44.622Z] [INFO] 
[REVIEW WORKER 8] starting agiz-dis-bakimi/734080116
[2026-04-05T15:08:44.669Z] [INFO] [review agiz-dis-bakimi/523347531] page=5 +8 reviews (unique=40)
[2026-04-05T15:08:44.692Z] [INFO] [REVIEW PARTIAL SAVED] /mnt/c/Developer/Review_AI/scraper_project/raw_data/agiz-dis-bakimi/523347531_reviews.partial.json
[2026-04-05T15:08:44.864Z] [INFO] [review agiz-dis-bakimi/731166028] page=1 +0 reviews (unique=0)
[2026-04-05T15:08:44.887Z] [INFO] [REVIEW SAVED] /mnt/c/Developer/Review_AI/scraper_project/raw_data/agiz-dis-bakimi/731166028_reviews.json
[2026-04-05T15:08:44.912Z] [INFO] 
[REVIEW WORKER 2] starting agiz-dis-bakimi/693417057
[2026-04-05T15:08:45.360Z] [INFO] [review agiz-dis-bakimi/523347531] page=6 +8 reviews (unique=48)
[2026-04-05T15:08:46.050Z] [INFO] 
[START REVIEW] category=agiz-dis-bakimi productId=676597662 startPage=1
[2026-04-05T15:08:46.113Z] [INFO] [review agiz-dis-bakimi/523347531] page=7 +8 reviews (unique=56)
[2026-04-05T15:08:46.370Z] [INFO] [review agiz-dis-bakimi/676597662] page=1 +1 reviews (unique=1)
[2026-04-05T15:08:46.403Z] [INFO] [REVIEW SAVED] /mnt/c/Developer/Review_AI/scraper_project/raw_data/agiz-dis-bakimi/676597662_reviews.json
[2026-04-05T15:08:46.428Z] [INFO] 
[START REVIEW] category=agiz-dis-bakimi productId=652040439 startPage=1
[2026-04-05T15:08:46.485Z] [INFO] 
[REVIEW WORKER 7] starting agiz-dis-bakimi/722267898
[2026-04-05T15:08:46.898Z] [INFO] [review agiz-dis-bakimi/523347531] page=8 +8 reviews (unique=64)
[2026-04-05T15:08:46.971Z] [INFO] 
[START REVIEW] category=agiz-dis-bakimi productId=551243537 startPage=1
[2026-04-05T15:08:47.117Z] [INFO] [review agiz-dis-bakimi/652040439] page=1 +8 reviews (unique=8)
[2026-04-05T15:08:47.175Z] [INFO] [REVIEW SAVED] /mnt/c/Developer/Review_AI/scraper_project/raw_data/agiz-dis-bakimi/652040439_reviews.json
[2026-04-05T15:08:47.220Z] [INFO] 
[REVIEW WORKER 5] starting agiz-dis-bakimi/190397217
[2026-04-05T15:08:47.513Z] [INFO] [review agiz-dis-bakimi/551243537] page=1 +0 reviews (unique=0)
[2026-04-05T15:08:47.681Z] [INFO] [REVIEW SAVED] /mnt/c/Developer/Review_AI/scraper_project/raw_data/agiz-dis-bakimi/551243537_reviews.json
[2026-04-05T15:08:47.747Z] [INFO] 
[START REVIEW] category=agiz-dis-bakimi productId=736238061 startPage=1
[2026-04-05T15:08:47.886Z] [INFO] 
[START REVIEW] category=agiz-dis-bakimi productId=566461224 startPage=1
[2026-04-05T15:08:47.981Z] [INFO] [review agiz-dis-bakimi/523347531] page=9 +8 reviews (unique=72)
[2026-04-05T15:08:48.051Z] [INFO] 
[REVIEW WORKER 4] starting agiz-dis-bakimi/723914876
[2026-04-05T15:08:48.717Z] [INFO] [review agiz-dis-bakimi/523347531] page=10 +8 reviews (unique=80)
[2026-04-05T15:08:48.744Z] [INFO] [REVIEW PARTIAL SAVED] /mnt/c/Developer/Review_AI/scraper_project/raw_data/agiz-dis-bakimi/523347531_reviews.partial.json
[2026-04-05T15:08:48.818Z] [INFO] [review agiz-dis-bakimi/566461224] page=1 +0 reviews (unique=0)
[2026-04-05T15:08:48.861Z] [INFO] [REVIEW SAVED] /mnt/c/Developer/Review_AI/scraper_project/raw_data/agiz-dis-bakimi/566461224_reviews.json
[2026-04-05T15:08:48.893Z] [INFO] 
[REVIEW WORKER 10] starting agiz-dis-bakimi/716990246
[2026-04-05T15:08:49.349Z] [INFO] 
[START REVIEW] category=agiz-dis-bakimi productId=725402024 startPage=1
[2026-04-05T15:08:49.440Z] [INFO] [review agiz-dis-bakimi/523347531] page=11 +8 reviews (unique=88)
[2026-04-05T15:08:49.604Z] [INFO] 
[START REVIEW] category=agiz-dis-bakimi productId=674893710 startPage=1
[2026-04-05T15:08:49.611Z] [INFO] [review agiz-dis-bakimi/725402024] page=1 +0 reviews (unique=0)
[2026-04-05T15:08:49.642Z] [INFO] [REVIEW SAVED] /mnt/c/Developer/Review_AI/scraper_project/raw_data/agiz-dis-bakimi/725402024_reviews.json
[2026-04-05T15:08:49.669Z] [INFO] 
[REVIEW WORKER 6] starting agiz-dis-bakimi/315389495
[2026-04-05T15:08:50.118Z] [INFO] [review agiz-dis-bakimi/674893710] page=1 +8 reviews (unique=8)
[2026-04-05T15:08:50.164Z] [INFO] [review agiz-dis-bakimi/523347531] page=12 +8 reviews (unique=96)
[2026-04-05T15:08:50.233Z] [INFO] 
[START REVIEW] category=agiz-dis-bakimi productId=693417057 startPage=1
[2026-04-05T15:08:50.509Z] [INFO] [review agiz-dis-bakimi/693417057] page=1 +0 reviews (unique=0)
[2026-04-05T15:08:50.532Z] [INFO] [REVIEW SAVED] /mnt/c/Developer/Review_AI/scraper_project/raw_data/agiz-dis-bakimi/693417057_reviews.json
[2026-04-05T15:08:50.578Z] [INFO] 
[REVIEW WORKER 2] starting agiz-dis-bakimi/731164105
[2026-04-05T15:08:50.878Z] [INFO] [review agiz-dis-bakimi/674893710] page=2 +6 reviews (unique=14)
[2026-04-05T15:08:50.954Z] [INFO] [REVIEW SAVED] /mnt/c/Developer/Review_AI/scraper_project/raw_data/agiz-dis-bakimi/674893710_reviews.json
[2026-04-05T15:08:50.986Z] [INFO] [review agiz-dis-bakimi/523347531] page=13 +8 reviews (unique=104)
[2026-04-05T15:08:51.041Z] [INFO] 
[REVIEW WORKER 9] starting agiz-dis-bakimi/526924727
[2026-04-05T15:08:51.710Z] [INFO] [review agiz-dis-bakimi/523347531] page=14 +8 reviews (unique=112)
[2026-04-05T15:08:51.756Z] [INFO] 
[START REVIEW] category=agiz-dis-bakimi productId=722267898 startPage=1
[2026-04-05T15:08:52.423Z] [INFO] 
[START REVIEW] category=agiz-dis-bakimi productId=190397217 startPage=1
[2026-04-05T15:08:52.828Z] [INFO] 
[START REVIEW] category=agiz-dis-bakimi productId=734080116 startPage=1
[2026-04-05T15:08:52.932Z] [INFO] [review agiz-dis-bakimi/722267898] page=1 +8 reviews (unique=8)
[2026-04-05T15:08:52.958Z] [INFO] [REVIEW SAVED] /mnt/c/Developer/Review_AI/scraper_project/raw_data/agiz-dis-bakimi/722267898_reviews.json
[2026-04-05T15:08:52.969Z] [INFO] [review agiz-dis-bakimi/736238061] page=1 +8 reviews (unique=8)
[2026-04-05T15:08:52.997Z] [INFO] 
[REVIEW WORKER 7] starting agiz-dis-bakimi/708765918
[2026-04-05T15:08:53.148Z] [INFO] [review agiz-dis-bakimi/523347531] page=15 +8 reviews (unique=120)
[2026-04-05T15:08:53.165Z] [INFO] [REVIEW PARTIAL SAVED] /mnt/c/Developer/Review_AI/scraper_project/raw_data/agiz-dis-bakimi/523347531_reviews.partial.json
[2026-04-05T15:08:53.311Z] [INFO] [review agiz-dis-bakimi/190397217] page=1 +8 reviews (unique=8)
[2026-04-05T15:08:53.625Z] [INFO] [review agiz-dis-bakimi/734080116] page=1 +0 reviews (unique=0)
[2026-04-05T15:08:53.646Z] [INFO] [REVIEW SAVED] /mnt/c/Developer/Review_AI/scraper_project/raw_data/agiz-dis-bakimi/734080116_reviews.json
[2026-04-05T15:08:53.665Z] [INFO] 
[REVIEW WORKER 8] starting agiz-dis-bakimi/685477819
[2026-04-05T15:08:53.749Z] [INFO] [review agiz-dis-bakimi/736238061] page=2 +2 reviews (unique=10)
[2026-04-05T15:08:53.819Z] [INFO] [REVIEW SAVED] /mnt/c/Developer/Review_AI/scraper_project/raw_data/agiz-dis-bakimi/736238061_reviews.json
[2026-04-05T15:08:53.856Z] [INFO] 
[REVIEW WORKER 1] starting agiz-dis-bakimi/582096656
[2026-04-05T15:08:53.887Z] [INFO] [review agiz-dis-bakimi/523347531] page=16 +8 reviews (unique=128)
[2026-04-05T15:08:54.066Z] [INFO] [review agiz-dis-bakimi/190397217] page=2 +3 reviews (unique=11)
[2026-04-05T15:08:54.092Z] [INFO] [REVIEW SAVED] /mnt/c/Developer/Review_AI/scraper_project/raw_data/agiz-dis-bakimi/190397217_reviews.json
[2026-04-05T15:08:54.118Z] [INFO] 
[REVIEW WORKER 5] starting agiz-dis-bakimi/700160893
[2026-04-05T15:08:54.336Z] [INFO] 
[START REVIEW] category=agiz-dis-bakimi productId=723914876 startPage=1
[2026-04-05T15:08:54.354Z] [INFO] 
[START REVIEW] category=agiz-dis-bakimi productId=716990246 startPage=1
[2026-04-05T15:08:54.529Z] [INFO] [review agiz-dis-bakimi/523347531] page=17 +8 reviews (unique=136)
[2026-04-05T15:08:54.591Z] [INFO] [review agiz-dis-bakimi/723914876] page=1 +0 reviews (unique=0)
[2026-04-05T15:08:54.606Z] [INFO] [REVIEW SAVED] /mnt/c/Developer/Review_AI/scraper_project/raw_data/agiz-dis-bakimi/723914876_reviews.json
[2026-04-05T15:08:54.626Z] [INFO] 
[REVIEW WORKER 4] starting agiz-dis-bakimi/724124719
[2026-04-05T15:08:54.631Z] [INFO] [review agiz-dis-bakimi/716990246] page=1 +0 reviews (unique=0)
[2026-04-05T15:08:54.651Z] [INFO] [REVIEW SAVED] /mnt/c/Developer/Review_AI/scraper_project/raw_data/agiz-dis-bakimi/716990246_reviews.json
[2026-04-05T15:08:54.677Z] [INFO] 
[REVIEW WORKER 10] starting agiz-dis-bakimi/645392849
[2026-04-05T15:08:55.221Z] [INFO] [review agiz-dis-bakimi/523347531] page=18 +8 reviews (unique=144)
[2026-04-05T15:08:55.519Z] [INFO] 
[START REVIEW] category=agiz-dis-bakimi productId=315389495 startPage=1
[2026-04-05T15:08:55.793Z] [INFO] [review agiz-dis-bakimi/315389495] page=1 +6 reviews (unique=6)
[2026-04-05T15:08:55.855Z] [INFO] [REVIEW SAVED] /mnt/c/Developer/Review_AI/scraper_project/raw_data/agiz-dis-bakimi/315389495_reviews.json
[2026-04-05T15:08:55.907Z] [INFO] 
[REVIEW WORKER 6] starting agiz-dis-bakimi/713112998
[2026-04-05T15:08:55.970Z] [INFO] [review agiz-dis-bakimi/523347531] page=19 +8 reviews (unique=152)
[2026-04-05T15:08:56.570Z] [INFO] 
[START REVIEW] category=agiz-dis-bakimi productId=526924727 startPage=1
[2026-04-05T15:08:56.703Z] [INFO] 
[START REVIEW] category=agiz-dis-bakimi productId=731164105 startPage=1
[2026-04-05T15:08:56.969Z] [INFO] [review agiz-dis-bakimi/523347531] page=20 +8 reviews (unique=160)
[2026-04-05T15:08:57.068Z] [INFO] [REVIEW PARTIAL SAVED] /mnt/c/Developer/Review_AI/scraper_project/raw_data/agiz-dis-bakimi/523347531_reviews.partial.json
[2026-04-05T15:08:57.651Z] [INFO] [review agiz-dis-bakimi/526924727] page=1 +7 reviews (unique=7)
[2026-04-05T15:08:57.709Z] [INFO] [REVIEW SAVED] /mnt/c/Developer/Review_AI/scraper_project/raw_data/agiz-dis-bakimi/526924727_reviews.json
[2026-04-05T15:08:57.722Z] [INFO] [review agiz-dis-bakimi/731164105] page=1 +0 reviews (unique=0)
[2026-04-05T15:08:57.786Z] [INFO] [REVIEW SAVED] /mnt/c/Developer/Review_AI/scraper_project/raw_data/agiz-dis-bakimi/731164105_reviews.json
[2026-04-05T15:08:57.815Z] [INFO] [review agiz-dis-bakimi/523347531] page=21 +8 reviews (unique=168)
[2026-04-05T15:08:57.843Z] [INFO] 
[REVIEW WORKER 9] starting agiz-dis-bakimi/642369422
[2026-04-05T15:08:57.880Z] [INFO] 
[REVIEW WORKER 2] starting agiz-dis-bakimi/535631946
[2026-04-05T15:08:58.514Z] [INFO] [review agiz-dis-bakimi/523347531] page=22 +8 reviews (unique=176)
[2026-04-05T15:08:58.693Z] [INFO] 
[START REVIEW] category=agiz-dis-bakimi productId=685477819 startPage=1
[2026-04-05T15:08:58.705Z] [INFO] 
[START REVIEW] category=agiz-dis-bakimi productId=708765918 startPage=1
[2026-04-05T15:08:59.087Z] [INFO] [review agiz-dis-bakimi/708765918] page=1 +0 reviews (unique=0)
[2026-04-05T15:08:59.134Z] [INFO] [REVIEW SAVED] /mnt/c/Developer/Review_AI/scraper_project/raw_data/agiz-dis-bakimi/708765918_reviews.json
[2026-04-05T15:08:59.147Z] [INFO] 
[START REVIEW] category=agiz-dis-bakimi productId=700160893 startPage=1
[2026-04-05T15:08:59.165Z] [INFO] 
[START REVIEW] category=agiz-dis-bakimi productId=582096656 startPage=1
[2026-04-05T15:08:59.187Z] [INFO] [review agiz-dis-bakimi/685477819] page=1 +4 reviews (unique=4)
[2026-04-05T15:08:59.210Z] [INFO] [REVIEW SAVED] /mnt/c/Developer/Review_AI/scraper_project/raw_data/agiz-dis-bakimi/685477819_reviews.json
[2026-04-05T15:08:59.231Z] [INFO] 
[REVIEW WORKER 7] starting agiz-dis-bakimi/661696315
[2026-04-05T15:08:59.249Z] [INFO] 
[REVIEW WORKER 8] starting agiz-dis-bakimi/724332897
[2026-04-05T15:08:59.434Z] [INFO] [review agiz-dis-bakimi/523347531] page=23 +8 reviews (unique=184)
[2026-04-05T15:08:59.482Z] [INFO] [review agiz-dis-bakimi/700160893] page=1 +0 reviews (unique=0)
[2026-04-05T15:08:59.510Z] [INFO] [REVIEW SAVED] /mnt/c/Developer/Review_AI/scraper_project/raw_data/agiz-dis-bakimi/700160893_reviews.json
[2026-04-05T15:08:59.591Z] [INFO] 
[REVIEW WORKER 5] starting agiz-dis-bakimi/730043404
[2026-04-05T15:08:59.608Z] [INFO] [review agiz-dis-bakimi/582096656] page=1 +7 reviews (unique=7)
[2026-04-05T15:08:59.641Z] [INFO] [REVIEW SAVED] /mnt/c/Developer/Review_AI/scraper_project/raw_data/agiz-dis-bakimi/582096656_reviews.json
[2026-04-05T15:08:59.663Z] [INFO] 
[START REVIEW] category=agiz-dis-bakimi productId=645392849 startPage=1
[2026-04-05T15:08:59.675Z] [INFO] 
[START REVIEW] category=agiz-dis-bakimi productId=724124719 startPage=1
[2026-04-05T15:08:59.718Z] [INFO] 
[REVIEW WORKER 1] starting agiz-dis-bakimi/315526076
[2026-04-05T15:09:00.203Z] [INFO] [review agiz-dis-bakimi/523347531] page=24 +8 reviews (unique=192)
[2026-04-05T15:09:00.216Z] [INFO] [review agiz-dis-bakimi/724124719] page=1 +0 reviews (unique=0)
[2026-04-05T15:09:00.241Z] [INFO] [REVIEW SAVED] /mnt/c/Developer/Review_AI/scraper_project/raw_data/agiz-dis-bakimi/724124719_reviews.json
[2026-04-05T15:09:00.274Z] [INFO] 
[REVIEW WORKER 4] starting agiz-dis-bakimi/684529055
[2026-04-05T15:09:00.297Z] [INFO] [review agiz-dis-bakimi/645392849] page=1 +8 reviews (unique=8)
[2026-04-05T15:09:00.318Z] [INFO] [REVIEW SAVED] /mnt/c/Developer/Review_AI/scraper_project/raw_data/agiz-dis-bakimi/645392849_reviews.json
[2026-04-05T15:09:00.350Z] [INFO] 
[REVIEW WORKER 10] starting agiz-dis-bakimi/541818393
[2026-04-05T15:09:00.657Z] [INFO] 
[START REVIEW] category=agiz-dis-bakimi productId=713112998 startPage=1
[2026-04-05T15:09:00.845Z] [INFO] [review agiz-dis-bakimi/523347531] page=25 +8 reviews (unique=200)
[2026-04-05T15:09:00.865Z] [INFO] [REVIEW PARTIAL SAVED] /mnt/c/Developer/Review_AI/scraper_project/raw_data/agiz-dis-bakimi/523347531_reviews.partial.json
[2026-04-05T15:09:01.023Z] [INFO] [review agiz-dis-bakimi/713112998] page=1 +0 reviews (unique=0)
[2026-04-05T15:09:01.054Z] [INFO] [REVIEW SAVED] /mnt/c/Developer/Review_AI/scraper_project/raw_data/agiz-dis-bakimi/713112998_reviews.json
[2026-04-05T15:09:01.082Z] [INFO] 
[REVIEW WORKER 6] starting agiz-dis-bakimi/408725231
[2026-04-05T15:09:01.485Z] [INFO] [review agiz-dis-bakimi/523347531] page=26 +8 reviews (unique=208)
[2026-04-05T15:09:02.403Z] [INFO] [review agiz-dis-bakimi/523347531] page=27 +8 reviews (unique=216)
[2026-04-05T15:09:02.561Z] [INFO] 
[START REVIEW] category=agiz-dis-bakimi productId=535631946 startPage=1
[2026-04-05T15:09:02.713Z] [INFO] 
[START REVIEW] category=agiz-dis-bakimi productId=642369422 startPage=1
[2026-04-05T15:09:03.200Z] [INFO] [review agiz-dis-bakimi/535631946] page=1 +8 reviews (unique=8)
[2026-04-05T15:09:03.412Z] [INFO] [review agiz-dis-bakimi/523347531] page=28 +8 reviews (unique=224)
[2026-04-05T15:09:03.518Z] [INFO] [review agiz-dis-bakimi/642369422] page=1 +0 reviews (unique=0)
[2026-04-05T15:09:03.628Z] [INFO] [REVIEW SAVED] /mnt/c/Developer/Review_AI/scraper_project/raw_data/agiz-dis-bakimi/642369422_reviews.json
[2026-04-05T15:09:03.745Z] [INFO] 
[REVIEW WORKER 9] starting agiz-dis-bakimi/724345432
[2026-04-05T15:09:04.171Z] [INFO] [review agiz-dis-bakimi/535631946] page=2 +4 reviews (unique=12)
[2026-04-05T15:09:04.400Z] [INFO] [REVIEW SAVED] /mnt/c/Developer/Review_AI/scraper_project/raw_data/agiz-dis-bakimi/535631946_reviews.json
[2026-04-05T15:09:04.447Z] [INFO] [review agiz-dis-bakimi/523347531] page=29 +8 reviews (unique=232)
[2026-04-05T15:09:04.555Z] [INFO] 
[START REVIEW] category=agiz-dis-bakimi productId=730043404 startPage=1
[2026-04-05T15:09:04.618Z] [INFO] 
[START REVIEW] category=agiz-dis-bakimi productId=661696315 startPage=1
[2026-04-05T15:09:04.684Z] [INFO] 
[START REVIEW] category=agiz-dis-bakimi productId=315526076 startPage=1
[2026-04-05T15:09:04.739Z] [INFO] 
[START REVIEW] category=agiz-dis-bakimi productId=724332897 startPage=1
[2026-04-05T15:09:04.791Z] [INFO] 
[REVIEW WORKER 2] starting agiz-dis-bakimi/581267442
[2026-04-05T15:09:05.234Z] [INFO] [review agiz-dis-bakimi/523347531] page=30 +8 reviews (unique=240)
[2026-04-05T15:09:05.249Z] [INFO] [REVIEW PARTIAL SAVED] /mnt/c/Developer/Review_AI/scraper_project/raw_data/agiz-dis-bakimi/523347531_reviews.partial.json
[2026-04-05T15:09:05.399Z] [INFO] [review agiz-dis-bakimi/661696315] page=1 +0 reviews (unique=0)
[2026-04-05T15:09:05.421Z] [INFO] [REVIEW SAVED] /mnt/c/Developer/Review_AI/scraper_project/raw_data/agiz-dis-bakimi/661696315_reviews.json
[2026-04-05T15:09:05.443Z] [INFO] 
[REVIEW WORKER 7] starting agiz-dis-bakimi/642369169
[2026-04-05T15:09:05.564Z] [INFO] [review agiz-dis-bakimi/724332897] page=1 +3 reviews (unique=3)
[2026-04-05T15:09:05.602Z] [INFO] [REVIEW SAVED] /mnt/c/Developer/Review_AI/scraper_project/raw_data/agiz-dis-bakimi/724332897_reviews.json
[2026-04-05T15:09:05.617Z] [INFO] [review agiz-dis-bakimi/730043404] page=1 +8 reviews (unique=8)
[2026-04-05T15:09:05.629Z] [INFO] [review agiz-dis-bakimi/315526076] page=1 +8 reviews (unique=8)
[2026-04-05T15:09:05.667Z] [INFO] 
[REVIEW WORKER 8] starting agiz-dis-bakimi/728124573
[2026-04-05T15:09:06.005Z] [INFO] [review agiz-dis-bakimi/523347531] page=31 +8 reviews (unique=248)
[2026-04-05T15:09:06.051Z] [INFO] 
[START REVIEW] category=agiz-dis-bakimi productId=541818393 startPage=1
[2026-04-05T15:09:06.397Z] [INFO] [review agiz-dis-bakimi/730043404] page=2 +8 reviews (unique=16)
[2026-04-05T15:09:06.445Z] [INFO] [review agiz-dis-bakimi/315526076] page=2 +8 reviews (unique=16)
[2026-04-05T15:09:06.485Z] [INFO] [review agiz-dis-bakimi/541818393] page=1 +3 reviews (unique=3)
[2026-04-05T15:09:06.501Z] [INFO] [REVIEW SAVED] /mnt/c/Developer/Review_AI/scraper_project/raw_data/agiz-dis-bakimi/541818393_reviews.json
[2026-04-05T15:09:06.518Z] [INFO] 
[REVIEW WORKER 10] starting agiz-dis-bakimi/734580394
[2026-04-05T15:09:06.528Z] [INFO] 
[START REVIEW] category=agiz-dis-bakimi productId=684529055 startPage=1
[2026-04-05T15:09:06.680Z] [INFO] [review agiz-dis-bakimi/523347531] page=32 +8 reviews (unique=256)
[2026-04-05T15:09:06.767Z] [INFO] 
[START REVIEW] category=agiz-dis-bakimi productId=408725231 startPage=1
[2026-04-05T15:09:06.794Z] [INFO] [review agiz-dis-bakimi/684529055] page=1 +0 reviews (unique=0)
[2026-04-05T15:09:06.822Z] [INFO] [REVIEW SAVED] /mnt/c/Developer/Review_AI/scraper_project/raw_data/agiz-dis-bakimi/684529055_reviews.json
[2026-04-05T15:09:06.846Z] [INFO] 
[REVIEW WORKER 4] starting agiz-dis-bakimi/693136947
[2026-04-05T15:09:07.013Z] [INFO] [review agiz-dis-bakimi/408725231] page=1 +8 reviews (unique=8)
[2026-04-05T15:09:07.165Z] [INFO] [review agiz-dis-bakimi/730043404] page=3 +8 reviews (unique=24)
[2026-04-05T15:09:07.181Z] [INFO] [review agiz-dis-bakimi/315526076] page=3 +8 reviews (unique=24)
[2026-04-05T15:09:07.335Z] [INFO] [review agiz-dis-bakimi/523347531] page=33 +8 reviews (unique=264)
[2026-04-05T15:09:07.748Z] [INFO] [review agiz-dis-bakimi/408725231] page=2 +8 reviews (unique=16)
[2026-04-05T15:09:07.781Z] [INFO] [REVIEW SAVED] /mnt/c/Developer/Review_AI/scraper_project/raw_data/agiz-dis-bakimi/408725231_reviews.json
[2026-04-05T15:09:07.808Z] [INFO] 
[REVIEW WORKER 6] starting agiz-dis-bakimi/641266299
[2026-04-05T15:09:07.850Z] [INFO] [review agiz-dis-bakimi/730043404] page=4 +8 reviews (unique=32)
[2026-04-05T15:09:07.970Z] [INFO] [review agiz-dis-bakimi/315526076] page=4 +8 reviews (unique=32)
[2026-04-05T15:09:08.045Z] [INFO] [review agiz-dis-bakimi/523347531] page=34 +8 reviews (unique=272)
[2026-04-05T15:09:08.809Z] [INFO] [review agiz-dis-bakimi/523347531] page=35 +8 reviews (unique=280)
[2026-04-05T15:09:08.906Z] [INFO] [REVIEW PARTIAL SAVED] /mnt/c/Developer/Review_AI/scraper_project/raw_data/agiz-dis-bakimi/523347531_reviews.partial.json
[2026-04-05T15:09:08.976Z] [INFO] 
[START REVIEW] category=agiz-dis-bakimi productId=724345432 startPage=1
[2026-04-05T15:09:09.010Z] [INFO] [review agiz-dis-bakimi/315526076] page=5 +8 reviews (unique=40)
[2026-04-05T15:09:09.078Z] [INFO] [REVIEW PARTIAL SAVED] /mnt/c/Developer/Review_AI/scraper_project/raw_data/agiz-dis-bakimi/315526076_reviews.partial.json
[2026-04-05T15:09:09.189Z] [INFO] 
[START REVIEW] category=agiz-dis-bakimi productId=581267442 startPage=1
[2026-04-05T15:09:09.615Z] [INFO] 
[START REVIEW] category=agiz-dis-bakimi productId=728124573 startPage=1
[2026-04-05T15:09:09.688Z] [INFO] [review agiz-dis-bakimi/523347531] page=36 +8 reviews (unique=288)
[2026-04-05T15:09:09.738Z] [INFO] [review agiz-dis-bakimi/315526076] page=6 +6 reviews (unique=46)
[2026-04-05T15:09:09.819Z] [INFO] [REVIEW SAVED] /mnt/c/Developer/Review_AI/scraper_project/raw_data/agiz-dis-bakimi/315526076_reviews.json
[2026-04-05T15:09:09.909Z] [INFO] 
[REVIEW WORKER 1] starting agiz-dis-bakimi/632819678
[2026-04-05T15:09:10.163Z] [INFO] [review agiz-dis-bakimi/724345432] page=1 +0 reviews (unique=0)
[2026-04-05T15:09:10.335Z] [INFO] [REVIEW SAVED] /mnt/c/Developer/Review_AI/scraper_project/raw_data/agiz-dis-bakimi/724345432_reviews.json
[2026-04-05T15:09:10.437Z] [INFO] 
[START REVIEW] category=agiz-dis-bakimi productId=642369169 startPage=1
[2026-04-05T15:09:10.522Z] [INFO] 
[REVIEW WORKER 9] starting agiz-dis-bakimi/493781512
[2026-04-05T15:09:10.570Z] [INFO] [review agiz-dis-bakimi/581267442] page=1 +3 reviews (unique=3)
[2026-04-05T15:09:10.602Z] [INFO] [REVIEW SAVED] /mnt/c/Developer/Review_AI/scraper_project/raw_data/agiz-dis-bakimi/581267442_reviews.json
[2026-04-05T15:09:10.630Z] [INFO] 
[REVIEW WORKER 2] starting agiz-dis-bakimi/572700997
[2026-04-05T15:09:10.708Z] [INFO] [review agiz-dis-bakimi/728124573] page=1 +5 reviews (unique=5)
[2026-04-05T15:09:10.733Z] [INFO] [REVIEW SAVED] /mnt/c/Developer/Review_AI/scraper_project/raw_data/agiz-dis-bakimi/728124573_reviews.json
[2026-04-05T15:09:10.811Z] [INFO] 
[REVIEW WORKER 8] starting agiz-dis-bakimi/724691227
[2026-04-05T15:09:10.821Z] [INFO] [review agiz-dis-bakimi/523347531] page=37 +8 reviews (unique=296)
[2026-04-05T15:09:11.042Z] [INFO] 
[START REVIEW] category=agiz-dis-bakimi productId=734580394 startPage=1
[2026-04-05T15:09:11.050Z] [INFO] [review agiz-dis-bakimi/642369169] page=1 +1 reviews (unique=1)
[2026-04-05T15:09:11.066Z] [INFO] [REVIEW SAVED] /mnt/c/Developer/Review_AI/scraper_project/raw_data/agiz-dis-bakimi/642369169_reviews.json
[2026-04-05T15:09:11.083Z] [INFO] 
[REVIEW WORKER 7] starting agiz-dis-bakimi/737358232
[2026-04-05T15:09:11.323Z] [INFO] [review agiz-dis-bakimi/734580394] page=1 +8 reviews (unique=8)
[2026-04-05T15:09:11.484Z] [INFO] [review agiz-dis-bakimi/523347531] page=38 +8 reviews (unique=304)
[2026-04-05T15:09:11.769Z] [INFO] 
[START REVIEW] category=agiz-dis-bakimi productId=693136947 startPage=1
[2026-04-05T15:09:12.022Z] [INFO] [review agiz-dis-bakimi/734580394] page=2 +8 reviews (unique=16)
[2026-04-05T15:09:12.127Z] [INFO] [review agiz-dis-bakimi/693136947] page=1 +8 reviews (unique=8)
[2026-04-05T15:09:12.179Z] [INFO] [review agiz-dis-bakimi/523347531] page=39 +4 reviews (unique=308)
[2026-04-05T15:09:12.205Z] [INFO] [REVIEW SAVED] /mnt/c/Developer/Review_AI/scraper_project/raw_data/agiz-dis-bakimi/523347531_reviews.json
[2026-04-05T15:09:12.235Z] [INFO] 
[REVIEW WORKER 3] starting agiz-dis-bakimi/593580690
[2026-04-05T15:09:12.272Z] [INFO] [review agiz-dis-bakimi/730043404] page=5 +8 reviews (unique=40)
[2026-04-05T15:09:12.282Z] [INFO] [REVIEW PARTIAL SAVED] /mnt/c/Developer/Review_AI/scraper_project/raw_data/agiz-dis-bakimi/730043404_reviews.partial.json
[2026-04-05T15:09:12.659Z] [INFO] 
[START REVIEW] category=agiz-dis-bakimi productId=641266299 startPage=1
[2026-04-05T15:09:12.713Z] [INFO] [review agiz-dis-bakimi/734580394] page=3 +8 reviews (unique=24)
[2026-04-05T15:09:12.790Z] [INFO] [review agiz-dis-bakimi/693136947] page=2 +8 reviews (unique=16)
[2026-04-05T15:09:13.050Z] [INFO] [review agiz-dis-bakimi/641266299] page=1 +8 reviews (unique=8)
[2026-04-05T15:09:13.521Z] [INFO] [review agiz-dis-bakimi/693136947] page=3 +5 reviews (unique=21)
[2026-04-05T15:09:13.537Z] [INFO] [REVIEW SAVED] /mnt/c/Developer/Review_AI/scraper_project/raw_data/agiz-dis-bakimi/693136947_reviews.json
[2026-04-05T15:09:13.551Z] [INFO] 
[REVIEW WORKER 4] starting agiz-dis-bakimi/602208881
[2026-04-05T15:09:14.065Z] [INFO] [review agiz-dis-bakimi/730043404] page=6 +8 reviews (unique=48)
[2026-04-05T15:09:14.266Z] [INFO] 
[START REVIEW] category=agiz-dis-bakimi productId=632819678 startPage=1
[2026-04-05T15:09:14.545Z] [INFO] [review agiz-dis-bakimi/641266299] page=2 +8 reviews (unique=16)
[2026-04-05T15:09:14.555Z] [INFO] [review agiz-dis-bakimi/734580394] page=4 +8 reviews (unique=32)
[2026-04-05T15:09:14.764Z] [INFO] [review agiz-dis-bakimi/730043404] page=7 +8 reviews (unique=56)
[2026-04-05T15:09:14.952Z] [INFO] [review agiz-dis-bakimi/632819678] page=1 +8 reviews (unique=8)
[2026-04-05T15:09:15.215Z] [INFO] [review agiz-dis-bakimi/734580394] page=5 +8 reviews (unique=40)
[2026-04-05T15:09:15.246Z] [INFO] [REVIEW PARTIAL SAVED] /mnt/c/Developer/Review_AI/scraper_project/raw_data/agiz-dis-bakimi/734580394_reviews.partial.json
[2026-04-05T15:09:15.264Z] [INFO] [review agiz-dis-bakimi/641266299] page=3 +8 reviews (unique=24)
[2026-04-05T15:09:15.371Z] [INFO] 
[START REVIEW] category=agiz-dis-bakimi productId=493781512 startPage=1
[2026-04-05T15:09:15.484Z] [INFO] [review agiz-dis-bakimi/730043404] page=8 +2 reviews (unique=58)
[2026-04-05T15:09:15.543Z] [INFO] [REVIEW SAVED] /mnt/c/Developer/Review_AI/scraper_project/raw_data/agiz-dis-bakimi/730043404_reviews.json
[2026-04-05T15:09:15.562Z] [INFO] 
[START REVIEW] category=agiz-dis-bakimi productId=572700997 startPage=1
[2026-04-05T15:09:15.583Z] [INFO] [review agiz-dis-bakimi/632819678] page=2 +8 reviews (unique=16)
[2026-04-05T15:09:15.620Z] [INFO] 
[REVIEW WORKER 5] starting agiz-dis-bakimi/732123637
[2026-04-05T15:09:15.958Z] [INFO] [review agiz-dis-bakimi/493781512] page=1 +4 reviews (unique=4)
[2026-04-05T15:09:16.106Z] [INFO] [REVIEW SAVED] /mnt/c/Developer/Review_AI/scraper_project/raw_data/agiz-dis-bakimi/493781512_reviews.json
[2026-04-05T15:09:16.132Z] [INFO] 
[START REVIEW] category=agiz-dis-bakimi productId=724691227 startPage=1
[2026-04-05T15:09:16.166Z] [INFO] [review agiz-dis-bakimi/641266299] page=4 +4 reviews (unique=28)
[2026-04-05T15:09:16.198Z] [INFO] [REVIEW SAVED] /mnt/c/Developer/Review_AI/scraper_project/raw_data/agiz-dis-bakimi/641266299_reviews.json
[2026-04-05T15:09:16.210Z] [INFO] [review agiz-dis-bakimi/734580394] page=6 +8 reviews (unique=48)
[2026-04-05T15:09:16.240Z] [INFO] [REVIEW SAVED] /mnt/c/Developer/Review_AI/scraper_project/raw_data/agiz-dis-bakimi/734580394_reviews.json
[2026-04-05T15:09:16.244Z] [INFO] [review agiz-dis-bakimi/572700997] page=1 +8 reviews (unique=8)
[2026-04-05T15:09:16.259Z] [INFO] 
[REVIEW WORKER 9] starting agiz-dis-bakimi/569355095
[2026-04-05T15:09:16.274Z] [INFO] 
[REVIEW WORKER 6] starting agiz-dis-bakimi/730840917
[2026-04-05T15:09:16.318Z] [INFO] 
[REVIEW WORKER 10] starting agiz-dis-bakimi/599009359
[2026-04-05T15:09:16.411Z] [INFO] [review agiz-dis-bakimi/632819678] page=3 +6 reviews (unique=22)
[2026-04-05T15:09:16.439Z] [INFO] [REVIEW SAVED] /mnt/c/Developer/Review_AI/scraper_project/raw_data/agiz-dis-bakimi/632819678_reviews.json
[2026-04-05T15:09:16.491Z] [INFO] 
[REVIEW WORKER 1] starting agiz-dis-bakimi/597439297
[2026-04-05T15:09:16.577Z] [INFO] [review agiz-dis-bakimi/724691227] page=1 +0 reviews (unique=0)
[2026-04-05T15:09:16.591Z] [INFO] [REVIEW SAVED] /mnt/c/Developer/Review_AI/scraper_project/raw_data/agiz-dis-bakimi/724691227_reviews.json
[2026-04-05T15:09:16.611Z] [INFO] 
[REVIEW WORKER 8] starting agiz-dis-bakimi/496385547
[2026-04-05T15:09:16.892Z] [INFO] [review agiz-dis-bakimi/572700997] page=2 +8 reviews (unique=16)
[2026-04-05T15:09:17.043Z] [INFO] 
[START REVIEW] category=agiz-dis-bakimi productId=737358232 startPage=1
[2026-04-05T15:09:17.526Z] [INFO] [review agiz-dis-bakimi/737358232] page=1 +0 reviews (unique=0)
[2026-04-05T15:09:17.552Z] [INFO] [REVIEW SAVED] /mnt/c/Developer/Review_AI/scraper_project/raw_data/agiz-dis-bakimi/737358232_reviews.json
[2026-04-05T15:09:17.583Z] [INFO] 
[REVIEW WORKER 7] starting agiz-dis-bakimi/648914195
[2026-04-05T15:09:17.649Z] [INFO] [review agiz-dis-bakimi/572700997] page=3 +8 reviews (unique=24)
[2026-04-05T15:09:18.367Z] [INFO] 
[START REVIEW] category=agiz-dis-bakimi productId=593580690 startPage=1
[2026-04-05T15:09:18.400Z] [INFO] 
[START REVIEW] category=agiz-dis-bakimi productId=602208881 startPage=1
[2026-04-05T15:09:18.408Z] [INFO] [review agiz-dis-bakimi/572700997] page=4 +2 reviews (unique=26)
[2026-04-05T15:09:18.464Z] [INFO] [REVIEW SAVED] /mnt/c/Developer/Review_AI/scraper_project/raw_data/agiz-dis-bakimi/572700997_reviews.json
[2026-04-05T15:09:18.513Z] [INFO] 
[REVIEW WORKER 2] starting agiz-dis-bakimi/632917479
[2026-04-05T15:09:18.785Z] [INFO] [review agiz-dis-bakimi/593580690] page=1 +8 reviews (unique=8)
[2026-04-05T15:09:18.811Z] [INFO] [review agiz-dis-bakimi/602208881] page=1 +8 reviews (unique=8)
[2026-04-05T15:09:19.830Z] [INFO] [review agiz-dis-bakimi/602208881] page=2 +8 reviews (unique=16)
[2026-04-05T15:09:19.909Z] [INFO] [review agiz-dis-bakimi/593580690] page=2 +2 reviews (unique=10)
[2026-04-05T15:09:20.006Z] [INFO] [REVIEW SAVED] /mnt/c/Developer/Review_AI/scraper_project/raw_data/agiz-dis-bakimi/593580690_reviews.json
[2026-04-05T15:09:20.127Z] [INFO] 
[START REVIEW] category=agiz-dis-bakimi productId=732123637 startPage=1
[2026-04-05T15:09:20.327Z] [INFO] 
[REVIEW WORKER 3] starting agiz-dis-bakimi/646035710
[2026-04-05T15:09:21.002Z] [INFO] [review agiz-dis-bakimi/602208881] page=3 +8 reviews (unique=24)
[2026-04-05T15:09:21.038Z] [INFO] [review agiz-dis-bakimi/732123637] page=1 +0 reviews (unique=0)
[2026-04-05T15:09:21.113Z] [INFO] [REVIEW SAVED] /mnt/c/Developer/Review_AI/scraper_project/raw_data/agiz-dis-bakimi/732123637_reviews.json
[2026-04-05T15:09:21.192Z] [INFO] 
[REVIEW WORKER 5] starting agiz-dis-bakimi/606676694
[2026-04-05T15:09:21.656Z] [INFO] 
[START REVIEW] category=agiz-dis-bakimi productId=597439297 startPage=1
[2026-04-05T15:09:21.845Z] [INFO] 
[START REVIEW] category=agiz-dis-bakimi productId=569355095 startPage=1
[2026-04-05T15:09:21.946Z] [INFO] 
[START REVIEW] category=agiz-dis-bakimi productId=599009359 startPage=1
[2026-04-05T15:09:22.013Z] [INFO] 
[START REVIEW] category=agiz-dis-bakimi productId=730840917 startPage=1
[2026-04-05T15:09:22.079Z] [INFO] [review agiz-dis-bakimi/602208881] page=4 +8 reviews (unique=32)
[2026-04-05T15:09:22.521Z] [INFO] [review agiz-dis-bakimi/597439297] page=1 +8 reviews (unique=8)
[2026-04-05T15:09:22.654Z] [INFO] 
[START REVIEW] category=agiz-dis-bakimi productId=496385547 startPage=1
[2026-04-05T15:09:22.960Z] [INFO] [review agiz-dis-bakimi/496385547] page=1 +8 reviews (unique=8)
[2026-04-05T15:09:23.030Z] [INFO] [review agiz-dis-bakimi/599009359] page=1 +8 reviews (unique=8)
[2026-04-05T15:09:23.105Z] [INFO] [review agiz-dis-bakimi/602208881] page=5 +8 reviews (unique=40)
[2026-04-05T15:09:23.120Z] [INFO] [REVIEW PARTIAL SAVED] /mnt/c/Developer/Review_AI/scraper_project/raw_data/agiz-dis-bakimi/602208881_reviews.partial.json
[2026-04-05T15:09:23.133Z] [INFO] [review agiz-dis-bakimi/569355095] page=1 +8 reviews (unique=8)
[2026-04-05T15:09:23.169Z] [INFO] [review agiz-dis-bakimi/730840917] page=1 +0 reviews (unique=0)
[2026-04-05T15:09:23.203Z] [INFO] [REVIEW SAVED] /mnt/c/Developer/Review_AI/scraper_project/raw_data/agiz-dis-bakimi/730840917_reviews.json
[2026-04-05T15:09:23.225Z] [INFO] 
[REVIEW WORKER 6] starting agiz-dis-bakimi/705681615
[2026-04-05T15:09:23.512Z] [INFO] [review agiz-dis-bakimi/597439297] page=2 +8 reviews (unique=16)
[2026-04-05T15:09:23.691Z] [INFO] 
[START REVIEW] category=agiz-dis-bakimi productId=648914195 startPage=1
[2026-04-05T15:09:23.756Z] [INFO] [review agiz-dis-bakimi/496385547] page=2 +8 reviews (unique=16)
[2026-04-05T15:09:23.791Z] [INFO] [review agiz-dis-bakimi/599009359] page=2 +7 reviews (unique=15)
[2026-04-05T15:09:23.832Z] [INFO] [REVIEW SAVED] /mnt/c/Developer/Review_AI/scraper_project/raw_data/agiz-dis-bakimi/599009359_reviews.json
[2026-04-05T15:09:23.890Z] [INFO] 
[REVIEW WORKER 10] starting agiz-dis-bakimi/593891655
[2026-04-05T15:09:23.914Z] [INFO] [review agiz-dis-bakimi/602208881] page=6 +7 reviews (unique=47)
[2026-04-05T15:09:23.949Z] [INFO] [REVIEW SAVED] /mnt/c/Developer/Review_AI/scraper_project/raw_data/agiz-dis-bakimi/602208881_reviews.json
[2026-04-05T15:09:24.038Z] [INFO] 
[REVIEW WORKER 4] starting agiz-dis-bakimi/724798740
[2026-04-05T15:09:24.053Z] [INFO] [review agiz-dis-bakimi/569355095] page=2 +8 reviews (unique=16)
[2026-04-05T15:09:24.232Z] [INFO] 
[START REVIEW] category=agiz-dis-bakimi productId=632917479 startPage=1
[2026-04-05T15:09:24.334Z] [INFO] [review agiz-dis-bakimi/648914195] page=1 +0 reviews (unique=0)
[2026-04-05T15:09:24.353Z] [INFO] [REVIEW SAVED] /mnt/c/Developer/Review_AI/scraper_project/raw_data/agiz-dis-bakimi/648914195_reviews.json
[2026-04-05T15:09:24.368Z] [INFO] [review agiz-dis-bakimi/597439297] page=3 +8 reviews (unique=24)
[2026-04-05T15:09:24.428Z] [INFO] 
[REVIEW WORKER 7] starting agiz-dis-bakimi/720547256
[2026-04-05T15:09:24.516Z] [INFO] [review agiz-dis-bakimi/496385547] page=3 +8 reviews (unique=24)
[2026-04-05T15:09:24.540Z] [INFO] [review agiz-dis-bakimi/632917479] page=1 +8 reviews (unique=8)
[2026-04-05T15:09:24.769Z] [INFO] [review agiz-dis-bakimi/569355095] page=3 +8 reviews (unique=24)
[2026-04-05T15:09:25.106Z] [INFO] [review agiz-dis-bakimi/597439297] page=4 +8 reviews (unique=32)
[2026-04-05T15:09:25.220Z] [INFO] [review agiz-dis-bakimi/496385547] page=4 +8 reviews (unique=32)
[2026-04-05T15:09:25.263Z] [INFO] [review agiz-dis-bakimi/632917479] page=2 +8 reviews (unique=16)
[2026-04-05T15:09:25.371Z] [INFO] 
[START REVIEW] category=agiz-dis-bakimi productId=646035710 startPage=1
[2026-04-05T15:09:25.503Z] [INFO] [review agiz-dis-bakimi/569355095] page=4 +8 reviews (unique=32)
[2026-04-05T15:09:25.713Z] [INFO] [review agiz-dis-bakimi/646035710] page=1 +7 reviews (unique=7)
[2026-04-05T15:09:25.747Z] [INFO] [REVIEW SAVED] /mnt/c/Developer/Review_AI/scraper_project/raw_data/agiz-dis-bakimi/646035710_reviews.json
[2026-04-05T15:09:25.780Z] [INFO] 
[REVIEW WORKER 3] starting agiz-dis-bakimi/513242491
[2026-04-05T15:09:25.863Z] [INFO] [review agiz-dis-bakimi/597439297] page=5 +8 reviews (unique=40)
[2026-04-05T15:09:25.883Z] [INFO] [REVIEW PARTIAL SAVED] /mnt/c/Developer/Review_AI/scraper_project/raw_data/agiz-dis-bakimi/597439297_reviews.partial.json
[2026-04-05T15:09:25.935Z] [INFO] [review agiz-dis-bakimi/496385547] page=5 +8 reviews (unique=40)
[2026-04-05T15:09:25.950Z] [INFO] [REVIEW PARTIAL SAVED] /mnt/c/Developer/Review_AI/scraper_project/raw_data/agiz-dis-bakimi/496385547_reviews.partial.json
[2026-04-05T15:09:26.105Z] [INFO] [review agiz-dis-bakimi/632917479] page=3 +8 reviews (unique=24)
[2026-04-05T15:09:26.177Z] [INFO] 
[START REVIEW] category=agiz-dis-bakimi productId=606676694 startPage=1
[2026-04-05T15:09:26.192Z] [INFO] [review agiz-dis-bakimi/569355095] page=5 +8 reviews (unique=40)
[2026-04-05T15:09:26.212Z] [INFO] [REVIEW PARTIAL SAVED] /mnt/c/Developer/Review_AI/scraper_project/raw_data/agiz-dis-bakimi/569355095_reviews.partial.json
[2026-04-05T15:09:26.511Z] [INFO] [review agiz-dis-bakimi/606676694] page=1 +8 reviews (unique=8)
[2026-04-05T15:09:26.578Z] [INFO] [review agiz-dis-bakimi/597439297] page=6 +8 reviews (unique=48)
[2026-04-05T15:09:26.780Z] [INFO] [review agiz-dis-bakimi/496385547] page=6 +8 reviews (unique=48)
[2026-04-05T15:09:26.857Z] [INFO] [review agiz-dis-bakimi/632917479] page=4 +8 reviews (unique=32)
[2026-04-05T15:09:27.083Z] [INFO] [review agiz-dis-bakimi/569355095] page=6 +7 reviews (unique=47)
[2026-04-05T15:09:27.139Z] [INFO] [REVIEW SAVED] /mnt/c/Developer/Review_AI/scraper_project/raw_data/agiz-dis-bakimi/569355095_reviews.json
[2026-04-05T15:09:27.211Z] [INFO] 
[REVIEW WORKER 9] starting agiz-dis-bakimi/719514512
[2026-04-05T15:09:27.354Z] [INFO] 
[START REVIEW] category=agiz-dis-bakimi productId=705681615 startPage=1
[2026-04-05T15:09:27.392Z] [INFO] [review agiz-dis-bakimi/606676694] page=2 +8 reviews (unique=16)
[2026-04-05T15:09:27.438Z] [INFO] [review agiz-dis-bakimi/597439297] page=7 +8 reviews (unique=56)
[2026-04-05T15:09:27.569Z] [INFO] [review agiz-dis-bakimi/632917479] page=5 +8 reviews (unique=40)
[2026-04-05T15:09:27.660Z] [INFO] [REVIEW PARTIAL SAVED] /mnt/c/Developer/Review_AI/scraper_project/raw_data/agiz-dis-bakimi/632917479_reviews.partial.json
[2026-04-05T15:09:27.703Z] [INFO] [review agiz-dis-bakimi/496385547] page=7 +2 reviews (unique=50)
[2026-04-05T15:09:27.949Z] [INFO] [REVIEW SAVED] /mnt/c/Developer/Review_AI/scraper_project/raw_data/agiz-dis-bakimi/496385547_reviews.json
[2026-04-05T15:09:28.260Z] [INFO] 
[REVIEW WORKER 8] starting agiz-dis-bakimi/580211424
[2026-04-05T15:09:28.420Z] [INFO] [review agiz-dis-bakimi/606676694] page=3 +8 reviews (unique=24)
[2026-04-05T15:09:28.454Z] [INFO] [review agiz-dis-bakimi/597439297] page=8 +8 reviews (unique=64)
[2026-04-05T15:09:28.545Z] [INFO] [review agiz-dis-bakimi/705681615] page=1 +8 reviews (unique=8)
[2026-04-05T15:09:28.654Z] [INFO] [review agiz-dis-bakimi/632917479] page=6 +8 reviews (unique=48)
[2026-04-05T15:09:28.684Z] [INFO] 
[START REVIEW] category=agiz-dis-bakimi productId=593891655 startPage=1
[2026-04-05T15:09:28.697Z] [INFO] 
[START REVIEW] category=agiz-dis-bakimi productId=720547256 startPage=1
[2026-04-05T15:09:28.712Z] [INFO] 
[START REVIEW] category=agiz-dis-bakimi productId=724798740 startPage=1
[2026-04-05T15:09:28.967Z] [INFO] [review agiz-dis-bakimi/720547256] page=1 +8 reviews (unique=8)
[2026-04-05T15:09:29.052Z] [INFO] [review agiz-dis-bakimi/593891655] page=1 +8 reviews (unique=8)
[2026-04-05T15:09:29.089Z] [INFO] [review agiz-dis-bakimi/606676694] page=4 +8 reviews (unique=32)
[2026-04-05T15:09:29.164Z] [INFO] [review agiz-dis-bakimi/724798740] page=1 +6 reviews (unique=6)
[2026-04-05T15:09:29.185Z] [INFO] [REVIEW SAVED] /mnt/c/Developer/Review_AI/scraper_project/raw_data/agiz-dis-bakimi/724798740_reviews.json
[2026-04-05T15:09:29.208Z] [INFO] 
[REVIEW WORKER 4] starting agiz-dis-bakimi/737857901
[2026-04-05T15:09:29.216Z] [INFO] [review agiz-dis-bakimi/597439297] page=9 +8 reviews (unique=72)
[2026-04-05T15:09:29.276Z] [INFO] [review agiz-dis-bakimi/705681615] page=2 +8 reviews (unique=16)
[2026-04-05T15:09:29.390Z] [INFO] [review agiz-dis-bakimi/632917479] page=7 +8 reviews (unique=56)
[2026-04-05T15:09:29.809Z] [INFO] [review agiz-dis-bakimi/593891655] page=2 +8 reviews (unique=16)
[2026-04-05T15:09:29.824Z] [INFO] [review agiz-dis-bakimi/720547256] page=2 +8 reviews (unique=16)
[2026-04-05T15:09:29.909Z] [INFO] [review agiz-dis-bakimi/606676694] page=5 +8 reviews (unique=40)
[2026-04-05T15:09:29.928Z] [INFO] [REVIEW PARTIAL SAVED] /mnt/c/Developer/Review_AI/scraper_project/raw_data/agiz-dis-bakimi/606676694_reviews.partial.json
[2026-04-05T15:09:29.939Z] [INFO] 
[START REVIEW] category=agiz-dis-bakimi productId=513242491 startPage=1
[2026-04-05T15:09:29.952Z] [INFO] [review agiz-dis-bakimi/597439297] page=10 +8 reviews (unique=80)
[2026-04-05T15:09:29.971Z] [INFO] [REVIEW PARTIAL SAVED] /mnt/c/Developer/Review_AI/scraper_project/raw_data/agiz-dis-bakimi/597439297_reviews.partial.json
[2026-04-05T15:09:29.987Z] [INFO] [review agiz-dis-bakimi/705681615] page=3 +8 reviews (unique=24)
[2026-04-05T15:09:30.020Z] [INFO] [review agiz-dis-bakimi/632917479] page=8 +2 reviews (unique=58)
[2026-04-05T15:09:30.047Z] [INFO] [REVIEW SAVED] /mnt/c/Developer/Review_AI/scraper_project/raw_data/agiz-dis-bakimi/632917479_reviews.json
[2026-04-05T15:09:30.080Z] [INFO] 
[REVIEW WORKER 2] starting agiz-dis-bakimi/589575164
[2026-04-05T15:09:30.248Z] [INFO] [review agiz-dis-bakimi/513242491] page=1 +8 reviews (unique=8)
[2026-04-05T15:09:30.465Z] [INFO] [review agiz-dis-bakimi/720547256] page=3 +8 reviews (unique=24)
[2026-04-05T15:09:30.475Z] [INFO] [review agiz-dis-bakimi/593891655] page=3 +8 reviews (unique=24)
[2026-04-05T15:09:30.716Z] [INFO] [review agiz-dis-bakimi/705681615] page=4 +8 reviews (unique=32)
[2026-04-05T15:09:30.732Z] [INFO] [review agiz-dis-bakimi/606676694] page=6 +8 reviews (unique=48)
[2026-04-05T15:09:30.818Z] [INFO] [review agiz-dis-bakimi/597439297] page=11 +8 reviews (unique=88)
[2026-04-05T15:09:31.209Z] [INFO] [review agiz-dis-bakimi/720547256] page=4 +8 reviews (unique=32)
[2026-04-05T15:09:31.254Z] [INFO] [review agiz-dis-bakimi/513242491] page=2 +8 reviews (unique=16)
[2026-04-05T15:09:31.309Z] [INFO] [review agiz-dis-bakimi/593891655] page=4 +8 reviews (unique=32)
[2026-04-05T15:09:31.468Z] [INFO] [review agiz-dis-bakimi/606676694] page=7 +4 reviews (unique=52)
[2026-04-05T15:09:31.527Z] [INFO] [REVIEW SAVED] /mnt/c/Developer/Review_AI/scraper_project/raw_data/agiz-dis-bakimi/606676694_reviews.json
[2026-04-05T15:09:31.600Z] [INFO] 
[REVIEW WORKER 5] starting agiz-dis-bakimi/531002942
[2026-04-05T15:09:31.619Z] [INFO] [review agiz-dis-bakimi/705681615] page=5 +8 reviews (unique=40)
[2026-04-05T15:09:31.649Z] [INFO] [REVIEW PARTIAL SAVED] /mnt/c/Developer/Review_AI/scraper_project/raw_data/agiz-dis-bakimi/705681615_reviews.partial.json
[2026-04-05T15:09:31.661Z] [INFO] [review agiz-dis-bakimi/597439297] page=12 +8 reviews (unique=96)
[2026-04-05T15:09:31.942Z] [INFO] [review agiz-dis-bakimi/720547256] page=5 +8 reviews (unique=40)
[2026-04-05T15:09:32.010Z] [INFO] [REVIEW PARTIAL SAVED] /mnt/c/Developer/Review_AI/scraper_project/raw_data/agiz-dis-bakimi/720547256_reviews.partial.json
[2026-04-05T15:09:32.049Z] [INFO] 
[START REVIEW] category=agiz-dis-bakimi productId=719514512 startPage=1
[2026-04-05T15:09:32.088Z] [INFO] [review agiz-dis-bakimi/513242491] page=3 +8 reviews (unique=24)
[2026-04-05T15:09:32.118Z] [INFO] [review agiz-dis-bakimi/593891655] page=5 +8 reviews (unique=40)
[2026-04-05T15:09:32.166Z] [INFO] [REVIEW PARTIAL SAVED] /mnt/c/Developer/Review_AI/scraper_project/raw_data/agiz-dis-bakimi/593891655_reviews.partial.json
[2026-04-05T15:09:32.441Z] [INFO] [review agiz-dis-bakimi/705681615] page=6 +8 reviews (unique=48)
[2026-04-05T15:09:32.477Z] [INFO] [review agiz-dis-bakimi/597439297] page=13 +8 reviews (unique=104)
[2026-04-05T15:09:32.609Z] [INFO] [review agiz-dis-bakimi/719514512] page=1 +1 reviews (unique=1)
[2026-04-05T15:09:32.645Z] [INFO] [REVIEW SAVED] /mnt/c/Developer/Review_AI/scraper_project/raw_data/agiz-dis-bakimi/719514512_reviews.json
[2026-04-05T15:09:32.684Z] [INFO] 
[REVIEW WORKER 9] starting agiz-dis-bakimi/592132466
[2026-04-05T15:09:32.784Z] [INFO] [review agiz-dis-bakimi/720547256] page=6 +8 reviews (unique=48)
[2026-04-05T15:09:32.803Z] [INFO] [review agiz-dis-bakimi/513242491] page=4 +8 reviews (unique=32)
[2026-04-05T15:09:32.882Z] [INFO] [review agiz-dis-bakimi/593891655] page=6 +8 reviews (unique=48)
[2026-04-05T15:09:33.108Z] [INFO] [review agiz-dis-bakimi/705681615] page=7 +8 reviews (unique=56)
[2026-04-05T15:09:33.132Z] [INFO] [review agiz-dis-bakimi/597439297] page=14 +8 reviews (unique=112)
[2026-04-05T15:09:33.383Z] [INFO] 
[START REVIEW] category=agiz-dis-bakimi productId=580211424 startPage=1
[2026-04-05T15:09:33.521Z] [INFO] [review agiz-dis-bakimi/720547256] page=7 +8 reviews (unique=56)
[2026-04-05T15:09:33.536Z] [INFO] [review agiz-dis-bakimi/593891655] page=7 +6 reviews (unique=54)
[2026-04-05T15:09:33.577Z] [INFO] [REVIEW SAVED] /mnt/c/Developer/Review_AI/scraper_project/raw_data/agiz-dis-bakimi/593891655_reviews.json
[2026-04-05T15:09:33.582Z] [INFO] [review agiz-dis-bakimi/513242491] page=5 +8 reviews (unique=40)
[2026-04-05T15:09:33.603Z] [INFO] [REVIEW PARTIAL SAVED] /mnt/c/Developer/Review_AI/scraper_project/raw_data/agiz-dis-bakimi/513242491_reviews.partial.json
[2026-04-05T15:09:33.637Z] [INFO] 
[REVIEW WORKER 10] starting agiz-dis-bakimi/726126718
[2026-04-05T15:09:33.681Z] [INFO] [review agiz-dis-bakimi/580211424] page=1 +8 reviews (unique=8)
[2026-04-05T15:09:33.864Z] [INFO] [review agiz-dis-bakimi/705681615] page=8 +8 reviews (unique=64)
[2026-04-05T15:09:33.878Z] [INFO] [review agiz-dis-bakimi/597439297] page=15 +8 reviews (unique=120)
[2026-04-05T15:09:33.896Z] [INFO] [REVIEW PARTIAL SAVED] /mnt/c/Developer/Review_AI/scraper_project/raw_data/agiz-dis-bakimi/597439297_reviews.partial.json
[2026-04-05T15:09:34.193Z] [INFO] 
[START REVIEW] category=agiz-dis-bakimi productId=737857901 startPage=1
[2026-04-05T15:09:34.235Z] [INFO] [review agiz-dis-bakimi/720547256] page=8 +8 reviews (unique=64)
[2026-04-05T15:09:34.281Z] [INFO] [review agiz-dis-bakimi/513242491] page=6 +8 reviews (unique=48)
[2026-04-05T15:09:34.382Z] [INFO] [review agiz-dis-bakimi/580211424] page=2 +8 reviews (unique=16)
[2026-04-05T15:09:34.535Z] [INFO] [review agiz-dis-bakimi/737857901] page=1 +8 reviews (unique=8)
[2026-04-05T15:09:34.563Z] [INFO] [review agiz-dis-bakimi/597439297] page=16 +8 reviews (unique=128)
[2026-04-05T15:09:34.588Z] [INFO] 
[START REVIEW] category=agiz-dis-bakimi productId=589575164 startPage=1
[2026-04-05T15:09:34.601Z] [INFO] [review agiz-dis-bakimi/705681615] page=9 +8 reviews (unique=72)
[2026-04-05T15:09:34.890Z] [INFO] [review agiz-dis-bakimi/589575164] page=1 +8 reviews (unique=8)
[2026-04-05T15:09:34.907Z] [INFO] [review agiz-dis-bakimi/720547256] page=9 +8 reviews (unique=72)
[2026-04-05T15:09:34.973Z] [INFO] [review agiz-dis-bakimi/513242491] page=7 +8 reviews (unique=56)
[2026-04-05T15:09:35.186Z] [INFO] [review agiz-dis-bakimi/580211424] page=3 +8 reviews (unique=24)
[2026-04-05T15:09:35.235Z] [INFO] [review agiz-dis-bakimi/737857901] page=2 +8 reviews (unique=16)
[2026-04-05T15:09:35.379Z] [INFO] [review agiz-dis-bakimi/597439297] page=17 +8 reviews (unique=136)
[2026-04-05T15:09:35.571Z] [INFO] [review agiz-dis-bakimi/589575164] page=2 +8 reviews (unique=16)
[2026-04-05T15:09:35.685Z] [INFO] [review agiz-dis-bakimi/513242491] page=8 +8 reviews (unique=64)
[2026-04-05T15:09:35.712Z] [INFO] [review agiz-dis-bakimi/720547256] page=10 +8 reviews (unique=80)
[2026-04-05T15:09:35.739Z] [INFO] [REVIEW PARTIAL SAVED] /mnt/c/Developer/Review_AI/scraper_project/raw_data/agiz-dis-bakimi/720547256_reviews.partial.json
[2026-04-05T15:09:35.760Z] [INFO] [review agiz-dis-bakimi/705681615] page=10 +8 reviews (unique=80)
[2026-04-05T15:09:35.816Z] [INFO] [REVIEW PARTIAL SAVED] /mnt/c/Developer/Review_AI/scraper_project/raw_data/agiz-dis-bakimi/705681615_reviews.partial.json
[2026-04-05T15:09:35.851Z] [INFO] [review agiz-dis-bakimi/580211424] page=4 +8 reviews (unique=32)
[2026-04-05T15:09:35.904Z] [INFO] 
[START REVIEW] category=agiz-dis-bakimi productId=531002942 startPage=1
[2026-04-05T15:09:35.970Z] [INFO] [review agiz-dis-bakimi/737857901] page=3 +8 reviews (unique=24)
[2026-04-05T15:09:36.081Z] [INFO] [review agiz-dis-bakimi/597439297] page=18 +8 reviews (unique=144)
[2026-04-05T15:09:36.274Z] [INFO] [review agiz-dis-bakimi/589575164] page=3 +8 reviews (unique=24)
[2026-04-05T15:09:36.298Z] [INFO] [review agiz-dis-bakimi/531002942] page=1 +8 reviews (unique=8)
[2026-04-05T15:09:36.381Z] [INFO] [review agiz-dis-bakimi/513242491] page=9 +8 reviews (unique=72)
[2026-04-05T15:09:36.400Z] [INFO] [review agiz-dis-bakimi/720547256] page=11 +8 reviews (unique=88)
[2026-04-05T15:09:36.540Z] [INFO] [review agiz-dis-bakimi/705681615] page=11 +8 reviews (unique=88)
[2026-04-05T15:09:36.606Z] [INFO] [REVIEW SAVED] /mnt/c/Developer/Review_AI/scraper_project/raw_data/agiz-dis-bakimi/705681615_reviews.json
[2026-04-05T15:09:36.648Z] [INFO] [review agiz-dis-bakimi/580211424] page=5 +8 reviews (unique=40)
[2026-04-05T15:09:36.680Z] [INFO] [REVIEW PARTIAL SAVED] /mnt/c/Developer/Review_AI/scraper_project/raw_data/agiz-dis-bakimi/580211424_reviews.partial.json
[2026-04-05T15:09:36.713Z] [INFO] 
[REVIEW WORKER 6] starting agiz-dis-bakimi/580211310
[2026-04-05T15:09:36.745Z] [INFO] [review agiz-dis-bakimi/737857901] page=4 +8 reviews (unique=32)
[2026-04-05T15:09:37.067Z] [INFO] 
[START REVIEW] category=agiz-dis-bakimi productId=592132466 startPage=1
[2026-04-05T15:09:37.117Z] [INFO] [review agiz-dis-bakimi/589575164] page=4 +8 reviews (unique=32)
[2026-04-05T15:09:37.148Z] [INFO] [review agiz-dis-bakimi/597439297] page=19 +8 reviews (unique=152)
[2026-04-05T15:09:37.217Z] [INFO] [review agiz-dis-bakimi/531002942] page=2 +8 reviews (unique=16)
[2026-04-05T15:09:37.301Z] [INFO] [review agiz-dis-bakimi/720547256] page=12 +8 reviews (unique=96)
[2026-04-05T15:09:37.427Z] [INFO] [review agiz-dis-bakimi/513242491] page=10 +8 reviews (unique=80)
[2026-04-05T15:09:37.465Z] [INFO] [REVIEW PARTIAL SAVED] /mnt/c/Developer/Review_AI/scraper_project/raw_data/agiz-dis-bakimi/513242491_reviews.partial.json
[2026-04-05T15:09:37.518Z] [INFO] [review agiz-dis-bakimi/592132466] page=1 +8 reviews (unique=8)
[2026-04-05T15:09:37.562Z] [INFO] [review agiz-dis-bakimi/737857901] page=5 +4 reviews (unique=36)
[2026-04-05T15:09:37.617Z] [INFO] [REVIEW PARTIAL SAVED] /mnt/c/Developer/Review_AI/scraper_project/raw_data/agiz-dis-bakimi/737857901_reviews.partial.json
[2026-04-05T15:09:37.654Z] [INFO] [REVIEW SAVED] /mnt/c/Developer/Review_AI/scraper_project/raw_data/agiz-dis-bakimi/737857901_reviews.json
[2026-04-05T15:09:37.706Z] [INFO] 
[REVIEW WORKER 4] starting agiz-dis-bakimi/720547694
[2026-04-05T15:09:37.871Z] [INFO] [review agiz-dis-bakimi/589575164] page=5 +8 reviews (unique=40)
[2026-04-05T15:09:37.902Z] [INFO] [REVIEW PARTIAL SAVED] /mnt/c/Developer/Review_AI/scraper_project/raw_data/agiz-dis-bakimi/589575164_reviews.partial.json
[2026-04-05T15:09:37.932Z] [INFO] [review agiz-dis-bakimi/597439297] page=20 +8 reviews (unique=160)
[2026-04-05T15:09:37.963Z] [INFO] [REVIEW PARTIAL SAVED] /mnt/c/Developer/Review_AI/scraper_project/raw_data/agiz-dis-bakimi/597439297_reviews.partial.json
[2026-04-05T15:09:37.978Z] [INFO] [review agiz-dis-bakimi/531002942] page=3 +8 reviews (unique=24)
[2026-04-05T15:09:37.991Z] [INFO] [review agiz-dis-bakimi/580211424] page=6 +8 reviews (unique=48)
[2026-04-05T15:09:38.067Z] [INFO] 
[START REVIEW] category=agiz-dis-bakimi productId=726126718 startPage=1
[2026-04-05T15:09:38.096Z] [INFO] [review agiz-dis-bakimi/513242491] page=11 +8 reviews (unique=88)
[2026-04-05T15:09:38.205Z] [INFO] [review agiz-dis-bakimi/592132466] page=2 +8 reviews (unique=16)
[2026-04-05T15:09:38.222Z] [INFO] [review agiz-dis-bakimi/720547256] page=13 +8 reviews (unique=104)
[2026-04-05T15:09:38.469Z] [INFO] [review agiz-dis-bakimi/726126718] page=1 +8 reviews (unique=8)
[2026-04-05T15:09:38.611Z] [INFO] [review agiz-dis-bakimi/589575164] page=6 +8 reviews (unique=48)
[2026-04-05T15:09:38.644Z] [INFO] [review agiz-dis-bakimi/597439297] page=21 +8 reviews (unique=168)
[2026-04-05T15:09:38.661Z] [INFO] [REVIEW SAVED] /mnt/c/Developer/Review_AI/scraper_project/raw_data/agiz-dis-bakimi/597439297_reviews.json
[2026-04-05T15:09:38.680Z] [INFO] 
[REVIEW WORKER 1] starting agiz-dis-bakimi/732417658
[2026-04-05T15:09:38.770Z] [INFO] [review agiz-dis-bakimi/531002942] page=4 +8 reviews (unique=32)
[2026-04-05T15:09:38.827Z] [INFO] [review agiz-dis-bakimi/513242491] page=12 +8 reviews (unique=96)
[2026-04-05T15:09:38.844Z] [INFO] [review agiz-dis-bakimi/592132466] page=3 +8 reviews (unique=24)
[2026-04-05T15:09:38.895Z] [INFO] [review agiz-dis-bakimi/720547256] page=14 +8 reviews (unique=112)
[2026-04-05T15:09:39.086Z] [INFO] [review agiz-dis-bakimi/580211424] page=7 +8 reviews (unique=56)
[2026-04-05T15:09:39.205Z] [INFO] [review agiz-dis-bakimi/726126718] page=2 +8 reviews (unique=16)
[2026-04-05T15:09:39.218Z] [INFO] [REVIEW SAVED] /mnt/c/Developer/Review_AI/scraper_project/raw_data/agiz-dis-bakimi/726126718_reviews.json
[2026-04-05T15:09:39.236Z] [INFO] 
[REVIEW WORKER 10] starting agiz-dis-bakimi/583303449
[2026-04-05T15:09:39.280Z] [INFO] [review agiz-dis-bakimi/589575164] page=7 +8 reviews (unique=56)
[2026-04-05T15:09:39.415Z] [INFO] [review agiz-dis-bakimi/531002942] page=5 +8 reviews (unique=40)
[2026-04-05T15:09:39.425Z] [INFO] [REVIEW PARTIAL SAVED] /mnt/c/Developer/Review_AI/scraper_project/raw_data/agiz-dis-bakimi/531002942_reviews.partial.json
[2026-04-05T15:09:39.526Z] [INFO] [review agiz-dis-bakimi/592132466] page=4 +8 reviews (unique=32)
[2026-04-05T15:09:39.535Z] [INFO] [review agiz-dis-bakimi/720547256] page=15 +8 reviews (unique=120)
[2026-04-05T15:09:39.546Z] [INFO] [REVIEW PARTIAL SAVED] /mnt/c/Developer/Review_AI/scraper_project/raw_data/agiz-dis-bakimi/720547256_reviews.partial.json
[2026-04-05T15:09:39.597Z] [INFO] [review agiz-dis-bakimi/513242491] page=13 +8 reviews (unique=104)
[2026-04-05T15:09:39.698Z] [INFO] [review agiz-dis-bakimi/580211424] page=8 +8 reviews (unique=64)
[2026-04-05T15:09:39.899Z] [INFO] [review agiz-dis-bakimi/589575164] page=8 +8 reviews (unique=64)
[2026-04-05T15:09:40.063Z] [INFO] [review agiz-dis-bakimi/531002942] page=6 +8 reviews (unique=48)
[2026-04-05T15:09:40.134Z] [INFO] [review agiz-dis-bakimi/592132466] page=5 +8 reviews (unique=40)
[2026-04-05T15:09:40.144Z] [INFO] [REVIEW PARTIAL SAVED] /mnt/c/Developer/Review_AI/scraper_project/raw_data/agiz-dis-bakimi/592132466_reviews.partial.json
[2026-04-05T15:09:40.246Z] [INFO] [review agiz-dis-bakimi/720547256] page=16 +8 reviews (unique=128)
[2026-04-05T15:09:40.269Z] [INFO] [review agiz-dis-bakimi/513242491] page=14 +8 reviews (unique=112)
[2026-04-05T15:09:40.346Z] [INFO] [review agiz-dis-bakimi/580211424] page=9 +8 reviews (unique=72)
[2026-04-05T15:09:40.503Z] [INFO] [review agiz-dis-bakimi/589575164] page=9 +8 reviews (unique=72)
[2026-04-05T15:09:40.754Z] [INFO] [review agiz-dis-bakimi/531002942] page=7 +8 reviews (unique=56)
[2026-04-05T15:09:40.782Z] [INFO] 
[START REVIEW] category=agiz-dis-bakimi productId=580211310 startPage=1
[2026-04-05T15:09:40.840Z] [INFO] [review agiz-dis-bakimi/592132466] page=6 +8 reviews (unique=48)
[2026-04-05T15:09:40.924Z] [INFO] [review agiz-dis-bakimi/513242491] page=15 +8 reviews (unique=120)
[2026-04-05T15:09:40.939Z] [INFO] [REVIEW PARTIAL SAVED] /mnt/c/Developer/Review_AI/scraper_project/raw_data/agiz-dis-bakimi/513242491_reviews.partial.json
[2026-04-05T15:09:40.957Z] [INFO] [review agiz-dis-bakimi/720547256] page=17 +8 reviews (unique=136)
[2026-04-05T15:09:40.972Z] [INFO] [review agiz-dis-bakimi/580211424] page=10 +8 reviews (unique=80)
[2026-04-05T15:09:40.990Z] [INFO] [REVIEW PARTIAL SAVED] /mnt/c/Developer/Review_AI/scraper_project/raw_data/agiz-dis-bakimi/580211424_reviews.partial.json
[2026-04-05T15:09:41.042Z] [INFO] [review agiz-dis-bakimi/580211310] page=1 +8 reviews (unique=8)
[2026-04-05T15:09:41.213Z] [INFO] [review agiz-dis-bakimi/589575164] page=10 +8 reviews (unique=80)
[2026-04-05T15:09:41.225Z] [INFO] [REVIEW PARTIAL SAVED] /mnt/c/Developer/Review_AI/scraper_project/raw_data/agiz-dis-bakimi/589575164_reviews.partial.json
[2026-04-05T15:09:41.398Z] [INFO] [review agiz-dis-bakimi/531002942] page=8 +8 reviews (unique=64)
[2026-04-05T15:09:41.486Z] [INFO] [review agiz-dis-bakimi/592132466] page=7 +8 reviews (unique=56)
[2026-04-05T15:09:41.644Z] [INFO] [review agiz-dis-bakimi/580211424] page=11 +8 reviews (unique=88)
[2026-04-05T15:09:41.668Z] [INFO] [review agiz-dis-bakimi/513242491] page=16 +8 reviews (unique=128)
[2026-04-05T15:09:41.681Z] [INFO] [review agiz-dis-bakimi/720547256] page=18 +8 reviews (unique=144)
[2026-04-05T15:09:41.734Z] [INFO] [review agiz-dis-bakimi/580211310] page=2 +8 reviews (unique=16)
[2026-04-05T15:09:41.939Z] [INFO] 
[START REVIEW] category=agiz-dis-bakimi productId=720547694 startPage=1
[2026-04-05T15:09:41.945Z] [INFO] [review agiz-dis-bakimi/589575164] page=11 +8 reviews (unique=88)
[2026-04-05T15:09:42.059Z] [INFO] [review agiz-dis-bakimi/531002942] page=9 +8 reviews (unique=72)
[2026-04-05T15:09:42.145Z] [INFO] [review agiz-dis-bakimi/592132466] page=8 +8 reviews (unique=64)
[2026-04-05T15:09:42.243Z] [INFO] [review agiz-dis-bakimi/720547694] page=1 +8 reviews (unique=8)
[2026-04-05T15:09:42.322Z] [INFO] [review agiz-dis-bakimi/580211424] page=12 +8 reviews (unique=96)
[2026-04-05T15:09:42.359Z] [INFO] [review agiz-dis-bakimi/580211310] page=3 +8 reviews (unique=24)
[2026-04-05T15:09:42.368Z] [INFO] [review agiz-dis-bakimi/513242491] page=17 +8 reviews (unique=136)
[2026-04-05T15:09:42.413Z] [INFO] [review agiz-dis-bakimi/720547256] page=19 +8 reviews (unique=152)
[2026-04-05T15:09:42.677Z] [INFO] [review agiz-dis-bakimi/589575164] page=12 +8 reviews (unique=96)
[2026-04-05T15:09:42.723Z] [INFO] 
[START REVIEW] category=agiz-dis-bakimi productId=732417658 startPage=1
[2026-04-05T15:09:42.873Z] [INFO] [review agiz-dis-bakimi/592132466] page=9 +8 reviews (unique=72)
[2026-04-05T15:09:42.974Z] [INFO] [review agiz-dis-bakimi/580211310] page=4 +8 reviews (unique=32)
[2026-04-05T15:09:42.982Z] [INFO] [review agiz-dis-bakimi/732417658] page=1 +8 reviews (unique=8)
[2026-04-05T15:09:42.987Z] [INFO] [review agiz-dis-bakimi/720547694] page=2 +8 reviews (unique=16)
[2026-04-05T15:09:43.010Z] [INFO] [review agiz-dis-bakimi/580211424] page=13 +8 reviews (unique=104)
[2026-04-05T15:09:43.019Z] [INFO] [review agiz-dis-bakimi/513242491] page=18 +8 reviews (unique=144)
[2026-04-05T15:09:43.079Z] [INFO] [review agiz-dis-bakimi/531002942] page=10 +8 reviews (unique=80)
[2026-04-05T15:09:43.086Z] [INFO] [REVIEW PARTIAL SAVED] /mnt/c/Developer/Review_AI/scraper_project/raw_data/agiz-dis-bakimi/531002942_reviews.partial.json
[2026-04-05T15:09:43.115Z] [INFO] 
[START REVIEW] category=agiz-dis-bakimi productId=583303449 startPage=1
[2026-04-05T15:09:43.196Z] [INFO] [review agiz-dis-bakimi/720547256] page=20 +8 reviews (unique=160)
[2026-04-05T15:09:43.204Z] [INFO] [REVIEW PARTIAL SAVED] /mnt/c/Developer/Review_AI/scraper_project/raw_data/agiz-dis-bakimi/720547256_reviews.partial.json
[2026-04-05T15:09:43.337Z] [INFO] [review agiz-dis-bakimi/589575164] page=13 +8 reviews (unique=104)
[2026-04-05T15:09:43.356Z] [INFO] [review agiz-dis-bakimi/583303449] page=1 +8 reviews (unique=8)
[2026-04-05T15:09:43.492Z] [INFO] [review agiz-dis-bakimi/592132466] page=10 +1 reviews (unique=73)
[2026-04-05T15:09:43.497Z] [INFO] [REVIEW PARTIAL SAVED] /mnt/c/Developer/Review_AI/scraper_project/raw_data/agiz-dis-bakimi/592132466_reviews.partial.json
[2026-04-05T15:09:43.510Z] [INFO] [REVIEW SAVED] /mnt/c/Developer/Review_AI/scraper_project/raw_data/agiz-dis-bakimi/592132466_reviews.json
[2026-04-05T15:09:43.533Z] [INFO] 
[REVIEW WORKER 9] starting agiz-dis-bakimi/598807916
[2026-04-05T15:09:43.680Z] [INFO] [review agiz-dis-bakimi/732417658] page=2 +8 reviews (unique=16)
[2026-04-05T15:09:43.686Z] [INFO] [review agiz-dis-bakimi/720547694] page=3 +8 reviews (unique=24)
[2026-04-05T15:09:43.767Z] [INFO] [review agiz-dis-bakimi/580211424] page=14 +8 reviews (unique=112)
[2026-04-05T15:09:43.810Z] [INFO] [review agiz-dis-bakimi/531002942] page=11 +8 reviews (unique=88)
[2026-04-05T15:09:43.818Z] [INFO] [review agiz-dis-bakimi/720547256] page=21 +8 reviews (unique=168)
[2026-04-05T15:09:43.928Z] [INFO] [review agiz-dis-bakimi/580211310] page=5 +8 reviews (unique=40)
[2026-04-05T15:09:43.936Z] [INFO] [REVIEW PARTIAL SAVED] /mnt/c/Developer/Review_AI/scraper_project/raw_data/agiz-dis-bakimi/580211310_reviews.partial.json
[2026-04-05T15:09:43.939Z] [INFO] [review agiz-dis-bakimi/589575164] page=14 +8 reviews (unique=112)
[2026-04-05T15:09:43.946Z] [INFO] [review agiz-dis-bakimi/513242491] page=19 +8 reviews (unique=152)
[2026-04-05T15:09:44.173Z] [INFO] [review agiz-dis-bakimi/583303449] page=2 +3 reviews (unique=11)
[2026-04-05T15:09:44.187Z] [INFO] [REVIEW SAVED] /mnt/c/Developer/Review_AI/scraper_project/raw_data/agiz-dis-bakimi/583303449_reviews.json
[2026-04-05T15:09:44.204Z] [INFO] 
[REVIEW WORKER 10] starting agiz-dis-bakimi/710431718
[2026-04-05T15:09:44.371Z] [INFO] [review agiz-dis-bakimi/732417658] page=3 +8 reviews (unique=24)
[2026-04-05T15:09:44.468Z] [INFO] [review agiz-dis-bakimi/531002942] page=12 +8 reviews (unique=96)
[2026-04-05T15:09:44.603Z] [INFO] [review agiz-dis-bakimi/513242491] page=20 +8 reviews (unique=160)
[2026-04-05T15:09:44.610Z] [INFO] [REVIEW PARTIAL SAVED] /mnt/c/Developer/Review_AI/scraper_project/raw_data/agiz-dis-bakimi/513242491_reviews.partial.json
[2026-04-05T15:09:44.620Z] [INFO] [review agiz-dis-bakimi/580211310] page=6 +8 reviews (unique=48)
[2026-04-05T15:09:44.654Z] [INFO] [review agiz-dis-bakimi/720547256] page=22 +8 reviews (unique=176)
[2026-04-05T15:09:44.662Z] [INFO] [review agiz-dis-bakimi/720547694] page=4 +8 reviews (unique=32)
[2026-04-05T15:09:44.751Z] [INFO] [review agiz-dis-bakimi/580211424] page=15 +8 reviews (unique=120)
[2026-04-05T15:09:44.760Z] [INFO] [REVIEW PARTIAL SAVED] /mnt/c/Developer/Review_AI/scraper_project/raw_data/agiz-dis-bakimi/580211424_reviews.partial.json
[2026-04-05T15:09:44.763Z] [INFO] [review agiz-dis-bakimi/589575164] page=15 +8 reviews (unique=120)
[2026-04-05T15:09:44.772Z] [INFO] [REVIEW PARTIAL SAVED] /mnt/c/Developer/Review_AI/scraper_project/raw_data/agiz-dis-bakimi/589575164_reviews.partial.json
[2026-04-05T15:09:45.043Z] [INFO] [review agiz-dis-bakimi/732417658] page=4 +8 reviews (unique=32)
[2026-04-05T15:09:45.162Z] [INFO] [review agiz-dis-bakimi/531002942] page=13 +8 reviews (unique=104)
[2026-04-05T15:09:45.281Z] [INFO] [review agiz-dis-bakimi/720547256] page=23 +8 reviews (unique=184)
[2026-04-05T15:09:45.318Z] [INFO] [review agiz-dis-bakimi/580211310] page=7 +8 reviews (unique=56)
[2026-04-05T15:09:45.323Z] [INFO] [review agiz-dis-bakimi/513242491] page=21 +8 reviews (unique=168)
[2026-04-05T15:09:45.337Z] [INFO] [review agiz-dis-bakimi/720547694] page=5 +8 reviews (unique=40)
[2026-04-05T15:09:45.349Z] [INFO] [REVIEW PARTIAL SAVED] /mnt/c/Developer/Review_AI/scraper_project/raw_data/agiz-dis-bakimi/720547694_reviews.partial.json
[2026-04-05T15:09:45.367Z] [INFO] [review agiz-dis-bakimi/580211424] page=16 +8 reviews (unique=128)
[2026-04-05T15:09:45.468Z] [INFO] [review agiz-dis-bakimi/589575164] page=16 +8 reviews (unique=128)
[2026-04-05T15:09:45.766Z] [INFO] [review agiz-dis-bakimi/531002942] page=14 +8 reviews (unique=112)
[2026-04-05T15:09:45.806Z] [INFO] [review agiz-dis-bakimi/732417658] page=5 +8 reviews (unique=40)
[2026-04-05T15:09:45.833Z] [INFO] [REVIEW PARTIAL SAVED] /mnt/c/Developer/Review_AI/scraper_project/raw_data/agiz-dis-bakimi/732417658_reviews.partial.json
[2026-04-05T15:09:45.930Z] [INFO] [review agiz-dis-bakimi/580211310] page=8 +8 reviews (unique=64)
[2026-04-05T15:09:45.966Z] [INFO] [review agiz-dis-bakimi/580211424] page=17 +8 reviews (unique=136)
[2026-04-05T15:09:45.988Z] [INFO] [review agiz-dis-bakimi/720547256] page=24 +8 reviews (unique=192)
[2026-04-05T15:09:46.024Z] [INFO] [review agiz-dis-bakimi/513242491] page=22 +8 reviews (unique=176)
[2026-04-05T15:09:46.071Z] [INFO] [review agiz-dis-bakimi/720547694] page=6 +8 reviews (unique=48)
[2026-04-05T15:09:46.083Z] [INFO] [review agiz-dis-bakimi/589575164] page=17 +8 reviews (unique=136)
[2026-04-05T15:09:46.477Z] [INFO] [review agiz-dis-bakimi/531002942] page=15 +8 reviews (unique=120)
[2026-04-05T15:09:46.487Z] [INFO] [REVIEW PARTIAL SAVED] /mnt/c/Developer/Review_AI/scraper_project/raw_data/agiz-dis-bakimi/531002942_reviews.partial.json
[2026-04-05T15:09:46.553Z] [INFO] [review agiz-dis-bakimi/732417658] page=6 +8 reviews (unique=48)
[2026-04-05T15:09:46.676Z] [INFO] [review agiz-dis-bakimi/513242491] page=23 +8 reviews (unique=184)
[2026-04-05T15:09:46.720Z] [INFO] [review agiz-dis-bakimi/589575164] page=18 +8 reviews (unique=144)
[2026-04-05T15:09:46.727Z] [INFO] [review agiz-dis-bakimi/580211310] page=9 +8 reviews (unique=72)
[2026-04-05T15:09:46.767Z] [INFO] [review agiz-dis-bakimi/580211424] page=18 +8 reviews (unique=144)
[2026-04-05T15:09:46.787Z] [INFO] [review agiz-dis-bakimi/720547256] page=25 +8 reviews (unique=200)
[2026-04-05T15:09:46.805Z] [INFO] [REVIEW PARTIAL SAVED] /mnt/c/Developer/Review_AI/scraper_project/raw_data/agiz-dis-bakimi/720547256_reviews.partial.json
[2026-04-05T15:09:46.809Z] [INFO] [review agiz-dis-bakimi/720547694] page=7 +8 reviews (unique=56)
[2026-04-05T15:09:47.154Z] [INFO] [review agiz-dis-bakimi/732417658] page=7 +8 reviews (unique=56)
[2026-04-05T15:09:47.163Z] [INFO] [review agiz-dis-bakimi/531002942] page=16 +8 reviews (unique=128)
[2026-04-05T15:09:47.355Z] [INFO] [review agiz-dis-bakimi/513242491] page=24 +8 reviews (unique=192)
[2026-04-05T15:09:47.426Z] [INFO] [review agiz-dis-bakimi/589575164] page=19 +8 reviews (unique=152)
[2026-04-05T15:09:47.451Z] [INFO] [review agiz-dis-bakimi/580211310] page=10 +8 reviews (unique=80)
[2026-04-05T15:09:47.464Z] [INFO] [REVIEW PARTIAL SAVED] /mnt/c/Developer/Review_AI/scraper_project/raw_data/agiz-dis-bakimi/580211310_reviews.partial.json
[2026-04-05T15:09:47.468Z] [INFO] [review agiz-dis-bakimi/720547256] page=26 +8 reviews (unique=208)
[2026-04-05T15:09:47.480Z] [INFO] [review agiz-dis-bakimi/580211424] page=19 +8 reviews (unique=152)
[2026-04-05T15:09:47.509Z] [INFO] [review agiz-dis-bakimi/720547694] page=8 +8 reviews (unique=64)
[2026-04-05T15:09:47.537Z] [INFO] 
[START REVIEW] category=agiz-dis-bakimi productId=598807916 startPage=1
[2026-04-05T15:09:47.773Z] [INFO] [review agiz-dis-bakimi/598807916] page=1 +8 reviews (unique=8)
[2026-04-05T15:09:47.807Z] [INFO] [review agiz-dis-bakimi/531002942] page=17 +8 reviews (unique=136)
[2026-04-05T15:09:47.846Z] [INFO] [review agiz-dis-bakimi/732417658] page=8 +8 reviews (unique=64)
[2026-04-05T15:09:48.007Z] [INFO] [review agiz-dis-bakimi/589575164] page=20 +8 reviews (unique=160)
[2026-04-05T15:09:48.015Z] [INFO] [REVIEW PARTIAL SAVED] /mnt/c/Developer/Review_AI/scraper_project/raw_data/agiz-dis-bakimi/589575164_reviews.partial.json
[2026-04-05T15:09:48.093Z] [INFO] [review agiz-dis-bakimi/513242491] page=25 +8 reviews (unique=200)
[2026-04-05T15:09:48.101Z] [INFO] [REVIEW PARTIAL SAVED] /mnt/c/Developer/Review_AI/scraper_project/raw_data/agiz-dis-bakimi/513242491_reviews.partial.json
[2026-04-05T15:09:48.124Z] [INFO] [review agiz-dis-bakimi/580211310] page=11 +8 reviews (unique=88)
[2026-04-05T15:09:48.132Z] [INFO] [review agiz-dis-bakimi/720547256] page=27 +8 reviews (unique=216)
[2026-04-05T15:09:48.210Z] [INFO] [review agiz-dis-bakimi/720547694] page=9 +8 reviews (unique=72)
[2026-04-05T15:09:48.243Z] [INFO] [review agiz-dis-bakimi/580211424] page=20 +8 reviews (unique=160)
[2026-04-05T15:09:48.254Z] [INFO] [REVIEW PARTIAL SAVED] /mnt/c/Developer/Review_AI/scraper_project/raw_data/agiz-dis-bakimi/580211424_reviews.partial.json
[2026-04-05T15:09:48.450Z] [INFO] [review agiz-dis-bakimi/531002942] page=18 +6 reviews (unique=142)
[2026-04-05T15:09:48.467Z] [INFO] [REVIEW SAVED] /mnt/c/Developer/Review_AI/scraper_project/raw_data/agiz-dis-bakimi/531002942_reviews.json
[2026-04-05T15:09:48.471Z] [INFO] [review agiz-dis-bakimi/598807916] page=2 +4 reviews (unique=12)
[2026-04-05T15:09:48.485Z] [INFO] [REVIEW SAVED] /mnt/c/Developer/Review_AI/scraper_project/raw_data/agiz-dis-bakimi/598807916_reviews.json
[2026-04-05T15:09:48.500Z] [INFO] 
[REVIEW WORKER 9] starting agiz-dis-bakimi/646156829
[2026-04-05T15:09:48.510Z] [INFO] 
[REVIEW WORKER 5] starting agiz-dis-bakimi/651068785
[2026-04-05T15:09:48.604Z] [INFO] [review agiz-dis-bakimi/732417658] page=9 +8 reviews (unique=72)
[2026-04-05T15:09:48.757Z] [INFO] [review agiz-dis-bakimi/580211310] page=12 +8 reviews (unique=96)
[2026-04-05T15:09:48.764Z] [INFO] [review agiz-dis-bakimi/589575164] page=21 +8 reviews (unique=168)
[2026-04-05T15:09:48.776Z] [INFO] [review agiz-dis-bakimi/513242491] page=26 +8 reviews (unique=208)
[2026-04-05T15:09:48.881Z] [INFO] [review agiz-dis-bakimi/580211424] page=21 +8 reviews (unique=168)
[2026-04-05T15:09:48.893Z] [INFO] [review agiz-dis-bakimi/720547694] page=10 +8 reviews (unique=80)
[2026-04-05T15:09:48.905Z] [INFO] [REVIEW PARTIAL SAVED] /mnt/c/Developer/Review_AI/scraper_project/raw_data/agiz-dis-bakimi/720547694_reviews.partial.json
[2026-04-05T15:09:48.981Z] [INFO] [review agiz-dis-bakimi/720547256] page=28 +8 reviews (unique=224)
[2026-04-05T15:09:49.319Z] [INFO] [review agiz-dis-bakimi/732417658] page=10 +8 reviews (unique=80)
[2026-04-05T15:09:49.325Z] [INFO] [REVIEW PARTIAL SAVED] /mnt/c/Developer/Review_AI/scraper_project/raw_data/agiz-dis-bakimi/732417658_reviews.partial.json
[2026-04-05T15:09:49.426Z] [INFO] [review agiz-dis-bakimi/589575164] page=22 +8 reviews (unique=176)
[2026-04-05T15:09:49.449Z] [INFO] [review agiz-dis-bakimi/580211310] page=13 +8 reviews (unique=104)
[2026-04-05T15:09:49.645Z] [INFO] [review agiz-dis-bakimi/580211424] page=22 +8 reviews (unique=176)
[2026-04-05T15:09:49.672Z] [INFO] [review agiz-dis-bakimi/720547694] page=11 +8 reviews (unique=88)
[2026-04-05T15:09:49.684Z] [INFO] [review agiz-dis-bakimi/720547256] page=29 +8 reviews (unique=232)
[2026-04-05T15:09:49.995Z] [INFO] [review agiz-dis-bakimi/732417658] page=11 +8 reviews (unique=88)
[2026-04-05T15:09:50.038Z] [INFO] [review agiz-dis-bakimi/589575164] page=23 +8 reviews (unique=184)
[2026-04-05T15:09:50.104Z] [INFO] [review agiz-dis-bakimi/580211310] page=14 +8 reviews (unique=112)
[2026-04-05T15:09:50.291Z] [INFO] [review agiz-dis-bakimi/580211424] page=23 +8 reviews (unique=184)
[2026-04-05T15:09:50.320Z] [INFO] [review agiz-dis-bakimi/720547694] page=12 +8 reviews (unique=96)
[2026-04-05T15:09:50.603Z] [INFO] [review agiz-dis-bakimi/732417658] page=12 +8 reviews (unique=96)
[2026-04-05T15:09:50.679Z] [INFO] [review agiz-dis-bakimi/720547256] page=30 +8 reviews (unique=240)
[2026-04-05T15:09:50.695Z] [INFO] [REVIEW PARTIAL SAVED] /mnt/c/Developer/Review_AI/scraper_project/raw_data/agiz-dis-bakimi/720547256_reviews.partial.json
[2026-04-05T15:09:50.764Z] [INFO] [review agiz-dis-bakimi/580211310] page=15 +8 reviews (unique=120)
[2026-04-05T15:09:50.774Z] [INFO] [REVIEW PARTIAL SAVED] /mnt/c/Developer/Review_AI/scraper_project/raw_data/agiz-dis-bakimi/580211310_reviews.partial.json
[2026-04-05T15:09:50.780Z] [INFO] [review agiz-dis-bakimi/589575164] page=24 +8 reviews (unique=192)
[2026-04-05T15:09:50.956Z] [INFO] [review agiz-dis-bakimi/580211424] page=24 +8 reviews (unique=192)
[2026-04-05T15:09:51.003Z] [INFO] [review agiz-dis-bakimi/720547694] page=13 +8 reviews (unique=104)
[2026-04-05T15:09:51.288Z] [INFO] [review agiz-dis-bakimi/732417658] page=13 +8 reviews (unique=104)
[2026-04-05T15:09:51.321Z] [INFO] [review agiz-dis-bakimi/720547256] page=31 +8 reviews (unique=248)
[2026-04-05T15:09:51.450Z] [INFO] [review agiz-dis-bakimi/589575164] page=25 +8 reviews (unique=200)
[2026-04-05T15:09:51.464Z] [INFO] [REVIEW PARTIAL SAVED] /mnt/c/Developer/Review_AI/scraper_project/raw_data/agiz-dis-bakimi/589575164_reviews.partial.json
[2026-04-05T15:09:51.489Z] [INFO] [review agiz-dis-bakimi/580211310] page=16 +8 reviews (unique=128)
[2026-04-05T15:09:51.629Z] [INFO] [review agiz-dis-bakimi/580211424] page=25 +8 reviews (unique=200)
[2026-04-05T15:09:51.641Z] [INFO] [REVIEW PARTIAL SAVED] /mnt/c/Developer/Review_AI/scraper_project/raw_data/agiz-dis-bakimi/580211424_reviews.partial.json
[2026-04-05T15:09:51.804Z] [INFO] [review agiz-dis-bakimi/720547694] page=14 +8 reviews (unique=112)
[2026-04-05T15:09:51.899Z] [INFO] [review agiz-dis-bakimi/732417658] page=14 +8 reviews (unique=112)
[2026-04-05T15:09:52.126Z] [INFO] [review agiz-dis-bakimi/589575164] page=26 +8 reviews (unique=208)
[2026-04-05T15:09:52.186Z] [INFO] [review agiz-dis-bakimi/580211310] page=17 +8 reviews (unique=136)
[2026-04-05T15:09:52.236Z] [INFO] 
[START REVIEW] category=agiz-dis-bakimi productId=651068785 startPage=1
[2026-04-05T15:09:52.275Z] [INFO] [review agiz-dis-bakimi/580211424] page=26 +8 reviews (unique=208)
[2026-04-05T15:09:52.293Z] [INFO] [review agiz-dis-bakimi/720547256] page=32 +8 reviews (unique=256)
[2026-04-05T15:09:52.357Z] [INFO] 
[START REVIEW] category=agiz-dis-bakimi productId=646156829 startPage=1
[2026-04-05T15:09:52.493Z] [INFO] [review agiz-dis-bakimi/720547694] page=15 +8 reviews (unique=120)
[2026-04-05T15:09:52.502Z] [INFO] [REVIEW PARTIAL SAVED] /mnt/c/Developer/Review_AI/scraper_project/raw_data/agiz-dis-bakimi/720547694_reviews.partial.json
[2026-04-05T15:09:52.508Z] [INFO] [review agiz-dis-bakimi/651068785] page=1 +8 reviews (unique=8)
[2026-04-05T15:09:52.532Z] [INFO] [review agiz-dis-bakimi/732417658] page=15 +8 reviews (unique=120)
[2026-04-05T15:09:52.541Z] [INFO] [REVIEW PARTIAL SAVED] /mnt/c/Developer/Review_AI/scraper_project/raw_data/agiz-dis-bakimi/732417658_reviews.partial.json
[2026-04-05T15:09:52.603Z] [INFO] [review agiz-dis-bakimi/646156829] page=1 +8 reviews (unique=8)
[2026-04-05T15:09:52.834Z] [INFO] [review agiz-dis-bakimi/580211310] page=18 +8 reviews (unique=144)
[2026-04-05T15:09:52.976Z] [INFO] [review agiz-dis-bakimi/720547256] page=33 +8 reviews (unique=264)
[2026-04-05T15:09:52.984Z] [INFO] [review agiz-dis-bakimi/589575164] page=27 +8 reviews (unique=216)
[2026-04-05T15:09:53.087Z] [INFO] 
[START REVIEW] category=agiz-dis-bakimi productId=710431718 startPage=1
[2026-04-05T15:09:53.176Z] [INFO] [review agiz-dis-bakimi/651068785] page=2 +8 reviews (unique=16)
[2026-04-05T15:09:53.234Z] [INFO] [review agiz-dis-bakimi/732417658] page=16 +8 reviews (unique=128)
[2026-04-05T15:09:53.245Z] [INFO] [review agiz-dis-bakimi/720547694] page=16 +8 reviews (unique=128)
[2026-04-05T15:09:53.288Z] [INFO] [review agiz-dis-bakimi/580211424] page=27 +8 reviews (unique=216)
[2026-04-05T15:09:53.316Z] [INFO] [review agiz-dis-bakimi/646156829] page=2 +8 reviews (unique=16)
[2026-04-05T15:09:53.376Z] [INFO] [review agiz-dis-bakimi/710431718] page=1 +8 reviews (unique=8)
[2026-04-05T15:09:53.458Z] [INFO] [review agiz-dis-bakimi/580211310] page=19 +8 reviews (unique=152)
[2026-04-05T15:09:53.683Z] [INFO] [review agiz-dis-bakimi/720547256] page=34 +8 reviews (unique=272)
[2026-04-05T15:09:53.687Z] [INFO] [review agiz-dis-bakimi/589575164] page=28 +8 reviews (unique=224)
[2026-04-05T15:09:53.845Z] [INFO] [review agiz-dis-bakimi/720547694] page=17 +8 reviews (unique=136)
[2026-04-05T15:09:53.853Z] [INFO] [review agiz-dis-bakimi/651068785] page=3 +8 reviews (unique=24)
[2026-04-05T15:09:53.875Z] [INFO] [review agiz-dis-bakimi/732417658] page=17 +8 reviews (unique=136)
[2026-04-05T15:09:53.915Z] [INFO] [review agiz-dis-bakimi/513242491] page=27 +8 reviews (unique=216)
[2026-04-05T15:09:53.928Z] [INFO] [review agiz-dis-bakimi/646156829] page=3 +8 reviews (unique=24)
[2026-04-05T15:09:53.933Z] [INFO] [review agiz-dis-bakimi/580211424] page=28 +8 reviews (unique=224)
[2026-04-05T15:09:54.076Z] [INFO] [review agiz-dis-bakimi/710431718] page=2 +8 reviews (unique=16)
[2026-04-05T15:09:54.129Z] [INFO] [review agiz-dis-bakimi/580211310] page=20 +8 reviews (unique=160)
[2026-04-05T15:09:54.135Z] [INFO] [REVIEW PARTIAL SAVED] /mnt/c/Developer/Review_AI/scraper_project/raw_data/agiz-dis-bakimi/580211310_reviews.partial.json
[2026-04-05T15:09:54.279Z] [INFO] [review agiz-dis-bakimi/720547256] page=35 +8 reviews (unique=280)
[2026-04-05T15:09:54.290Z] [INFO] [REVIEW PARTIAL SAVED] /mnt/c/Developer/Review_AI/scraper_project/raw_data/agiz-dis-bakimi/720547256_reviews.partial.json
[2026-04-05T15:09:54.318Z] [INFO] [review agiz-dis-bakimi/589575164] page=29 +8 reviews (unique=232)
[2026-04-05T15:09:54.457Z] [INFO] [review agiz-dis-bakimi/720547694] page=18 +8 reviews (unique=144)
[2026-04-05T15:09:54.529Z] [INFO] [review agiz-dis-bakimi/513242491] page=28 +8 reviews (unique=224)
[2026-04-05T15:09:54.547Z] [INFO] [review agiz-dis-bakimi/732417658] page=18 +8 reviews (unique=144)
[2026-04-05T15:09:54.557Z] [INFO] [review agiz-dis-bakimi/651068785] page=4 +8 reviews (unique=32)
[2026-04-05T15:09:54.567Z] [INFO] [REVIEW SAVED] /mnt/c/Developer/Review_AI/scraper_project/raw_data/agiz-dis-bakimi/651068785_reviews.json
[2026-04-05T15:09:54.572Z] [INFO] [review agiz-dis-bakimi/646156829] page=4 +8 reviews (unique=32)
[2026-04-05T15:09:54.585Z] [INFO] [review agiz-dis-bakimi/580211424] page=29 +8 reviews (unique=232)
[2026-04-05T15:09:54.727Z] [INFO] [review agiz-dis-bakimi/580211310] page=21 +8 reviews (unique=168)
[2026-04-05T15:09:54.819Z] [INFO] [review agiz-dis-bakimi/710431718] page=3 +8 reviews (unique=24)
[2026-04-05T15:09:55.006Z] [INFO] [review agiz-dis-bakimi/589575164] page=30 +8 reviews (unique=240)
[2026-04-05T15:09:55.015Z] [INFO] [REVIEW PARTIAL SAVED] /mnt/c/Developer/Review_AI/scraper_project/raw_data/agiz-dis-bakimi/589575164_reviews.partial.json
[2026-04-05T15:09:55.042Z] [INFO] [review agiz-dis-bakimi/720547256] page=36 +8 reviews (unique=288)
[2026-04-05T15:09:55.099Z] [INFO] [review agiz-dis-bakimi/720547694] page=19 +8 reviews (unique=152)
[2026-04-05T15:09:55.130Z] [INFO] [review agiz-dis-bakimi/732417658] page=19 +8 reviews (unique=152)
[2026-04-05T15:09:55.164Z] [INFO] [review agiz-dis-bakimi/513242491] page=29 +8 reviews (unique=232)
[2026-04-05T15:09:55.241Z] [INFO] [review agiz-dis-bakimi/580211424] page=30 +8 reviews (unique=240)
[2026-04-05T15:09:55.250Z] [INFO] [REVIEW PARTIAL SAVED] /mnt/c/Developer/Review_AI/scraper_project/raw_data/agiz-dis-bakimi/580211424_reviews.partial.json
[2026-04-05T15:09:55.264Z] [INFO] [review agiz-dis-bakimi/646156829] page=5 +8 reviews (unique=40)
[2026-04-05T15:09:55.271Z] [INFO] [REVIEW PARTIAL SAVED] /mnt/c/Developer/Review_AI/scraper_project/raw_data/agiz-dis-bakimi/646156829_reviews.partial.json
[2026-04-05T15:09:55.343Z] [INFO] [review agiz-dis-bakimi/580211310] page=22 +8 reviews (unique=176)
[2026-04-05T15:09:55.479Z] [INFO] [review agiz-dis-bakimi/710431718] page=4 +8 reviews (unique=32)
[2026-04-05T15:09:55.641Z] [INFO] [review agiz-dis-bakimi/589575164] page=31 +8 reviews (unique=248)
[2026-04-05T15:09:55.700Z] [INFO] [review agiz-dis-bakimi/720547256] page=37 +8 reviews (unique=296)
[2026-04-05T15:09:55.746Z] [INFO] [review agiz-dis-bakimi/732417658] page=20 +8 reviews (unique=160)
[2026-04-05T15:09:55.754Z] [INFO] [REVIEW PARTIAL SAVED] /mnt/c/Developer/Review_AI/scraper_project/raw_data/agiz-dis-bakimi/732417658_reviews.partial.json
[2026-04-05T15:09:55.784Z] [INFO] [review agiz-dis-bakimi/513242491] page=30 +8 reviews (unique=240)
[2026-04-05T15:09:55.798Z] [INFO] [REVIEW PARTIAL SAVED] /mnt/c/Developer/Review_AI/scraper_project/raw_data/agiz-dis-bakimi/513242491_reviews.partial.json
[2026-04-05T15:09:55.801Z] [INFO] [review agiz-dis-bakimi/720547694] page=20 +8 reviews (unique=160)
[2026-04-05T15:09:55.809Z] [INFO] [REVIEW PARTIAL SAVED] /mnt/c/Developer/Review_AI/scraper_project/raw_data/agiz-dis-bakimi/720547694_reviews.partial.json
[2026-04-05T15:09:55.978Z] [INFO] [review agiz-dis-bakimi/646156829] page=6 +8 reviews (unique=48)
[2026-04-05T15:09:55.984Z] [INFO] [review agiz-dis-bakimi/580211424] page=31 +8 reviews (unique=248)
[2026-04-05T15:09:56.058Z] [INFO] [review agiz-dis-bakimi/580211310] page=23 +8 reviews (unique=184)
[2026-04-05T15:09:56.204Z] [INFO] [review agiz-dis-bakimi/710431718] page=5 +8 reviews (unique=40)
[2026-04-05T15:09:56.214Z] [INFO] [REVIEW PARTIAL SAVED] /mnt/c/Developer/Review_AI/scraper_project/raw_data/agiz-dis-bakimi/710431718_reviews.partial.json
[2026-04-05T15:09:56.281Z] [INFO] [review agiz-dis-bakimi/589575164] page=32 +8 reviews (unique=256)
[2026-04-05T15:09:56.365Z] [INFO] [review agiz-dis-bakimi/732417658] page=21 +8 reviews (unique=168)
[2026-04-05T15:09:56.391Z] [INFO] [review agiz-dis-bakimi/720547256] page=38 +8 reviews (unique=304)
[2026-04-05T15:09:56.452Z] [INFO] [review agiz-dis-bakimi/513242491] page=31 +8 reviews (unique=248)
[2026-04-05T15:09:56.608Z] [INFO] [review agiz-dis-bakimi/580211424] page=32 +8 reviews (unique=256)
[2026-04-05T15:09:56.668Z] [INFO] [review agiz-dis-bakimi/646156829] page=7 +8 reviews (unique=56)
[2026-04-05T15:09:56.680Z] [INFO] [review agiz-dis-bakimi/580211310] page=24 +8 reviews (unique=192)
[2026-04-05T15:09:56.690Z] [INFO] [review agiz-dis-bakimi/720547694] page=21 +8 reviews (unique=168)
[2026-04-05T15:09:56.894Z] [INFO] [review agiz-dis-bakimi/710431718] page=6 +8 reviews (unique=48)
[2026-04-05T15:09:56.972Z] [INFO] [review agiz-dis-bakimi/589575164] page=33 +8 reviews (unique=264)
[2026-04-05T15:09:57.062Z] [INFO] [review agiz-dis-bakimi/720547256] page=39 +8 reviews (unique=312)
[2026-04-05T15:09:57.091Z] [INFO] [review agiz-dis-bakimi/732417658] page=22 +8 reviews (unique=176)
[2026-04-05T15:09:57.097Z] [INFO] [review agiz-dis-bakimi/513242491] page=32 +8 reviews (unique=256)
[2026-04-05T15:09:57.238Z] [INFO] [review agiz-dis-bakimi/580211424] page=33 +8 reviews (unique=264)
[2026-04-05T15:09:57.266Z] [INFO] [review agiz-dis-bakimi/646156829] page=8 +8 reviews (unique=64)
[2026-04-05T15:09:57.323Z] [INFO] [review agiz-dis-bakimi/580211310] page=25 +8 reviews (unique=200)
[2026-04-05T15:09:57.332Z] [INFO] [REVIEW PARTIAL SAVED] /mnt/c/Developer/Review_AI/scraper_project/raw_data/agiz-dis-bakimi/580211310_reviews.partial.json
[2026-04-05T15:09:57.357Z] [INFO] [review agiz-dis-bakimi/720547694] page=22 +8 reviews (unique=176)
[2026-04-05T15:09:57.583Z] [INFO] [review agiz-dis-bakimi/710431718] page=7 +4 reviews (unique=52)
[2026-04-05T15:09:57.605Z] [INFO] [REVIEW SAVED] /mnt/c/Developer/Review_AI/scraper_project/raw_data/agiz-dis-bakimi/710431718_reviews.json
[2026-04-05T15:09:57.654Z] [INFO] [review agiz-dis-bakimi/589575164] page=34 +8 reviews (unique=272)
[2026-04-05T15:09:57.684Z] [INFO] [review agiz-dis-bakimi/720547256] page=40 +8 reviews (unique=320)
[2026-04-05T15:09:57.694Z] [INFO] [REVIEW PARTIAL SAVED] /mnt/c/Developer/Review_AI/scraper_project/raw_data/agiz-dis-bakimi/720547256_reviews.partial.json
[2026-04-05T15:09:57.715Z] [INFO] [review agiz-dis-bakimi/732417658] page=23 +8 reviews (unique=184)
[2026-04-05T15:09:57.826Z] [INFO] [review agiz-dis-bakimi/513242491] page=33 +8 reviews (unique=264)
[2026-04-05T15:09:57.906Z] [INFO] [review agiz-dis-bakimi/580211424] page=34 +8 reviews (unique=272)
[2026-04-05T15:09:57.926Z] [INFO] [review agiz-dis-bakimi/646156829] page=9 +8 reviews (unique=72)
[2026-04-05T15:09:58.007Z] [INFO] [review agiz-dis-bakimi/720547694] page=23 +8 reviews (unique=184)
[2026-04-05T15:09:58.165Z] [INFO] [review agiz-dis-bakimi/580211310] page=26 +8 reviews (unique=208)
[2026-04-05T15:09:58.353Z] [INFO] [review agiz-dis-bakimi/720547256] page=41 +1 reviews (unique=321)
[2026-04-05T15:09:58.367Z] [INFO] [REVIEW SAVED] /mnt/c/Developer/Review_AI/scraper_project/raw_data/agiz-dis-bakimi/720547256_reviews.json
[2026-04-05T15:09:58.372Z] [INFO] [review agiz-dis-bakimi/589575164] page=35 +8 reviews (unique=280)
[2026-04-05T15:09:58.386Z] [INFO] [REVIEW PARTIAL SAVED] /mnt/c/Developer/Review_AI/scraper_project/raw_data/agiz-dis-bakimi/589575164_reviews.partial.json
[2026-04-05T15:09:58.424Z] [INFO] [review agiz-dis-bakimi/732417658] page=24 +8 reviews (unique=192)
[2026-04-05T15:09:58.478Z] [INFO] [review agiz-dis-bakimi/513242491] page=34 +8 reviews (unique=272)
[2026-04-05T15:09:58.598Z] [INFO] [review agiz-dis-bakimi/646156829] page=10 +8 reviews (unique=80)
[2026-04-05T15:09:58.605Z] [INFO] [REVIEW PARTIAL SAVED] /mnt/c/Developer/Review_AI/scraper_project/raw_data/agiz-dis-bakimi/646156829_reviews.partial.json
[2026-04-05T15:09:58.629Z] [INFO] [review agiz-dis-bakimi/720547694] page=24 +5 reviews (unique=189)
[2026-04-05T15:09:58.644Z] [INFO] [REVIEW SAVED] /mnt/c/Developer/Review_AI/scraper_project/raw_data/agiz-dis-bakimi/720547694_reviews.json
[2026-04-05T15:09:58.698Z] [INFO] [review agiz-dis-bakimi/580211424] page=35 +8 reviews (unique=280)
[2026-04-05T15:09:58.711Z] [INFO] [REVIEW PARTIAL SAVED] /mnt/c/Developer/Review_AI/scraper_project/raw_data/agiz-dis-bakimi/580211424_reviews.partial.json
[2026-04-05T15:09:58.822Z] [INFO] [review agiz-dis-bakimi/580211310] page=27 +8 reviews (unique=216)
[2026-04-05T15:09:59.032Z] [INFO] [review agiz-dis-bakimi/589575164] page=36 +8 reviews (unique=288)
[2026-04-05T15:09:59.129Z] [INFO] [review agiz-dis-bakimi/732417658] page=25 +8 reviews (unique=200)
[2026-04-05T15:09:59.138Z] [INFO] [REVIEW PARTIAL SAVED] /mnt/c/Developer/Review_AI/scraper_project/raw_data/agiz-dis-bakimi/732417658_reviews.partial.json
[2026-04-05T15:09:59.187Z] [INFO] [review agiz-dis-bakimi/513242491] page=35 +8 reviews (unique=280)
[2026-04-05T15:09:59.197Z] [INFO] [REVIEW PARTIAL SAVED] /mnt/c/Developer/Review_AI/scraper_project/raw_data/agiz-dis-bakimi/513242491_reviews.partial.json
[2026-04-05T15:09:59.266Z] [INFO] [review agiz-dis-bakimi/646156829] page=11 +8 reviews (unique=88)
[2026-04-05T15:09:59.401Z] [INFO] [review agiz-dis-bakimi/580211424] page=36 +8 reviews (unique=288)
[2026-04-05T15:09:59.464Z] [INFO] [review agiz-dis-bakimi/580211310] page=28 +8 reviews (unique=224)
[2026-04-05T15:09:59.716Z] [INFO] [review agiz-dis-bakimi/589575164] page=37 +8 reviews (unique=296)
[2026-04-05T15:09:59.768Z] [INFO] [review agiz-dis-bakimi/732417658] page=26 +8 reviews (unique=208)
[2026-04-05T15:09:59.887Z] [INFO] [review agiz-dis-bakimi/513242491] page=36 +8 reviews (unique=288)
[2026-04-05T15:09:59.916Z] [INFO] [review agiz-dis-bakimi/646156829] page=12 +8 reviews (unique=96)
[2026-04-05T15:10:00.080Z] [INFO] [review agiz-dis-bakimi/580211424] page=37 +8 reviews (unique=296)
[2026-04-05T15:10:00.120Z] [INFO] [review agiz-dis-bakimi/580211310] page=29 +8 reviews (unique=232)
[2026-04-05T15:10:00.422Z] [INFO] [review agiz-dis-bakimi/589575164] page=38 +8 reviews (unique=304)
[2026-04-05T15:10:00.520Z] [INFO] [review agiz-dis-bakimi/646156829] page=13 +8 reviews (unique=104)
[2026-04-05T15:10:00.525Z] [INFO] [review agiz-dis-bakimi/732417658] page=27 +8 reviews (unique=216)
[2026-04-05T15:10:00.602Z] [INFO] [review agiz-dis-bakimi/513242491] page=37 +8 reviews (unique=296)
[2026-04-05T15:10:00.812Z] [INFO] [review agiz-dis-bakimi/580211310] page=30 +8 reviews (unique=240)
[2026-04-05T15:10:00.824Z] [INFO] [REVIEW PARTIAL SAVED] /mnt/c/Developer/Review_AI/scraper_project/raw_data/agiz-dis-bakimi/580211310_reviews.partial.json
[2026-04-05T15:10:00.914Z] [INFO] [review agiz-dis-bakimi/580211424] page=38 +8 reviews (unique=304)
[2026-04-05T15:10:01.148Z] [INFO] [review agiz-dis-bakimi/589575164] page=39 +8 reviews (unique=312)
[2026-04-05T15:10:01.162Z] [INFO] [review agiz-dis-bakimi/732417658] page=28 +8 reviews (unique=224)
[2026-04-05T15:10:01.246Z] [INFO] [review agiz-dis-bakimi/513242491] page=38 +8 reviews (unique=304)
[2026-04-05T15:10:01.451Z] [INFO] [review agiz-dis-bakimi/646156829] page=14 +8 reviews (unique=112)
[2026-04-05T15:10:01.565Z] [INFO] [review agiz-dis-bakimi/580211310] page=31 +8 reviews (unique=248)
[2026-04-05T15:10:01.858Z] [INFO] [review agiz-dis-bakimi/732417658] page=29 +8 reviews (unique=232)
[2026-04-05T15:10:01.910Z] [INFO] [review agiz-dis-bakimi/513242491] page=39 +8 reviews (unique=312)
[2026-04-05T15:10:02.103Z] [INFO] [review agiz-dis-bakimi/646156829] page=15 +8 reviews (unique=120)
[2026-04-05T15:10:02.112Z] [INFO] [REVIEW PARTIAL SAVED] /mnt/c/Developer/Review_AI/scraper_project/raw_data/agiz-dis-bakimi/646156829_reviews.partial.json
[2026-04-05T15:10:02.167Z] [INFO] [review agiz-dis-bakimi/580211424] page=39 +8 reviews (unique=312)
[2026-04-05T15:10:02.176Z] [INFO] [review agiz-dis-bakimi/589575164] page=40 +8 reviews (unique=320)
[2026-04-05T15:10:02.185Z] [INFO] [REVIEW PARTIAL SAVED] /mnt/c/Developer/Review_AI/scraper_project/raw_data/agiz-dis-bakimi/589575164_reviews.partial.json
[2026-04-05T15:10:02.232Z] [INFO] [review agiz-dis-bakimi/580211310] page=32 +8 reviews (unique=256)
[2026-04-05T15:10:02.555Z] [INFO] [review agiz-dis-bakimi/513242491] page=40 +8 reviews (unique=320)
[2026-04-05T15:10:02.568Z] [INFO] [REVIEW PARTIAL SAVED] /mnt/c/Developer/Review_AI/scraper_project/raw_data/agiz-dis-bakimi/513242491_reviews.partial.json
[2026-04-05T15:10:02.572Z] [INFO] [review agiz-dis-bakimi/732417658] page=30 +8 reviews (unique=240)
[2026-04-05T15:10:02.586Z] [INFO] [REVIEW PARTIAL SAVED] /mnt/c/Developer/Review_AI/scraper_project/raw_data/agiz-dis-bakimi/732417658_reviews.partial.json
[2026-04-05T15:10:02.830Z] [INFO] [review agiz-dis-bakimi/580211424] page=40 +8 reviews (unique=320)
[2026-04-05T15:10:02.852Z] [INFO] [REVIEW PARTIAL SAVED] /mnt/c/Developer/Review_AI/scraper_project/raw_data/agiz-dis-bakimi/580211424_reviews.partial.json
[2026-04-05T15:10:02.855Z] [INFO] [review agiz-dis-bakimi/646156829] page=16 +8 reviews (unique=128)
[2026-04-05T15:10:02.896Z] [INFO] [review agiz-dis-bakimi/580211310] page=33 +8 reviews (unique=264)
[2026-04-05T15:10:02.911Z] [INFO] [review agiz-dis-bakimi/589575164] page=41 +8 reviews (unique=328)
[2026-04-05T15:10:03.212Z] [INFO] [review agiz-dis-bakimi/732417658] page=31 +8 reviews (unique=248)
[2026-04-05T15:10:03.223Z] [INFO] [review agiz-dis-bakimi/513242491] page=41 +8 reviews (unique=328)
[2026-04-05T15:10:03.547Z] [INFO] [review agiz-dis-bakimi/646156829] page=17 +8 reviews (unique=136)
[2026-04-05T15:10:03.620Z] [INFO] [review agiz-dis-bakimi/580211424] page=41 +8 reviews (unique=328)
[2026-04-05T15:10:03.626Z] [INFO] [review agiz-dis-bakimi/589575164] page=42 +8 reviews (unique=336)
[2026-04-05T15:10:03.658Z] [INFO] [review agiz-dis-bakimi/580211310] page=34 +8 reviews (unique=272)
[2026-04-05T15:10:03.893Z] [INFO] [review agiz-dis-bakimi/732417658] page=32 +8 reviews (unique=256)
[2026-04-05T15:10:03.936Z] [INFO] [review agiz-dis-bakimi/513242491] page=42 +8 reviews (unique=336)
[2026-04-05T15:10:04.248Z] [INFO] [review agiz-dis-bakimi/589575164] page=43 +8 reviews (unique=344)
[2026-04-05T15:10:04.286Z] [INFO] [review agiz-dis-bakimi/646156829] page=18 +8 reviews (unique=144)
[2026-04-05T15:10:04.392Z] [INFO] [review agiz-dis-bakimi/580211424] page=42 +8 reviews (unique=336)
[2026-04-05T15:10:04.418Z] [INFO] [review agiz-dis-bakimi/580211310] page=35 +8 reviews (unique=280)
[2026-04-05T15:10:04.426Z] [INFO] [REVIEW PARTIAL SAVED] /mnt/c/Developer/Review_AI/scraper_project/raw_data/agiz-dis-bakimi/580211310_reviews.partial.json
[2026-04-05T15:10:04.530Z] [INFO] [review agiz-dis-bakimi/732417658] page=33 +8 reviews (unique=264)
[2026-04-05T15:10:04.739Z] [INFO] [review agiz-dis-bakimi/513242491] page=43 +8 reviews (unique=344)
[2026-04-05T15:10:04.943Z] [INFO] [review agiz-dis-bakimi/589575164] page=44 +8 reviews (unique=352)
[2026-04-05T15:10:04.949Z] [INFO] [review agiz-dis-bakimi/646156829] page=19 +8 reviews (unique=152)
[2026-04-05T15:10:05.076Z] [INFO] [review agiz-dis-bakimi/580211310] page=36 +8 reviews (unique=288)
[2026-04-05T15:10:05.125Z] [INFO] [review agiz-dis-bakimi/580211424] page=43 +8 reviews (unique=344)
[2026-04-05T15:10:05.171Z] [INFO] [review agiz-dis-bakimi/732417658] page=34 +8 reviews (unique=272)
[2026-04-05T15:10:05.453Z] [INFO] [review agiz-dis-bakimi/513242491] page=44 +8 reviews (unique=352)
[2026-04-05T15:10:05.623Z] [INFO] [review agiz-dis-bakimi/646156829] page=20 +8 reviews (unique=160)
[2026-04-05T15:10:05.648Z] [INFO] [REVIEW PARTIAL SAVED] /mnt/c/Developer/Review_AI/scraper_project/raw_data/agiz-dis-bakimi/646156829_reviews.partial.json
[2026-04-05T15:10:05.669Z] [INFO] [review agiz-dis-bakimi/589575164] page=45 +8 reviews (unique=360)
[2026-04-05T15:10:05.678Z] [INFO] [REVIEW PARTIAL SAVED] /mnt/c/Developer/Review_AI/scraper_project/raw_data/agiz-dis-bakimi/589575164_reviews.partial.json
[2026-04-05T15:10:05.753Z] [INFO] [review agiz-dis-bakimi/580211424] page=44 +8 reviews (unique=352)
[2026-04-05T15:10:05.812Z] [INFO] [review agiz-dis-bakimi/580211310] page=37 +8 reviews (unique=296)
[2026-04-05T15:10:06.039Z] [INFO] [review agiz-dis-bakimi/732417658] page=35 +8 reviews (unique=280)
[2026-04-05T15:10:07.241Z] [INFO] [REVIEW PARTIAL SAVED] /mnt/c/Developer/Review_AI/scraper_project/raw_data/agiz-dis-bakimi/732417658_reviews.partial.json
[2026-04-05T15:10:07.301Z] [INFO] [review agiz-dis-bakimi/513242491] page=45 +8 reviews (unique=360)
[2026-04-05T15:10:07.309Z] [INFO] [REVIEW PARTIAL SAVED] /mnt/c/Developer/Review_AI/scraper_project/raw_data/agiz-dis-bakimi/513242491_reviews.partial.json
[2026-04-05T15:10:07.503Z] [INFO] [review agiz-dis-bakimi/589575164] page=46 +8 reviews (unique=368)
[2026-04-05T15:10:07.510Z] [INFO] [review agiz-dis-bakimi/646156829] page=21 +8 reviews (unique=168)
[2026-04-05T15:10:07.647Z] [INFO] [review agiz-dis-bakimi/580211424] page=45 +8 reviews (unique=360)
[2026-04-05T15:10:07.660Z] [INFO] [REVIEW PARTIAL SAVED] /mnt/c/Developer/Review_AI/scraper_project/raw_data/agiz-dis-bakimi/580211424_reviews.partial.json
[2026-04-05T15:10:07.702Z] [INFO] [review agiz-dis-bakimi/580211310] page=38 +8 reviews (unique=304)
[2026-04-05T15:10:07.913Z] [INFO] [review agiz-dis-bakimi/513242491] page=46 +8 reviews (unique=368)
[2026-04-05T15:10:07.949Z] [INFO] [review agiz-dis-bakimi/732417658] page=36 +8 reviews (unique=288)
[2026-04-05T15:10:08.143Z] [INFO] [review agiz-dis-bakimi/646156829] page=22 +8 reviews (unique=176)
[2026-04-05T15:10:08.173Z] [INFO] [review agiz-dis-bakimi/589575164] page=47 +8 reviews (unique=376)
[2026-04-05T15:10:08.330Z] [INFO] [review agiz-dis-bakimi/580211424] page=46 +8 reviews (unique=368)
[2026-04-05T15:10:08.416Z] [INFO] [review agiz-dis-bakimi/580211310] page=39 +8 reviews (unique=312)
[2026-04-05T15:10:08.632Z] [INFO] [review agiz-dis-bakimi/732417658] page=37 +5 reviews (unique=293)
[2026-04-05T15:10:08.657Z] [INFO] [REVIEW SAVED] /mnt/c/Developer/Review_AI/scraper_project/raw_data/agiz-dis-bakimi/732417658_reviews.json
[2026-04-05T15:10:08.661Z] [INFO] [review agiz-dis-bakimi/513242491] page=47 +8 reviews (unique=376)
[2026-04-05T15:10:08.849Z] [INFO] [review agiz-dis-bakimi/646156829] page=23 +8 reviews (unique=184)
[2026-04-05T15:10:08.881Z] [INFO] [review agiz-dis-bakimi/589575164] page=48 +8 reviews (unique=384)
[2026-04-05T15:10:09.116Z] [INFO] [review agiz-dis-bakimi/580211310] page=40 +8 reviews (unique=320)
[2026-04-05T15:10:09.125Z] [INFO] [REVIEW PARTIAL SAVED] /mnt/c/Developer/Review_AI/scraper_project/raw_data/agiz-dis-bakimi/580211310_reviews.partial.json
[2026-04-05T15:10:09.140Z] [INFO] [review agiz-dis-bakimi/580211424] page=47 +8 reviews (unique=376)
[2026-04-05T15:10:09.374Z] [INFO] [review agiz-dis-bakimi/513242491] page=48 +8 reviews (unique=384)
[2026-04-05T15:10:09.558Z] [INFO] [review agiz-dis-bakimi/589575164] page=49 +8 reviews (unique=392)
[2026-04-05T15:10:09.738Z] [INFO] [review agiz-dis-bakimi/646156829] page=24 +8 reviews (unique=192)
[2026-04-05T15:10:09.785Z] [INFO] [review agiz-dis-bakimi/580211310] page=41 +8 reviews (unique=328)
[2026-04-05T15:10:09.811Z] [INFO] [review agiz-dis-bakimi/580211424] page=48 +8 reviews (unique=384)
[2026-04-05T15:10:10.088Z] [INFO] [review agiz-dis-bakimi/513242491] page=49 +8 reviews (unique=392)
[2026-04-05T15:10:10.222Z] [INFO] [review agiz-dis-bakimi/589575164] page=50 +8 reviews (unique=400)
[2026-04-05T15:10:10.234Z] [INFO] [REVIEW PARTIAL SAVED] /mnt/c/Developer/Review_AI/scraper_project/raw_data/agiz-dis-bakimi/589575164_reviews.partial.json
[2026-04-05T15:10:10.408Z] [INFO] [review agiz-dis-bakimi/646156829] page=25 +8 reviews (unique=200)
[2026-04-05T15:10:10.421Z] [INFO] [REVIEW PARTIAL SAVED] /mnt/c/Developer/Review_AI/scraper_project/raw_data/agiz-dis-bakimi/646156829_reviews.partial.json
[2026-04-05T15:10:10.424Z] [INFO] [review agiz-dis-bakimi/580211310] page=42 +8 reviews (unique=336)
[2026-04-05T15:10:10.437Z] [INFO] [review agiz-dis-bakimi/580211424] page=49 +8 reviews (unique=392)
[2026-04-05T15:10:10.738Z] [INFO] [review agiz-dis-bakimi/513242491] page=50 +8 reviews (unique=400)
[2026-04-05T15:10:10.760Z] [INFO] [REVIEW PARTIAL SAVED] /mnt/c/Developer/Review_AI/scraper_project/raw_data/agiz-dis-bakimi/513242491_reviews.partial.json
[2026-04-05T15:10:10.855Z] [INFO] [review agiz-dis-bakimi/589575164] page=51 +8 reviews (unique=408)
[2026-04-05T15:10:11.056Z] [INFO] [review agiz-dis-bakimi/580211310] page=43 +8 reviews (unique=344)
[2026-04-05T15:10:11.075Z] [INFO] [review agiz-dis-bakimi/580211424] page=50 +8 reviews (unique=400)
[2026-04-05T15:10:11.089Z] [INFO] [REVIEW PARTIAL SAVED] /mnt/c/Developer/Review_AI/scraper_project/raw_data/agiz-dis-bakimi/580211424_reviews.partial.json
[2026-04-05T15:10:11.126Z] [INFO] [review agiz-dis-bakimi/646156829] page=26 +8 reviews (unique=208)
[2026-04-05T15:10:11.373Z] [INFO] [review agiz-dis-bakimi/513242491] page=51 +8 reviews (unique=408)
[2026-04-05T15:10:11.550Z] [INFO] [review agiz-dis-bakimi/589575164] page=52 +8 reviews (unique=416)
[2026-04-05T15:10:11.765Z] [INFO] [review agiz-dis-bakimi/646156829] page=27 +5 reviews (unique=213)
[2026-04-05T15:10:11.791Z] [INFO] [REVIEW SAVED] /mnt/c/Developer/Review_AI/scraper_project/raw_data/agiz-dis-bakimi/646156829_reviews.json
[2026-04-05T15:10:11.797Z] [INFO] [review agiz-dis-bakimi/580211424] page=51 +8 reviews (unique=408)
[2026-04-05T15:10:11.802Z] [INFO] [review agiz-dis-bakimi/580211310] page=44 +8 reviews (unique=352)
[2026-04-05T15:10:12.066Z] [INFO] [review agiz-dis-bakimi/513242491] page=52 +8 reviews (unique=416)
[2026-04-05T15:10:12.261Z] [INFO] [review agiz-dis-bakimi/589575164] page=53 +8 reviews (unique=424)
[2026-04-05T15:10:12.438Z] [INFO] [review agiz-dis-bakimi/580211424] page=52 +8 reviews (unique=416)
[2026-04-05T15:10:12.684Z] [INFO] [review agiz-dis-bakimi/580211310] page=45 +8 reviews (unique=360)
[2026-04-05T15:10:12.697Z] [INFO] [REVIEW PARTIAL SAVED] /mnt/c/Developer/Review_AI/scraper_project/raw_data/agiz-dis-bakimi/580211310_reviews.partial.json
[2026-04-05T15:10:12.749Z] [INFO] [review agiz-dis-bakimi/513242491] page=53 +8 reviews (unique=424)
[2026-04-05T15:10:12.965Z] [INFO] [review agiz-dis-bakimi/589575164] page=54 +8 reviews (unique=432)
[2026-04-05T15:10:13.186Z] [INFO] [review agiz-dis-bakimi/580211424] page=53 +8 reviews (unique=424)
[2026-04-05T15:10:13.337Z] [INFO] [review agiz-dis-bakimi/580211310] page=46 +8 reviews (unique=368)
[2026-04-05T15:10:13.472Z] [INFO] [review agiz-dis-bakimi/513242491] page=54 +8 reviews (unique=432)
[2026-04-05T15:10:13.567Z] [INFO] [review agiz-dis-bakimi/589575164] page=55 +8 reviews (unique=440)
[2026-04-05T15:10:13.584Z] [INFO] [REVIEW PARTIAL SAVED] /mnt/c/Developer/Review_AI/scraper_project/raw_data/agiz-dis-bakimi/589575164_reviews.partial.json
[2026-04-05T15:10:13.795Z] [INFO] [review agiz-dis-bakimi/580211424] page=54 +8 reviews (unique=432)
[2026-04-05T15:10:14.038Z] [INFO] [review agiz-dis-bakimi/580211310] page=47 +8 reviews (unique=376)
[2026-04-05T15:10:14.149Z] [INFO] [review agiz-dis-bakimi/513242491] page=55 +8 reviews (unique=440)
[2026-04-05T15:10:14.165Z] [INFO] [REVIEW PARTIAL SAVED] /mnt/c/Developer/Review_AI/scraper_project/raw_data/agiz-dis-bakimi/513242491_reviews.partial.json
[2026-04-05T15:10:14.310Z] [INFO] [review agiz-dis-bakimi/589575164] page=56 +8 reviews (unique=448)
[2026-04-05T15:10:14.489Z] [INFO] [review agiz-dis-bakimi/580211424] page=55 +8 reviews (unique=440)
[2026-04-05T15:10:14.501Z] [INFO] [REVIEW PARTIAL SAVED] /mnt/c/Developer/Review_AI/scraper_project/raw_data/agiz-dis-bakimi/580211424_reviews.partial.json
[2026-04-05T15:10:14.747Z] [INFO] [review agiz-dis-bakimi/580211310] page=48 +8 reviews (unique=384)
[2026-04-05T15:10:14.837Z] [INFO] [review agiz-dis-bakimi/513242491] page=56 +8 reviews (unique=448)
[2026-04-05T15:10:14.999Z] [INFO] [review agiz-dis-bakimi/589575164] page=57 +8 reviews (unique=456)
[2026-04-05T15:10:15.241Z] [INFO] [review agiz-dis-bakimi/580211424] page=56 +8 reviews (unique=448)
[2026-04-05T15:10:15.488Z] [INFO] [review agiz-dis-bakimi/580211310] page=49 +8 reviews (unique=392)
[2026-04-05T15:10:15.576Z] [INFO] [review agiz-dis-bakimi/513242491] page=57 +8 reviews (unique=456)
[2026-04-05T15:10:15.691Z] [INFO] [review agiz-dis-bakimi/589575164] page=58 +8 reviews (unique=464)
[2026-04-05T15:10:15.932Z] [INFO] [review agiz-dis-bakimi/580211424] page=57 +8 reviews (unique=456)
[2026-04-05T15:10:16.081Z] [INFO] [review agiz-dis-bakimi/580211310] page=50 +8 reviews (unique=400)
[2026-04-05T15:10:16.091Z] [INFO] [REVIEW PARTIAL SAVED] /mnt/c/Developer/Review_AI/scraper_project/raw_data/agiz-dis-bakimi/580211310_reviews.partial.json
[2026-04-05T15:10:16.366Z] [INFO] [review agiz-dis-bakimi/589575164] page=59 +8 reviews (unique=472)
[2026-04-05T15:10:16.400Z] [INFO] [review agiz-dis-bakimi/513242491] page=58 +8 reviews (unique=464)
[2026-04-05T15:10:16.629Z] [INFO] [review agiz-dis-bakimi/580211424] page=58 +8 reviews (unique=464)
[2026-04-05T15:10:16.757Z] [INFO] [review agiz-dis-bakimi/580211310] page=51 +8 reviews (unique=408)
[2026-04-05T15:10:16.979Z] [INFO] [review agiz-dis-bakimi/589575164] page=60 +8 reviews (unique=480)
[2026-04-05T15:10:16.993Z] [INFO] [REVIEW PARTIAL SAVED] /mnt/c/Developer/Review_AI/scraper_project/raw_data/agiz-dis-bakimi/589575164_reviews.partial.json
[2026-04-05T15:10:17.186Z] [INFO] [review agiz-dis-bakimi/513242491] page=59 +8 reviews (unique=472)
[2026-04-05T15:10:17.309Z] [INFO] [review agiz-dis-bakimi/580211424] page=59 +8 reviews (unique=472)
[2026-04-05T15:10:17.501Z] [INFO] [review agiz-dis-bakimi/580211310] page=52 +8 reviews (unique=416)
[2026-04-05T15:10:17.705Z] [INFO] [review agiz-dis-bakimi/589575164] page=61 +8 reviews (unique=488)
[2026-04-05T15:10:17.850Z] [INFO] [review agiz-dis-bakimi/513242491] page=60 +8 reviews (unique=480)
[2026-04-05T15:10:17.861Z] [INFO] [REVIEW PARTIAL SAVED] /mnt/c/Developer/Review_AI/scraper_project/raw_data/agiz-dis-bakimi/513242491_reviews.partial.json
[2026-04-05T15:10:17.918Z] [INFO] [review agiz-dis-bakimi/580211424] page=60 +8 reviews (unique=480)
[2026-04-05T15:10:17.928Z] [INFO] [REVIEW PARTIAL SAVED] /mnt/c/Developer/Review_AI/scraper_project/raw_data/agiz-dis-bakimi/580211424_reviews.partial.json
[2026-04-05T15:10:18.237Z] [INFO] [review agiz-dis-bakimi/580211310] page=53 +8 reviews (unique=424)
[2026-04-05T15:10:18.384Z] [INFO] [review agiz-dis-bakimi/589575164] page=62 +8 reviews (unique=496)
[2026-04-05T15:10:18.566Z] [INFO] [review agiz-dis-bakimi/513242491] page=61 +8 reviews (unique=488)
[2026-04-05T15:10:18.585Z] [INFO] [review agiz-dis-bakimi/580211424] page=61 +8 reviews (unique=488)
[2026-04-05T15:10:18.931Z] [INFO] [review agiz-dis-bakimi/580211310] page=54 +8 reviews (unique=432)
[2026-04-05T15:10:19.175Z] [INFO] [review agiz-dis-bakimi/589575164] page=63 +8 reviews (unique=504)
[2026-04-05T15:10:19.285Z] [INFO] [review agiz-dis-bakimi/513242491] page=62 +8 reviews (unique=496)
[2026-04-05T15:10:19.298Z] [INFO] [review agiz-dis-bakimi/580211424] page=62 +8 reviews (unique=496)
[2026-04-05T15:10:19.646Z] [INFO] [review agiz-dis-bakimi/580211310] page=55 +8 reviews (unique=440)
[2026-04-05T15:10:19.661Z] [INFO] [REVIEW PARTIAL SAVED] /mnt/c/Developer/Review_AI/scraper_project/raw_data/agiz-dis-bakimi/580211310_reviews.partial.json
[2026-04-05T15:10:19.779Z] [INFO] [review agiz-dis-bakimi/589575164] page=64 +8 reviews (unique=512)
[2026-04-05T15:10:19.927Z] [INFO] [review agiz-dis-bakimi/580211424] page=63 +8 reviews (unique=504)
[2026-04-05T15:10:19.983Z] [INFO] [review agiz-dis-bakimi/513242491] page=63 +8 reviews (unique=504)
[2026-04-05T15:10:20.338Z] [INFO] [review agiz-dis-bakimi/580211310] page=56 +8 reviews (unique=448)
[2026-04-05T15:10:20.409Z] [INFO] [review agiz-dis-bakimi/589575164] page=65 +8 reviews (unique=520)
[2026-04-05T15:10:20.422Z] [INFO] [REVIEW PARTIAL SAVED] /mnt/c/Developer/Review_AI/scraper_project/raw_data/agiz-dis-bakimi/589575164_reviews.partial.json
[2026-04-05T15:10:20.546Z] [INFO] [review agiz-dis-bakimi/580211424] page=64 +8 reviews (unique=512)
[2026-04-05T15:10:20.624Z] [INFO] [review agiz-dis-bakimi/513242491] page=64 +8 reviews (unique=512)
[2026-04-05T15:10:21.068Z] [INFO] [review agiz-dis-bakimi/589575164] page=66 +8 reviews (unique=528)
[2026-04-05T15:10:21.206Z] [INFO] [review agiz-dis-bakimi/580211310] page=57 +8 reviews (unique=456)
[2026-04-05T15:10:21.275Z] [INFO] [review agiz-dis-bakimi/580211424] page=65 +8 reviews (unique=520)
[2026-04-05T15:10:21.289Z] [INFO] [REVIEW PARTIAL SAVED] /mnt/c/Developer/Review_AI/scraper_project/raw_data/agiz-dis-bakimi/580211424_reviews.partial.json
[2026-04-05T15:10:21.317Z] [INFO] [review agiz-dis-bakimi/513242491] page=65 +8 reviews (unique=520)
[2026-04-05T15:10:21.329Z] [INFO] [REVIEW PARTIAL SAVED] /mnt/c/Developer/Review_AI/scraper_project/raw_data/agiz-dis-bakimi/513242491_reviews.partial.json
[2026-04-05T15:10:21.801Z] [INFO] [review agiz-dis-bakimi/589575164] page=67 +8 reviews (unique=536)
[2026-04-05T15:10:21.907Z] [INFO] [review agiz-dis-bakimi/580211310] page=58 +3 reviews (unique=459)
[2026-04-05T15:10:21.929Z] [INFO] [REVIEW SAVED] /mnt/c/Developer/Review_AI/scraper_project/raw_data/agiz-dis-bakimi/580211310_reviews.json
[2026-04-05T15:10:21.976Z] [INFO] [review agiz-dis-bakimi/580211424] page=66 +8 reviews (unique=528)
[2026-04-05T15:10:21.983Z] [INFO] [review agiz-dis-bakimi/513242491] page=66 +8 reviews (unique=528)
[2026-04-05T15:10:22.730Z] [INFO] [review agiz-dis-bakimi/513242491] page=67 +8 reviews (unique=536)
[2026-04-05T15:10:23.428Z] [INFO] [review agiz-dis-bakimi/513242491] page=68 +8 reviews (unique=544)
[2026-04-05T15:10:24.116Z] [INFO] [review agiz-dis-bakimi/513242491] page=69 +8 reviews (unique=552)
[2026-04-05T15:10:24.870Z] [INFO] [review agiz-dis-bakimi/513242491] page=70 +8 reviews (unique=560)
[2026-04-05T15:10:24.883Z] [INFO] [REVIEW PARTIAL SAVED] /mnt/c/Developer/Review_AI/scraper_project/raw_data/agiz-dis-bakimi/513242491_reviews.partial.json
[2026-04-05T15:10:25.473Z] [INFO] [review agiz-dis-bakimi/513242491] page=71 +8 reviews (unique=568)
[2026-04-05T15:10:26.116Z] [INFO] [review agiz-dis-bakimi/513242491] page=72 +8 reviews (unique=576)
[2026-04-05T15:10:26.767Z] [INFO] [review agiz-dis-bakimi/513242491] page=73 +8 reviews (unique=584)
[2026-04-05T15:10:26.881Z] [INFO] [review agiz-dis-bakimi/580211424] page=67 +8 reviews (unique=536)
[2026-04-05T15:10:26.891Z] [INFO] [review agiz-dis-bakimi/589575164] page=68 +8 reviews (unique=544)
[2026-04-05T15:10:27.487Z] [INFO] [review agiz-dis-bakimi/513242491] page=74 +8 reviews (unique=592)
[2026-04-05T15:10:27.498Z] [INFO] [review agiz-dis-bakimi/589575164] page=69 +8 reviews (unique=552)
[2026-04-05T15:10:27.504Z] [INFO] [review agiz-dis-bakimi/580211424] page=68 +8 reviews (unique=544)
[2026-04-05T15:10:28.119Z] [INFO] [review agiz-dis-bakimi/513242491] page=75 +8 reviews (unique=600)
[2026-04-05T15:10:28.131Z] [INFO] [REVIEW PARTIAL SAVED] /mnt/c/Developer/Review_AI/scraper_project/raw_data/agiz-dis-bakimi/513242491_reviews.partial.json
[2026-04-05T15:10:28.141Z] [INFO] [review agiz-dis-bakimi/580211424] page=69 +8 reviews (unique=552)
[2026-04-05T15:10:28.153Z] [INFO] [review agiz-dis-bakimi/589575164] page=70 +8 reviews (unique=560)
[2026-04-05T15:10:28.164Z] [INFO] [REVIEW PARTIAL SAVED] /mnt/c/Developer/Review_AI/scraper_project/raw_data/agiz-dis-bakimi/589575164_reviews.partial.json
[2026-04-05T15:10:28.726Z] [INFO] [review agiz-dis-bakimi/513242491] page=76 +8 reviews (unique=608)
[2026-04-05T15:10:28.817Z] [INFO] [review agiz-dis-bakimi/589575164] page=71 +8 reviews (unique=568)
[2026-04-05T15:10:28.825Z] [INFO] [review agiz-dis-bakimi/580211424] page=70 +8 reviews (unique=560)
[2026-04-05T15:10:28.837Z] [INFO] [REVIEW PARTIAL SAVED] /mnt/c/Developer/Review_AI/scraper_project/raw_data/agiz-dis-bakimi/580211424_reviews.partial.json
[2026-04-05T15:10:29.433Z] [INFO] [review agiz-dis-bakimi/580211424] page=71 +8 reviews (unique=568)
[2026-04-05T15:10:29.438Z] [INFO] [review agiz-dis-bakimi/513242491] page=77 +8 reviews (unique=616)
[2026-04-05T15:10:29.458Z] [INFO] [review agiz-dis-bakimi/589575164] page=72 +8 reviews (unique=576)
[2026-04-05T15:10:30.080Z] [INFO] [review agiz-dis-bakimi/513242491] page=78 +8 reviews (unique=624)
[2026-04-05T15:10:30.129Z] [INFO] [review agiz-dis-bakimi/580211424] page=72 +8 reviews (unique=576)
[2026-04-05T15:10:30.135Z] [INFO] [review agiz-dis-bakimi/589575164] page=73 +8 reviews (unique=584)
[2026-04-05T15:10:30.726Z] [INFO] [review agiz-dis-bakimi/513242491] page=79 +8 reviews (unique=632)
[2026-04-05T15:10:30.776Z] [INFO] [review agiz-dis-bakimi/589575164] page=74 +8 reviews (unique=592)
[2026-04-05T15:10:30.814Z] [INFO] [review agiz-dis-bakimi/580211424] page=73 +8 reviews (unique=584)
[2026-04-05T15:10:31.328Z] [INFO] [review agiz-dis-bakimi/513242491] page=80 +8 reviews (unique=640)
[2026-04-05T15:10:31.341Z] [INFO] [REVIEW PARTIAL SAVED] /mnt/c/Developer/Review_AI/scraper_project/raw_data/agiz-dis-bakimi/513242491_reviews.partial.json
[2026-04-05T15:10:31.382Z] [INFO] [review agiz-dis-bakimi/589575164] page=75 +8 reviews (unique=600)
[2026-04-05T15:10:31.393Z] [INFO] [REVIEW PARTIAL SAVED] /mnt/c/Developer/Review_AI/scraper_project/raw_data/agiz-dis-bakimi/589575164_reviews.partial.json
[2026-04-05T15:10:31.421Z] [INFO] [review agiz-dis-bakimi/580211424] page=74 +8 reviews (unique=592)
[2026-04-05T15:10:32.026Z] [INFO] [review agiz-dis-bakimi/513242491] page=81 +8 reviews (unique=648)
[2026-04-05T15:10:32.083Z] [INFO] [review agiz-dis-bakimi/589575164] page=76 +8 reviews (unique=608)
[2026-04-05T15:10:32.105Z] [INFO] [review agiz-dis-bakimi/580211424] page=75 +8 reviews (unique=600)
[2026-04-05T15:10:32.121Z] [INFO] [REVIEW PARTIAL SAVED] /mnt/c/Developer/Review_AI/scraper_project/raw_data/agiz-dis-bakimi/580211424_reviews.partial.json
[2026-04-05T15:10:32.706Z] [INFO] [review agiz-dis-bakimi/513242491] page=82 +8 reviews (unique=656)
[2026-04-05T15:10:32.713Z] [INFO] [review agiz-dis-bakimi/589575164] page=77 +8 reviews (unique=616)
[2026-04-05T15:10:32.806Z] [INFO] [review agiz-dis-bakimi/580211424] page=76 +8 reviews (unique=608)
[2026-04-05T15:10:33.427Z] [INFO] [review agiz-dis-bakimi/589575164] page=78 +8 reviews (unique=624)
[2026-04-05T15:10:33.448Z] [INFO] [review agiz-dis-bakimi/513242491] page=83 +8 reviews (unique=664)
[2026-04-05T15:10:33.504Z] [INFO] [review agiz-dis-bakimi/580211424] page=77 +8 reviews (unique=616)
[2026-04-05T15:10:34.055Z] [INFO] [review agiz-dis-bakimi/589575164] page=79 +8 reviews (unique=632)
[2026-04-05T15:10:34.111Z] [INFO] [review agiz-dis-bakimi/580211424] page=78 +8 reviews (unique=624)
[2026-04-05T15:10:34.143Z] [INFO] [review agiz-dis-bakimi/513242491] page=84 +8 reviews (unique=672)
[2026-04-05T15:10:34.731Z] [INFO] [review agiz-dis-bakimi/580211424] page=79 +8 reviews (unique=632)
[2026-04-05T15:10:34.737Z] [INFO] [review agiz-dis-bakimi/589575164] page=80 +8 reviews (unique=640)
[2026-04-05T15:10:34.753Z] [INFO] [REVIEW PARTIAL SAVED] /mnt/c/Developer/Review_AI/scraper_project/raw_data/agiz-dis-bakimi/589575164_reviews.partial.json
[2026-04-05T15:10:34.836Z] [INFO] [review agiz-dis-bakimi/513242491] page=85 +8 reviews (unique=680)
[2026-04-05T15:10:34.852Z] [INFO] [REVIEW PARTIAL SAVED] /mnt/c/Developer/Review_AI/scraper_project/raw_data/agiz-dis-bakimi/513242491_reviews.partial.json
[2026-04-05T15:10:35.365Z] [INFO] [review agiz-dis-bakimi/580211424] page=80 +8 reviews (unique=640)
[2026-04-05T15:10:35.376Z] [INFO] [REVIEW PARTIAL SAVED] /mnt/c/Developer/Review_AI/scraper_project/raw_data/agiz-dis-bakimi/580211424_reviews.partial.json
[2026-04-05T15:10:35.393Z] [INFO] [REVIEW SAVED] /mnt/c/Developer/Review_AI/scraper_project/raw_data/agiz-dis-bakimi/580211424_reviews.json
[2026-04-05T15:10:35.396Z] [INFO] [review agiz-dis-bakimi/589575164] page=81 +8 reviews (unique=648)
[2026-04-05T15:10:35.514Z] [INFO] [review agiz-dis-bakimi/513242491] page=86 +8 reviews (unique=688)
[2026-04-05T15:10:36.066Z] [INFO] [review agiz-dis-bakimi/589575164] page=82 +8 reviews (unique=656)
[2026-04-05T15:10:36.295Z] [INFO] [review agiz-dis-bakimi/513242491] page=87 +8 reviews (unique=696)
[2026-04-05T15:10:36.716Z] [INFO] [review agiz-dis-bakimi/589575164] page=83 +8 reviews (unique=664)
[2026-04-05T15:10:37.004Z] [INFO] [review agiz-dis-bakimi/513242491] page=88 +8 reviews (unique=704)
[2026-04-05T15:10:37.448Z] [INFO] [review agiz-dis-bakimi/589575164] page=84 +8 reviews (unique=672)
[2026-04-05T15:10:37.599Z] [INFO] [review agiz-dis-bakimi/513242491] page=89 +8 reviews (unique=712)
[2026-04-05T15:10:38.082Z] [INFO] [review agiz-dis-bakimi/589575164] page=85 +8 reviews (unique=680)
[2026-04-05T15:10:38.102Z] [INFO] [REVIEW PARTIAL SAVED] /mnt/c/Developer/Review_AI/scraper_project/raw_data/agiz-dis-bakimi/589575164_reviews.partial.json
[2026-04-05T15:10:38.278Z] [INFO] [review agiz-dis-bakimi/513242491] page=90 +8 reviews (unique=720)
[2026-04-05T15:10:38.289Z] [INFO] [REVIEW PARTIAL SAVED] /mnt/c/Developer/Review_AI/scraper_project/raw_data/agiz-dis-bakimi/513242491_reviews.partial.json
[2026-04-05T15:10:38.726Z] [INFO] [review agiz-dis-bakimi/589575164] page=86 +8 reviews (unique=688)
[2026-04-05T15:10:38.993Z] [INFO] [review agiz-dis-bakimi/513242491] page=91 +8 reviews (unique=728)
[2026-04-05T15:10:39.294Z] [INFO] [review agiz-dis-bakimi/589575164] page=87 +8 reviews (unique=696)
[2026-04-05T15:10:41.333Z] [INFO] [review agiz-dis-bakimi/589575164] page=88 +8 reviews (unique=704)
[2026-04-05T15:10:41.343Z] [INFO] [review agiz-dis-bakimi/513242491] page=92 +8 reviews (unique=736)
[2026-04-05T15:10:41.979Z] [INFO] [review agiz-dis-bakimi/513242491] page=93 +8 reviews (unique=744)
[2026-04-05T15:10:42.034Z] [INFO] [review agiz-dis-bakimi/589575164] page=89 +8 reviews (unique=712)
[2026-04-05T15:10:42.676Z] [INFO] [review agiz-dis-bakimi/513242491] page=94 +8 reviews (unique=752)
[2026-04-05T15:10:42.716Z] [INFO] [review agiz-dis-bakimi/589575164] page=90 +8 reviews (unique=720)
[2026-04-05T15:10:42.726Z] [INFO] [REVIEW PARTIAL SAVED] /mnt/c/Developer/Review_AI/scraper_project/raw_data/agiz-dis-bakimi/589575164_reviews.partial.json
[2026-04-05T15:10:43.348Z] [INFO] [review agiz-dis-bakimi/513242491] page=95 +8 reviews (unique=760)
[2026-04-05T15:10:43.365Z] [INFO] [REVIEW PARTIAL SAVED] /mnt/c/Developer/Review_AI/scraper_project/raw_data/agiz-dis-bakimi/513242491_reviews.partial.json
[2026-04-05T15:10:43.372Z] [INFO] [review agiz-dis-bakimi/589575164] page=91 +8 reviews (unique=728)
[2026-04-05T15:10:43.997Z] [INFO] [review agiz-dis-bakimi/589575164] page=92 +8 reviews (unique=736)
[2026-04-05T15:10:44.039Z] [INFO] [review agiz-dis-bakimi/513242491] page=96 +8 reviews (unique=768)
[2026-04-05T15:10:44.679Z] [INFO] [review agiz-dis-bakimi/589575164] page=93 +8 reviews (unique=744)
[2026-04-05T15:10:44.726Z] [INFO] [review agiz-dis-bakimi/513242491] page=97 +8 reviews (unique=776)
[2026-04-05T15:10:45.303Z] [INFO] [review agiz-dis-bakimi/589575164] page=94 +8 reviews (unique=752)
[2026-04-05T15:10:45.455Z] [INFO] [review agiz-dis-bakimi/513242491] page=98 +8 reviews (unique=784)
[2026-04-05T15:10:46.023Z] [INFO] [review agiz-dis-bakimi/589575164] page=95 +8 reviews (unique=760)
[2026-04-05T15:10:46.037Z] [INFO] [REVIEW PARTIAL SAVED] /mnt/c/Developer/Review_AI/scraper_project/raw_data/agiz-dis-bakimi/589575164_reviews.partial.json
[2026-04-05T15:10:46.115Z] [INFO] [review agiz-dis-bakimi/513242491] page=99 +8 reviews (unique=792)
[2026-04-05T15:10:46.660Z] [INFO] [review agiz-dis-bakimi/589575164] page=96 +8 reviews (unique=768)
[2026-04-05T15:10:46.742Z] [INFO] [review agiz-dis-bakimi/513242491] page=100 +8 reviews (unique=800)
[2026-04-05T15:10:46.758Z] [INFO] [REVIEW PARTIAL SAVED] /mnt/c/Developer/Review_AI/scraper_project/raw_data/agiz-dis-bakimi/513242491_reviews.partial.json
[2026-04-05T15:10:47.426Z] [INFO] [review agiz-dis-bakimi/513242491] page=101 +8 reviews (unique=808)
[2026-04-05T15:10:47.517Z] [INFO] [review agiz-dis-bakimi/589575164] page=97 +8 reviews (unique=776)
[2026-04-05T15:10:48.034Z] [INFO] [review agiz-dis-bakimi/513242491] page=102 +8 reviews (unique=816)
[2026-04-05T15:10:48.156Z] [INFO] [review agiz-dis-bakimi/589575164] page=98 +8 reviews (unique=784)
[2026-04-05T15:10:48.655Z] [INFO] [review agiz-dis-bakimi/513242491] page=103 +8 reviews (unique=824)
[2026-04-05T15:10:48.773Z] [INFO] [review agiz-dis-bakimi/589575164] page=99 +8 reviews (unique=792)
[2026-04-05T15:10:49.371Z] [INFO] [review agiz-dis-bakimi/513242491] page=104 +8 reviews (unique=832)
[2026-04-05T15:10:49.383Z] [INFO] [review agiz-dis-bakimi/589575164] page=100 +8 reviews (unique=800)
[2026-04-05T15:10:49.401Z] [INFO] [REVIEW PARTIAL SAVED] /mnt/c/Developer/Review_AI/scraper_project/raw_data/agiz-dis-bakimi/589575164_reviews.partial.json
[2026-04-05T15:10:50.023Z] [INFO] [review agiz-dis-bakimi/589575164] page=101 +8 reviews (unique=808)
[2026-04-05T15:10:50.047Z] [INFO] [review agiz-dis-bakimi/513242491] page=105 +8 reviews (unique=840)
[2026-04-05T15:10:50.062Z] [INFO] [REVIEW PARTIAL SAVED] /mnt/c/Developer/Review_AI/scraper_project/raw_data/agiz-dis-bakimi/513242491_reviews.partial.json
[2026-04-05T15:10:50.658Z] [INFO] [review agiz-dis-bakimi/513242491] page=106 +8 reviews (unique=848)
[2026-04-05T15:10:50.724Z] [INFO] [review agiz-dis-bakimi/589575164] page=102 +8 reviews (unique=816)
[2026-04-05T15:10:51.274Z] [INFO] [review agiz-dis-bakimi/513242491] page=107 +8 reviews (unique=856)
[2026-04-05T15:10:51.316Z] [INFO] [review agiz-dis-bakimi/589575164] page=103 +8 reviews (unique=824)
[2026-04-05T15:10:51.913Z] [INFO] [review agiz-dis-bakimi/513242491] page=108 +8 reviews (unique=864)
[2026-04-05T15:10:51.948Z] [INFO] [review agiz-dis-bakimi/589575164] page=104 +8 reviews (unique=832)
[2026-04-05T15:10:52.598Z] [INFO] [review agiz-dis-bakimi/513242491] page=109 +8 reviews (unique=872)
[2026-04-05T15:10:52.603Z] [INFO] [review agiz-dis-bakimi/589575164] page=105 +8 reviews (unique=840)
[2026-04-05T15:10:52.617Z] [INFO] [REVIEW PARTIAL SAVED] /mnt/c/Developer/Review_AI/scraper_project/raw_data/agiz-dis-bakimi/589575164_reviews.partial.json
[2026-04-05T15:12:58.546Z] [INFO] [review agiz-dis-bakimi/589575164] page=106 +8 reviews (unique=848)
[2026-04-05T15:12:59.217Z] [INFO] [review agiz-dis-bakimi/589575164] page=107 +8 reviews (unique=856)
[2026-04-05T15:12:59.845Z] [INFO] [review agiz-dis-bakimi/589575164] page=108 +8 reviews (unique=864)
[2026-04-05T15:13:00.477Z] [INFO] [review agiz-dis-bakimi/589575164] page=109 +8 reviews (unique=872)
[2026-04-05T15:13:01.085Z] [INFO] [review agiz-dis-bakimi/589575164] page=110 +8 reviews (unique=880)
[2026-04-05T15:13:01.101Z] [INFO] [REVIEW PARTIAL SAVED] /mnt/c/Developer/Review_AI/scraper_project/raw_data/agiz-dis-bakimi/589575164_reviews.partial.json
[2026-04-05T15:13:01.829Z] [INFO] [review agiz-dis-bakimi/589575164] page=111 +8 reviews (unique=888)
[2026-04-05T15:13:02.534Z] [INFO] [review agiz-dis-bakimi/589575164] page=112 +8 reviews (unique=896)
[2026-04-05T15:13:04.769Z] [INFO] [review agiz-dis-bakimi/589575164] page=113 +8 reviews (unique=904)
[2026-04-05T15:13:05.462Z] [INFO] [review agiz-dis-bakimi/589575164] page=114 +8 reviews (unique=912)
[2026-04-05T15:13:06.219Z] [INFO] [review agiz-dis-bakimi/589575164] page=115 +8 reviews (unique=920)
[2026-04-05T15:13:06.241Z] [INFO] [REVIEW PARTIAL SAVED] /mnt/c/Developer/Review_AI/scraper_project/raw_data/agiz-dis-bakimi/589575164_reviews.partial.json
[2026-04-05T15:13:06.245Z] [INFO] [review agiz-dis-bakimi/513242491] page=110 +8 reviews (unique=880)
[2026-04-05T15:13:06.288Z] [INFO] [REVIEW PARTIAL SAVED] /mnt/c/Developer/Review_AI/scraper_project/raw_data/agiz-dis-bakimi/513242491_reviews.partial.json
[2026-04-05T15:13:06.907Z] [INFO] [review agiz-dis-bakimi/513242491] page=111 +8 reviews (unique=888)
[2026-04-05T15:13:07.077Z] [INFO] [review agiz-dis-bakimi/589575164] page=116 +8 reviews (unique=928)
[2026-04-05T15:13:07.524Z] [INFO] [review agiz-dis-bakimi/513242491] page=112 +8 reviews (unique=896)
[2026-04-05T15:13:07.814Z] [INFO] [review agiz-dis-bakimi/589575164] page=117 +8 reviews (unique=936)
[2026-04-05T15:13:08.424Z] [INFO] [review agiz-dis-bakimi/513242491] page=113 +8 reviews (unique=904)
[2026-04-05T15:13:08.520Z] [INFO] [review agiz-dis-bakimi/589575164] page=118 +8 reviews (unique=944)
[2026-04-05T15:13:09.125Z] [INFO] [review agiz-dis-bakimi/589575164] page=119 +8 reviews (unique=952)
[2026-04-05T15:13:09.166Z] [INFO] [review agiz-dis-bakimi/513242491] page=114 +8 reviews (unique=912)
[2026-04-05T15:13:09.838Z] [INFO] [review agiz-dis-bakimi/589575164] page=120 +8 reviews (unique=960)
[2026-04-05T15:13:09.855Z] [INFO] [REVIEW PARTIAL SAVED] /mnt/c/Developer/Review_AI/scraper_project/raw_data/agiz-dis-bakimi/589575164_reviews.partial.json
[2026-04-05T15:13:09.891Z] [INFO] [review agiz-dis-bakimi/513242491] page=115 +8 reviews (unique=920)
[2026-04-05T15:13:09.909Z] [INFO] [REVIEW PARTIAL SAVED] /mnt/c/Developer/Review_AI/scraper_project/raw_data/agiz-dis-bakimi/513242491_reviews.partial.json
[2026-04-05T15:13:10.481Z] [INFO] [review agiz-dis-bakimi/589575164] page=121 +8 reviews (unique=968)
[2026-04-05T15:13:10.519Z] [INFO] [review agiz-dis-bakimi/513242491] page=116 +8 reviews (unique=928)
[2026-04-05T15:13:11.161Z] [INFO] [review agiz-dis-bakimi/589575164] page=122 +8 reviews (unique=976)
[2026-04-05T15:13:11.192Z] [INFO] [review agiz-dis-bakimi/513242491] page=117 +8 reviews (unique=936)
[2026-04-05T15:13:11.953Z] [INFO] [review agiz-dis-bakimi/513242491] page=118 +8 reviews (unique=944)
[2026-04-05T15:13:11.958Z] [INFO] [review agiz-dis-bakimi/589575164] page=123 +8 reviews (unique=984)
[2026-04-05T15:13:12.646Z] [INFO] [review agiz-dis-bakimi/513242491] page=119 +8 reviews (unique=952)
[2026-04-05T15:13:12.659Z] [INFO] [review agiz-dis-bakimi/589575164] page=124 +8 reviews (unique=992)
[2026-04-05T15:13:13.367Z] [INFO] [review agiz-dis-bakimi/589575164] page=125 +8 reviews (unique=1000)
[2026-04-05T15:13:13.390Z] [INFO] [REVIEW PARTIAL SAVED] /mnt/c/Developer/Review_AI/scraper_project/raw_data/agiz-dis-bakimi/589575164_reviews.partial.json
[2026-04-05T15:13:13.392Z] [INFO] [review agiz-dis-bakimi/513242491] page=120 +8 reviews (unique=960)
[2026-04-05T15:13:13.406Z] [INFO] [REVIEW PARTIAL SAVED] /mnt/c/Developer/Review_AI/scraper_project/raw_data/agiz-dis-bakimi/513242491_reviews.partial.json
[2026-04-05T15:13:14.104Z] [INFO] [review agiz-dis-bakimi/589575164] page=126 +8 reviews (unique=1008)
[2026-04-05T15:13:14.311Z] [INFO] [review agiz-dis-bakimi/513242491] page=121 +8 reviews (unique=968)
[2026-04-05T15:13:14.830Z] [INFO] [review agiz-dis-bakimi/589575164] page=127 +8 reviews (unique=1016)
[2026-04-05T15:13:14.939Z] [INFO] [review agiz-dis-bakimi/513242491] page=122 +8 reviews (unique=976)
[2026-04-05T15:13:15.431Z] [INFO] [review agiz-dis-bakimi/589575164] page=128 +8 reviews (unique=1024)
[2026-04-05T15:13:15.589Z] [INFO] [review agiz-dis-bakimi/513242491] page=123 +8 reviews (unique=984)
[2026-04-05T15:13:16.137Z] [INFO] [review agiz-dis-bakimi/589575164] page=129 +8 reviews (unique=1032)
[2026-04-05T15:13:16.298Z] [INFO] [review agiz-dis-bakimi/513242491] page=124 +8 reviews (unique=992)
[2026-04-05T15:13:16.764Z] [INFO] [review agiz-dis-bakimi/589575164] page=130 +8 reviews (unique=1040)
[2026-04-05T15:13:16.781Z] [INFO] [REVIEW PARTIAL SAVED] /mnt/c/Developer/Review_AI/scraper_project/raw_data/agiz-dis-bakimi/589575164_reviews.partial.json
[2026-04-05T15:13:16.971Z] [INFO] [review agiz-dis-bakimi/513242491] page=125 +8 reviews (unique=1000)
[2026-04-05T15:13:16.992Z] [INFO] [REVIEW PARTIAL SAVED] /mnt/c/Developer/Review_AI/scraper_project/raw_data/agiz-dis-bakimi/513242491_reviews.partial.json
[2026-04-05T15:13:17.480Z] [INFO] [review agiz-dis-bakimi/589575164] page=131 +8 reviews (unique=1048)
[2026-04-05T15:13:17.669Z] [INFO] [review agiz-dis-bakimi/513242491] page=126 +8 reviews (unique=1008)
[2026-04-05T15:13:18.153Z] [INFO] [review agiz-dis-bakimi/589575164] page=132 +8 reviews (unique=1056)
[2026-04-05T15:13:18.310Z] [INFO] [review agiz-dis-bakimi/513242491] page=127 +8 reviews (unique=1016)
[2026-04-05T15:13:18.886Z] [INFO] [review agiz-dis-bakimi/589575164] page=133 +8 reviews (unique=1064)
[2026-04-05T15:13:18.954Z] [INFO] [review agiz-dis-bakimi/513242491] page=128 +8 reviews (unique=1024)
[2026-04-05T15:13:19.524Z] [INFO] [review agiz-dis-bakimi/589575164] page=134 +8 reviews (unique=1072)
[2026-04-05T15:13:19.757Z] [INFO] [review agiz-dis-bakimi/513242491] page=129 +8 reviews (unique=1032)
[2026-04-05T15:13:20.286Z] [INFO] [review agiz-dis-bakimi/589575164] page=135 +8 reviews (unique=1080)
[2026-04-05T15:13:20.308Z] [INFO] [REVIEW PARTIAL SAVED] /mnt/c/Developer/Review_AI/scraper_project/raw_data/agiz-dis-bakimi/589575164_reviews.partial.json
[2026-04-05T15:13:21.036Z] [INFO] [review agiz-dis-bakimi/589575164] page=136 +8 reviews (unique=1088)
[2026-04-05T15:13:21.686Z] [INFO] [review agiz-dis-bakimi/589575164] page=137 +8 reviews (unique=1096)
[2026-04-05T15:13:22.506Z] [INFO] [review agiz-dis-bakimi/589575164] page=138 +8 reviews (unique=1104)
[2026-04-05T15:13:23.293Z] [INFO] [review agiz-dis-bakimi/589575164] page=139 +8 reviews (unique=1112)
[2026-04-05T15:13:24.247Z] [INFO] [review agiz-dis-bakimi/589575164] page=140 +8 reviews (unique=1120)
[2026-04-05T15:13:24.266Z] [INFO] [REVIEW PARTIAL SAVED] /mnt/c/Developer/Review_AI/scraper_project/raw_data/agiz-dis-bakimi/589575164_reviews.partial.json
[2026-04-05T15:13:24.735Z] [INFO] [review agiz-dis-bakimi/513242491] page=130 +8 reviews (unique=1040)
[2026-04-05T15:13:24.752Z] [INFO] [REVIEW PARTIAL SAVED] /mnt/c/Developer/Review_AI/scraper_project/raw_data/agiz-dis-bakimi/513242491_reviews.partial.json
[2026-04-05T15:13:24.960Z] [INFO] [review agiz-dis-bakimi/589575164] page=141 +8 reviews (unique=1128)
[2026-04-05T15:13:25.640Z] [INFO] [review agiz-dis-bakimi/589575164] page=142 +8 reviews (unique=1136)
[2026-04-05T15:13:25.677Z] [INFO] [review agiz-dis-bakimi/513242491] page=131 +8 reviews (unique=1048)
[2026-04-05T15:13:26.321Z] [INFO] [review agiz-dis-bakimi/589575164] page=143 +8 reviews (unique=1144)
[2026-04-05T15:13:26.345Z] [INFO] [review agiz-dis-bakimi/513242491] page=132 +8 reviews (unique=1056)
[2026-04-05T15:13:27.003Z] [INFO] [review agiz-dis-bakimi/513242491] page=133 +8 reviews (unique=1064)
[2026-04-05T15:13:27.051Z] [INFO] [review agiz-dis-bakimi/589575164] page=144 +8 reviews (unique=1152)
[2026-04-05T15:13:27.704Z] [INFO] [review agiz-dis-bakimi/513242491] page=134 +8 reviews (unique=1072)
[2026-04-05T15:13:27.826Z] [INFO] [review agiz-dis-bakimi/589575164] page=145 +8 reviews (unique=1160)
[2026-04-05T15:13:27.848Z] [INFO] [REVIEW PARTIAL SAVED] /mnt/c/Developer/Review_AI/scraper_project/raw_data/agiz-dis-bakimi/589575164_reviews.partial.json
[2026-04-05T15:13:28.401Z] [INFO] [review agiz-dis-bakimi/513242491] page=135 +8 reviews (unique=1080)
[2026-04-05T15:13:28.417Z] [INFO] [REVIEW PARTIAL SAVED] /mnt/c/Developer/Review_AI/scraper_project/raw_data/agiz-dis-bakimi/513242491_reviews.partial.json
[2026-04-05T15:13:28.479Z] [INFO] [review agiz-dis-bakimi/589575164] page=146 +8 reviews (unique=1168)
[2026-04-05T15:13:29.042Z] [INFO] [review agiz-dis-bakimi/513242491] page=136 +8 reviews (unique=1088)
[2026-04-05T15:13:29.247Z] [INFO] [review agiz-dis-bakimi/589575164] page=147 +8 reviews (unique=1176)
[2026-04-05T15:13:29.693Z] [INFO] [review agiz-dis-bakimi/513242491] page=137 +8 reviews (unique=1096)
[2026-04-05T15:13:29.942Z] [INFO] [review agiz-dis-bakimi/589575164] page=148 +8 reviews (unique=1184)
[2026-04-05T15:13:30.387Z] [INFO] [review agiz-dis-bakimi/513242491] page=138 +8 reviews (unique=1104)
[2026-04-05T15:13:30.586Z] [INFO] [review agiz-dis-bakimi/589575164] page=149 +8 reviews (unique=1192)
[2026-04-05T15:13:31.047Z] [INFO] [review agiz-dis-bakimi/513242491] page=139 +8 reviews (unique=1112)
[2026-04-05T15:13:31.218Z] [INFO] [review agiz-dis-bakimi/589575164] page=150 +8 reviews (unique=1200)
[2026-04-05T15:13:31.241Z] [INFO] [REVIEW PARTIAL SAVED] /mnt/c/Developer/Review_AI/scraper_project/raw_data/agiz-dis-bakimi/589575164_reviews.partial.json
[2026-04-05T15:13:31.653Z] [INFO] [review agiz-dis-bakimi/513242491] page=140 +8 reviews (unique=1120)
[2026-04-05T15:13:31.683Z] [INFO] [REVIEW PARTIAL SAVED] /mnt/c/Developer/Review_AI/scraper_project/raw_data/agiz-dis-bakimi/513242491_reviews.partial.json
[2026-04-05T15:13:31.853Z] [INFO] [review agiz-dis-bakimi/589575164] page=151 +8 reviews (unique=1208)
[2026-04-05T15:13:32.406Z] [INFO] [review agiz-dis-bakimi/513242491] page=141 +8 reviews (unique=1128)
[2026-04-05T15:13:32.515Z] [INFO] [review agiz-dis-bakimi/589575164] page=152 +8 reviews (unique=1216)
[2026-04-05T15:13:33.111Z] [INFO] [review agiz-dis-bakimi/513242491] page=142 +8 reviews (unique=1136)
[2026-04-05T15:13:33.435Z] [INFO] [review agiz-dis-bakimi/589575164] page=153 +8 reviews (unique=1224)
[2026-04-05T15:13:33.770Z] [INFO] [review agiz-dis-bakimi/513242491] page=143 +8 reviews (unique=1144)
[2026-04-05T15:13:34.024Z] [INFO] [review agiz-dis-bakimi/589575164] page=154 +8 reviews (unique=1232)
[2026-04-05T15:13:34.570Z] [INFO] [review agiz-dis-bakimi/513242491] page=144 +8 reviews (unique=1152)
[2026-04-05T15:13:34.649Z] [INFO] [review agiz-dis-bakimi/589575164] page=155 +8 reviews (unique=1240)
[2026-04-05T15:13:34.666Z] [INFO] [REVIEW PARTIAL SAVED] /mnt/c/Developer/Review_AI/scraper_project/raw_data/agiz-dis-bakimi/589575164_reviews.partial.json
[2026-04-05T15:13:35.293Z] [INFO] [review agiz-dis-bakimi/589575164] page=156 +8 reviews (unique=1248)
[2026-04-05T15:13:35.401Z] [INFO] [review agiz-dis-bakimi/513242491] page=145 +8 reviews (unique=1160)
[2026-04-05T15:13:35.424Z] [INFO] [REVIEW PARTIAL SAVED] /mnt/c/Developer/Review_AI/scraper_project/raw_data/agiz-dis-bakimi/513242491_reviews.partial.json
[2026-04-05T15:13:35.989Z] [INFO] [review agiz-dis-bakimi/589575164] page=157 +8 reviews (unique=1256)
[2026-04-05T15:13:36.048Z] [INFO] [review agiz-dis-bakimi/513242491] page=146 +8 reviews (unique=1168)
[2026-04-05T15:13:36.598Z] [INFO] [review agiz-dis-bakimi/589575164] page=158 +8 reviews (unique=1264)
[2026-04-05T15:13:36.669Z] [INFO] [review agiz-dis-bakimi/513242491] page=147 +8 reviews (unique=1176)
[2026-04-05T15:13:37.276Z] [INFO] [review agiz-dis-bakimi/589575164] page=159 +8 reviews (unique=1272)
[2026-04-05T15:13:37.352Z] [INFO] [review agiz-dis-bakimi/513242491] page=148 +8 reviews (unique=1184)
[2026-04-05T15:13:37.909Z] [INFO] [review agiz-dis-bakimi/589575164] page=160 +8 reviews (unique=1280)
[2026-04-05T15:13:37.934Z] [INFO] [REVIEW PARTIAL SAVED] /mnt/c/Developer/Review_AI/scraper_project/raw_data/agiz-dis-bakimi/589575164_reviews.partial.json
[2026-04-05T15:13:38.039Z] [INFO] [review agiz-dis-bakimi/513242491] page=149 +8 reviews (unique=1192)
[2026-04-05T15:13:38.627Z] [INFO] [review agiz-dis-bakimi/589575164] page=161 +8 reviews (unique=1288)
[2026-04-05T15:13:38.767Z] [INFO] [review agiz-dis-bakimi/513242491] page=150 +8 reviews (unique=1200)
[2026-04-05T15:13:38.791Z] [INFO] [REVIEW PARTIAL SAVED] /mnt/c/Developer/Review_AI/scraper_project/raw_data/agiz-dis-bakimi/513242491_reviews.partial.json
[2026-04-05T15:13:39.438Z] [INFO] [review agiz-dis-bakimi/513242491] page=151 +8 reviews (unique=1208)
[2026-04-05T15:13:39.459Z] [INFO] [review agiz-dis-bakimi/589575164] page=162 +7 reviews (unique=1295)
[2026-04-05T15:13:39.486Z] [INFO] [REVIEW SAVED] /mnt/c/Developer/Review_AI/scraper_project/raw_data/agiz-dis-bakimi/589575164_reviews.json
[2026-04-05T15:13:40.117Z] [INFO] [review agiz-dis-bakimi/513242491] page=152 +8 reviews (unique=1216)
[2026-04-05T15:13:40.836Z] [INFO] [review agiz-dis-bakimi/513242491] page=153 +8 reviews (unique=1224)
[2026-04-05T15:13:41.506Z] [INFO] [review agiz-dis-bakimi/513242491] page=154 +8 reviews (unique=1232)
[2026-04-05T15:13:42.101Z] [INFO] [review agiz-dis-bakimi/513242491] page=155 +8 reviews (unique=1240)
[2026-04-05T15:13:42.131Z] [INFO] [REVIEW PARTIAL SAVED] /mnt/c/Developer/Review_AI/scraper_project/raw_data/agiz-dis-bakimi/513242491_reviews.partial.json
[2026-04-05T15:13:42.751Z] [INFO] [review agiz-dis-bakimi/513242491] page=156 +8 reviews (unique=1248)
[2026-04-05T15:13:43.484Z] [INFO] [review agiz-dis-bakimi/513242491] page=157 +8 reviews (unique=1256)
[2026-04-05T15:13:44.105Z] [INFO] [review agiz-dis-bakimi/513242491] page=158 +8 reviews (unique=1264)
[2026-04-05T15:13:44.764Z] [INFO] [review agiz-dis-bakimi/513242491] page=159 +8 reviews (unique=1272)
[2026-04-05T15:13:45.484Z] [INFO] [review agiz-dis-bakimi/513242491] page=160 +8 reviews (unique=1280)
[2026-04-05T15:13:45.505Z] [INFO] [REVIEW PARTIAL SAVED] /mnt/c/Developer/Review_AI/scraper_project/raw_data/agiz-dis-bakimi/513242491_reviews.partial.json
[2026-04-05T15:13:46.585Z] [INFO] [review agiz-dis-bakimi/513242491] page=161 +8 reviews (unique=1288)
[2026-04-05T15:13:47.286Z] [INFO] [review agiz-dis-bakimi/513242491] page=162 +8 reviews (unique=1296)
[2026-04-05T15:13:47.987Z] [INFO] [review agiz-dis-bakimi/513242491] page=163 +8 reviews (unique=1304)
[2026-04-05T15:13:48.611Z] [INFO] [review agiz-dis-bakimi/513242491] page=164 +8 reviews (unique=1312)
[2026-04-05T15:13:49.231Z] [INFO] [review agiz-dis-bakimi/513242491] page=165 +8 reviews (unique=1320)
[2026-04-05T15:13:49.253Z] [INFO] [REVIEW PARTIAL SAVED] /mnt/c/Developer/Review_AI/scraper_project/raw_data/agiz-dis-bakimi/513242491_reviews.partial.json
[2026-04-05T15:13:49.271Z] [INFO] [REVIEW SAVED] /mnt/c/Developer/Review_AI/scraper_project/raw_data/agiz-dis-bakimi/513242491_reviews.json
[2026-04-05T15:13:49.292Z] [INFO] 
All review jobs finished.
