[2026-04-05T20:08:55.811Z] [INFO] [RUN] id=banyo
[2026-04-05T20:08:55.816Z] [INFO] [RUN] log file: /mnt/c/Developer/Review_AI/scraper_project/logs/banyo.log
[2026-04-05T20:08:55.818Z] [INFO] [RUN] summary file: /mnt/c/Developer/Review_AI/scraper_project/logs/banyo_summary.json
[2026-04-05T20:08:56.095Z] [INFO] [REVIEWS] loaded 1017 review jobs from /mnt/c/Developer/Review_AI/scraper_project/product_ids
[2026-04-05T20:08:56.098Z] [INFO] [REVIEWS] category filter: banyo-ve-ev-gerecleri
[2026-04-05T20:08:56.100Z] [INFO] [REVIEWS] concurrency: 10
[2026-04-05T20:08:56.104Z] [INFO] 
[REVIEW WORKER 1] starting banyo-ve-ev-gerecleri/557033874
[2026-04-05T20:08:56.107Z] [INFO] 
[REVIEW WORKER 2] starting banyo-ve-ev-gerecleri/521647283
[2026-04-05T20:08:56.110Z] [INFO] 
[REVIEW WORKER 3] starting banyo-ve-ev-gerecleri/732469069
[2026-04-05T20:08:56.113Z] [INFO] 
[REVIEW WORKER 4] starting banyo-ve-ev-gerecleri/677102878
[2026-04-05T20:08:56.116Z] [INFO] 
[REVIEW WORKER 5] starting banyo-ve-ev-gerecleri/491036801
[2026-04-05T20:08:56.120Z] [INFO] 
[REVIEW WORKER 6] starting banyo-ve-ev-gerecleri/514025766
[2026-04-05T20:08:56.124Z] [INFO] 
[REVIEW WORKER 7] starting banyo-ve-ev-gerecleri/605502353
[2026-04-05T20:08:56.129Z] [INFO] 
[REVIEW WORKER 8] starting banyo-ve-ev-gerecleri/633852192
[2026-04-05T20:08:56.132Z] [INFO] 
[REVIEW WORKER 9] starting banyo-ve-ev-gerecleri/592866174
[2026-04-05T20:08:56.135Z] [INFO] 
[REVIEW WORKER 10] starting banyo-ve-ev-gerecleri/719652461
[2026-04-05T20:09:01.473Z] [INFO] 
[START REVIEW] category=banyo-ve-ev-gerecleri productId=514025766 startPage=1
[2026-04-05T20:09:01.522Z] [INFO] 
[START REVIEW] category=banyo-ve-ev-gerecleri productId=592866174 startPage=1
[2026-04-05T20:09:01.543Z] [INFO] 
[START REVIEW] category=banyo-ve-ev-gerecleri productId=605502353 startPage=1
[2026-04-05T20:09:01.571Z] [INFO] 
[START REVIEW] category=banyo-ve-ev-gerecleri productId=677102878 startPage=1
[2026-04-05T20:09:02.379Z] [INFO] 
[START REVIEW] category=banyo-ve-ev-gerecleri productId=557033874 startPage=1
[2026-04-05T20:09:02.801Z] [INFO] 
[START REVIEW] category=banyo-ve-ev-gerecleri productId=732469069 startPage=1
[2026-04-05T20:09:02.815Z] [INFO] 
[START REVIEW] category=banyo-ve-ev-gerecleri productId=521647283 startPage=1
[2026-04-05T20:09:02.832Z] [INFO] 
[START REVIEW] category=banyo-ve-ev-gerecleri productId=633852192 startPage=1
[2026-04-05T20:09:02.851Z] [INFO] 
[START REVIEW] category=banyo-ve-ev-gerecleri productId=719652461 startPage=1
[2026-04-05T20:09:03.648Z] [INFO] [review banyo-ve-ev-gerecleri/732469069] page=1 +1 reviews (unique=1)
[2026-04-05T20:09:03.681Z] [INFO] [REVIEW SAVED] /mnt/c/Developer/Review_AI/scraper_project/raw_data/banyo-ve-ev-gerecleri/732469069_reviews.json
[2026-04-05T20:09:03.698Z] [INFO] [review banyo-ve-ev-gerecleri/633852192] page=1 +8 reviews (unique=8)
[2026-04-05T20:09:03.714Z] [INFO] [review banyo-ve-ev-gerecleri/521647283] page=1 +8 reviews (unique=8)
[2026-04-05T20:09:03.740Z] [INFO] [review banyo-ve-ev-gerecleri/677102878] page=1 +0 reviews (unique=0)
[2026-04-05T20:09:03.784Z] [INFO] [REVIEW SAVED] /mnt/c/Developer/Review_AI/scraper_project/raw_data/banyo-ve-ev-gerecleri/677102878_reviews.json
[2026-04-05T20:09:03.791Z] [INFO] [review banyo-ve-ev-gerecleri/514025766] page=1 +8 reviews (unique=8)
[2026-04-05T20:09:03.836Z] [INFO] 
[REVIEW WORKER 3] starting banyo-ve-ev-gerecleri/470600358
[2026-04-05T20:09:03.841Z] [INFO] [review banyo-ve-ev-gerecleri/592866174] page=1 +0 reviews (unique=0)
[2026-04-05T20:09:03.867Z] [INFO] [REVIEW SAVED] /mnt/c/Developer/Review_AI/scraper_project/raw_data/banyo-ve-ev-gerecleri/592866174_reviews.json
[2026-04-05T20:09:03.883Z] [INFO] 
[REVIEW WORKER 4] starting banyo-ve-ev-gerecleri/728018696
[2026-04-05T20:09:03.898Z] [INFO] 
[REVIEW WORKER 9] starting banyo-ve-ev-gerecleri/647234297
[2026-04-05T20:09:04.208Z] [INFO] [review banyo-ve-ev-gerecleri/719652461] page=1 +4 reviews (unique=4)
[2026-04-05T20:09:04.237Z] [INFO] [REVIEW SAVED] /mnt/c/Developer/Review_AI/scraper_project/raw_data/banyo-ve-ev-gerecleri/719652461_reviews.json
[2026-04-05T20:09:04.263Z] [INFO] 
[REVIEW WORKER 10] starting banyo-ve-ev-gerecleri/737080384
[2026-04-05T20:09:04.715Z] [INFO] [review banyo-ve-ev-gerecleri/521647283] page=2 +8 reviews (unique=16)
[2026-04-05T20:09:04.736Z] [INFO] [review banyo-ve-ev-gerecleri/633852192] page=2 +8 reviews (unique=16)
[2026-04-05T20:09:04.770Z] [INFO] [review banyo-ve-ev-gerecleri/605502353] page=1 +8 reviews (unique=8)
[2026-04-05T20:09:04.802Z] [INFO] 
[START REVIEW] category=banyo-ve-ev-gerecleri productId=491036801 startPage=1
[2026-04-05T20:09:04.824Z] [INFO] [review banyo-ve-ev-gerecleri/514025766] page=2 +8 reviews (unique=16)
[2026-04-05T20:09:05.052Z] [INFO] [review banyo-ve-ev-gerecleri/557033874] page=1 +8 reviews (unique=8)
[2026-04-05T20:09:05.307Z] [INFO] [review banyo-ve-ev-gerecleri/491036801] page=1 +8 reviews (unique=8)
[2026-04-05T20:09:05.724Z] [INFO] [review banyo-ve-ev-gerecleri/605502353] page=2 +8 reviews (unique=16)
[2026-04-05T20:09:05.867Z] [INFO] [review banyo-ve-ev-gerecleri/633852192] page=3 +8 reviews (unique=24)
[2026-04-05T20:09:05.877Z] [INFO] [review banyo-ve-ev-gerecleri/521647283] page=3 +8 reviews (unique=24)
[2026-04-05T20:09:06.007Z] [INFO] [review banyo-ve-ev-gerecleri/514025766] page=3 +8 reviews (unique=24)
[2026-04-05T20:09:06.223Z] [INFO] [review banyo-ve-ev-gerecleri/557033874] page=2 +8 reviews (unique=16)
[2026-04-05T20:09:06.344Z] [INFO] [review banyo-ve-ev-gerecleri/491036801] page=2 +8 reviews (unique=16)
[2026-04-05T20:09:06.561Z] [INFO] [review banyo-ve-ev-gerecleri/605502353] page=3 +4 reviews (unique=20)
[2026-04-05T20:09:06.586Z] [INFO] [REVIEW SAVED] /mnt/c/Developer/Review_AI/scraper_project/raw_data/banyo-ve-ev-gerecleri/605502353_reviews.json
[2026-04-05T20:09:06.600Z] [INFO] 
[REVIEW WORKER 7] starting banyo-ve-ev-gerecleri/633852744
[2026-04-05T20:09:06.754Z] [INFO] [review banyo-ve-ev-gerecleri/521647283] page=4 +8 reviews (unique=32)
[2026-04-05T20:09:06.844Z] [INFO] [review banyo-ve-ev-gerecleri/633852192] page=4 +8 reviews (unique=32)
[2026-04-05T20:09:06.884Z] [INFO] [review banyo-ve-ev-gerecleri/514025766] page=4 +8 reviews (unique=32)
[2026-04-05T20:09:06.902Z] [INFO] [REVIEW SAVED] /mnt/c/Developer/Review_AI/scraper_project/raw_data/banyo-ve-ev-gerecleri/514025766_reviews.json
[2026-04-05T20:09:06.944Z] [INFO] 
[REVIEW WORKER 6] starting banyo-ve-ev-gerecleri/585992194
[2026-04-05T20:09:07.104Z] [INFO] [review banyo-ve-ev-gerecleri/557033874] page=3 +8 reviews (unique=24)
[2026-04-05T20:09:07.277Z] [INFO] [review banyo-ve-ev-gerecleri/491036801] page=3 +8 reviews (unique=24)
[2026-04-05T20:09:07.688Z] [INFO] [review banyo-ve-ev-gerecleri/521647283] page=5 +8 reviews (unique=40)
[2026-04-05T20:09:07.713Z] [INFO] [REVIEW PARTIAL SAVED] /mnt/c/Developer/Review_AI/scraper_project/raw_data/banyo-ve-ev-gerecleri/521647283_reviews.partial.json
[2026-04-05T20:09:08.023Z] [INFO] [review banyo-ve-ev-gerecleri/633852192] page=5 +8 reviews (unique=40)
[2026-04-05T20:09:08.036Z] [INFO] [REVIEW PARTIAL SAVED] /mnt/c/Developer/Review_AI/scraper_project/raw_data/banyo-ve-ev-gerecleri/633852192_reviews.partial.json
[2026-04-05T20:09:08.192Z] [INFO] [review banyo-ve-ev-gerecleri/557033874] page=4 +3 reviews (unique=27)
[2026-04-05T20:09:08.206Z] [INFO] [REVIEW SAVED] /mnt/c/Developer/Review_AI/scraper_project/raw_data/banyo-ve-ev-gerecleri/557033874_reviews.json
[2026-04-05T20:09:08.226Z] [INFO] 
[REVIEW WORKER 1] starting banyo-ve-ev-gerecleri/575300858
[2026-04-05T20:09:08.395Z] [INFO] [review banyo-ve-ev-gerecleri/491036801] page=4 +8 reviews (unique=32)
[2026-04-05T20:09:08.571Z] [INFO] [review banyo-ve-ev-gerecleri/521647283] page=6 +8 reviews (unique=48)
[2026-04-05T20:09:08.774Z] [INFO] [review banyo-ve-ev-gerecleri/633852192] page=6 +8 reviews (unique=48)
[2026-04-05T20:09:09.089Z] [INFO] [review banyo-ve-ev-gerecleri/491036801] page=5 +8 reviews (unique=40)
[2026-04-05T20:09:09.109Z] [INFO] [REVIEW PARTIAL SAVED] /mnt/c/Developer/Review_AI/scraper_project/raw_data/banyo-ve-ev-gerecleri/491036801_reviews.partial.json
[2026-04-05T20:09:09.346Z] [INFO] [review banyo-ve-ev-gerecleri/521647283] page=7 +8 reviews (unique=56)
[2026-04-05T20:09:09.561Z] [INFO] [review banyo-ve-ev-gerecleri/633852192] page=7 +8 reviews (unique=56)
[2026-04-05T20:09:09.896Z] [INFO] [review banyo-ve-ev-gerecleri/491036801] page=6 +8 reviews (unique=48)
[2026-04-05T20:09:10.008Z] [INFO] [review banyo-ve-ev-gerecleri/521647283] page=8 +4 reviews (unique=60)
[2026-04-05T20:09:10.036Z] [INFO] [REVIEW SAVED] /mnt/c/Developer/Review_AI/scraper_project/raw_data/banyo-ve-ev-gerecleri/521647283_reviews.json
[2026-04-05T20:09:10.062Z] [INFO] 
[REVIEW WORKER 2] starting banyo-ve-ev-gerecleri/544125310
[2026-04-05T20:09:10.313Z] [INFO] [review banyo-ve-ev-gerecleri/633852192] page=8 +8 reviews (unique=64)
[2026-04-05T20:09:10.775Z] [INFO] 
[START REVIEW] category=banyo-ve-ev-gerecleri productId=647234297 startPage=1
[2026-04-05T20:09:10.865Z] [INFO] 
[START REVIEW] category=banyo-ve-ev-gerecleri productId=470600358 startPage=1
[2026-04-05T20:09:10.881Z] [INFO] 
[START REVIEW] category=banyo-ve-ev-gerecleri productId=728018696 startPage=1
[2026-04-05T20:09:10.895Z] [INFO] 
[START REVIEW] category=banyo-ve-ev-gerecleri productId=737080384 startPage=1
[2026-04-05T20:09:10.899Z] [INFO] [review banyo-ve-ev-gerecleri/491036801] page=7 +8 reviews (unique=56)
[2026-04-05T20:09:12.058Z] [INFO] 
[START REVIEW] category=banyo-ve-ev-gerecleri productId=633852744 startPage=1
[2026-04-05T20:09:12.398Z] [INFO] [review banyo-ve-ev-gerecleri/633852192] page=9 +8 reviews (unique=72)
[2026-04-05T20:09:12.452Z] [INFO] [review banyo-ve-ev-gerecleri/737080384] page=1 +0 reviews (unique=0)
[2026-04-05T20:09:12.472Z] [INFO] [REVIEW SAVED] /mnt/c/Developer/Review_AI/scraper_project/raw_data/banyo-ve-ev-gerecleri/737080384_reviews.json
[2026-04-05T20:09:12.480Z] [INFO] [review banyo-ve-ev-gerecleri/647234297] page=1 +8 reviews (unique=8)
[2026-04-05T20:09:12.508Z] [INFO] [REVIEW SAVED] /mnt/c/Developer/Review_AI/scraper_project/raw_data/banyo-ve-ev-gerecleri/647234297_reviews.json
[2026-04-05T20:09:12.513Z] [INFO] [review banyo-ve-ev-gerecleri/470600358] page=1 +8 reviews (unique=8)
[2026-04-05T20:09:12.520Z] [INFO] [review banyo-ve-ev-gerecleri/728018696] page=1 +8 reviews (unique=8)
[2026-04-05T20:09:12.530Z] [INFO] [review banyo-ve-ev-gerecleri/491036801] page=8 +6 reviews (unique=62)
[2026-04-05T20:09:12.560Z] [INFO] [REVIEW SAVED] /mnt/c/Developer/Review_AI/scraper_project/raw_data/banyo-ve-ev-gerecleri/491036801_reviews.json
[2026-04-05T20:09:12.573Z] [INFO] 
[REVIEW WORKER 10] starting banyo-ve-ev-gerecleri/737080284
[2026-04-05T20:09:12.588Z] [INFO] 
[REVIEW WORKER 9] starting banyo-ve-ev-gerecleri/671119927
[2026-04-05T20:09:12.612Z] [INFO] 
[REVIEW WORKER 5] starting banyo-ve-ev-gerecleri/598074802
[2026-04-05T20:09:13.532Z] [INFO] [review banyo-ve-ev-gerecleri/633852192] page=10 +8 reviews (unique=80)
[2026-04-05T20:09:13.554Z] [INFO] [REVIEW PARTIAL SAVED] /mnt/c/Developer/Review_AI/scraper_project/raw_data/banyo-ve-ev-gerecleri/633852192_reviews.partial.json
[2026-04-05T20:09:13.559Z] [INFO] [review banyo-ve-ev-gerecleri/728018696] page=2 +8 reviews (unique=16)
[2026-04-05T20:09:13.572Z] [INFO] [review banyo-ve-ev-gerecleri/470600358] page=2 +8 reviews (unique=16)
[2026-04-05T20:09:13.648Z] [INFO] [review banyo-ve-ev-gerecleri/633852744] page=1 +8 reviews (unique=8)
[2026-04-05T20:09:14.375Z] [INFO] [review banyo-ve-ev-gerecleri/633852192] page=11 +8 reviews (unique=88)
[2026-04-05T20:09:14.403Z] [INFO] [review banyo-ve-ev-gerecleri/728018696] page=3 +8 reviews (unique=24)
[2026-04-05T20:09:14.434Z] [INFO] [review banyo-ve-ev-gerecleri/470600358] page=3 +8 reviews (unique=24)
[2026-04-05T20:09:14.459Z] [INFO] [review banyo-ve-ev-gerecleri/633852744] page=2 +8 reviews (unique=16)
[2026-04-05T20:09:15.202Z] [INFO] 
[START REVIEW] category=banyo-ve-ev-gerecleri productId=585992194 startPage=1
[2026-04-05T20:09:15.211Z] [INFO] 
[START REVIEW] category=banyo-ve-ev-gerecleri productId=575300858 startPage=1
[2026-04-05T20:09:15.757Z] [INFO] [review banyo-ve-ev-gerecleri/633852192] page=12 +8 reviews (unique=96)
[2026-04-05T20:09:15.808Z] [INFO] [review banyo-ve-ev-gerecleri/470600358] page=4 +8 reviews (unique=32)
[2026-04-05T20:09:15.921Z] [INFO] [review banyo-ve-ev-gerecleri/728018696] page=4 +8 reviews (unique=32)
[2026-04-05T20:09:15.928Z] [INFO] [review banyo-ve-ev-gerecleri/633852744] page=3 +8 reviews (unique=24)
[2026-04-05T20:09:16.057Z] [INFO] [review banyo-ve-ev-gerecleri/575300858] page=1 +8 reviews (unique=8)
[2026-04-05T20:09:16.072Z] [INFO] [review banyo-ve-ev-gerecleri/585992194] page=1 +8 reviews (unique=8)
[2026-04-05T20:09:16.537Z] [INFO] [review banyo-ve-ev-gerecleri/633852192] page=13 +8 reviews (unique=104)
[2026-04-05T20:09:16.589Z] [INFO] [review banyo-ve-ev-gerecleri/470600358] page=5 +8 reviews (unique=40)
[2026-04-05T20:09:16.614Z] [INFO] [REVIEW PARTIAL SAVED] /mnt/c/Developer/Review_AI/scraper_project/raw_data/banyo-ve-ev-gerecleri/470600358_reviews.partial.json
[2026-04-05T20:09:16.705Z] [INFO] [review banyo-ve-ev-gerecleri/633852744] page=4 +8 reviews (unique=32)
[2026-04-05T20:09:16.722Z] [INFO] [review banyo-ve-ev-gerecleri/728018696] page=5 +8 reviews (unique=40)
[2026-04-05T20:09:16.737Z] [INFO] [REVIEW PARTIAL SAVED] /mnt/c/Developer/Review_AI/scraper_project/raw_data/banyo-ve-ev-gerecleri/728018696_reviews.partial.json
[2026-04-05T20:09:16.810Z] [INFO] [review banyo-ve-ev-gerecleri/585992194] page=2 +8 reviews (unique=16)
[2026-04-05T20:09:16.834Z] [INFO] [review banyo-ve-ev-gerecleri/575300858] page=2 +8 reviews (unique=16)
[2026-04-05T20:09:17.603Z] [INFO] 
[START REVIEW] category=banyo-ve-ev-gerecleri productId=544125310 startPage=1
[2026-04-05T20:09:17.715Z] [INFO] [review banyo-ve-ev-gerecleri/633852192] page=14 +8 reviews (unique=112)
[2026-04-05T20:09:17.819Z] [INFO] [review banyo-ve-ev-gerecleri/728018696] page=6 +8 reviews (unique=48)
[2026-04-05T20:09:17.830Z] [INFO] [review banyo-ve-ev-gerecleri/633852744] page=5 +8 reviews (unique=40)
[2026-04-05T20:09:17.846Z] [INFO] [REVIEW PARTIAL SAVED] /mnt/c/Developer/Review_AI/scraper_project/raw_data/banyo-ve-ev-gerecleri/633852744_reviews.partial.json
[2026-04-05T20:09:17.855Z] [INFO] [review banyo-ve-ev-gerecleri/585992194] page=3 +8 reviews (unique=24)
[2026-04-05T20:09:17.868Z] [INFO] [review banyo-ve-ev-gerecleri/470600358] page=6 +8 reviews (unique=48)
[2026-04-05T20:09:17.878Z] [INFO] [review banyo-ve-ev-gerecleri/575300858] page=3 +8 reviews (unique=24)
[2026-04-05T20:09:17.894Z] [INFO] [review banyo-ve-ev-gerecleri/544125310] page=1 +8 reviews (unique=8)
[2026-04-05T20:09:18.485Z] [INFO] [review banyo-ve-ev-gerecleri/633852192] page=15 +8 reviews (unique=120)
[2026-04-05T20:09:18.522Z] [INFO] [REVIEW PARTIAL SAVED] /mnt/c/Developer/Review_AI/scraper_project/raw_data/banyo-ve-ev-gerecleri/633852192_reviews.partial.json
[2026-04-05T20:09:18.549Z] [INFO] [review banyo-ve-ev-gerecleri/633852744] page=6 +8 reviews (unique=48)
[2026-04-05T20:09:18.561Z] [INFO] [review banyo-ve-ev-gerecleri/575300858] page=4 +8 reviews (unique=32)
[2026-04-05T20:09:18.573Z] [INFO] [review banyo-ve-ev-gerecleri/728018696] page=7 +8 reviews (unique=56)
[2026-04-05T20:09:18.582Z] [INFO] [review banyo-ve-ev-gerecleri/470600358] page=7 +8 reviews (unique=56)
[2026-04-05T20:09:18.599Z] [INFO] [review banyo-ve-ev-gerecleri/585992194] page=4 +8 reviews (unique=32)
[2026-04-05T20:09:18.734Z] [INFO] [review banyo-ve-ev-gerecleri/544125310] page=2 +8 reviews (unique=16)
[2026-04-05T20:09:19.638Z] [INFO] 
[START REVIEW] category=banyo-ve-ev-gerecleri productId=598074802 startPage=1
[2026-04-05T20:09:19.751Z] [INFO] [review banyo-ve-ev-gerecleri/633852744] page=7 +8 reviews (unique=56)
[2026-04-05T20:09:19.765Z] [INFO] [review banyo-ve-ev-gerecleri/633852192] page=16 +8 reviews (unique=128)
[2026-04-05T20:09:19.808Z] [INFO] [review banyo-ve-ev-gerecleri/728018696] page=8 +8 reviews (unique=64)
[2026-04-05T20:09:19.823Z] [INFO] [review banyo-ve-ev-gerecleri/470600358] page=8 +8 reviews (unique=64)
[2026-04-05T20:09:19.845Z] [INFO] [review banyo-ve-ev-gerecleri/575300858] page=5 +8 reviews (unique=40)
[2026-04-05T20:09:19.882Z] [INFO] [REVIEW PARTIAL SAVED] /mnt/c/Developer/Review_AI/scraper_project/raw_data/banyo-ve-ev-gerecleri/575300858_reviews.partial.json
[2026-04-05T20:09:19.893Z] [INFO] [review banyo-ve-ev-gerecleri/585992194] page=5 +8 reviews (unique=40)
[2026-04-05T20:09:19.913Z] [INFO] [REVIEW PARTIAL SAVED] /mnt/c/Developer/Review_AI/scraper_project/raw_data/banyo-ve-ev-gerecleri/585992194_reviews.partial.json
[2026-04-05T20:09:19.997Z] [INFO] [review banyo-ve-ev-gerecleri/544125310] page=3 +8 reviews (unique=24)
[2026-04-05T20:09:20.348Z] [INFO] [review banyo-ve-ev-gerecleri/598074802] page=1 +8 reviews (unique=8)
[2026-04-05T20:09:20.374Z] [INFO] 
[START REVIEW] category=banyo-ve-ev-gerecleri productId=737080284 startPage=1
[2026-04-05T20:09:20.388Z] [INFO] 
[START REVIEW] category=banyo-ve-ev-gerecleri productId=671119927 startPage=1
[2026-04-05T20:09:20.711Z] [INFO] [review banyo-ve-ev-gerecleri/633852744] page=8 +8 reviews (unique=64)
[2026-04-05T20:09:20.726Z] [INFO] [review banyo-ve-ev-gerecleri/633852192] page=17 +8 reviews (unique=136)
[2026-04-05T20:09:20.806Z] [INFO] [review banyo-ve-ev-gerecleri/728018696] page=9 +8 reviews (unique=72)
[2026-04-05T20:09:20.828Z] [INFO] [review banyo-ve-ev-gerecleri/585992194] page=6 +8 reviews (unique=48)
[2026-04-05T20:09:20.840Z] [INFO] [review banyo-ve-ev-gerecleri/575300858] page=6 +8 reviews (unique=48)
[2026-04-05T20:09:20.856Z] [INFO] [review banyo-ve-ev-gerecleri/470600358] page=9 +8 reviews (unique=72)
[2026-04-05T20:09:20.904Z] [INFO] [review banyo-ve-ev-gerecleri/671119927] page=1 +8 reviews (unique=8)
[2026-04-05T20:09:20.949Z] [INFO] [review banyo-ve-ev-gerecleri/737080284] page=1 +0 reviews (unique=0)
[2026-04-05T20:09:20.963Z] [INFO] [REVIEW SAVED] /mnt/c/Developer/Review_AI/scraper_project/raw_data/banyo-ve-ev-gerecleri/737080284_reviews.json
[2026-04-05T20:09:20.982Z] [INFO] 
[REVIEW WORKER 10] starting banyo-ve-ev-gerecleri/708854839
[2026-04-05T20:09:20.998Z] [INFO] [review banyo-ve-ev-gerecleri/544125310] page=4 +3 reviews (unique=27)
[2026-04-05T20:09:21.016Z] [INFO] [REVIEW SAVED] /mnt/c/Developer/Review_AI/scraper_project/raw_data/banyo-ve-ev-gerecleri/544125310_reviews.json
[2026-04-05T20:09:21.071Z] [INFO] 
[REVIEW WORKER 2] starting banyo-ve-ev-gerecleri/725848667
[2026-04-05T20:09:21.280Z] [INFO] [review banyo-ve-ev-gerecleri/598074802] page=2 +8 reviews (unique=16)
[2026-04-05T20:09:21.617Z] [INFO] [review banyo-ve-ev-gerecleri/633852744] page=9 +8 reviews (unique=72)
[2026-04-05T20:09:21.627Z] [INFO] [review banyo-ve-ev-gerecleri/633852192] page=18 +8 reviews (unique=144)
[2026-04-05T20:09:21.696Z] [INFO] [review banyo-ve-ev-gerecleri/728018696] page=10 +7 reviews (unique=79)
[2026-04-05T20:09:21.706Z] [INFO] [REVIEW PARTIAL SAVED] /mnt/c/Developer/Review_AI/scraper_project/raw_data/banyo-ve-ev-gerecleri/728018696_reviews.partial.json
[2026-04-05T20:09:21.726Z] [INFO] [REVIEW SAVED] /mnt/c/Developer/Review_AI/scraper_project/raw_data/banyo-ve-ev-gerecleri/728018696_reviews.json
[2026-04-05T20:09:21.736Z] [INFO] [review banyo-ve-ev-gerecleri/575300858] page=7 +8 reviews (unique=56)
[2026-04-05T20:09:21.742Z] [INFO] [review banyo-ve-ev-gerecleri/585992194] page=7 +8 reviews (unique=56)
[2026-04-05T20:09:21.752Z] [INFO] [review banyo-ve-ev-gerecleri/470600358] page=10 +8 reviews (unique=80)
[2026-04-05T20:09:21.765Z] [INFO] [REVIEW PARTIAL SAVED] /mnt/c/Developer/Review_AI/scraper_project/raw_data/banyo-ve-ev-gerecleri/470600358_reviews.partial.json
[2026-04-05T20:09:21.771Z] [INFO] 
[REVIEW WORKER 4] starting banyo-ve-ev-gerecleri/601470567
[2026-04-05T20:09:21.833Z] [INFO] [review banyo-ve-ev-gerecleri/671119927] page=2 +8 reviews (unique=16)
[2026-04-05T20:09:22.188Z] [INFO] [review banyo-ve-ev-gerecleri/598074802] page=3 +2 reviews (unique=18)
[2026-04-05T20:09:22.208Z] [INFO] [REVIEW SAVED] /mnt/c/Developer/Review_AI/scraper_project/raw_data/banyo-ve-ev-gerecleri/598074802_reviews.json
[2026-04-05T20:09:22.227Z] [INFO] 
[REVIEW WORKER 5] starting banyo-ve-ev-gerecleri/733801021
[2026-04-05T20:09:22.299Z] [INFO] [review banyo-ve-ev-gerecleri/633852744] page=10 +8 reviews (unique=80)
[2026-04-05T20:09:22.310Z] [INFO] [REVIEW PARTIAL SAVED] /mnt/c/Developer/Review_AI/scraper_project/raw_data/banyo-ve-ev-gerecleri/633852744_reviews.partial.json
[2026-04-05T20:09:22.321Z] [INFO] [review banyo-ve-ev-gerecleri/633852192] page=19 +8 reviews (unique=152)
[2026-04-05T20:09:22.408Z] [INFO] [review banyo-ve-ev-gerecleri/575300858] page=8 +8 reviews (unique=64)
[2026-04-05T20:09:22.438Z] [INFO] [review banyo-ve-ev-gerecleri/585992194] page=8 +8 reviews (unique=64)
[2026-04-05T20:09:22.465Z] [INFO] [review banyo-ve-ev-gerecleri/470600358] page=11 +8 reviews (unique=88)
[2026-04-05T20:09:22.666Z] [INFO] [review banyo-ve-ev-gerecleri/671119927] page=3 +8 reviews (unique=24)
[2026-04-05T20:09:23.646Z] [INFO] [review banyo-ve-ev-gerecleri/633852744] page=11 +8 reviews (unique=88)
[2026-04-05T20:09:23.655Z] [INFO] [review banyo-ve-ev-gerecleri/633852192] page=20 +8 reviews (unique=160)
[2026-04-05T20:09:23.671Z] [INFO] [REVIEW PARTIAL SAVED] /mnt/c/Developer/Review_AI/scraper_project/raw_data/banyo-ve-ev-gerecleri/633852192_reviews.partial.json
[2026-04-05T20:09:23.677Z] [INFO] [review banyo-ve-ev-gerecleri/585992194] page=9 +8 reviews (unique=72)
[2026-04-05T20:09:23.703Z] [INFO] [review banyo-ve-ev-gerecleri/470600358] page=12 +8 reviews (unique=96)
[2026-04-05T20:09:23.709Z] [INFO] [review banyo-ve-ev-gerecleri/575300858] page=9 +2 reviews (unique=66)
[2026-04-05T20:09:23.729Z] [INFO] [REVIEW SAVED] /mnt/c/Developer/Review_AI/scraper_project/raw_data/banyo-ve-ev-gerecleri/575300858_reviews.json
[2026-04-05T20:09:23.739Z] [INFO] [review banyo-ve-ev-gerecleri/671119927] page=4 +8 reviews (unique=32)
[2026-04-05T20:09:23.752Z] [INFO] 
[REVIEW WORKER 1] starting banyo-ve-ev-gerecleri/535063073
[2026-04-05T20:09:24.248Z] [INFO] [review banyo-ve-ev-gerecleri/633852744] page=12 +8 reviews (unique=96)
[2026-04-05T20:09:24.414Z] [INFO] [review banyo-ve-ev-gerecleri/633852192] page=21 +8 reviews (unique=168)
[2026-04-05T20:09:24.424Z] [INFO] [review banyo-ve-ev-gerecleri/585992194] page=10 +8 reviews (unique=80)
[2026-04-05T20:09:24.435Z] [INFO] [REVIEW PARTIAL SAVED] /mnt/c/Developer/Review_AI/scraper_project/raw_data/banyo-ve-ev-gerecleri/585992194_reviews.partial.json
[2026-04-05T20:09:26.542Z] [INFO] [review banyo-ve-ev-gerecleri/470600358] page=13 +8 reviews (unique=104)
[2026-04-05T20:09:26.787Z] [INFO] [review banyo-ve-ev-gerecleri/671119927] page=5 +8 reviews (unique=40)
[2026-04-05T20:09:26.794Z] [INFO] [REVIEW PARTIAL SAVED] /mnt/c/Developer/Review_AI/scraper_project/raw_data/banyo-ve-ev-gerecleri/671119927_reviews.partial.json
[2026-04-05T20:09:27.328Z] [INFO] [review banyo-ve-ev-gerecleri/633852744] page=13 +8 reviews (unique=104)
[2026-04-05T20:09:27.341Z] [INFO] [review banyo-ve-ev-gerecleri/585992194] page=11 +8 reviews (unique=88)
[2026-04-05T20:09:27.350Z] [INFO] [review banyo-ve-ev-gerecleri/633852192] page=22 +8 reviews (unique=176)
[2026-04-05T20:09:27.559Z] [INFO] [review banyo-ve-ev-gerecleri/470600358] page=14 +8 reviews (unique=112)
[2026-04-05T20:09:27.780Z] [INFO] [review banyo-ve-ev-gerecleri/671119927] page=6 +6 reviews (unique=46)
[2026-04-05T20:09:27.804Z] [INFO] [REVIEW SAVED] /mnt/c/Developer/Review_AI/scraper_project/raw_data/banyo-ve-ev-gerecleri/671119927_reviews.json
[2026-04-05T20:09:27.830Z] [INFO] 
[REVIEW WORKER 9] starting banyo-ve-ev-gerecleri/647234194
[2026-04-05T20:09:27.966Z] [INFO] [review banyo-ve-ev-gerecleri/633852744] page=14 +8 reviews (unique=112)
[2026-04-05T20:09:27.978Z] [INFO] [review banyo-ve-ev-gerecleri/585992194] page=12 +8 reviews (unique=96)
[2026-04-05T20:09:28.059Z] [INFO] [review banyo-ve-ev-gerecleri/633852192] page=23 +8 reviews (unique=184)
[2026-04-05T20:09:28.256Z] [INFO] [review banyo-ve-ev-gerecleri/470600358] page=15 +8 reviews (unique=120)
[2026-04-05T20:09:28.265Z] [INFO] [REVIEW PARTIAL SAVED] /mnt/c/Developer/Review_AI/scraper_project/raw_data/banyo-ve-ev-gerecleri/470600358_reviews.partial.json
[2026-04-05T20:09:28.619Z] [INFO] [review banyo-ve-ev-gerecleri/633852744] page=15 +8 reviews (unique=120)
[2026-04-05T20:09:28.638Z] [INFO] [REVIEW PARTIAL SAVED] /mnt/c/Developer/Review_AI/scraper_project/raw_data/banyo-ve-ev-gerecleri/633852744_reviews.partial.json
[2026-04-05T20:09:28.654Z] [INFO] [review banyo-ve-ev-gerecleri/585992194] page=13 +8 reviews (unique=104)
[2026-04-05T20:09:28.782Z] [INFO] [review banyo-ve-ev-gerecleri/633852192] page=24 +8 reviews (unique=192)
[2026-04-05T20:09:29.015Z] [INFO] [review banyo-ve-ev-gerecleri/470600358] page=16 +8 reviews (unique=128)
[2026-04-05T20:09:29.296Z] [INFO] [review banyo-ve-ev-gerecleri/633852744] page=16 +8 reviews (unique=128)
[2026-04-05T20:09:29.372Z] [INFO] [review banyo-ve-ev-gerecleri/585992194] page=14 +8 reviews (unique=112)
[2026-04-05T20:09:29.408Z] [INFO] [review banyo-ve-ev-gerecleri/633852192] page=25 +8 reviews (unique=200)
[2026-04-05T20:09:29.426Z] [INFO] [REVIEW PARTIAL SAVED] /mnt/c/Developer/Review_AI/scraper_project/raw_data/banyo-ve-ev-gerecleri/633852192_reviews.partial.json
[2026-04-05T20:09:29.799Z] [INFO] 
[START REVIEW] category=banyo-ve-ev-gerecleri productId=708854839 startPage=1
[2026-04-05T20:09:29.809Z] [INFO] 
[START REVIEW] category=banyo-ve-ev-gerecleri productId=601470567 startPage=1
[2026-04-05T20:09:29.823Z] [INFO] 
[START REVIEW] category=banyo-ve-ev-gerecleri productId=725848667 startPage=1
[2026-04-05T20:09:29.888Z] [INFO] 
[START REVIEW] category=banyo-ve-ev-gerecleri productId=733801021 startPage=1
[2026-04-05T20:09:30.472Z] [INFO] [review banyo-ve-ev-gerecleri/470600358] page=17 +8 reviews (unique=136)
[2026-04-05T20:09:30.637Z] [INFO] 
[START REVIEW] category=banyo-ve-ev-gerecleri productId=535063073 startPage=1
[2026-04-05T20:09:30.786Z] [INFO] [review banyo-ve-ev-gerecleri/633852744] page=17 +8 reviews (unique=136)
[2026-04-05T20:09:30.854Z] [INFO] [review banyo-ve-ev-gerecleri/708854839] page=1 +5 reviews (unique=5)
[2026-04-05T20:09:30.872Z] [INFO] [REVIEW SAVED] /mnt/c/Developer/Review_AI/scraper_project/raw_data/banyo-ve-ev-gerecleri/708854839_reviews.json
[2026-04-05T20:09:30.879Z] [INFO] [review banyo-ve-ev-gerecleri/601470567] page=1 +8 reviews (unique=8)
[2026-04-05T20:09:30.886Z] [INFO] [review banyo-ve-ev-gerecleri/725848667] page=1 +8 reviews (unique=8)
[2026-04-05T20:09:30.899Z] [INFO] [review banyo-ve-ev-gerecleri/633852192] page=26 +8 reviews (unique=208)
[2026-04-05T20:09:30.906Z] [INFO] [review banyo-ve-ev-gerecleri/585992194] page=15 +8 reviews (unique=120)
[2026-04-05T20:09:30.920Z] [INFO] [REVIEW PARTIAL SAVED] /mnt/c/Developer/Review_AI/scraper_project/raw_data/banyo-ve-ev-gerecleri/585992194_reviews.partial.json
[2026-04-05T20:09:30.931Z] [INFO] 
[REVIEW WORKER 10] starting banyo-ve-ev-gerecleri/464263013
[2026-04-05T20:09:30.935Z] [INFO] [review banyo-ve-ev-gerecleri/733801021] page=1 +0 reviews (unique=0)
[2026-04-05T20:09:30.949Z] [INFO] [REVIEW SAVED] /mnt/c/Developer/Review_AI/scraper_project/raw_data/banyo-ve-ev-gerecleri/733801021_reviews.json
[2026-04-05T20:09:30.965Z] [INFO] 
[REVIEW WORKER 5] starting banyo-ve-ev-gerecleri/736172082
[2026-04-05T20:09:31.585Z] [INFO] [review banyo-ve-ev-gerecleri/470600358] page=18 +8 reviews (unique=144)
[2026-04-05T20:09:31.694Z] [INFO] [review banyo-ve-ev-gerecleri/633852744] page=18 +8 reviews (unique=144)
[2026-04-05T20:09:31.778Z] [INFO] [review banyo-ve-ev-gerecleri/633852192] page=27 +8 reviews (unique=216)
[2026-04-05T20:09:31.787Z] [INFO] [review banyo-ve-ev-gerecleri/585992194] page=16 +8 reviews (unique=128)
[2026-04-05T20:09:31.849Z] [INFO] [review banyo-ve-ev-gerecleri/601470567] page=2 +8 reviews (unique=16)
[2026-04-05T20:09:31.983Z] [INFO] [review banyo-ve-ev-gerecleri/725848667] page=2 +8 reviews (unique=16)
[2026-04-05T20:09:32.070Z] [INFO] [review banyo-ve-ev-gerecleri/535063073] page=1 +8 reviews (unique=8)
[2026-04-05T20:09:32.368Z] [INFO] [review banyo-ve-ev-gerecleri/470600358] page=19 +8 reviews (unique=152)
[2026-04-05T20:09:32.464Z] [INFO] [review banyo-ve-ev-gerecleri/633852744] page=19 +8 reviews (unique=152)
[2026-04-05T20:09:32.490Z] [INFO] [review banyo-ve-ev-gerecleri/585992194] page=17 +8 reviews (unique=136)
[2026-04-05T20:09:32.507Z] [INFO] [review banyo-ve-ev-gerecleri/633852192] page=28 +8 reviews (unique=224)
[2026-04-05T20:09:32.524Z] [INFO] [review banyo-ve-ev-gerecleri/601470567] page=3 +8 reviews (unique=24)
[2026-04-05T20:09:32.615Z] [INFO] [review banyo-ve-ev-gerecleri/725848667] page=3 +3 reviews (unique=19)
[2026-04-05T20:09:32.634Z] [INFO] [REVIEW SAVED] /mnt/c/Developer/Review_AI/scraper_project/raw_data/banyo-ve-ev-gerecleri/725848667_reviews.json
[2026-04-05T20:09:32.656Z] [INFO] 
[REVIEW WORKER 2] starting banyo-ve-ev-gerecleri/652427063
[2026-04-05T20:09:32.816Z] [INFO] [review banyo-ve-ev-gerecleri/535063073] page=2 +1 reviews (unique=9)
[2026-04-05T20:09:32.835Z] [INFO] [REVIEW SAVED] /mnt/c/Developer/Review_AI/scraper_project/raw_data/banyo-ve-ev-gerecleri/535063073_reviews.json
[2026-04-05T20:09:32.849Z] [INFO] 
[REVIEW WORKER 1] starting banyo-ve-ev-gerecleri/733801130
[2026-04-05T20:09:33.119Z] [INFO] [review banyo-ve-ev-gerecleri/470600358] page=20 +8 reviews (unique=160)
[2026-04-05T20:09:33.130Z] [INFO] [REVIEW PARTIAL SAVED] /mnt/c/Developer/Review_AI/scraper_project/raw_data/banyo-ve-ev-gerecleri/470600358_reviews.partial.json
[2026-04-05T20:09:33.158Z] [INFO] [review banyo-ve-ev-gerecleri/585992194] page=18 +8 reviews (unique=144)
[2026-04-05T20:09:33.198Z] [INFO] [review banyo-ve-ev-gerecleri/633852744] page=20 +8 reviews (unique=160)
[2026-04-05T20:09:33.210Z] [INFO] [REVIEW PARTIAL SAVED] /mnt/c/Developer/Review_AI/scraper_project/raw_data/banyo-ve-ev-gerecleri/633852744_reviews.partial.json
[2026-04-05T20:09:33.283Z] [INFO] [review banyo-ve-ev-gerecleri/633852192] page=29 +8 reviews (unique=232)
[2026-04-05T20:09:33.458Z] [INFO] [review banyo-ve-ev-gerecleri/601470567] page=4 +8 reviews (unique=32)
[2026-04-05T20:09:33.739Z] [INFO] [review banyo-ve-ev-gerecleri/470600358] page=21 +8 reviews (unique=168)
[2026-04-05T20:09:33.852Z] [INFO] [review banyo-ve-ev-gerecleri/585992194] page=19 +8 reviews (unique=152)
[2026-04-05T20:09:34.042Z] [INFO] [review banyo-ve-ev-gerecleri/633852744] page=21 +8 reviews (unique=168)
[2026-04-05T20:09:34.053Z] [INFO] [review banyo-ve-ev-gerecleri/633852192] page=30 +8 reviews (unique=240)
[2026-04-05T20:09:34.067Z] [INFO] [REVIEW PARTIAL SAVED] /mnt/c/Developer/Review_AI/scraper_project/raw_data/banyo-ve-ev-gerecleri/633852192_reviews.partial.json
[2026-04-05T20:09:34.148Z] [INFO] [review banyo-ve-ev-gerecleri/601470567] page=5 +8 reviews (unique=40)
[2026-04-05T20:09:34.231Z] [INFO] [REVIEW PARTIAL SAVED] /mnt/c/Developer/Review_AI/scraper_project/raw_data/banyo-ve-ev-gerecleri/601470567_reviews.partial.json
[2026-04-05T20:09:34.454Z] [INFO] 
[START REVIEW] category=banyo-ve-ev-gerecleri productId=647234194 startPage=1
[2026-04-05T20:09:34.462Z] [INFO] [review banyo-ve-ev-gerecleri/470600358] page=22 +8 reviews (unique=176)
[2026-04-05T20:09:34.598Z] [INFO] [review banyo-ve-ev-gerecleri/585992194] page=20 +8 reviews (unique=160)
[2026-04-05T20:09:34.625Z] [INFO] [REVIEW PARTIAL SAVED] /mnt/c/Developer/Review_AI/scraper_project/raw_data/banyo-ve-ev-gerecleri/585992194_reviews.partial.json
[2026-04-05T20:09:34.702Z] [INFO] [review banyo-ve-ev-gerecleri/633852744] page=22 +8 reviews (unique=176)
[2026-04-05T20:09:34.874Z] [INFO] [review banyo-ve-ev-gerecleri/633852192] page=31 +8 reviews (unique=248)
[2026-04-05T20:09:35.312Z] [INFO] 
[START REVIEW] category=banyo-ve-ev-gerecleri productId=736172082 startPage=1
[2026-04-05T20:09:35.352Z] [INFO] [review banyo-ve-ev-gerecleri/601470567] page=6 +8 reviews (unique=48)
[2026-04-05T20:09:35.449Z] [INFO] [review banyo-ve-ev-gerecleri/470600358] page=23 +8 reviews (unique=184)
[2026-04-05T20:09:35.530Z] [INFO] [review banyo-ve-ev-gerecleri/585992194] page=21 +8 reviews (unique=168)
[2026-04-05T20:09:35.567Z] [INFO] [review banyo-ve-ev-gerecleri/633852744] page=23 +8 reviews (unique=184)
[2026-04-05T20:09:35.626Z] [INFO] [review banyo-ve-ev-gerecleri/633852192] page=32 +8 reviews (unique=256)
[2026-04-05T20:09:35.646Z] [INFO] [review banyo-ve-ev-gerecleri/736172082] page=1 +8 reviews (unique=8)
[2026-04-05T20:09:36.242Z] [INFO] [review banyo-ve-ev-gerecleri/601470567] page=7 +8 reviews (unique=56)
[2026-04-05T20:09:36.636Z] [INFO] 
[START REVIEW] category=banyo-ve-ev-gerecleri productId=464263013 startPage=1
[2026-04-05T20:09:36.647Z] [INFO] [review banyo-ve-ev-gerecleri/470600358] page=24 +8 reviews (unique=192)
[2026-04-05T20:09:36.668Z] [INFO] [review banyo-ve-ev-gerecleri/585992194] page=22 +8 reviews (unique=176)
[2026-04-05T20:09:36.714Z] [INFO] [review banyo-ve-ev-gerecleri/633852744] page=24 +8 reviews (unique=192)
[2026-04-05T20:09:36.733Z] [INFO] [review banyo-ve-ev-gerecleri/633852192] page=33 +8 reviews (unique=264)
[2026-04-05T20:09:36.767Z] [INFO] [review banyo-ve-ev-gerecleri/647234194] page=1 +8 reviews (unique=8)
[2026-04-05T20:09:36.823Z] [INFO] [review banyo-ve-ev-gerecleri/736172082] page=2 +8 reviews (unique=16)
[2026-04-05T20:09:37.154Z] [INFO] [review banyo-ve-ev-gerecleri/601470567] page=8 +8 reviews (unique=64)
[2026-04-05T20:09:37.276Z] [INFO] [review banyo-ve-ev-gerecleri/464263013] page=1 +8 reviews (unique=8)
[2026-04-05T20:09:37.520Z] [INFO] [review banyo-ve-ev-gerecleri/585992194] page=23 +8 reviews (unique=184)
[2026-04-05T20:09:37.591Z] [INFO] [review banyo-ve-ev-gerecleri/470600358] page=25 +8 reviews (unique=200)
[2026-04-05T20:09:37.619Z] [INFO] [REVIEW PARTIAL SAVED] /mnt/c/Developer/Review_AI/scraper_project/raw_data/banyo-ve-ev-gerecleri/470600358_reviews.partial.json
[2026-04-05T20:09:37.678Z] [INFO] [review banyo-ve-ev-gerecleri/633852744] page=25 +8 reviews (unique=200)
[2026-04-05T20:09:37.697Z] [INFO] [REVIEW PARTIAL SAVED] /mnt/c/Developer/Review_AI/scraper_project/raw_data/banyo-ve-ev-gerecleri/633852744_reviews.partial.json
[2026-04-05T20:09:37.707Z] [INFO] [review banyo-ve-ev-gerecleri/633852192] page=34 +8 reviews (unique=272)
[2026-04-05T20:09:37.750Z] [INFO] [review banyo-ve-ev-gerecleri/736172082] page=3 +8 reviews (unique=24)
[2026-04-05T20:09:37.831Z] [INFO] [review banyo-ve-ev-gerecleri/647234194] page=2 +4 reviews (unique=12)
[2026-04-05T20:09:37.860Z] [INFO] [REVIEW SAVED] /mnt/c/Developer/Review_AI/scraper_project/raw_data/banyo-ve-ev-gerecleri/647234194_reviews.json
[2026-04-05T20:09:37.883Z] [INFO] 
[REVIEW WORKER 9] starting banyo-ve-ev-gerecleri/731535821
[2026-04-05T20:09:37.898Z] [INFO] 
[START REVIEW] category=banyo-ve-ev-gerecleri productId=652427063 startPage=1
[2026-04-05T20:09:37.977Z] [INFO] [review banyo-ve-ev-gerecleri/464263013] page=2 +8 reviews (unique=16)
[2026-04-05T20:09:38.028Z] [INFO] [review banyo-ve-ev-gerecleri/601470567] page=9 +8 reviews (unique=72)
[2026-04-05T20:09:38.559Z] [INFO] [review banyo-ve-ev-gerecleri/470600358] page=26 +8 reviews (unique=208)
[2026-04-05T20:09:38.581Z] [INFO] [review banyo-ve-ev-gerecleri/652427063] page=1 +8 reviews (unique=8)
[2026-04-05T20:09:38.593Z] [INFO] [review banyo-ve-ev-gerecleri/585992194] page=24 +8 reviews (unique=192)
[2026-04-05T20:09:38.911Z] [INFO] [review banyo-ve-ev-gerecleri/633852192] page=35 +8 reviews (unique=280)
[2026-04-05T20:09:38.921Z] [INFO] [REVIEW PARTIAL SAVED] /mnt/c/Developer/Review_AI/scraper_project/raw_data/banyo-ve-ev-gerecleri/633852192_reviews.partial.json
[2026-04-05T20:09:38.926Z] [INFO] [review banyo-ve-ev-gerecleri/633852744] page=26 +8 reviews (unique=208)
[2026-04-05T20:09:38.988Z] [INFO] [review banyo-ve-ev-gerecleri/736172082] page=4 +8 reviews (unique=32)
[2026-04-05T20:09:39.068Z] [INFO] [review banyo-ve-ev-gerecleri/464263013] page=3 +8 reviews (unique=24)
[2026-04-05T20:09:39.083Z] [INFO] [review banyo-ve-ev-gerecleri/601470567] page=10 +8 reviews (unique=80)
[2026-04-05T20:09:39.095Z] [INFO] [REVIEW PARTIAL SAVED] /mnt/c/Developer/Review_AI/scraper_project/raw_data/banyo-ve-ev-gerecleri/601470567_reviews.partial.json
[2026-04-05T20:09:39.250Z] [INFO] [review banyo-ve-ev-gerecleri/585992194] page=25 +1 reviews (unique=193)
[2026-04-05T20:09:39.263Z] [INFO] [REVIEW PARTIAL SAVED] /mnt/c/Developer/Review_AI/scraper_project/raw_data/banyo-ve-ev-gerecleri/585992194_reviews.partial.json
[2026-04-05T20:09:39.299Z] [INFO] [REVIEW SAVED] /mnt/c/Developer/Review_AI/scraper_project/raw_data/banyo-ve-ev-gerecleri/585992194_reviews.json
[2026-04-05T20:09:39.305Z] [INFO] [review banyo-ve-ev-gerecleri/652427063] page=2 +8 reviews (unique=16)
[2026-04-05T20:09:39.327Z] [INFO] 
[REVIEW WORKER 6] starting banyo-ve-ev-gerecleri/684972041
[2026-04-05T20:09:39.466Z] [INFO] [review banyo-ve-ev-gerecleri/470600358] page=27 +2 reviews (unique=210)
[2026-04-05T20:09:39.484Z] [INFO] [REVIEW SAVED] /mnt/c/Developer/Review_AI/scraper_project/raw_data/banyo-ve-ev-gerecleri/470600358_reviews.json
[2026-04-05T20:09:39.504Z] [INFO] 
[REVIEW WORKER 3] starting banyo-ve-ev-gerecleri/734313887
[2026-04-05T20:09:39.588Z] [INFO] [review banyo-ve-ev-gerecleri/633852744] page=27 +8 reviews (unique=216)
[2026-04-05T20:09:39.599Z] [INFO] [review banyo-ve-ev-gerecleri/633852192] page=36 +8 reviews (unique=288)
[2026-04-05T20:09:39.699Z] [INFO] [review banyo-ve-ev-gerecleri/736172082] page=5 +8 reviews (unique=40)
[2026-04-05T20:09:39.709Z] [INFO] [REVIEW PARTIAL SAVED] /mnt/c/Developer/Review_AI/scraper_project/raw_data/banyo-ve-ev-gerecleri/736172082_reviews.partial.json
[2026-04-05T20:09:39.721Z] [INFO] 
[START REVIEW] category=banyo-ve-ev-gerecleri productId=733801130 startPage=1
[2026-04-05T20:09:39.794Z] [INFO] [review banyo-ve-ev-gerecleri/601470567] page=11 +8 reviews (unique=88)
[2026-04-05T20:09:39.804Z] [INFO] [review banyo-ve-ev-gerecleri/464263013] page=4 +8 reviews (unique=32)
[2026-04-05T20:09:39.965Z] [INFO] [review banyo-ve-ev-gerecleri/733801130] page=1 +0 reviews (unique=0)
[2026-04-05T20:09:39.986Z] [INFO] [REVIEW SAVED] /mnt/c/Developer/Review_AI/scraper_project/raw_data/banyo-ve-ev-gerecleri/733801130_reviews.json
[2026-04-05T20:09:40.008Z] [INFO] 
[REVIEW WORKER 1] starting banyo-ve-ev-gerecleri/633626149
[2026-04-05T20:09:40.075Z] [INFO] [review banyo-ve-ev-gerecleri/652427063] page=3 +8 reviews (unique=24)
[2026-04-05T20:09:40.265Z] [INFO] [review banyo-ve-ev-gerecleri/633852744] page=28 +8 reviews (unique=224)
[2026-04-05T20:09:40.272Z] [INFO] [review banyo-ve-ev-gerecleri/633852192] page=37 +8 reviews (unique=296)
[2026-04-05T20:09:40.428Z] [INFO] [review banyo-ve-ev-gerecleri/736172082] page=6 +8 reviews (unique=48)
[2026-04-05T20:09:40.432Z] [INFO] [review banyo-ve-ev-gerecleri/464263013] page=5 +8 reviews (unique=40)
[2026-04-05T20:09:40.440Z] [INFO] [REVIEW PARTIAL SAVED] /mnt/c/Developer/Review_AI/scraper_project/raw_data/banyo-ve-ev-gerecleri/464263013_reviews.partial.json
[2026-04-05T20:09:40.463Z] [INFO] [review banyo-ve-ev-gerecleri/601470567] page=12 +8 reviews (unique=96)
[2026-04-05T20:09:40.753Z] [INFO] [review banyo-ve-ev-gerecleri/652427063] page=4 +5 reviews (unique=29)
[2026-04-05T20:09:40.765Z] [INFO] [REVIEW SAVED] /mnt/c/Developer/Review_AI/scraper_project/raw_data/banyo-ve-ev-gerecleri/652427063_reviews.json
[2026-04-05T20:09:40.780Z] [INFO] 
[REVIEW WORKER 2] starting banyo-ve-ev-gerecleri/688595247
[2026-04-05T20:09:40.856Z] [INFO] [review banyo-ve-ev-gerecleri/633852744] page=29 +8 reviews (unique=232)
[2026-04-05T20:09:40.948Z] [INFO] [review banyo-ve-ev-gerecleri/633852192] page=38 +8 reviews (unique=304)
[2026-04-05T20:09:41.099Z] [INFO] [review banyo-ve-ev-gerecleri/464263013] page=6 +8 reviews (unique=48)
[2026-04-05T20:09:41.159Z] [INFO] [review banyo-ve-ev-gerecleri/601470567] page=13 +8 reviews (unique=104)
[2026-04-05T20:09:41.253Z] [INFO] [review banyo-ve-ev-gerecleri/736172082] page=7 +8 reviews (unique=56)
[2026-04-05T20:09:41.543Z] [INFO] [review banyo-ve-ev-gerecleri/633852744] page=30 +8 reviews (unique=240)
[2026-04-05T20:09:41.557Z] [INFO] [REVIEW PARTIAL SAVED] /mnt/c/Developer/Review_AI/scraper_project/raw_data/banyo-ve-ev-gerecleri/633852744_reviews.partial.json
[2026-04-05T20:09:41.576Z] [INFO] [review banyo-ve-ev-gerecleri/633852192] page=39 +8 reviews (unique=312)
[2026-04-05T20:09:41.739Z] [INFO] [review banyo-ve-ev-gerecleri/464263013] page=7 +8 reviews (unique=56)
[2026-04-05T20:09:41.866Z] [INFO] [review banyo-ve-ev-gerecleri/601470567] page=14 +8 reviews (unique=112)
[2026-04-05T20:09:42.079Z] [INFO] [review banyo-ve-ev-gerecleri/736172082] page=8 +8 reviews (unique=64)
[2026-04-05T20:09:42.294Z] [INFO] [review banyo-ve-ev-gerecleri/633852744] page=31 +8 reviews (unique=248)
[2026-04-05T20:09:42.344Z] [INFO] [review banyo-ve-ev-gerecleri/633852192] page=40 +8 reviews (unique=320)
[2026-04-05T20:09:42.363Z] [INFO] [REVIEW PARTIAL SAVED] /mnt/c/Developer/Review_AI/scraper_project/raw_data/banyo-ve-ev-gerecleri/633852192_reviews.partial.json
[2026-04-05T20:09:42.415Z] [INFO] [review banyo-ve-ev-gerecleri/464263013] page=8 +8 reviews (unique=64)
[2026-04-05T20:09:42.614Z] [INFO] [review banyo-ve-ev-gerecleri/601470567] page=15 +8 reviews (unique=120)
[2026-04-05T20:09:42.628Z] [INFO] [REVIEW PARTIAL SAVED] /mnt/c/Developer/Review_AI/scraper_project/raw_data/banyo-ve-ev-gerecleri/601470567_reviews.partial.json
[2026-04-05T20:09:42.725Z] [INFO] [review banyo-ve-ev-gerecleri/736172082] page=9 +8 reviews (unique=72)
[2026-04-05T20:09:42.771Z] [INFO] 
[START REVIEW] category=banyo-ve-ev-gerecleri productId=731535821 startPage=1
[2026-04-05T20:09:43.039Z] [INFO] [review banyo-ve-ev-gerecleri/731535821] page=1 +8 reviews (unique=8)
[2026-04-05T20:09:43.146Z] [INFO] [review banyo-ve-ev-gerecleri/633852744] page=32 +8 reviews (unique=256)
[2026-04-05T20:09:43.174Z] [INFO] [review banyo-ve-ev-gerecleri/633852192] page=41 +8 reviews (unique=328)
[2026-04-05T20:09:43.197Z] [INFO] [review banyo-ve-ev-gerecleri/464263013] page=9 +8 reviews (unique=72)
[2026-04-05T20:09:43.351Z] [INFO] [review banyo-ve-ev-gerecleri/601470567] page=16 +8 reviews (unique=128)
[2026-04-05T20:09:43.467Z] [INFO] [review banyo-ve-ev-gerecleri/736172082] page=10 +8 reviews (unique=80)
[2026-04-05T20:09:43.482Z] [INFO] [REVIEW PARTIAL SAVED] /mnt/c/Developer/Review_AI/scraper_project/raw_data/banyo-ve-ev-gerecleri/736172082_reviews.partial.json
[2026-04-05T20:09:43.513Z] [INFO] 
[START REVIEW] category=banyo-ve-ev-gerecleri productId=734313887 startPage=1
[2026-04-05T20:09:43.715Z] [INFO] [review banyo-ve-ev-gerecleri/731535821] page=2 +3 reviews (unique=11)
[2026-04-05T20:09:43.745Z] [INFO] [REVIEW SAVED] /mnt/c/Developer/Review_AI/scraper_project/raw_data/banyo-ve-ev-gerecleri/731535821_reviews.json
[2026-04-05T20:09:43.758Z] [INFO] [review banyo-ve-ev-gerecleri/734313887] page=1 +2 reviews (unique=2)
[2026-04-05T20:09:43.781Z] [INFO] [REVIEW SAVED] /mnt/c/Developer/Review_AI/scraper_project/raw_data/banyo-ve-ev-gerecleri/734313887_reviews.json
[2026-04-05T20:09:43.802Z] [INFO] 
[REVIEW WORKER 9] starting banyo-ve-ev-gerecleri/590111435
[2026-04-05T20:09:43.829Z] [INFO] 
[REVIEW WORKER 3] starting banyo-ve-ev-gerecleri/736316811
[2026-04-05T20:09:43.862Z] [INFO] [review banyo-ve-ev-gerecleri/464263013] page=10 +8 reviews (unique=80)
[2026-04-05T20:09:43.877Z] [INFO] [REVIEW PARTIAL SAVED] /mnt/c/Developer/Review_AI/scraper_project/raw_data/banyo-ve-ev-gerecleri/464263013_reviews.partial.json
[2026-04-05T20:09:43.906Z] [INFO] [review banyo-ve-ev-gerecleri/633852192] page=42 +8 reviews (unique=336)
[2026-04-05T20:09:43.918Z] [INFO] 
[START REVIEW] category=banyo-ve-ev-gerecleri productId=684972041 startPage=1
[2026-04-05T20:09:43.951Z] [INFO] [review banyo-ve-ev-gerecleri/633852744] page=33 +8 reviews (unique=264)
[2026-04-05T20:09:44.012Z] [INFO] [review banyo-ve-ev-gerecleri/601470567] page=17 +8 reviews (unique=136)
[2026-04-05T20:09:44.211Z] [INFO] [review banyo-ve-ev-gerecleri/684972041] page=1 +3 reviews (unique=3)
[2026-04-05T20:09:44.227Z] [INFO] [REVIEW SAVED] /mnt/c/Developer/Review_AI/scraper_project/raw_data/banyo-ve-ev-gerecleri/684972041_reviews.json
[2026-04-05T20:09:44.234Z] [INFO] [review banyo-ve-ev-gerecleri/736172082] page=11 +8 reviews (unique=88)
[2026-04-05T20:09:44.255Z] [INFO] 
[REVIEW WORKER 6] starting banyo-ve-ev-gerecleri/647234300
[2026-04-05T20:09:44.296Z] [INFO] 
[START REVIEW] category=banyo-ve-ev-gerecleri productId=633626149 startPage=1
[2026-04-05T20:09:44.499Z] [INFO] [review banyo-ve-ev-gerecleri/464263013] page=11 +8 reviews (unique=88)
[2026-04-05T20:09:44.605Z] [INFO] [review banyo-ve-ev-gerecleri/633852192] page=43 +8 reviews (unique=344)
[2026-04-05T20:09:44.637Z] [INFO] [review banyo-ve-ev-gerecleri/633626149] page=1 +8 reviews (unique=8)
[2026-04-05T20:09:44.646Z] [INFO] [review banyo-ve-ev-gerecleri/633852744] page=34 +8 reviews (unique=272)
[2026-04-05T20:09:44.693Z] [INFO] [review banyo-ve-ev-gerecleri/601470567] page=18 +8 reviews (unique=144)
[2026-04-05T20:09:44.951Z] [INFO] [review banyo-ve-ev-gerecleri/736172082] page=12 +8 reviews (unique=96)
[2026-04-05T20:09:45.232Z] [INFO] [review banyo-ve-ev-gerecleri/464263013] page=12 +8 reviews (unique=96)
[2026-04-05T20:09:45.253Z] [INFO] [review banyo-ve-ev-gerecleri/633852192] page=44 +8 reviews (unique=352)
[2026-04-05T20:09:45.264Z] [INFO] 
[START REVIEW] category=banyo-ve-ev-gerecleri productId=688595247 startPage=1
[2026-04-05T20:09:45.303Z] [INFO] [review banyo-ve-ev-gerecleri/633626149] page=2 +1 reviews (unique=9)
[2026-04-05T20:09:45.319Z] [INFO] [REVIEW SAVED] /mnt/c/Developer/Review_AI/scraper_project/raw_data/banyo-ve-ev-gerecleri/633626149_reviews.json
[2026-04-05T20:09:45.323Z] [INFO] [review banyo-ve-ev-gerecleri/633852744] page=35 +8 reviews (unique=280)
[2026-04-05T20:09:45.337Z] [INFO] [REVIEW PARTIAL SAVED] /mnt/c/Developer/Review_AI/scraper_project/raw_data/banyo-ve-ev-gerecleri/633852744_reviews.partial.json
[2026-04-05T20:09:45.355Z] [INFO] [REVIEW SAVED] /mnt/c/Developer/Review_AI/scraper_project/raw_data/banyo-ve-ev-gerecleri/633852744_reviews.json
[2026-04-05T20:09:45.362Z] [INFO] [review banyo-ve-ev-gerecleri/601470567] page=19 +8 reviews (unique=152)
[2026-04-05T20:09:45.374Z] [INFO] 
[REVIEW WORKER 1] starting banyo-ve-ev-gerecleri/446748169
[2026-04-05T20:09:45.426Z] [INFO] 
[REVIEW WORKER 7] starting banyo-ve-ev-gerecleri/703202758
[2026-04-05T20:09:45.547Z] [INFO] [review banyo-ve-ev-gerecleri/688595247] page=1 +4 reviews (unique=4)
[2026-04-05T20:09:45.559Z] [INFO] [REVIEW SAVED] /mnt/c/Developer/Review_AI/scraper_project/raw_data/banyo-ve-ev-gerecleri/688595247_reviews.json
[2026-04-05T20:09:45.571Z] [INFO] 
[REVIEW WORKER 2] starting banyo-ve-ev-gerecleri/644737280
[2026-04-05T20:09:45.638Z] [INFO] [review banyo-ve-ev-gerecleri/736172082] page=13 +8 reviews (unique=104)
[2026-04-05T20:09:45.875Z] [INFO] [review banyo-ve-ev-gerecleri/633852192] page=45 +8 reviews (unique=360)
[2026-04-05T20:09:45.889Z] [INFO] [REVIEW PARTIAL SAVED] /mnt/c/Developer/Review_AI/scraper_project/raw_data/banyo-ve-ev-gerecleri/633852192_reviews.partial.json
[2026-04-05T20:09:45.932Z] [INFO] [review banyo-ve-ev-gerecleri/464263013] page=13 +8 reviews (unique=104)
[2026-04-05T20:09:46.101Z] [INFO] [review banyo-ve-ev-gerecleri/601470567] page=20 +8 reviews (unique=160)
[2026-04-05T20:09:46.112Z] [INFO] [REVIEW PARTIAL SAVED] /mnt/c/Developer/Review_AI/scraper_project/raw_data/banyo-ve-ev-gerecleri/601470567_reviews.partial.json
[2026-04-05T20:09:46.291Z] [INFO] [review banyo-ve-ev-gerecleri/736172082] page=14 +5 reviews (unique=109)
[2026-04-05T20:09:46.311Z] [INFO] [REVIEW SAVED] /mnt/c/Developer/Review_AI/scraper_project/raw_data/banyo-ve-ev-gerecleri/736172082_reviews.json
[2026-04-05T20:09:46.329Z] [INFO] 
[REVIEW WORKER 5] starting banyo-ve-ev-gerecleri/431200988
[2026-04-05T20:09:46.697Z] [INFO] [review banyo-ve-ev-gerecleri/633852192] page=46 +8 reviews (unique=368)
[2026-04-05T20:09:46.715Z] [INFO] [review banyo-ve-ev-gerecleri/464263013] page=14 +8 reviews (unique=112)
[2026-04-05T20:09:46.932Z] [INFO] [review banyo-ve-ev-gerecleri/601470567] page=21 +8 reviews (unique=168)
[2026-04-05T20:09:47.725Z] [INFO] [review banyo-ve-ev-gerecleri/633852192] page=47 +8 reviews (unique=376)
[2026-04-05T20:09:47.881Z] [INFO] [review banyo-ve-ev-gerecleri/464263013] page=15 +8 reviews (unique=120)
[2026-04-05T20:09:47.897Z] [INFO] [REVIEW PARTIAL SAVED] /mnt/c/Developer/Review_AI/scraper_project/raw_data/banyo-ve-ev-gerecleri/464263013_reviews.partial.json
[2026-04-05T20:09:47.921Z] [INFO] [review banyo-ve-ev-gerecleri/601470567] page=22 +8 reviews (unique=176)
[2026-04-05T20:09:47.944Z] [INFO] 
[START REVIEW] category=banyo-ve-ev-gerecleri productId=736316811 startPage=1
[2026-04-05T20:09:48.194Z] [INFO] 
[START REVIEW] category=banyo-ve-ev-gerecleri productId=590111435 startPage=1
[2026-04-05T20:09:48.277Z] [INFO] [review banyo-ve-ev-gerecleri/736316811] page=1 +8 reviews (unique=8)
[2026-04-05T20:09:48.486Z] [INFO] [review banyo-ve-ev-gerecleri/633852192] page=48 +8 reviews (unique=384)
[2026-04-05T20:09:48.583Z] [INFO] [review banyo-ve-ev-gerecleri/464263013] page=16 +8 reviews (unique=128)
[2026-04-05T20:09:48.596Z] [INFO] [review banyo-ve-ev-gerecleri/601470567] page=23 +8 reviews (unique=184)
[2026-04-05T20:09:48.642Z] [INFO] [review banyo-ve-ev-gerecleri/590111435] page=1 +8 reviews (unique=8)
[2026-04-05T20:09:49.148Z] [INFO] [review banyo-ve-ev-gerecleri/736316811] page=2 +8 reviews (unique=16)
[2026-04-05T20:09:49.213Z] [INFO] 
[START REVIEW] category=banyo-ve-ev-gerecleri productId=647234300 startPage=1
[2026-04-05T20:09:49.220Z] [INFO] [review banyo-ve-ev-gerecleri/633852192] page=49 +8 reviews (unique=392)
[2026-04-05T20:09:49.483Z] [INFO] [review banyo-ve-ev-gerecleri/601470567] page=24 +8 reviews (unique=192)
[2026-04-05T20:09:49.531Z] [INFO] [review banyo-ve-ev-gerecleri/464263013] page=17 +8 reviews (unique=136)
[2026-04-05T20:09:49.560Z] [INFO] [review banyo-ve-ev-gerecleri/590111435] page=2 +8 reviews (unique=16)
[2026-04-05T20:09:49.874Z] [INFO] [review banyo-ve-ev-gerecleri/647234300] page=1 +8 reviews (unique=8)
[2026-04-05T20:09:49.890Z] [INFO] [REVIEW SAVED] /mnt/c/Developer/Review_AI/scraper_project/raw_data/banyo-ve-ev-gerecleri/647234300_reviews.json
[2026-04-05T20:09:49.912Z] [INFO] 
[REVIEW WORKER 6] starting banyo-ve-ev-gerecleri/559825199
[2026-04-05T20:09:50.000Z] [INFO] 
[START REVIEW] category=banyo-ve-ev-gerecleri productId=703202758 startPage=1
[2026-04-05T20:09:50.087Z] [INFO] [review banyo-ve-ev-gerecleri/736316811] page=3 +8 reviews (unique=24)
[2026-04-05T20:09:50.102Z] [INFO] 
[START REVIEW] category=banyo-ve-ev-gerecleri productId=446748169 startPage=1
[2026-04-05T20:09:50.123Z] [INFO] [review banyo-ve-ev-gerecleri/633852192] page=50 +8 reviews (unique=400)
[2026-04-05T20:09:50.165Z] [INFO] [REVIEW PARTIAL SAVED] /mnt/c/Developer/Review_AI/scraper_project/raw_data/banyo-ve-ev-gerecleri/633852192_reviews.partial.json
[2026-04-05T20:09:50.258Z] [INFO] [review banyo-ve-ev-gerecleri/464263013] page=18 +8 reviews (unique=144)
[2026-04-05T20:09:50.338Z] [INFO] [review banyo-ve-ev-gerecleri/590111435] page=3 +8 reviews (unique=24)
[2026-04-05T20:09:50.387Z] [INFO] [review banyo-ve-ev-gerecleri/446748169] page=1 +8 reviews (unique=8)
[2026-04-05T20:09:50.411Z] [INFO] [review banyo-ve-ev-gerecleri/703202758] page=1 +4 reviews (unique=4)
[2026-04-05T20:09:50.431Z] [INFO] [REVIEW SAVED] /mnt/c/Developer/Review_AI/scraper_project/raw_data/banyo-ve-ev-gerecleri/703202758_reviews.json
[2026-04-05T20:09:50.457Z] [INFO] 
[REVIEW WORKER 7] starting banyo-ve-ev-gerecleri/570347332
[2026-04-05T20:09:50.794Z] [INFO] [review banyo-ve-ev-gerecleri/736316811] page=4 +8 reviews (unique=32)
[2026-04-05T20:09:50.864Z] [INFO] [review banyo-ve-ev-gerecleri/633852192] page=51 +8 reviews (unique=408)
[2026-04-05T20:09:50.997Z] [INFO] [review banyo-ve-ev-gerecleri/464263013] page=19 +8 reviews (unique=152)
[2026-04-05T20:09:51.043Z] [INFO] 
[START REVIEW] category=banyo-ve-ev-gerecleri productId=644737280 startPage=1
[2026-04-05T20:09:51.049Z] [INFO] [review banyo-ve-ev-gerecleri/590111435] page=4 +8 reviews (unique=32)
[2026-04-05T20:09:51.224Z] [INFO] [review banyo-ve-ev-gerecleri/446748169] page=2 +8 reviews (unique=16)
[2026-04-05T20:09:51.314Z] [INFO] [review banyo-ve-ev-gerecleri/644737280] page=1 +8 reviews (unique=8)
[2026-04-05T20:09:51.444Z] [INFO] 
[START REVIEW] category=banyo-ve-ev-gerecleri productId=431200988 startPage=1
[2026-04-05T20:09:51.505Z] [INFO] [review banyo-ve-ev-gerecleri/736316811] page=5 +8 reviews (unique=40)
[2026-04-05T20:09:51.513Z] [INFO] [REVIEW PARTIAL SAVED] /mnt/c/Developer/Review_AI/scraper_project/raw_data/banyo-ve-ev-gerecleri/736316811_reviews.partial.json
[2026-04-05T20:09:51.582Z] [INFO] [review banyo-ve-ev-gerecleri/633852192] page=52 +8 reviews (unique=416)
[2026-04-05T20:09:51.631Z] [INFO] [review banyo-ve-ev-gerecleri/464263013] page=20 +8 reviews (unique=160)
[2026-04-05T20:09:51.652Z] [INFO] [REVIEW PARTIAL SAVED] /mnt/c/Developer/Review_AI/scraper_project/raw_data/banyo-ve-ev-gerecleri/464263013_reviews.partial.json
[2026-04-05T20:09:51.785Z] [INFO] [review banyo-ve-ev-gerecleri/431200988] page=1 +8 reviews (unique=8)
[2026-04-05T20:09:51.795Z] [INFO] [review banyo-ve-ev-gerecleri/590111435] page=5 +8 reviews (unique=40)
[2026-04-05T20:09:51.808Z] [INFO] [REVIEW PARTIAL SAVED] /mnt/c/Developer/Review_AI/scraper_project/raw_data/banyo-ve-ev-gerecleri/590111435_reviews.partial.json
[2026-04-05T20:09:51.920Z] [INFO] [review banyo-ve-ev-gerecleri/446748169] page=3 +8 reviews (unique=24)
[2026-04-05T20:09:51.960Z] [INFO] [review banyo-ve-ev-gerecleri/644737280] page=2 +8 reviews (unique=16)
[2026-04-05T20:09:52.319Z] [INFO] [review banyo-ve-ev-gerecleri/736316811] page=6 +8 reviews (unique=48)
[2026-04-05T20:09:52.429Z] [INFO] [review banyo-ve-ev-gerecleri/633852192] page=53 +8 reviews (unique=424)
[2026-04-05T20:09:52.492Z] [INFO] [review banyo-ve-ev-gerecleri/464263013] page=21 +8 reviews (unique=168)
[2026-04-05T20:09:52.528Z] [INFO] [review banyo-ve-ev-gerecleri/590111435] page=6 +8 reviews (unique=48)
[2026-04-05T20:09:52.537Z] [INFO] [review banyo-ve-ev-gerecleri/431200988] page=2 +8 reviews (unique=16)
[2026-04-05T20:09:52.690Z] [INFO] [review banyo-ve-ev-gerecleri/446748169] page=4 +8 reviews (unique=32)
[2026-04-05T20:09:52.722Z] [INFO] [review banyo-ve-ev-gerecleri/644737280] page=3 +8 reviews (unique=24)
[2026-04-05T20:09:53.032Z] [INFO] [review banyo-ve-ev-gerecleri/736316811] page=7 +8 reviews (unique=56)
[2026-04-05T20:09:53.110Z] [INFO] [review banyo-ve-ev-gerecleri/633852192] page=54 +8 reviews (unique=432)
[2026-04-05T20:09:53.155Z] [INFO] [review banyo-ve-ev-gerecleri/464263013] page=22 +8 reviews (unique=176)
[2026-04-05T20:09:53.167Z] [INFO] [review banyo-ve-ev-gerecleri/431200988] page=3 +8 reviews (unique=24)
[2026-04-05T20:09:53.445Z] [INFO] [review banyo-ve-ev-gerecleri/446748169] page=5 +8 reviews (unique=40)
[2026-04-05T20:09:53.458Z] [INFO] [REVIEW PARTIAL SAVED] /mnt/c/Developer/Review_AI/scraper_project/raw_data/banyo-ve-ev-gerecleri/446748169_reviews.partial.json
[2026-04-05T20:09:53.465Z] [INFO] [review banyo-ve-ev-gerecleri/590111435] page=7 +8 reviews (unique=56)
[2026-04-05T20:09:53.478Z] [INFO] [review banyo-ve-ev-gerecleri/644737280] page=4 +8 reviews (unique=32)
[2026-04-05T20:09:53.596Z] [INFO] [review banyo-ve-ev-gerecleri/601470567] page=25 +8 reviews (unique=200)
[2026-04-05T20:09:53.607Z] [INFO] [REVIEW PARTIAL SAVED] /mnt/c/Developer/Review_AI/scraper_project/raw_data/banyo-ve-ev-gerecleri/601470567_reviews.partial.json
[2026-04-05T20:09:54.027Z] [INFO] [review banyo-ve-ev-gerecleri/736316811] page=8 +8 reviews (unique=64)
[2026-04-05T20:09:54.063Z] [INFO] [review banyo-ve-ev-gerecleri/633852192] page=55 +8 reviews (unique=440)
[2026-04-05T20:09:54.078Z] [INFO] [REVIEW PARTIAL SAVED] /mnt/c/Developer/Review_AI/scraper_project/raw_data/banyo-ve-ev-gerecleri/633852192_reviews.partial.json
[2026-04-05T20:09:54.082Z] [INFO] [review banyo-ve-ev-gerecleri/464263013] page=23 +8 reviews (unique=184)
[2026-04-05T20:09:54.112Z] [INFO] [review banyo-ve-ev-gerecleri/431200988] page=4 +8 reviews (unique=32)
[2026-04-05T20:09:54.255Z] [INFO] [review banyo-ve-ev-gerecleri/590111435] page=8 +8 reviews (unique=64)
[2026-04-05T20:09:54.272Z] [INFO] [review banyo-ve-ev-gerecleri/446748169] page=6 +8 reviews (unique=48)
[2026-04-05T20:09:54.279Z] [INFO] [review banyo-ve-ev-gerecleri/644737280] page=5 +8 reviews (unique=40)
[2026-04-05T20:09:54.288Z] [INFO] [REVIEW PARTIAL SAVED] /mnt/c/Developer/Review_AI/scraper_project/raw_data/banyo-ve-ev-gerecleri/644737280_reviews.partial.json
[2026-04-05T20:09:54.337Z] [INFO] [review banyo-ve-ev-gerecleri/601470567] page=26 +8 reviews (unique=208)
[2026-04-05T20:09:54.419Z] [INFO] 
[START REVIEW] category=banyo-ve-ev-gerecleri productId=559825199 startPage=1
[2026-04-05T20:09:54.735Z] [INFO] [review banyo-ve-ev-gerecleri/736316811] page=9 +8 reviews (unique=72)
[2026-04-05T20:09:54.755Z] [INFO] [review banyo-ve-ev-gerecleri/431200988] page=5 +8 reviews (unique=40)
[2026-04-05T20:09:54.765Z] [INFO] [REVIEW PARTIAL SAVED] /mnt/c/Developer/Review_AI/scraper_project/raw_data/banyo-ve-ev-gerecleri/431200988_reviews.partial.json
[2026-04-05T20:09:54.796Z] [INFO] [review banyo-ve-ev-gerecleri/633852192] page=56 +8 reviews (unique=448)
[2026-04-05T20:09:54.819Z] [INFO] [review banyo-ve-ev-gerecleri/464263013] page=24 +8 reviews (unique=192)
[2026-04-05T20:09:54.885Z] [INFO] [review banyo-ve-ev-gerecleri/590111435] page=9 +8 reviews (unique=72)
[2026-04-05T20:09:54.917Z] [INFO] [review banyo-ve-ev-gerecleri/559825199] page=1 +8 reviews (unique=8)
[2026-04-05T20:09:54.948Z] [INFO] [review banyo-ve-ev-gerecleri/446748169] page=7 +8 reviews (unique=56)
[2026-04-05T20:09:55.033Z] [INFO] [review banyo-ve-ev-gerecleri/601470567] page=27 +8 reviews (unique=216)
[2026-04-05T20:09:55.093Z] [INFO] [review banyo-ve-ev-gerecleri/644737280] page=6 +8 reviews (unique=48)
[2026-04-05T20:09:55.112Z] [INFO] 
[START REVIEW] category=banyo-ve-ev-gerecleri productId=570347332 startPage=1
[2026-04-05T20:09:55.404Z] [INFO] [review banyo-ve-ev-gerecleri/570347332] page=1 +8 reviews (unique=8)
[2026-04-05T20:09:55.449Z] [INFO] [review banyo-ve-ev-gerecleri/431200988] page=6 +8 reviews (unique=48)
[2026-04-05T20:09:55.456Z] [INFO] [review banyo-ve-ev-gerecleri/633852192] page=57 +8 reviews (unique=456)
[2026-04-05T20:09:55.498Z] [INFO] [review banyo-ve-ev-gerecleri/736316811] page=10 +8 reviews (unique=80)
[2026-04-05T20:09:55.509Z] [INFO] [REVIEW PARTIAL SAVED] /mnt/c/Developer/Review_AI/scraper_project/raw_data/banyo-ve-ev-gerecleri/736316811_reviews.partial.json
[2026-04-05T20:09:55.580Z] [INFO] [review banyo-ve-ev-gerecleri/590111435] page=10 +8 reviews (unique=80)
[2026-04-05T20:09:55.588Z] [INFO] [REVIEW PARTIAL SAVED] /mnt/c/Developer/Review_AI/scraper_project/raw_data/banyo-ve-ev-gerecleri/590111435_reviews.partial.json
[2026-04-05T20:09:55.595Z] [INFO] [review banyo-ve-ev-gerecleri/464263013] page=25 +8 reviews (unique=200)
[2026-04-05T20:09:55.606Z] [INFO] [REVIEW PARTIAL SAVED] /mnt/c/Developer/Review_AI/scraper_project/raw_data/banyo-ve-ev-gerecleri/464263013_reviews.partial.json
[2026-04-05T20:09:55.645Z] [INFO] [review banyo-ve-ev-gerecleri/559825199] page=2 +8 reviews (unique=16)
[2026-04-05T20:09:55.663Z] [INFO] [review banyo-ve-ev-gerecleri/601470567] page=28 +8 reviews (unique=224)
[2026-04-05T20:09:55.670Z] [INFO] [review banyo-ve-ev-gerecleri/446748169] page=8 +8 reviews (unique=64)
[2026-04-05T20:09:55.762Z] [INFO] [review banyo-ve-ev-gerecleri/644737280] page=7 +8 reviews (unique=56)
[2026-04-05T20:09:56.204Z] [INFO] [review banyo-ve-ev-gerecleri/570347332] page=2 +5 reviews (unique=13)
[2026-04-05T20:09:56.225Z] [INFO] [REVIEW SAVED] /mnt/c/Developer/Review_AI/scraper_project/raw_data/banyo-ve-ev-gerecleri/570347332_reviews.json
[2026-04-05T20:09:56.234Z] [INFO] [review banyo-ve-ev-gerecleri/633852192] page=58 +8 reviews (unique=464)
[2026-04-05T20:09:56.250Z] [INFO] [review banyo-ve-ev-gerecleri/431200988] page=7 +8 reviews (unique=56)
[2026-04-05T20:09:56.255Z] [INFO] [review banyo-ve-ev-gerecleri/736316811] page=11 +8 reviews (unique=88)
[2026-04-05T20:09:56.261Z] [INFO] [review banyo-ve-ev-gerecleri/464263013] page=26 +8 reviews (unique=208)
[2026-04-05T20:09:56.270Z] [INFO] [review banyo-ve-ev-gerecleri/590111435] page=11 +8 reviews (unique=88)
[2026-04-05T20:09:56.283Z] [INFO] 
[REVIEW WORKER 7] starting banyo-ve-ev-gerecleri/381987000
[2026-04-05T20:09:56.332Z] [INFO] [review banyo-ve-ev-gerecleri/446748169] page=9 +8 reviews (unique=72)
[2026-04-05T20:09:56.339Z] [INFO] [review banyo-ve-ev-gerecleri/559825199] page=3 +8 reviews (unique=24)
[2026-04-05T20:09:56.373Z] [INFO] [review banyo-ve-ev-gerecleri/601470567] page=29 +8 reviews (unique=232)
[2026-04-05T20:09:56.437Z] [INFO] [review banyo-ve-ev-gerecleri/644737280] page=8 +8 reviews (unique=64)
[2026-04-05T20:09:56.906Z] [INFO] [review banyo-ve-ev-gerecleri/590111435] page=12 +8 reviews (unique=96)
[2026-04-05T20:09:56.934Z] [INFO] [review banyo-ve-ev-gerecleri/633852192] page=59 +8 reviews (unique=472)
[2026-04-05T20:09:56.943Z] [INFO] [review banyo-ve-ev-gerecleri/736316811] page=12 +8 reviews (unique=96)
[2026-04-05T20:09:56.956Z] [INFO] [review banyo-ve-ev-gerecleri/431200988] page=8 +8 reviews (unique=64)
[2026-04-05T20:09:56.963Z] [INFO] [review banyo-ve-ev-gerecleri/464263013] page=27 +8 reviews (unique=216)
[2026-04-05T20:09:57.028Z] [INFO] [review banyo-ve-ev-gerecleri/601470567] page=30 +8 reviews (unique=240)
[2026-04-05T20:09:57.035Z] [INFO] [REVIEW PARTIAL SAVED] /mnt/c/Developer/Review_AI/scraper_project/raw_data/banyo-ve-ev-gerecleri/601470567_reviews.partial.json
[2026-04-05T20:09:57.049Z] [INFO] [review banyo-ve-ev-gerecleri/446748169] page=10 +8 reviews (unique=80)
[2026-04-05T20:09:57.056Z] [INFO] [REVIEW PARTIAL SAVED] /mnt/c/Developer/Review_AI/scraper_project/raw_data/banyo-ve-ev-gerecleri/446748169_reviews.partial.json
[2026-04-05T20:09:57.097Z] [INFO] [review banyo-ve-ev-gerecleri/644737280] page=9 +8 reviews (unique=72)
[2026-04-05T20:09:57.102Z] [INFO] [review banyo-ve-ev-gerecleri/559825199] page=4 +8 reviews (unique=32)
[2026-04-05T20:09:57.597Z] [INFO] [review banyo-ve-ev-gerecleri/431200988] page=9 +8 reviews (unique=72)
[2026-04-05T20:09:57.606Z] [INFO] [review banyo-ve-ev-gerecleri/590111435] page=13 +8 reviews (unique=104)
[2026-04-05T20:09:57.621Z] [INFO] [review banyo-ve-ev-gerecleri/633852192] page=60 +8 reviews (unique=480)
[2026-04-05T20:09:57.631Z] [INFO] [REVIEW PARTIAL SAVED] /mnt/c/Developer/Review_AI/scraper_project/raw_data/banyo-ve-ev-gerecleri/633852192_reviews.partial.json
[2026-04-05T20:09:57.693Z] [INFO] [review banyo-ve-ev-gerecleri/601470567] page=31 +8 reviews (unique=248)
[2026-04-05T20:09:57.729Z] [INFO] [review banyo-ve-ev-gerecleri/736316811] page=13 +8 reviews (unique=104)
[2026-04-05T20:09:57.740Z] [INFO] [REVIEW SAVED] /mnt/c/Developer/Review_AI/scraper_project/raw_data/banyo-ve-ev-gerecleri/736316811_reviews.json
[2026-04-05T20:09:57.759Z] [INFO] 
[REVIEW WORKER 3] starting banyo-ve-ev-gerecleri/647234155
[2026-04-05T20:09:57.765Z] [INFO] [review banyo-ve-ev-gerecleri/446748169] page=11 +8 reviews (unique=88)
[2026-04-05T20:09:57.776Z] [INFO] [review banyo-ve-ev-gerecleri/464263013] page=28 +8 reviews (unique=224)
[2026-04-05T20:09:57.815Z] [INFO] [review banyo-ve-ev-gerecleri/644737280] page=10 +8 reviews (unique=80)
[2026-04-05T20:09:57.827Z] [INFO] [REVIEW PARTIAL SAVED] /mnt/c/Developer/Review_AI/scraper_project/raw_data/banyo-ve-ev-gerecleri/644737280_reviews.partial.json
[2026-04-05T20:09:57.874Z] [INFO] [review banyo-ve-ev-gerecleri/559825199] page=5 +8 reviews (unique=40)
[2026-04-05T20:09:57.884Z] [INFO] [REVIEW PARTIAL SAVED] /mnt/c/Developer/Review_AI/scraper_project/raw_data/banyo-ve-ev-gerecleri/559825199_reviews.partial.json
[2026-04-05T20:09:58.239Z] [INFO] [review banyo-ve-ev-gerecleri/431200988] page=10 +8 reviews (unique=80)
[2026-04-05T20:09:58.250Z] [INFO] [REVIEW PARTIAL SAVED] /mnt/c/Developer/Review_AI/scraper_project/raw_data/banyo-ve-ev-gerecleri/431200988_reviews.partial.json
[2026-04-05T20:09:58.273Z] [INFO] [review banyo-ve-ev-gerecleri/590111435] page=14 +8 reviews (unique=112)
[2026-04-05T20:09:58.318Z] [INFO] [review banyo-ve-ev-gerecleri/601470567] page=32 +8 reviews (unique=256)
[2026-04-05T20:09:58.363Z] [INFO] [review banyo-ve-ev-gerecleri/633852192] page=61 +8 reviews (unique=488)
[2026-04-05T20:09:58.453Z] [INFO] [review banyo-ve-ev-gerecleri/464263013] page=29 +8 reviews (unique=232)
[2026-04-05T20:09:58.554Z] [INFO] [review banyo-ve-ev-gerecleri/644737280] page=11 +8 reviews (unique=88)
[2026-04-05T20:09:58.612Z] [INFO] [review banyo-ve-ev-gerecleri/446748169] page=12 +8 reviews (unique=96)
[2026-04-05T20:09:58.629Z] [INFO] [review banyo-ve-ev-gerecleri/559825199] page=6 +8 reviews (unique=48)
[2026-04-05T20:09:58.954Z] [INFO] [review banyo-ve-ev-gerecleri/601470567] page=33 +8 reviews (unique=264)
[2026-04-05T20:09:58.969Z] [INFO] [review banyo-ve-ev-gerecleri/431200988] page=11 +8 reviews (unique=88)
[2026-04-05T20:09:58.990Z] [INFO] [review banyo-ve-ev-gerecleri/590111435] page=15 +8 reviews (unique=120)
[2026-04-05T20:09:59.004Z] [INFO] [REVIEW PARTIAL SAVED] /mnt/c/Developer/Review_AI/scraper_project/raw_data/banyo-ve-ev-gerecleri/590111435_reviews.partial.json
[2026-04-05T20:09:59.067Z] [INFO] [review banyo-ve-ev-gerecleri/633852192] page=62 +8 reviews (unique=496)
[2026-04-05T20:09:59.271Z] [INFO] [review banyo-ve-ev-gerecleri/446748169] page=13 +8 reviews (unique=104)
[2026-04-05T20:09:59.283Z] [INFO] [review banyo-ve-ev-gerecleri/464263013] page=30 +8 reviews (unique=240)
[2026-04-05T20:09:59.300Z] [INFO] [REVIEW PARTIAL SAVED] /mnt/c/Developer/Review_AI/scraper_project/raw_data/banyo-ve-ev-gerecleri/464263013_reviews.partial.json
[2026-04-05T20:09:59.305Z] [INFO] [review banyo-ve-ev-gerecleri/559825199] page=7 +8 reviews (unique=56)
[2026-04-05T20:09:59.314Z] [INFO] [review banyo-ve-ev-gerecleri/644737280] page=12 +8 reviews (unique=96)
[2026-04-05T20:09:59.701Z] [INFO] [review banyo-ve-ev-gerecleri/590111435] page=16 +8 reviews (unique=128)
[2026-04-05T20:09:59.802Z] [INFO] [review banyo-ve-ev-gerecleri/601470567] page=34 +8 reviews (unique=272)
[2026-04-05T20:09:59.876Z] [INFO] [review banyo-ve-ev-gerecleri/446748169] page=14 +2 reviews (unique=106)
[2026-04-05T20:09:59.889Z] [INFO] [REVIEW SAVED] /mnt/c/Developer/Review_AI/scraper_project/raw_data/banyo-ve-ev-gerecleri/446748169_reviews.json
[2026-04-05T20:09:59.905Z] [INFO] 
[REVIEW WORKER 1] starting banyo-ve-ev-gerecleri/728878640
[2026-04-05T20:09:59.950Z] [INFO] [review banyo-ve-ev-gerecleri/431200988] page=12 +8 reviews (unique=96)
[2026-04-05T20:09:59.967Z] [INFO] [review banyo-ve-ev-gerecleri/464263013] page=31 +8 reviews (unique=248)
[2026-04-05T20:09:59.999Z] [INFO] [review banyo-ve-ev-gerecleri/559825199] page=8 +8 reviews (unique=64)
[2026-04-05T20:10:00.025Z] [INFO] [review banyo-ve-ev-gerecleri/644737280] page=13 +8 reviews (unique=104)
[2026-04-05T20:10:00.184Z] [INFO] 
[START REVIEW] category=banyo-ve-ev-gerecleri productId=381987000 startPage=1
[2026-04-05T20:10:00.392Z] [INFO] [review banyo-ve-ev-gerecleri/590111435] page=17 +8 reviews (unique=136)
[2026-04-05T20:10:00.409Z] [INFO] [review banyo-ve-ev-gerecleri/601470567] page=35 +8 reviews (unique=280)
[2026-04-05T20:10:00.420Z] [INFO] [REVIEW PARTIAL SAVED] /mnt/c/Developer/Review_AI/scraper_project/raw_data/banyo-ve-ev-gerecleri/601470567_reviews.partial.json
[2026-04-05T20:10:00.436Z] [INFO] [review banyo-ve-ev-gerecleri/381987000] page=1 +8 reviews (unique=8)
[2026-04-05T20:10:00.628Z] [INFO] [review banyo-ve-ev-gerecleri/431200988] page=13 +8 reviews (unique=104)
[2026-04-05T20:10:00.641Z] [INFO] [review banyo-ve-ev-gerecleri/464263013] page=32 +8 reviews (unique=256)
[2026-04-05T20:10:00.726Z] [INFO] [review banyo-ve-ev-gerecleri/644737280] page=14 +8 reviews (unique=112)
[2026-04-05T20:10:00.733Z] [INFO] [review banyo-ve-ev-gerecleri/559825199] page=9 +8 reviews (unique=72)
[2026-04-05T20:10:01.042Z] [INFO] [review banyo-ve-ev-gerecleri/601470567] page=36 +8 reviews (unique=288)
[2026-04-05T20:10:01.079Z] [INFO] [review banyo-ve-ev-gerecleri/590111435] page=18 +8 reviews (unique=144)
[2026-04-05T20:10:01.159Z] [INFO] [review banyo-ve-ev-gerecleri/381987000] page=2 +8 reviews (unique=16)
[2026-04-05T20:10:01.286Z] [INFO] [review banyo-ve-ev-gerecleri/464263013] page=33 +8 reviews (unique=264)
[2026-04-05T20:10:01.359Z] [INFO] [review banyo-ve-ev-gerecleri/431200988] page=14 +8 reviews (unique=112)
[2026-04-05T20:10:01.374Z] [INFO] [review banyo-ve-ev-gerecleri/644737280] page=15 +8 reviews (unique=120)
[2026-04-05T20:10:01.389Z] [INFO] [REVIEW PARTIAL SAVED] /mnt/c/Developer/Review_AI/scraper_project/raw_data/banyo-ve-ev-gerecleri/644737280_reviews.partial.json
[2026-04-05T20:10:01.423Z] [INFO] [review banyo-ve-ev-gerecleri/559825199] page=10 +8 reviews (unique=80)
[2026-04-05T20:10:01.431Z] [INFO] [REVIEW PARTIAL SAVED] /mnt/c/Developer/Review_AI/scraper_project/raw_data/banyo-ve-ev-gerecleri/559825199_reviews.partial.json
[2026-04-05T20:10:01.683Z] [INFO] [review banyo-ve-ev-gerecleri/601470567] page=37 +8 reviews (unique=296)
[2026-04-05T20:10:01.786Z] [INFO] [review banyo-ve-ev-gerecleri/590111435] page=19 +8 reviews (unique=152)
[2026-04-05T20:10:01.849Z] [INFO] [review banyo-ve-ev-gerecleri/381987000] page=3 +8 reviews (unique=24)
[2026-04-05T20:10:01.910Z] [INFO] [review banyo-ve-ev-gerecleri/464263013] page=34 +8 reviews (unique=272)
[2026-04-05T20:10:02.014Z] [INFO] [review banyo-ve-ev-gerecleri/644737280] page=16 +8 reviews (unique=128)
[2026-04-05T20:10:02.031Z] [INFO] [review banyo-ve-ev-gerecleri/431200988] page=15 +8 reviews (unique=120)
[2026-04-05T20:10:02.042Z] [INFO] [REVIEW PARTIAL SAVED] /mnt/c/Developer/Review_AI/scraper_project/raw_data/banyo-ve-ev-gerecleri/431200988_reviews.partial.json
[2026-04-05T20:10:02.145Z] [INFO] [review banyo-ve-ev-gerecleri/559825199] page=11 +8 reviews (unique=88)
[2026-04-05T20:10:02.426Z] [INFO] [review banyo-ve-ev-gerecleri/601470567] page=38 +8 reviews (unique=304)
[2026-04-05T20:10:02.507Z] [INFO] [review banyo-ve-ev-gerecleri/590111435] page=20 +8 reviews (unique=160)
[2026-04-05T20:10:02.518Z] [INFO] [REVIEW PARTIAL SAVED] /mnt/c/Developer/Review_AI/scraper_project/raw_data/banyo-ve-ev-gerecleri/590111435_reviews.partial.json
[2026-04-05T20:10:02.524Z] [INFO] [review banyo-ve-ev-gerecleri/381987000] page=4 +8 reviews (unique=32)
[2026-04-05T20:10:02.542Z] [INFO] [review banyo-ve-ev-gerecleri/464263013] page=35 +6 reviews (unique=278)
[2026-04-05T20:10:02.556Z] [INFO] [REVIEW PARTIAL SAVED] /mnt/c/Developer/Review_AI/scraper_project/raw_data/banyo-ve-ev-gerecleri/464263013_reviews.partial.json
[2026-04-05T20:10:02.571Z] [INFO] [REVIEW SAVED] /mnt/c/Developer/Review_AI/scraper_project/raw_data/banyo-ve-ev-gerecleri/464263013_reviews.json
[2026-04-05T20:10:02.586Z] [INFO] 
[REVIEW WORKER 10] starting banyo-ve-ev-gerecleri/734989517
[2026-04-05T20:10:02.643Z] [INFO] [review banyo-ve-ev-gerecleri/431200988] page=16 +8 reviews (unique=128)
[2026-04-05T20:10:02.893Z] [INFO] [review banyo-ve-ev-gerecleri/644737280] page=17 +8 reviews (unique=136)
[2026-04-05T20:10:02.922Z] [INFO] [review banyo-ve-ev-gerecleri/559825199] page=12 +8 reviews (unique=96)
[2026-04-05T20:10:03.181Z] [INFO] [review banyo-ve-ev-gerecleri/381987000] page=5 +8 reviews (unique=40)
[2026-04-05T20:10:03.187Z] [INFO] [REVIEW PARTIAL SAVED] /mnt/c/Developer/Review_AI/scraper_project/raw_data/banyo-ve-ev-gerecleri/381987000_reviews.partial.json
[2026-04-05T20:10:03.261Z] [INFO] [review banyo-ve-ev-gerecleri/601470567] page=39 +8 reviews (unique=312)
[2026-04-05T20:10:03.281Z] [INFO] [review banyo-ve-ev-gerecleri/431200988] page=17 +8 reviews (unique=136)
[2026-04-05T20:10:03.305Z] [INFO] [review banyo-ve-ev-gerecleri/590111435] page=21 +8 reviews (unique=168)
[2026-04-05T20:10:03.623Z] [INFO] [review banyo-ve-ev-gerecleri/644737280] page=18 +8 reviews (unique=144)
[2026-04-05T20:10:03.634Z] [INFO] [review banyo-ve-ev-gerecleri/633852192] page=63 +8 reviews (unique=504)
[2026-04-05T20:10:03.707Z] [INFO] [review banyo-ve-ev-gerecleri/559825199] page=13 +8 reviews (unique=104)
[2026-04-05T20:10:03.887Z] [INFO] 
[START REVIEW] category=banyo-ve-ev-gerecleri productId=728878640 startPage=1
[2026-04-05T20:10:03.956Z] [INFO] [review banyo-ve-ev-gerecleri/601470567] page=40 +8 reviews (unique=320)
[2026-04-05T20:10:03.975Z] [INFO] [REVIEW PARTIAL SAVED] /mnt/c/Developer/Review_AI/scraper_project/raw_data/banyo-ve-ev-gerecleri/601470567_reviews.partial.json
[2026-04-05T20:10:03.982Z] [INFO] [review banyo-ve-ev-gerecleri/431200988] page=18 +8 reviews (unique=144)
[2026-04-05T20:10:04.077Z] [INFO] [review banyo-ve-ev-gerecleri/381987000] page=6 +5 reviews (unique=45)
[2026-04-05T20:10:04.086Z] [INFO] [REVIEW SAVED] /mnt/c/Developer/Review_AI/scraper_project/raw_data/banyo-ve-ev-gerecleri/381987000_reviews.json
[2026-04-05T20:10:04.102Z] [INFO] 
[REVIEW WORKER 7] starting banyo-ve-ev-gerecleri/586320886
[2026-04-05T20:10:04.171Z] [INFO] [review banyo-ve-ev-gerecleri/590111435] page=22 +8 reviews (unique=176)
[2026-04-05T20:10:04.179Z] [INFO] [review banyo-ve-ev-gerecleri/728878640] page=1 +8 reviews (unique=8)
[2026-04-05T20:10:04.321Z] [INFO] [review banyo-ve-ev-gerecleri/633852192] page=64 +8 reviews (unique=512)
[2026-04-05T20:10:04.329Z] [INFO] [review banyo-ve-ev-gerecleri/644737280] page=19 +8 reviews (unique=152)
[2026-04-05T20:10:04.544Z] [INFO] [review banyo-ve-ev-gerecleri/559825199] page=14 +8 reviews (unique=112)
[2026-04-05T20:10:04.743Z] [INFO] [review banyo-ve-ev-gerecleri/601470567] page=41 +8 reviews (unique=328)
[2026-04-05T20:10:04.755Z] [INFO] [review banyo-ve-ev-gerecleri/431200988] page=19 +8 reviews (unique=152)
[2026-04-05T20:10:04.782Z] [INFO] [REVIEW SAVED] /mnt/c/Developer/Review_AI/scraper_project/raw_data/banyo-ve-ev-gerecleri/431200988_reviews.json
[2026-04-05T20:10:04.802Z] [INFO] 
[REVIEW WORKER 5] starting banyo-ve-ev-gerecleri/515511806
[2026-04-05T20:10:04.888Z] [INFO] [review banyo-ve-ev-gerecleri/590111435] page=23 +8 reviews (unique=184)
[2026-04-05T20:10:04.913Z] [INFO] [REVIEW SAVED] /mnt/c/Developer/Review_AI/scraper_project/raw_data/banyo-ve-ev-gerecleri/590111435_reviews.json
[2026-04-05T20:10:04.927Z] [INFO] [review banyo-ve-ev-gerecleri/728878640] page=2 +6 reviews (unique=14)
[2026-04-05T20:10:04.954Z] [INFO] [REVIEW SAVED] /mnt/c/Developer/Review_AI/scraper_project/raw_data/banyo-ve-ev-gerecleri/728878640_reviews.json
[2026-04-05T20:10:04.980Z] [INFO] [review banyo-ve-ev-gerecleri/633852192] page=65 +8 reviews (unique=520)
[2026-04-05T20:10:05.004Z] [INFO] [REVIEW PARTIAL SAVED] /mnt/c/Developer/Review_AI/scraper_project/raw_data/banyo-ve-ev-gerecleri/633852192_reviews.partial.json
[2026-04-05T20:10:05.012Z] [INFO] 
[REVIEW WORKER 9] starting banyo-ve-ev-gerecleri/736319461
[2026-04-05T20:10:05.019Z] [INFO] 
[REVIEW WORKER 1] starting banyo-ve-ev-gerecleri/644782054
[2026-04-05T20:10:05.209Z] [INFO] [review banyo-ve-ev-gerecleri/644737280] page=20 +8 reviews (unique=160)
[2026-04-05T20:10:05.220Z] [INFO] [REVIEW PARTIAL SAVED] /mnt/c/Developer/Review_AI/scraper_project/raw_data/banyo-ve-ev-gerecleri/644737280_reviews.partial.json
[2026-04-05T20:10:05.341Z] [INFO] [review banyo-ve-ev-gerecleri/559825199] page=15 +8 reviews (unique=120)
[2026-04-05T20:10:05.353Z] [INFO] [REVIEW PARTIAL SAVED] /mnt/c/Developer/Review_AI/scraper_project/raw_data/banyo-ve-ev-gerecleri/559825199_reviews.partial.json
[2026-04-05T20:10:05.453Z] [INFO] [review banyo-ve-ev-gerecleri/601470567] page=42 +8 reviews (unique=336)
[2026-04-05T20:10:05.749Z] [INFO] [review banyo-ve-ev-gerecleri/633852192] page=66 +8 reviews (unique=528)
[2026-04-05T20:10:05.956Z] [INFO] [review banyo-ve-ev-gerecleri/644737280] page=21 +8 reviews (unique=168)
[2026-04-05T20:10:06.025Z] [INFO] 
[START REVIEW] category=banyo-ve-ev-gerecleri productId=647234155 startPage=1
[2026-04-05T20:10:06.063Z] [INFO] [review banyo-ve-ev-gerecleri/559825199] page=16 +8 reviews (unique=128)
[2026-04-05T20:10:06.114Z] [INFO] [review banyo-ve-ev-gerecleri/601470567] page=43 +8 reviews (unique=344)
[2026-04-05T20:10:06.310Z] [INFO] [review banyo-ve-ev-gerecleri/647234155] page=1 +8 reviews (unique=8)
[2026-04-05T20:10:06.411Z] [INFO] [review banyo-ve-ev-gerecleri/633852192] page=67 +8 reviews (unique=536)
[2026-04-05T20:10:06.610Z] [INFO] [review banyo-ve-ev-gerecleri/644737280] page=22 +8 reviews (unique=176)
[2026-04-05T20:10:06.740Z] [INFO] 
[START REVIEW] category=banyo-ve-ev-gerecleri productId=734989517 startPage=1
[2026-04-05T20:10:06.745Z] [INFO] [review banyo-ve-ev-gerecleri/559825199] page=17 +8 reviews (unique=136)
[2026-04-05T20:10:06.950Z] [INFO] [review banyo-ve-ev-gerecleri/601470567] page=44 +8 reviews (unique=352)
[2026-04-05T20:10:06.962Z] [INFO] [review banyo-ve-ev-gerecleri/647234155] page=2 +8 reviews (unique=16)
[2026-04-05T20:10:07.062Z] [INFO] [review banyo-ve-ev-gerecleri/734989517] page=1 +0 reviews (unique=0)
[2026-04-05T20:10:07.078Z] [INFO] [REVIEW SAVED] /mnt/c/Developer/Review_AI/scraper_project/raw_data/banyo-ve-ev-gerecleri/734989517_reviews.json
[2026-04-05T20:10:07.097Z] [INFO] 
[REVIEW WORKER 10] starting banyo-ve-ev-gerecleri/543281451
[2026-04-05T20:10:07.104Z] [INFO] [review banyo-ve-ev-gerecleri/633852192] page=68 +8 reviews (unique=544)
[2026-04-05T20:10:07.443Z] [INFO] [review banyo-ve-ev-gerecleri/644737280] page=23 +8 reviews (unique=184)
[2026-04-05T20:10:07.580Z] [INFO] [review banyo-ve-ev-gerecleri/559825199] page=18 +8 reviews (unique=144)
[2026-04-05T20:10:07.737Z] [INFO] [review banyo-ve-ev-gerecleri/601470567] page=45 +8 reviews (unique=360)
[2026-04-05T20:10:07.765Z] [INFO] [REVIEW PARTIAL SAVED] /mnt/c/Developer/Review_AI/scraper_project/raw_data/banyo-ve-ev-gerecleri/601470567_reviews.partial.json
[2026-04-05T20:10:07.823Z] [INFO] [review banyo-ve-ev-gerecleri/633852192] page=69 +5 reviews (unique=549)
[2026-04-05T20:10:07.876Z] [INFO] [REVIEW SAVED] /mnt/c/Developer/Review_AI/scraper_project/raw_data/banyo-ve-ev-gerecleri/633852192_reviews.json
[2026-04-05T20:10:07.918Z] [INFO] 
[REVIEW WORKER 8] starting banyo-ve-ev-gerecleri/470600576
[2026-04-05T20:10:07.971Z] [INFO] [review banyo-ve-ev-gerecleri/647234155] page=3 +1 reviews (unique=17)
[2026-04-05T20:10:07.992Z] [INFO] [REVIEW SAVED] /mnt/c/Developer/Review_AI/scraper_project/raw_data/banyo-ve-ev-gerecleri/647234155_reviews.json
[2026-04-05T20:10:08.030Z] [INFO] 
[REVIEW WORKER 3] starting banyo-ve-ev-gerecleri/732758625
[2026-04-05T20:10:08.560Z] [INFO] [review banyo-ve-ev-gerecleri/644737280] page=24 +8 reviews (unique=192)
[2026-04-05T20:10:08.710Z] [INFO] [review banyo-ve-ev-gerecleri/559825199] page=19 +8 reviews (unique=152)
[2026-04-05T20:10:08.818Z] [INFO] [review banyo-ve-ev-gerecleri/601470567] page=46 +8 reviews (unique=368)
[2026-04-05T20:10:08.844Z] [INFO] 
[START REVIEW] category=banyo-ve-ev-gerecleri productId=586320886 startPage=1
[2026-04-05T20:10:09.514Z] [INFO] [review banyo-ve-ev-gerecleri/644737280] page=25 +8 reviews (unique=200)
[2026-04-05T20:10:09.535Z] [INFO] [REVIEW PARTIAL SAVED] /mnt/c/Developer/Review_AI/scraper_project/raw_data/banyo-ve-ev-gerecleri/644737280_reviews.partial.json
[2026-04-05T20:10:09.557Z] [INFO] [REVIEW SAVED] /mnt/c/Developer/Review_AI/scraper_project/raw_data/banyo-ve-ev-gerecleri/644737280_reviews.json
[2026-04-05T20:10:09.586Z] [INFO] 
[REVIEW WORKER 2] starting banyo-ve-ev-gerecleri/731535703
[2026-04-05T20:10:09.601Z] [INFO] [review banyo-ve-ev-gerecleri/559825199] page=20 +8 reviews (unique=160)
[2026-04-05T20:10:09.615Z] [INFO] [REVIEW PARTIAL SAVED] /mnt/c/Developer/Review_AI/scraper_project/raw_data/banyo-ve-ev-gerecleri/559825199_reviews.partial.json
[2026-04-05T20:10:09.679Z] [INFO] [review banyo-ve-ev-gerecleri/601470567] page=47 +8 reviews (unique=376)
[2026-04-05T20:10:09.964Z] [INFO] 
[START REVIEW] category=banyo-ve-ev-gerecleri productId=644782054 startPage=1
[2026-04-05T20:10:10.062Z] [INFO] 
[START REVIEW] category=banyo-ve-ev-gerecleri productId=736319461 startPage=1
[2026-04-05T20:10:10.085Z] [INFO] 
[START REVIEW] category=banyo-ve-ev-gerecleri productId=515511806 startPage=1
[2026-04-05T20:10:10.288Z] [INFO] [review banyo-ve-ev-gerecleri/644782054] page=1 +8 reviews (unique=8)
[2026-04-05T20:10:10.304Z] [INFO] [REVIEW SAVED] /mnt/c/Developer/Review_AI/scraper_project/raw_data/banyo-ve-ev-gerecleri/644782054_reviews.json
[2026-04-05T20:10:10.320Z] [INFO] 
[REVIEW WORKER 1] starting banyo-ve-ev-gerecleri/592074010
[2026-04-05T20:10:10.337Z] [INFO] [review banyo-ve-ev-gerecleri/559825199] page=21 +8 reviews (unique=168)
[2026-04-05T20:10:10.393Z] [INFO] [review banyo-ve-ev-gerecleri/736319461] page=1 +8 reviews (unique=8)
[2026-04-05T20:10:10.404Z] [INFO] [review banyo-ve-ev-gerecleri/601470567] page=48 +8 reviews (unique=384)
[2026-04-05T20:10:11.000Z] [INFO] [review banyo-ve-ev-gerecleri/559825199] page=22 +8 reviews (unique=176)
[2026-04-05T20:10:11.080Z] [INFO] [review banyo-ve-ev-gerecleri/736319461] page=2 +8 reviews (unique=16)
[2026-04-05T20:10:11.727Z] [INFO] [review banyo-ve-ev-gerecleri/601470567] page=49 +8 reviews (unique=392)
[2026-04-05T20:10:11.790Z] [INFO] [review banyo-ve-ev-gerecleri/586320886] page=1 +8 reviews (unique=8)
[2026-04-05T20:10:11.808Z] [INFO] [review banyo-ve-ev-gerecleri/515511806] page=1 +8 reviews (unique=8)
[2026-04-05T20:10:11.862Z] [INFO] [review banyo-ve-ev-gerecleri/736319461] page=3 +8 reviews (unique=24)
[2026-04-05T20:10:12.088Z] [INFO] [review banyo-ve-ev-gerecleri/559825199] page=23 +8 reviews (unique=184)
[2026-04-05T20:10:12.434Z] [INFO] [review banyo-ve-ev-gerecleri/586320886] page=2 +8 reviews (unique=16)
[2026-04-05T20:10:12.497Z] [INFO] 
[START REVIEW] category=banyo-ve-ev-gerecleri productId=543281451 startPage=1
[2026-04-05T20:10:12.521Z] [INFO] [review banyo-ve-ev-gerecleri/515511806] page=2 +8 reviews (unique=16)
[2026-04-05T20:10:12.576Z] [INFO] [review banyo-ve-ev-gerecleri/736319461] page=4 +2 reviews (unique=26)
[2026-04-05T20:10:12.597Z] [INFO] [REVIEW SAVED] /mnt/c/Developer/Review_AI/scraper_project/raw_data/banyo-ve-ev-gerecleri/736319461_reviews.json
[2026-04-05T20:10:12.630Z] [INFO] 
[REVIEW WORKER 9] starting banyo-ve-ev-gerecleri/719493232
[2026-04-05T20:10:12.651Z] [INFO] [review banyo-ve-ev-gerecleri/601470567] page=50 +8 reviews (unique=400)
[2026-04-05T20:10:12.672Z] [INFO] [REVIEW PARTIAL SAVED] /mnt/c/Developer/Review_AI/scraper_project/raw_data/banyo-ve-ev-gerecleri/601470567_reviews.partial.json
[2026-04-05T20:10:12.839Z] [INFO] 
[START REVIEW] category=banyo-ve-ev-gerecleri productId=470600576 startPage=1
[2026-04-05T20:10:13.160Z] [INFO] [review banyo-ve-ev-gerecleri/559825199] page=24 +8 reviews (unique=192)
[2026-04-05T20:10:13.449Z] [INFO] [review banyo-ve-ev-gerecleri/586320886] page=3 +8 reviews (unique=24)
[2026-04-05T20:10:13.497Z] [INFO] [review banyo-ve-ev-gerecleri/515511806] page=3 +8 reviews (unique=24)
[2026-04-05T20:10:13.515Z] [INFO] [review banyo-ve-ev-gerecleri/601470567] page=51 +8 reviews (unique=408)
[2026-04-05T20:10:13.534Z] [INFO] [review banyo-ve-ev-gerecleri/470600576] page=1 +8 reviews (unique=8)
[2026-04-05T20:10:13.917Z] [INFO] [review banyo-ve-ev-gerecleri/559825199] page=25 +8 reviews (unique=200)
[2026-04-05T20:10:13.934Z] [INFO] [REVIEW PARTIAL SAVED] /mnt/c/Developer/Review_AI/scraper_project/raw_data/banyo-ve-ev-gerecleri/559825199_reviews.partial.json
[2026-04-05T20:10:14.320Z] [INFO] [review banyo-ve-ev-gerecleri/586320886] page=4 +8 reviews (unique=32)
[2026-04-05T20:10:14.334Z] [INFO] [review banyo-ve-ev-gerecleri/515511806] page=4 +8 reviews (unique=32)
[2026-04-05T20:10:14.397Z] [INFO] [review banyo-ve-ev-gerecleri/601470567] page=52 +8 reviews (unique=416)
[2026-04-05T20:10:14.442Z] [INFO] 
[START REVIEW] category=banyo-ve-ev-gerecleri productId=732758625 startPage=1
[2026-04-05T20:10:14.530Z] [INFO] [review banyo-ve-ev-gerecleri/470600576] page=2 +8 reviews (unique=16)
[2026-04-05T20:10:14.754Z] [INFO] [review banyo-ve-ev-gerecleri/559825199] page=26 +8 reviews (unique=208)
[2026-04-05T20:10:14.799Z] [INFO] [review banyo-ve-ev-gerecleri/732758625] page=1 +2 reviews (unique=2)
[2026-04-05T20:10:14.826Z] [INFO] [REVIEW SAVED] /mnt/c/Developer/Review_AI/scraper_project/raw_data/banyo-ve-ev-gerecleri/732758625_reviews.json
[2026-04-05T20:10:14.851Z] [INFO] 
[REVIEW WORKER 3] starting banyo-ve-ev-gerecleri/692318480
[2026-04-05T20:10:14.994Z] [INFO] [review banyo-ve-ev-gerecleri/515511806] page=5 +8 reviews (unique=40)
[2026-04-05T20:10:15.015Z] [INFO] [REVIEW PARTIAL SAVED] /mnt/c/Developer/Review_AI/scraper_project/raw_data/banyo-ve-ev-gerecleri/515511806_reviews.partial.json
[2026-04-05T20:10:15.022Z] [INFO] [review banyo-ve-ev-gerecleri/586320886] page=5 +8 reviews (unique=40)
[2026-04-05T20:10:15.039Z] [INFO] [REVIEW PARTIAL SAVED] /mnt/c/Developer/Review_AI/scraper_project/raw_data/banyo-ve-ev-gerecleri/586320886_reviews.partial.json
[2026-04-05T20:10:15.051Z] [INFO] [review banyo-ve-ev-gerecleri/601470567] page=53 +8 reviews (unique=424)
[2026-04-05T20:10:15.311Z] [INFO] [review banyo-ve-ev-gerecleri/470600576] page=3 +8 reviews (unique=24)
[2026-04-05T20:10:15.566Z] [INFO] 
[START REVIEW] category=banyo-ve-ev-gerecleri productId=731535703 startPage=1
[2026-04-05T20:10:15.589Z] [INFO] 
[START REVIEW] category=banyo-ve-ev-gerecleri productId=592074010 startPage=1
[2026-04-05T20:10:15.698Z] [INFO] [review banyo-ve-ev-gerecleri/586320886] page=6 +6 reviews (unique=46)
[2026-04-05T20:10:15.746Z] [INFO] [REVIEW SAVED] /mnt/c/Developer/Review_AI/scraper_project/raw_data/banyo-ve-ev-gerecleri/586320886_reviews.json
[2026-04-05T20:10:15.787Z] [INFO] 
[REVIEW WORKER 7] starting banyo-ve-ev-gerecleri/643211574
[2026-04-05T20:10:15.799Z] [INFO] [review banyo-ve-ev-gerecleri/515511806] page=6 +8 reviews (unique=48)
[2026-04-05T20:10:15.900Z] [INFO] [review banyo-ve-ev-gerecleri/731535703] page=1 +2 reviews (unique=2)
[2026-04-05T20:10:15.946Z] [INFO] [REVIEW SAVED] /mnt/c/Developer/Review_AI/scraper_project/raw_data/banyo-ve-ev-gerecleri/731535703_reviews.json
[2026-04-05T20:10:15.974Z] [INFO] [review banyo-ve-ev-gerecleri/592074010] page=1 +8 reviews (unique=8)
[2026-04-05T20:10:15.988Z] [INFO] [review banyo-ve-ev-gerecleri/601470567] page=54 +8 reviews (unique=432)
[2026-04-05T20:10:16.024Z] [INFO] 
[REVIEW WORKER 2] starting banyo-ve-ev-gerecleri/642873649
[2026-04-05T20:10:16.065Z] [INFO] [review banyo-ve-ev-gerecleri/470600576] page=4 +4 reviews (unique=28)
[2026-04-05T20:10:16.100Z] [INFO] [REVIEW SAVED] /mnt/c/Developer/Review_AI/scraper_project/raw_data/banyo-ve-ev-gerecleri/470600576_reviews.json
[2026-04-05T20:10:16.165Z] [INFO] 
[REVIEW WORKER 8] starting banyo-ve-ev-gerecleri/577430216
[2026-04-05T20:10:16.520Z] [INFO] [review banyo-ve-ev-gerecleri/543281451] page=1 +2 reviews (unique=2)
[2026-04-05T20:10:16.588Z] [INFO] [REVIEW SAVED] /mnt/c/Developer/Review_AI/scraper_project/raw_data/banyo-ve-ev-gerecleri/543281451_reviews.json
[2026-04-05T20:10:16.633Z] [INFO] 
[REVIEW WORKER 10] starting banyo-ve-ev-gerecleri/675156631
[2026-04-05T20:10:16.729Z] [INFO] [review banyo-ve-ev-gerecleri/515511806] page=7 +8 reviews (unique=56)
[2026-04-05T20:10:17.017Z] [INFO] [review banyo-ve-ev-gerecleri/601470567] page=55 +8 reviews (unique=440)
[2026-04-05T20:10:17.079Z] [INFO] [REVIEW PARTIAL SAVED] /mnt/c/Developer/Review_AI/scraper_project/raw_data/banyo-ve-ev-gerecleri/601470567_reviews.partial.json
[2026-04-05T20:10:17.453Z] [INFO] [review banyo-ve-ev-gerecleri/515511806] page=8 +8 reviews (unique=64)
[2026-04-05T20:10:17.672Z] [INFO] [review banyo-ve-ev-gerecleri/592074010] page=2 +2 reviews (unique=10)
[2026-04-05T20:10:17.773Z] [INFO] [REVIEW SAVED] /mnt/c/Developer/Review_AI/scraper_project/raw_data/banyo-ve-ev-gerecleri/592074010_reviews.json
[2026-04-05T20:10:17.859Z] [INFO] 
[REVIEW WORKER 1] starting banyo-ve-ev-gerecleri/665819969
[2026-04-05T20:10:17.881Z] [INFO] [review banyo-ve-ev-gerecleri/601470567] page=56 +8 reviews (unique=448)
[2026-04-05T20:10:18.328Z] [INFO] [review banyo-ve-ev-gerecleri/515511806] page=9 +8 reviews (unique=72)
[2026-04-05T20:10:18.680Z] [INFO] [review banyo-ve-ev-gerecleri/559825199] page=27 +8 reviews (unique=216)
[2026-04-05T20:10:18.753Z] [INFO] [review banyo-ve-ev-gerecleri/601470567] page=57 +8 reviews (unique=456)
[2026-04-05T20:10:19.028Z] [INFO] 
[START REVIEW] category=banyo-ve-ev-gerecleri productId=719493232 startPage=1
[2026-04-05T20:10:19.071Z] [INFO] [review banyo-ve-ev-gerecleri/515511806] page=10 +8 reviews (unique=80)
[2026-04-05T20:10:19.117Z] [INFO] [REVIEW PARTIAL SAVED] /mnt/c/Developer/Review_AI/scraper_project/raw_data/banyo-ve-ev-gerecleri/515511806_reviews.partial.json
[2026-04-05T20:10:19.706Z] [INFO] 
[START REVIEW] category=banyo-ve-ev-gerecleri productId=692318480 startPage=1
[2026-04-05T20:10:19.746Z] [INFO] [review banyo-ve-ev-gerecleri/559825199] page=28 +8 reviews (unique=224)
[2026-04-05T20:10:19.789Z] [INFO] [review banyo-ve-ev-gerecleri/719493232] page=1 +6 reviews (unique=6)
[2026-04-05T20:10:19.859Z] [INFO] [REVIEW SAVED] /mnt/c/Developer/Review_AI/scraper_project/raw_data/banyo-ve-ev-gerecleri/719493232_reviews.json
[2026-04-05T20:10:19.916Z] [INFO] [review banyo-ve-ev-gerecleri/601470567] page=58 +8 reviews (unique=464)
[2026-04-05T20:10:20.188Z] [INFO] 
[REVIEW WORKER 9] starting banyo-ve-ev-gerecleri/647036258
[2026-04-05T20:10:20.236Z] [INFO] [review banyo-ve-ev-gerecleri/515511806] page=11 +6 reviews (unique=86)
[2026-04-05T20:10:20.411Z] [INFO] [REVIEW SAVED] /mnt/c/Developer/Review_AI/scraper_project/raw_data/banyo-ve-ev-gerecleri/515511806_reviews.json
[2026-04-05T20:10:20.548Z] [INFO] 
[REVIEW WORKER 5] starting banyo-ve-ev-gerecleri/647234278
[2026-04-05T20:10:20.744Z] [INFO] [review banyo-ve-ev-gerecleri/559825199] page=29 +8 reviews (unique=232)
[2026-04-05T20:10:20.847Z] [INFO] [review banyo-ve-ev-gerecleri/692318480] page=1 +8 reviews (unique=8)
[2026-04-05T20:10:20.983Z] [INFO] [review banyo-ve-ev-gerecleri/601470567] page=59 +8 reviews (unique=472)
[2026-04-05T20:10:21.214Z] [INFO] 
[START REVIEW] category=banyo-ve-ev-gerecleri productId=643211574 startPage=1
[2026-04-05T20:10:21.483Z] [INFO] [review banyo-ve-ev-gerecleri/643211574] page=1 +8 reviews (unique=8)
[2026-04-05T20:10:21.558Z] [INFO] [review banyo-ve-ev-gerecleri/692318480] page=2 +8 reviews (unique=16)
[2026-04-05T20:10:21.570Z] [INFO] [review banyo-ve-ev-gerecleri/559825199] page=30 +8 reviews (unique=240)
[2026-04-05T20:10:21.588Z] [INFO] [REVIEW PARTIAL SAVED] /mnt/c/Developer/Review_AI/scraper_project/raw_data/banyo-ve-ev-gerecleri/559825199_reviews.partial.json
[2026-04-05T20:10:21.637Z] [INFO] [review banyo-ve-ev-gerecleri/601470567] page=60 +8 reviews (unique=480)
[2026-04-05T20:10:21.659Z] [INFO] [REVIEW PARTIAL SAVED] /mnt/c/Developer/Review_AI/scraper_project/raw_data/banyo-ve-ev-gerecleri/601470567_reviews.partial.json
[2026-04-05T20:10:21.767Z] [INFO] 
[START REVIEW] category=banyo-ve-ev-gerecleri productId=577430216 startPage=1
[2026-04-05T20:10:22.081Z] [INFO] 
[START REVIEW] category=banyo-ve-ev-gerecleri productId=675156631 startPage=1
[2026-04-05T20:10:22.089Z] [INFO] 
[START REVIEW] category=banyo-ve-ev-gerecleri productId=642873649 startPage=1
[2026-04-05T20:10:22.442Z] [INFO] [review banyo-ve-ev-gerecleri/643211574] page=2 +3 reviews (unique=11)
[2026-04-05T20:10:22.467Z] [INFO] [REVIEW SAVED] /mnt/c/Developer/Review_AI/scraper_project/raw_data/banyo-ve-ev-gerecleri/643211574_reviews.json
[2026-04-05T20:10:22.495Z] [INFO] 
[REVIEW WORKER 7] starting banyo-ve-ev-gerecleri/501333396
[2026-04-05T20:10:22.528Z] [INFO] [review banyo-ve-ev-gerecleri/577430216] page=1 +8 reviews (unique=8)
[2026-04-05T20:10:22.542Z] [INFO] [review banyo-ve-ev-gerecleri/692318480] page=3 +8 reviews (unique=24)
[2026-04-05T20:10:22.592Z] [INFO] [review banyo-ve-ev-gerecleri/559825199] page=31 +8 reviews (unique=248)
[2026-04-05T20:10:22.607Z] [INFO] [review banyo-ve-ev-gerecleri/601470567] page=61 +8 reviews (unique=488)
[2026-04-05T20:10:22.615Z] [INFO] [review banyo-ve-ev-gerecleri/675156631] page=1 +0 reviews (unique=0)
[2026-04-05T20:10:22.638Z] [INFO] [REVIEW SAVED] /mnt/c/Developer/Review_AI/scraper_project/raw_data/banyo-ve-ev-gerecleri/675156631_reviews.json
[2026-04-05T20:10:22.665Z] [INFO] 
[REVIEW WORKER 10] starting banyo-ve-ev-gerecleri/629345782
[2026-04-05T20:10:23.048Z] [INFO] 
[START REVIEW] category=banyo-ve-ev-gerecleri productId=665819969 startPage=1
[2026-04-05T20:10:23.229Z] [INFO] [review banyo-ve-ev-gerecleri/692318480] page=4 +8 reviews (unique=32)
[2026-04-05T20:10:23.260Z] [INFO] [review banyo-ve-ev-gerecleri/577430216] page=2 +8 reviews (unique=16)
[2026-04-05T20:10:23.372Z] [INFO] [review banyo-ve-ev-gerecleri/601470567] page=62 +8 reviews (unique=496)
[2026-04-05T20:10:23.392Z] [INFO] [review banyo-ve-ev-gerecleri/559825199] page=32 +8 reviews (unique=256)
[2026-04-05T20:10:23.421Z] [INFO] [review banyo-ve-ev-gerecleri/665819969] page=1 +7 reviews (unique=7)
[2026-04-05T20:10:23.455Z] [INFO] [REVIEW SAVED] /mnt/c/Developer/Review_AI/scraper_project/raw_data/banyo-ve-ev-gerecleri/665819969_reviews.json
[2026-04-05T20:10:23.482Z] [INFO] 
[REVIEW WORKER 1] starting banyo-ve-ev-gerecleri/582721990
[2026-04-05T20:10:23.891Z] [INFO] [review banyo-ve-ev-gerecleri/692318480] page=5 +8 reviews (unique=40)
[2026-04-05T20:10:23.921Z] [INFO] [REVIEW PARTIAL SAVED] /mnt/c/Developer/Review_AI/scraper_project/raw_data/banyo-ve-ev-gerecleri/692318480_reviews.partial.json
[2026-04-05T20:10:23.931Z] [INFO] [review banyo-ve-ev-gerecleri/577430216] page=3 +8 reviews (unique=24)
[2026-04-05T20:10:24.107Z] [INFO] [review banyo-ve-ev-gerecleri/559825199] page=33 +8 reviews (unique=264)
[2026-04-05T20:10:24.478Z] [INFO] [review banyo-ve-ev-gerecleri/601470567] page=63 +8 reviews (unique=504)
[2026-04-05T20:10:24.638Z] [INFO] [review banyo-ve-ev-gerecleri/577430216] page=4 +8 reviews (unique=32)
[2026-04-05T20:10:24.658Z] [INFO] [review banyo-ve-ev-gerecleri/692318480] page=6 +8 reviews (unique=48)
[2026-04-05T20:10:24.875Z] [INFO] [review banyo-ve-ev-gerecleri/559825199] page=34 +8 reviews (unique=272)
[2026-04-05T20:10:25.297Z] [INFO] [review banyo-ve-ev-gerecleri/601470567] page=64 +8 reviews (unique=512)
[2026-04-05T20:10:25.352Z] [INFO] [review banyo-ve-ev-gerecleri/577430216] page=5 +8 reviews (unique=40)
[2026-04-05T20:10:25.382Z] [INFO] [REVIEW PARTIAL SAVED] /mnt/c/Developer/Review_AI/scraper_project/raw_data/banyo-ve-ev-gerecleri/577430216_reviews.partial.json
[2026-04-05T20:10:25.393Z] [INFO] [review banyo-ve-ev-gerecleri/692318480] page=7 +8 reviews (unique=56)
[2026-04-05T20:10:25.605Z] [INFO] [review banyo-ve-ev-gerecleri/559825199] page=35 +8 reviews (unique=280)
[2026-04-05T20:10:25.658Z] [INFO] [REVIEW PARTIAL SAVED] /mnt/c/Developer/Review_AI/scraper_project/raw_data/banyo-ve-ev-gerecleri/559825199_reviews.partial.json
[2026-04-05T20:10:25.945Z] [INFO] 
[START REVIEW] category=banyo-ve-ev-gerecleri productId=647234278 startPage=1
[2026-04-05T20:10:26.017Z] [INFO] 
[START REVIEW] category=banyo-ve-ev-gerecleri productId=647036258 startPage=1
[2026-04-05T20:10:26.524Z] [INFO] [review banyo-ve-ev-gerecleri/601470567] page=65 +8 reviews (unique=520)
[2026-04-05T20:10:26.561Z] [INFO] [REVIEW PARTIAL SAVED] /mnt/c/Developer/Review_AI/scraper_project/raw_data/banyo-ve-ev-gerecleri/601470567_reviews.partial.json
[2026-04-05T20:10:26.578Z] [INFO] [review banyo-ve-ev-gerecleri/577430216] page=6 +8 reviews (unique=48)
[2026-04-05T20:10:26.623Z] [INFO] [review banyo-ve-ev-gerecleri/692318480] page=8 +8 reviews (unique=64)
[2026-04-05T20:10:26.721Z] [INFO] [REVIEW SAVED] /mnt/c/Developer/Review_AI/scraper_project/raw_data/banyo-ve-ev-gerecleri/692318480_reviews.json
[2026-04-05T20:10:26.763Z] [INFO] 
[START REVIEW] category=banyo-ve-ev-gerecleri productId=629345782 startPage=1
[2026-04-05T20:10:26.793Z] [INFO] [review banyo-ve-ev-gerecleri/559825199] page=36 +8 reviews (unique=288)
[2026-04-05T20:10:26.877Z] [INFO] 
[REVIEW WORKER 3] starting banyo-ve-ev-gerecleri/703346514
[2026-04-05T20:10:27.008Z] [INFO] [review banyo-ve-ev-gerecleri/642873649] page=1 +8 reviews (unique=8)
[2026-04-05T20:10:27.029Z] [INFO] [review banyo-ve-ev-gerecleri/647036258] page=1 +8 reviews (unique=8)
[2026-04-05T20:10:27.048Z] [INFO] [review banyo-ve-ev-gerecleri/647234278] page=1 +8 reviews (unique=8)
[2026-04-05T20:10:27.500Z] [INFO] [review banyo-ve-ev-gerecleri/601470567] page=66 +8 reviews (unique=528)
[2026-04-05T20:10:27.528Z] [INFO] [review banyo-ve-ev-gerecleri/577430216] page=7 +8 reviews (unique=56)
[2026-04-05T20:10:27.550Z] [INFO] [review banyo-ve-ev-gerecleri/559825199] page=37 +8 reviews (unique=296)
[2026-04-05T20:10:27.748Z] [INFO] [review banyo-ve-ev-gerecleri/642873649] page=2 +8 reviews (unique=16)
[2026-04-05T20:10:27.789Z] [INFO] [review banyo-ve-ev-gerecleri/647234278] page=2 +8 reviews (unique=16)
[2026-04-05T20:10:27.801Z] [INFO] [review banyo-ve-ev-gerecleri/629345782] page=1 +8 reviews (unique=8)
[2026-04-05T20:10:27.811Z] [INFO] [review banyo-ve-ev-gerecleri/647036258] page=2 +8 reviews (unique=16)
[2026-04-05T20:10:28.302Z] [INFO] [review banyo-ve-ev-gerecleri/559825199] page=38 +8 reviews (unique=304)
[2026-04-05T20:10:28.315Z] [INFO] [review banyo-ve-ev-gerecleri/601470567] page=67 +8 reviews (unique=536)
[2026-04-05T20:10:28.457Z] [INFO] [review banyo-ve-ev-gerecleri/647234278] page=3 +3 reviews (unique=19)
[2026-04-05T20:10:28.576Z] [INFO] [REVIEW SAVED] /mnt/c/Developer/Review_AI/scraper_project/raw_data/banyo-ve-ev-gerecleri/647234278_reviews.json
[2026-04-05T20:10:28.584Z] [INFO] [review banyo-ve-ev-gerecleri/642873649] page=3 +6 reviews (unique=22)
[2026-04-05T20:10:28.608Z] [INFO] [REVIEW SAVED] /mnt/c/Developer/Review_AI/scraper_project/raw_data/banyo-ve-ev-gerecleri/642873649_reviews.json
[2026-04-05T20:10:28.617Z] [INFO] [review banyo-ve-ev-gerecleri/647036258] page=3 +8 reviews (unique=24)
[2026-04-05T20:10:28.636Z] [INFO] [review banyo-ve-ev-gerecleri/629345782] page=2 +8 reviews (unique=16)
[2026-04-05T20:10:28.650Z] [INFO] 
[REVIEW WORKER 5] starting banyo-ve-ev-gerecleri/515495608
[2026-04-05T20:10:28.675Z] [INFO] 
[REVIEW WORKER 2] starting banyo-ve-ev-gerecleri/698778082
[2026-04-05T20:10:28.748Z] [INFO] 
[START REVIEW] category=banyo-ve-ev-gerecleri productId=501333396 startPage=1
[2026-04-05T20:10:29.006Z] [INFO] [review banyo-ve-ev-gerecleri/601470567] page=68 +8 reviews (unique=544)
[2026-04-05T20:10:29.048Z] [INFO] [review banyo-ve-ev-gerecleri/559825199] page=39 +8 reviews (unique=312)
[2026-04-05T20:10:29.123Z] [INFO] [review banyo-ve-ev-gerecleri/501333396] page=1 +6 reviews (unique=6)
[2026-04-05T20:10:29.131Z] [INFO] [REVIEW SAVED] /mnt/c/Developer/Review_AI/scraper_project/raw_data/banyo-ve-ev-gerecleri/501333396_reviews.json
[2026-04-05T20:10:29.149Z] [INFO] 
[REVIEW WORKER 7] starting banyo-ve-ev-gerecleri/709852554
[2026-04-05T20:10:29.197Z] [INFO] 
[START REVIEW] category=banyo-ve-ev-gerecleri productId=582721990 startPage=1
[2026-04-05T20:10:29.260Z] [INFO] [review banyo-ve-ev-gerecleri/629345782] page=3 +8 reviews (unique=24)
[2026-04-05T20:10:29.533Z] [INFO] [review banyo-ve-ev-gerecleri/647036258] page=4 +8 reviews (unique=32)
[2026-04-05T20:10:29.568Z] [INFO] [review banyo-ve-ev-gerecleri/582721990] page=1 +8 reviews (unique=8)
[2026-04-05T20:10:29.792Z] [INFO] [review banyo-ve-ev-gerecleri/559825199] page=40 +8 reviews (unique=320)
[2026-04-05T20:10:29.807Z] [INFO] [REVIEW PARTIAL SAVED] /mnt/c/Developer/Review_AI/scraper_project/raw_data/banyo-ve-ev-gerecleri/559825199_reviews.partial.json
[2026-04-05T20:10:29.989Z] [INFO] [review banyo-ve-ev-gerecleri/629345782] page=4 +8 reviews (unique=32)
[2026-04-05T20:10:30.124Z] [INFO] [review banyo-ve-ev-gerecleri/601470567] page=69 +8 reviews (unique=552)
[2026-04-05T20:10:30.206Z] [INFO] [review banyo-ve-ev-gerecleri/647036258] page=5 +8 reviews (unique=40)
[2026-04-05T20:10:30.219Z] [INFO] [REVIEW PARTIAL SAVED] /mnt/c/Developer/Review_AI/scraper_project/raw_data/banyo-ve-ev-gerecleri/647036258_reviews.partial.json
[2026-04-05T20:10:30.267Z] [INFO] [review banyo-ve-ev-gerecleri/582721990] page=2 +8 reviews (unique=16)
[2026-04-05T20:10:30.441Z] [INFO] [review banyo-ve-ev-gerecleri/559825199] page=41 +8 reviews (unique=328)
[2026-04-05T20:10:30.827Z] [INFO] [review banyo-ve-ev-gerecleri/629345782] page=5 +8 reviews (unique=40)
[2026-04-05T20:10:30.835Z] [INFO] [REVIEW PARTIAL SAVED] /mnt/c/Developer/Review_AI/scraper_project/raw_data/banyo-ve-ev-gerecleri/629345782_reviews.partial.json
[2026-04-05T20:10:30.940Z] [INFO] [review banyo-ve-ev-gerecleri/647036258] page=6 +8 reviews (unique=48)
[2026-04-05T20:10:30.960Z] [INFO] [review banyo-ve-ev-gerecleri/601470567] page=70 +8 reviews (unique=560)
[2026-04-05T20:10:30.981Z] [INFO] [REVIEW PARTIAL SAVED] /mnt/c/Developer/Review_AI/scraper_project/raw_data/banyo-ve-ev-gerecleri/601470567_reviews.partial.json
[2026-04-05T20:10:31.026Z] [INFO] [review banyo-ve-ev-gerecleri/582721990] page=3 +8 reviews (unique=24)
[2026-04-05T20:10:31.199Z] [INFO] [review banyo-ve-ev-gerecleri/559825199] page=42 +8 reviews (unique=336)
[2026-04-05T20:10:31.229Z] [INFO] [review banyo-ve-ev-gerecleri/577430216] page=8 +8 reviews (unique=64)
[2026-04-05T20:10:31.469Z] [INFO] 
[START REVIEW] category=banyo-ve-ev-gerecleri productId=703346514 startPage=1
[2026-04-05T20:10:31.689Z] [INFO] [review banyo-ve-ev-gerecleri/629345782] page=6 +8 reviews (unique=48)
[2026-04-05T20:10:31.710Z] [INFO] [review banyo-ve-ev-gerecleri/582721990] page=4 +8 reviews (unique=32)
[2026-04-05T20:10:31.723Z] [INFO] [review banyo-ve-ev-gerecleri/601470567] page=71 +8 reviews (unique=568)
[2026-04-05T20:10:31.731Z] [INFO] [review banyo-ve-ev-gerecleri/703346514] page=1 +1 reviews (unique=1)
[2026-04-05T20:10:31.744Z] [INFO] [REVIEW SAVED] /mnt/c/Developer/Review_AI/scraper_project/raw_data/banyo-ve-ev-gerecleri/703346514_reviews.json
[2026-04-05T20:10:31.748Z] [INFO] [review banyo-ve-ev-gerecleri/647036258] page=7 +2 reviews (unique=50)
[2026-04-05T20:10:31.762Z] [INFO] [REVIEW SAVED] /mnt/c/Developer/Review_AI/scraper_project/raw_data/banyo-ve-ev-gerecleri/647036258_reviews.json
[2026-04-05T20:10:31.775Z] [INFO] 
[REVIEW WORKER 3] starting banyo-ve-ev-gerecleri/687284849
[2026-04-05T20:10:31.792Z] [INFO] 
[REVIEW WORKER 9] starting banyo-ve-ev-gerecleri/493868770
[2026-04-05T20:10:32.008Z] [INFO] [review banyo-ve-ev-gerecleri/559825199] page=43 +8 reviews (unique=344)
[2026-04-05T20:10:32.017Z] [INFO] [review banyo-ve-ev-gerecleri/577430216] page=9 +8 reviews (unique=72)
[2026-04-05T20:10:32.705Z] [INFO] [review banyo-ve-ev-gerecleri/629345782] page=7 +8 reviews (unique=56)
[2026-04-05T20:10:32.740Z] [INFO] [review banyo-ve-ev-gerecleri/582721990] page=5 +8 reviews (unique=40)
[2026-04-05T20:10:32.751Z] [INFO] [REVIEW PARTIAL SAVED] /mnt/c/Developer/Review_AI/scraper_project/raw_data/banyo-ve-ev-gerecleri/582721990_reviews.partial.json
[2026-04-05T20:10:32.899Z] [INFO] [review banyo-ve-ev-gerecleri/601470567] page=72 +8 reviews (unique=576)
[2026-04-05T20:10:33.145Z] [INFO] [review banyo-ve-ev-gerecleri/559825199] page=44 +8 reviews (unique=352)
[2026-04-05T20:10:33.153Z] [INFO] [review banyo-ve-ev-gerecleri/577430216] page=10 +8 reviews (unique=80)
[2026-04-05T20:10:33.168Z] [INFO] [REVIEW PARTIAL SAVED] /mnt/c/Developer/Review_AI/scraper_project/raw_data/banyo-ve-ev-gerecleri/577430216_reviews.partial.json
[2026-04-05T20:10:33.261Z] [INFO] 
[START REVIEW] category=banyo-ve-ev-gerecleri productId=698778082 startPage=1
[2026-04-05T20:10:33.478Z] [INFO] [review banyo-ve-ev-gerecleri/582721990] page=6 +8 reviews (unique=48)
[2026-04-05T20:10:33.487Z] [INFO] [review banyo-ve-ev-gerecleri/629345782] page=8 +8 reviews (unique=64)
[2026-04-05T20:10:33.590Z] [INFO] [review banyo-ve-ev-gerecleri/601470567] page=73 +8 reviews (unique=584)
[2026-04-05T20:10:33.597Z] [INFO] [review banyo-ve-ev-gerecleri/698778082] page=1 +8 reviews (unique=8)
[2026-04-05T20:10:33.611Z] [INFO] [REVIEW SAVED] /mnt/c/Developer/Review_AI/scraper_project/raw_data/banyo-ve-ev-gerecleri/698778082_reviews.json
[2026-04-05T20:10:33.630Z] [INFO] 
[REVIEW WORKER 2] starting banyo-ve-ev-gerecleri/700396401
[2026-04-05T20:10:33.746Z] [INFO] 
[START REVIEW] category=banyo-ve-ev-gerecleri productId=515495608 startPage=1
[2026-04-05T20:10:33.784Z] [INFO] [review banyo-ve-ev-gerecleri/559825199] page=45 +8 reviews (unique=360)
[2026-04-05T20:10:33.806Z] [INFO] [REVIEW PARTIAL SAVED] /mnt/c/Developer/Review_AI/scraper_project/raw_data/banyo-ve-ev-gerecleri/559825199_reviews.partial.json
[2026-04-05T20:10:33.874Z] [INFO] [review banyo-ve-ev-gerecleri/577430216] page=11 +8 reviews (unique=88)
[2026-04-05T20:10:34.007Z] [INFO] 
[START REVIEW] category=banyo-ve-ev-gerecleri productId=709852554 startPage=1
[2026-04-05T20:10:34.015Z] [INFO] [review banyo-ve-ev-gerecleri/515495608] page=1 +8 reviews (unique=8)
[2026-04-05T20:10:34.203Z] [INFO] [review banyo-ve-ev-gerecleri/582721990] page=7 +8 reviews (unique=56)
[2026-04-05T20:10:34.295Z] [INFO] [review banyo-ve-ev-gerecleri/629345782] page=9 +8 reviews (unique=72)
[2026-04-05T20:10:34.336Z] [INFO] [review banyo-ve-ev-gerecleri/709852554] page=1 +2 reviews (unique=2)
[2026-04-05T20:10:34.356Z] [INFO] [REVIEW SAVED] /mnt/c/Developer/Review_AI/scraper_project/raw_data/banyo-ve-ev-gerecleri/709852554_reviews.json
[2026-04-05T20:10:34.371Z] [INFO] [review banyo-ve-ev-gerecleri/601470567] page=74 +8 reviews (unique=592)
[2026-04-05T20:10:34.390Z] [INFO] 
[REVIEW WORKER 7] starting banyo-ve-ev-gerecleri/737080382
[2026-04-05T20:10:34.532Z] [INFO] [review banyo-ve-ev-gerecleri/559825199] page=46 +8 reviews (unique=368)
[2026-04-05T20:10:34.576Z] [INFO] [review banyo-ve-ev-gerecleri/577430216] page=12 +8 reviews (unique=96)
[2026-04-05T20:10:34.856Z] [INFO] [review banyo-ve-ev-gerecleri/515495608] page=2 +8 reviews (unique=16)
[2026-04-05T20:10:34.880Z] [INFO] [review banyo-ve-ev-gerecleri/582721990] page=8 +8 reviews (unique=64)
[2026-04-05T20:10:35.143Z] [INFO] [review banyo-ve-ev-gerecleri/601470567] page=75 +8 reviews (unique=600)
[2026-04-05T20:10:35.159Z] [INFO] [REVIEW PARTIAL SAVED] /mnt/c/Developer/Review_AI/scraper_project/raw_data/banyo-ve-ev-gerecleri/601470567_reviews.partial.json
[2026-04-05T20:10:35.193Z] [INFO] [review banyo-ve-ev-gerecleri/629345782] page=10 +8 reviews (unique=80)
[2026-04-05T20:10:35.208Z] [INFO] [REVIEW PARTIAL SAVED] /mnt/c/Developer/Review_AI/scraper_project/raw_data/banyo-ve-ev-gerecleri/629345782_reviews.partial.json
[2026-04-05T20:10:35.237Z] [INFO] [review banyo-ve-ev-gerecleri/559825199] page=47 +8 reviews (unique=376)
[2026-04-05T20:10:35.297Z] [INFO] [review banyo-ve-ev-gerecleri/577430216] page=13 +8 reviews (unique=104)
[2026-04-05T20:10:35.556Z] [INFO] [review banyo-ve-ev-gerecleri/582721990] page=9 +8 reviews (unique=72)
[2026-04-05T20:10:35.596Z] [INFO] [review banyo-ve-ev-gerecleri/515495608] page=3 +8 reviews (unique=24)
[2026-04-05T20:10:35.840Z] [INFO] [review banyo-ve-ev-gerecleri/601470567] page=76 +8 reviews (unique=608)
[2026-04-05T20:10:35.866Z] [INFO] [review banyo-ve-ev-gerecleri/629345782] page=11 +8 reviews (unique=88)
[2026-04-05T20:10:36.030Z] [INFO] [review banyo-ve-ev-gerecleri/559825199] page=48 +8 reviews (unique=384)
[2026-04-05T20:10:36.041Z] [INFO] [review banyo-ve-ev-gerecleri/577430216] page=14 +8 reviews (unique=112)
[2026-04-05T20:10:36.224Z] [INFO] [review banyo-ve-ev-gerecleri/515495608] page=4 +8 reviews (unique=32)
[2026-04-05T20:10:36.406Z] [INFO] [review banyo-ve-ev-gerecleri/582721990] page=10 +8 reviews (unique=80)
[2026-04-05T20:10:36.424Z] [INFO] [REVIEW PARTIAL SAVED] /mnt/c/Developer/Review_AI/scraper_project/raw_data/banyo-ve-ev-gerecleri/582721990_reviews.partial.json
[2026-04-05T20:10:36.515Z] [INFO] 
[START REVIEW] category=banyo-ve-ev-gerecleri productId=493868770 startPage=1
[2026-04-05T20:10:36.609Z] [INFO] 
[START REVIEW] category=banyo-ve-ev-gerecleri productId=687284849 startPage=1
[2026-04-05T20:10:36.667Z] [INFO] [review banyo-ve-ev-gerecleri/601470567] page=77 +8 reviews (unique=616)
[2026-04-05T20:10:36.892Z] [INFO] [review banyo-ve-ev-gerecleri/559825199] page=49 +8 reviews (unique=392)
[2026-04-05T20:10:36.902Z] [INFO] [review banyo-ve-ev-gerecleri/629345782] page=12 +8 reviews (unique=96)
[2026-04-05T20:10:36.928Z] [INFO] [review banyo-ve-ev-gerecleri/577430216] page=15 +6 reviews (unique=118)
[2026-04-05T20:10:36.943Z] [INFO] [REVIEW PARTIAL SAVED] /mnt/c/Developer/Review_AI/scraper_project/raw_data/banyo-ve-ev-gerecleri/577430216_reviews.partial.json
[2026-04-05T20:10:36.961Z] [INFO] [REVIEW SAVED] /mnt/c/Developer/Review_AI/scraper_project/raw_data/banyo-ve-ev-gerecleri/577430216_reviews.json
[2026-04-05T20:10:36.982Z] [INFO] 
[REVIEW WORKER 8] starting banyo-ve-ev-gerecleri/709502810
[2026-04-05T20:10:37.034Z] [INFO] [review banyo-ve-ev-gerecleri/493868770] page=1 +8 reviews (unique=8)
[2026-04-05T20:10:37.090Z] [INFO] [review banyo-ve-ev-gerecleri/515495608] page=5 +8 reviews (unique=40)
[2026-04-05T20:10:37.103Z] [INFO] [REVIEW PARTIAL SAVED] /mnt/c/Developer/Review_AI/scraper_project/raw_data/banyo-ve-ev-gerecleri/515495608_reviews.partial.json
[2026-04-05T20:10:37.125Z] [INFO] [review banyo-ve-ev-gerecleri/687284849] page=1 +8 reviews (unique=8)
[2026-04-05T20:10:37.208Z] [INFO] [review banyo-ve-ev-gerecleri/582721990] page=11 +8 reviews (unique=88)
[2026-04-05T20:10:37.232Z] [INFO] [REVIEW SAVED] /mnt/c/Developer/Review_AI/scraper_project/raw_data/banyo-ve-ev-gerecleri/582721990_reviews.json
[2026-04-05T20:10:37.259Z] [INFO] 
[REVIEW WORKER 1] starting banyo-ve-ev-gerecleri/478569302
[2026-04-05T20:10:37.550Z] [INFO] [review banyo-ve-ev-gerecleri/601470567] page=78 +8 reviews (unique=624)
[2026-04-05T20:10:37.687Z] [INFO] [review banyo-ve-ev-gerecleri/629345782] page=13 +8 reviews (unique=104)
[2026-04-05T20:10:37.703Z] [INFO] [review banyo-ve-ev-gerecleri/559825199] page=50 +8 reviews (unique=400)
[2026-04-05T20:10:37.725Z] [INFO] [REVIEW PARTIAL SAVED] /mnt/c/Developer/Review_AI/scraper_project/raw_data/banyo-ve-ev-gerecleri/559825199_reviews.partial.json
[2026-04-05T20:10:37.775Z] [INFO] [review banyo-ve-ev-gerecleri/515495608] page=6 +8 reviews (unique=48)
[2026-04-05T20:10:37.788Z] [INFO] [review banyo-ve-ev-gerecleri/493868770] page=2 +8 reviews (unique=16)
[2026-04-05T20:10:37.879Z] [INFO] [review banyo-ve-ev-gerecleri/687284849] page=2 +4 reviews (unique=12)
[2026-04-05T20:10:37.909Z] [INFO] [REVIEW SAVED] /mnt/c/Developer/Review_AI/scraper_project/raw_data/banyo-ve-ev-gerecleri/687284849_reviews.json
[2026-04-05T20:10:37.933Z] [INFO] 
[REVIEW WORKER 3] starting banyo-ve-ev-gerecleri/733801251
[2026-04-05T20:10:38.286Z] [INFO] [review banyo-ve-ev-gerecleri/601470567] page=79 +8 reviews (unique=632)
[2026-04-05T20:10:38.440Z] [INFO] [review banyo-ve-ev-gerecleri/629345782] page=14 +8 reviews (unique=112)
[2026-04-05T20:10:38.474Z] [INFO] 
[START REVIEW] category=banyo-ve-ev-gerecleri productId=700396401 startPage=1
[2026-04-05T20:10:38.485Z] [INFO] [review banyo-ve-ev-gerecleri/559825199] page=51 +8 reviews (unique=408)
[2026-04-05T20:10:38.512Z] [INFO] [review banyo-ve-ev-gerecleri/493868770] page=3 +8 reviews (unique=24)
[2026-04-05T20:10:38.947Z] [INFO] [review banyo-ve-ev-gerecleri/700396401] page=1 +8 reviews (unique=8)
[2026-04-05T20:10:39.079Z] [INFO] [review banyo-ve-ev-gerecleri/601470567] page=80 +8 reviews (unique=640)
[2026-04-05T20:10:39.118Z] [INFO] [REVIEW PARTIAL SAVED] /mnt/c/Developer/Review_AI/scraper_project/raw_data/banyo-ve-ev-gerecleri/601470567_reviews.partial.json
[2026-04-05T20:10:39.152Z] [INFO] [review banyo-ve-ev-gerecleri/559825199] page=52 +8 reviews (unique=416)
[2026-04-05T20:10:39.192Z] [INFO] [review banyo-ve-ev-gerecleri/629345782] page=15 +8 reviews (unique=120)
[2026-04-05T20:10:39.218Z] [INFO] [REVIEW PARTIAL SAVED] /mnt/c/Developer/Review_AI/scraper_project/raw_data/banyo-ve-ev-gerecleri/629345782_reviews.partial.json
[2026-04-05T20:10:39.248Z] [INFO] [REVIEW SAVED] /mnt/c/Developer/Review_AI/scraper_project/raw_data/banyo-ve-ev-gerecleri/629345782_reviews.json
[2026-04-05T20:10:39.259Z] [INFO] [review banyo-ve-ev-gerecleri/493868770] page=4 +8 reviews (unique=32)
[2026-04-05T20:10:39.309Z] [INFO] 
[REVIEW WORKER 10] starting banyo-ve-ev-gerecleri/431836514
[2026-04-05T20:10:39.678Z] [INFO] [review banyo-ve-ev-gerecleri/700396401] page=2 +8 reviews (unique=16)
[2026-04-05T20:10:39.787Z] [INFO] [review banyo-ve-ev-gerecleri/601470567] page=81 +8 reviews (unique=648)
[2026-04-05T20:10:39.815Z] [INFO] [review banyo-ve-ev-gerecleri/559825199] page=53 +8 reviews (unique=424)
[2026-04-05T20:10:39.940Z] [INFO] [review banyo-ve-ev-gerecleri/493868770] page=5 +8 reviews (unique=40)
[2026-04-05T20:10:39.968Z] [INFO] [REVIEW PARTIAL SAVED] /mnt/c/Developer/Review_AI/scraper_project/raw_data/banyo-ve-ev-gerecleri/493868770_reviews.partial.json
[2026-04-05T20:10:39.993Z] [INFO] 
[START REVIEW] category=banyo-ve-ev-gerecleri productId=737080382 startPage=1
[2026-04-05T20:10:40.426Z] [INFO] [review banyo-ve-ev-gerecleri/737080382] page=1 +0 reviews (unique=0)
[2026-04-05T20:10:40.734Z] [INFO] [REVIEW SAVED] /mnt/c/Developer/Review_AI/scraper_project/raw_data/banyo-ve-ev-gerecleri/737080382_reviews.json
[2026-04-05T20:10:40.814Z] [INFO] 
[REVIEW WORKER 7] starting banyo-ve-ev-gerecleri/719265792
[2026-04-05T20:10:40.852Z] [INFO] [review banyo-ve-ev-gerecleri/700396401] page=3 +5 reviews (unique=21)
[2026-04-05T20:10:40.904Z] [INFO] [REVIEW SAVED] /mnt/c/Developer/Review_AI/scraper_project/raw_data/banyo-ve-ev-gerecleri/700396401_reviews.json
[2026-04-05T20:10:40.931Z] [INFO] [review banyo-ve-ev-gerecleri/601470567] page=82 +8 reviews (unique=656)
[2026-04-05T20:10:40.960Z] [INFO] [review banyo-ve-ev-gerecleri/559825199] page=54 +8 reviews (unique=432)
[2026-04-05T20:10:41.075Z] [INFO] 
[REVIEW WORKER 2] starting banyo-ve-ev-gerecleri/606081537
[2026-04-05T20:10:41.280Z] [INFO] 
[START REVIEW] category=banyo-ve-ev-gerecleri productId=478569302 startPage=1
[2026-04-05T20:10:41.549Z] [INFO] [review banyo-ve-ev-gerecleri/601470567] page=83 +8 reviews (unique=664)
[2026-04-05T20:10:41.614Z] [INFO] [review banyo-ve-ev-gerecleri/559825199] page=55 +8 reviews (unique=440)
[2026-04-05T20:10:41.634Z] [INFO] [REVIEW PARTIAL SAVED] /mnt/c/Developer/Review_AI/scraper_project/raw_data/banyo-ve-ev-gerecleri/559825199_reviews.partial.json
[2026-04-05T20:10:41.666Z] [INFO] [review banyo-ve-ev-gerecleri/478569302] page=1 +8 reviews (unique=8)
[2026-04-05T20:10:41.860Z] [INFO] [review banyo-ve-ev-gerecleri/515495608] page=7 +8 reviews (unique=56)
[2026-04-05T20:10:42.269Z] [INFO] [review banyo-ve-ev-gerecleri/601470567] page=84 +8 reviews (unique=672)
[2026-04-05T20:10:42.391Z] [INFO] [review banyo-ve-ev-gerecleri/559825199] page=56 +8 reviews (unique=448)
[2026-04-05T20:10:42.403Z] [INFO] [review banyo-ve-ev-gerecleri/478569302] page=2 +8 reviews (unique=16)
[2026-04-05T20:10:42.533Z] [INFO] 
[START REVIEW] category=banyo-ve-ev-gerecleri productId=709502810 startPage=1
[2026-04-05T20:10:42.564Z] [INFO] [review banyo-ve-ev-gerecleri/515495608] page=8 +8 reviews (unique=64)
[2026-04-05T20:10:42.925Z] [INFO] [review banyo-ve-ev-gerecleri/601470567] page=85 +8 reviews (unique=680)
[2026-04-05T20:10:42.947Z] [INFO] [REVIEW PARTIAL SAVED] /mnt/c/Developer/Review_AI/scraper_project/raw_data/banyo-ve-ev-gerecleri/601470567_reviews.partial.json
[2026-04-05T20:10:42.951Z] [INFO] [review banyo-ve-ev-gerecleri/709502810] page=1 +8 reviews (unique=8)
[2026-04-05T20:10:43.092Z] [INFO] [review banyo-ve-ev-gerecleri/478569302] page=3 +8 reviews (unique=24)
[2026-04-05T20:10:43.101Z] [INFO] [review banyo-ve-ev-gerecleri/559825199] page=57 +8 reviews (unique=456)
[2026-04-05T20:10:43.218Z] [INFO] 
[START REVIEW] category=banyo-ve-ev-gerecleri productId=733801251 startPage=1
[2026-04-05T20:10:43.261Z] [INFO] [review banyo-ve-ev-gerecleri/515495608] page=9 +8 reviews (unique=72)
[2026-04-05T20:10:43.556Z] [INFO] [review banyo-ve-ev-gerecleri/733801251] page=1 +0 reviews (unique=0)
[2026-04-05T20:10:43.593Z] [INFO] [REVIEW SAVED] /mnt/c/Developer/Review_AI/scraper_project/raw_data/banyo-ve-ev-gerecleri/733801251_reviews.json
[2026-04-05T20:10:43.620Z] [INFO] 
[REVIEW WORKER 3] starting banyo-ve-ev-gerecleri/574637666
[2026-04-05T20:10:43.699Z] [INFO] [review banyo-ve-ev-gerecleri/601470567] page=86 +8 reviews (unique=688)
[2026-04-05T20:10:43.909Z] [INFO] [review banyo-ve-ev-gerecleri/478569302] page=4 +8 reviews (unique=32)
[2026-04-05T20:10:43.925Z] [INFO] 
[START REVIEW] category=banyo-ve-ev-gerecleri productId=431836514 startPage=1
[2026-04-05T20:10:43.982Z] [INFO] [review banyo-ve-ev-gerecleri/559825199] page=58 +8 reviews (unique=464)
[2026-04-05T20:10:43.997Z] [INFO] [review banyo-ve-ev-gerecleri/709502810] page=2 +8 reviews (unique=16)
[2026-04-05T20:10:44.200Z] [INFO] [review banyo-ve-ev-gerecleri/515495608] page=10 +8 reviews (unique=80)
[2026-04-05T20:10:44.221Z] [INFO] [REVIEW PARTIAL SAVED] /mnt/c/Developer/Review_AI/scraper_project/raw_data/banyo-ve-ev-gerecleri/515495608_reviews.partial.json
[2026-04-05T20:10:44.430Z] [INFO] [review banyo-ve-ev-gerecleri/601470567] page=87 +8 reviews (unique=696)
[2026-04-05T20:10:44.524Z] [INFO] [review banyo-ve-ev-gerecleri/478569302] page=5 +8 reviews (unique=40)
[2026-04-05T20:10:44.535Z] [INFO] [REVIEW PARTIAL SAVED] /mnt/c/Developer/Review_AI/scraper_project/raw_data/banyo-ve-ev-gerecleri/478569302_reviews.partial.json
[2026-04-05T20:10:44.594Z] [INFO] [review banyo-ve-ev-gerecleri/431836514] page=1 +8 reviews (unique=8)
[2026-04-05T20:10:44.743Z] [INFO] [review banyo-ve-ev-gerecleri/709502810] page=3 +8 reviews (unique=24)
[2026-04-05T20:10:44.941Z] [INFO] [review banyo-ve-ev-gerecleri/559825199] page=59 +8 reviews (unique=472)
[2026-04-05T20:10:45.055Z] [INFO] [review banyo-ve-ev-gerecleri/515495608] page=11 +8 reviews (unique=88)
[2026-04-05T20:10:45.230Z] [INFO] [review banyo-ve-ev-gerecleri/601470567] page=88 +8 reviews (unique=704)
[2026-04-05T20:10:45.242Z] [INFO] [review banyo-ve-ev-gerecleri/478569302] page=6 +8 reviews (unique=48)
[2026-04-05T20:10:45.256Z] [INFO] [review banyo-ve-ev-gerecleri/431836514] page=2 +8 reviews (unique=16)
[2026-04-05T20:10:45.425Z] [INFO] [review banyo-ve-ev-gerecleri/709502810] page=4 +8 reviews (unique=32)
[2026-04-05T20:10:45.534Z] [INFO] 
[START REVIEW] category=banyo-ve-ev-gerecleri productId=606081537 startPage=1
[2026-04-05T20:10:45.623Z] [INFO] 
[START REVIEW] category=banyo-ve-ev-gerecleri productId=719265792 startPage=1
[2026-04-05T20:10:45.647Z] [INFO] [review banyo-ve-ev-gerecleri/559825199] page=60 +8 reviews (unique=480)
[2026-04-05T20:10:45.670Z] [INFO] [REVIEW PARTIAL SAVED] /mnt/c/Developer/Review_AI/scraper_project/raw_data/banyo-ve-ev-gerecleri/559825199_reviews.partial.json
[2026-04-05T20:10:46.515Z] [INFO] [review banyo-ve-ev-gerecleri/719265792] page=1 +2 reviews (unique=2)
[2026-04-05T20:10:46.531Z] [INFO] [REVIEW SAVED] /mnt/c/Developer/Review_AI/scraper_project/raw_data/banyo-ve-ev-gerecleri/719265792_reviews.json
[2026-04-05T20:10:46.549Z] [INFO] 
[REVIEW WORKER 7] starting banyo-ve-ev-gerecleri/426967767
[2026-04-05T20:10:46.673Z] [INFO] [review banyo-ve-ev-gerecleri/606081537] page=1 +8 reviews (unique=8)
[2026-04-05T20:10:46.683Z] [INFO] [review banyo-ve-ev-gerecleri/515495608] page=12 +3 reviews (unique=91)
[2026-04-05T20:10:46.711Z] [INFO] [REVIEW SAVED] /mnt/c/Developer/Review_AI/scraper_project/raw_data/banyo-ve-ev-gerecleri/515495608_reviews.json
[2026-04-05T20:10:46.729Z] [INFO] [review banyo-ve-ev-gerecleri/431836514] page=3 +8 reviews (unique=24)
[2026-04-05T20:10:46.759Z] [INFO] [review banyo-ve-ev-gerecleri/478569302] page=7 +8 reviews (unique=56)
[2026-04-05T20:10:46.772Z] [INFO] 
[REVIEW WORKER 5] starting banyo-ve-ev-gerecleri/629348268
[2026-04-05T20:10:46.844Z] [INFO] [review banyo-ve-ev-gerecleri/493868770] page=6 +8 reviews (unique=48)
[2026-04-05T20:10:46.881Z] [INFO] [review banyo-ve-ev-gerecleri/601470567] page=89 +8 reviews (unique=712)
[2026-04-05T20:10:46.893Z] [INFO] [review banyo-ve-ev-gerecleri/709502810] page=5 +8 reviews (unique=40)
[2026-04-05T20:10:46.907Z] [INFO] [REVIEW PARTIAL SAVED] /mnt/c/Developer/Review_AI/scraper_project/raw_data/banyo-ve-ev-gerecleri/709502810_reviews.partial.json
[2026-04-05T20:10:46.913Z] [INFO] [review banyo-ve-ev-gerecleri/559825199] page=61 +8 reviews (unique=488)
[2026-04-05T20:10:47.402Z] [INFO] [review banyo-ve-ev-gerecleri/431836514] page=4 +8 reviews (unique=32)
[2026-04-05T20:10:47.424Z] [INFO] [review banyo-ve-ev-gerecleri/606081537] page=2 +8 reviews (unique=16)
[2026-04-05T20:10:47.492Z] [INFO] [review banyo-ve-ev-gerecleri/478569302] page=8 +8 reviews (unique=64)
[2026-04-05T20:10:47.549Z] [INFO] [review banyo-ve-ev-gerecleri/601470567] page=90 +8 reviews (unique=720)
[2026-04-05T20:10:47.576Z] [INFO] [REVIEW PARTIAL SAVED] /mnt/c/Developer/Review_AI/scraper_project/raw_data/banyo-ve-ev-gerecleri/601470567_reviews.partial.json
[2026-04-05T20:10:47.607Z] [INFO] [review banyo-ve-ev-gerecleri/559825199] page=62 +8 reviews (unique=496)
[2026-04-05T20:10:47.663Z] [INFO] [review banyo-ve-ev-gerecleri/493868770] page=7 +8 reviews (unique=56)
[2026-04-05T20:10:47.692Z] [INFO] [review banyo-ve-ev-gerecleri/709502810] page=6 +8 reviews (unique=48)
[2026-04-05T20:10:48.069Z] [INFO] [review banyo-ve-ev-gerecleri/431836514] page=5 +8 reviews (unique=40)
[2026-04-05T20:10:48.083Z] [INFO] [REVIEW PARTIAL SAVED] /mnt/c/Developer/Review_AI/scraper_project/raw_data/banyo-ve-ev-gerecleri/431836514_reviews.partial.json
[2026-04-05T20:10:48.147Z] [INFO] [review banyo-ve-ev-gerecleri/606081537] page=3 +7 reviews (unique=23)
[2026-04-05T20:10:48.177Z] [INFO] [REVIEW SAVED] /mnt/c/Developer/Review_AI/scraper_project/raw_data/banyo-ve-ev-gerecleri/606081537_reviews.json
[2026-04-05T20:10:48.203Z] [INFO] 
[REVIEW WORKER 2] starting banyo-ve-ev-gerecleri/653035612
[2026-04-05T20:10:48.225Z] [INFO] [review banyo-ve-ev-gerecleri/601470567] page=91 +8 reviews (unique=728)
[2026-04-05T20:10:48.237Z] [INFO] [review banyo-ve-ev-gerecleri/478569302] page=9 +5 reviews (unique=69)
[2026-04-05T20:10:48.270Z] [INFO] [REVIEW SAVED] /mnt/c/Developer/Review_AI/scraper_project/raw_data/banyo-ve-ev-gerecleri/478569302_reviews.json
[2026-04-05T20:10:48.281Z] [INFO] [review banyo-ve-ev-gerecleri/559825199] page=63 +8 reviews (unique=504)
[2026-04-05T20:10:48.351Z] [INFO] 
[REVIEW WORKER 1] starting banyo-ve-ev-gerecleri/491012852
[2026-04-05T20:10:48.405Z] [INFO] [review banyo-ve-ev-gerecleri/493868770] page=8 +8 reviews (unique=64)
[2026-04-05T20:10:48.423Z] [INFO] [review banyo-ve-ev-gerecleri/709502810] page=7 +8 reviews (unique=56)
[2026-04-05T20:10:48.880Z] [INFO] [review banyo-ve-ev-gerecleri/431836514] page=6 +8 reviews (unique=48)
[2026-04-05T20:10:48.912Z] [INFO] 
[START REVIEW] category=banyo-ve-ev-gerecleri productId=574637666 startPage=1
[2026-04-05T20:10:48.959Z] [INFO] [review banyo-ve-ev-gerecleri/601470567] page=92 +8 reviews (unique=736)
[2026-04-05T20:10:49.030Z] [INFO] [review banyo-ve-ev-gerecleri/559825199] page=64 +8 reviews (unique=512)
[2026-04-05T20:10:49.044Z] [INFO] [review banyo-ve-ev-gerecleri/709502810] page=8 +8 reviews (unique=64)
[2026-04-05T20:10:49.100Z] [INFO] [review banyo-ve-ev-gerecleri/493868770] page=9 +8 reviews (unique=72)
[2026-04-05T20:10:49.557Z] [INFO] [review banyo-ve-ev-gerecleri/431836514] page=7 +8 reviews (unique=56)
[2026-04-05T20:10:49.693Z] [INFO] [review banyo-ve-ev-gerecleri/601470567] page=93 +8 reviews (unique=744)
[2026-04-05T20:10:49.966Z] [INFO] [review banyo-ve-ev-gerecleri/709502810] page=9 +8 reviews (unique=72)
[2026-04-05T20:10:49.995Z] [INFO] [review banyo-ve-ev-gerecleri/493868770] page=10 +8 reviews (unique=80)
[2026-04-05T20:10:50.009Z] [INFO] [REVIEW PARTIAL SAVED] /mnt/c/Developer/Review_AI/scraper_project/raw_data/banyo-ve-ev-gerecleri/493868770_reviews.partial.json
[2026-04-05T20:10:50.015Z] [INFO] [review banyo-ve-ev-gerecleri/559825199] page=65 +8 reviews (unique=520)
[2026-04-05T20:10:50.037Z] [INFO] [REVIEW PARTIAL SAVED] /mnt/c/Developer/Review_AI/scraper_project/raw_data/banyo-ve-ev-gerecleri/559825199_reviews.partial.json
[2026-04-05T20:10:50.505Z] [INFO] [review banyo-ve-ev-gerecleri/431836514] page=8 +8 reviews (unique=64)
[2026-04-05T20:10:50.550Z] [INFO] [review banyo-ve-ev-gerecleri/601470567] page=94 +8 reviews (unique=752)
[2026-04-05T20:10:50.646Z] [INFO] [review banyo-ve-ev-gerecleri/493868770] page=11 +8 reviews (unique=88)
[2026-04-05T20:10:50.766Z] [INFO] [review banyo-ve-ev-gerecleri/559825199] page=66 +8 reviews (unique=528)
[2026-04-05T20:10:51.060Z] [INFO] [review banyo-ve-ev-gerecleri/709502810] page=10 +8 reviews (unique=80)
[2026-04-05T20:10:51.068Z] [INFO] [REVIEW PARTIAL SAVED] /mnt/c/Developer/Review_AI/scraper_project/raw_data/banyo-ve-ev-gerecleri/709502810_reviews.partial.json
[2026-04-05T20:10:51.247Z] [INFO] [review banyo-ve-ev-gerecleri/431836514] page=9 +8 reviews (unique=72)
[2026-04-05T20:10:51.334Z] [INFO] 
[START REVIEW] category=banyo-ve-ev-gerecleri productId=426967767 startPage=1
[2026-04-05T20:10:51.343Z] [INFO] 
[START REVIEW] category=banyo-ve-ev-gerecleri productId=629348268 startPage=1
[2026-04-05T20:10:51.349Z] [INFO] [review banyo-ve-ev-gerecleri/601470567] page=95 +8 reviews (unique=760)
[2026-04-05T20:10:51.368Z] [INFO] [REVIEW PARTIAL SAVED] /mnt/c/Developer/Review_AI/scraper_project/raw_data/banyo-ve-ev-gerecleri/601470567_reviews.partial.json
[2026-04-05T20:10:51.376Z] [INFO] [review banyo-ve-ev-gerecleri/493868770] page=12 +8 reviews (unique=96)
[2026-04-05T20:10:51.532Z] [INFO] [review banyo-ve-ev-gerecleri/559825199] page=67 +8 reviews (unique=536)
[2026-04-05T20:10:51.645Z] [INFO] [review banyo-ve-ev-gerecleri/629348268] page=1 +8 reviews (unique=8)
[2026-04-05T20:10:51.667Z] [INFO] [review banyo-ve-ev-gerecleri/426967767] page=1 +8 reviews (unique=8)
[2026-04-05T20:10:51.755Z] [INFO] [review banyo-ve-ev-gerecleri/709502810] page=11 +8 reviews (unique=88)
[2026-04-05T20:10:51.916Z] [INFO] [review banyo-ve-ev-gerecleri/574637666] page=1 +8 reviews (unique=8)
[2026-04-05T20:10:51.929Z] [INFO] [REVIEW SAVED] /mnt/c/Developer/Review_AI/scraper_project/raw_data/banyo-ve-ev-gerecleri/574637666_reviews.json
[2026-04-05T20:10:51.946Z] [INFO] 
[REVIEW WORKER 3] starting banyo-ve-ev-gerecleri/569039642
[2026-04-05T20:10:51.973Z] [INFO] [review banyo-ve-ev-gerecleri/431836514] page=10 +8 reviews (unique=80)
[2026-04-05T20:10:51.987Z] [INFO] [REVIEW PARTIAL SAVED] /mnt/c/Developer/Review_AI/scraper_project/raw_data/banyo-ve-ev-gerecleri/431836514_reviews.partial.json
[2026-04-05T20:10:52.032Z] [INFO] [review banyo-ve-ev-gerecleri/601470567] page=96 +8 reviews (unique=768)
[2026-04-05T20:10:52.177Z] [INFO] [review banyo-ve-ev-gerecleri/493868770] page=13 +8 reviews (unique=104)
[2026-04-05T20:10:52.339Z] [INFO] [review banyo-ve-ev-gerecleri/629348268] page=2 +7 reviews (unique=15)
[2026-04-05T20:10:52.360Z] [INFO] [REVIEW SAVED] /mnt/c/Developer/Review_AI/scraper_project/raw_data/banyo-ve-ev-gerecleri/629348268_reviews.json
[2026-04-05T20:10:52.371Z] [INFO] [review banyo-ve-ev-gerecleri/426967767] page=2 +8 reviews (unique=16)
[2026-04-05T20:10:52.398Z] [INFO] 
[REVIEW WORKER 5] starting banyo-ve-ev-gerecleri/540896910
[2026-04-05T20:10:52.593Z] [INFO] [review banyo-ve-ev-gerecleri/709502810] page=12 +8 reviews (unique=96)
[2026-04-05T20:10:52.602Z] [INFO] [review banyo-ve-ev-gerecleri/559825199] page=68 +8 reviews (unique=544)
[2026-04-05T20:10:52.633Z] [INFO] [review banyo-ve-ev-gerecleri/431836514] page=11 +8 reviews (unique=88)
[2026-04-05T20:10:52.756Z] [INFO] [review banyo-ve-ev-gerecleri/601470567] page=97 +8 reviews (unique=776)
[2026-04-05T20:10:52.815Z] [INFO] [review banyo-ve-ev-gerecleri/493868770] page=14 +8 reviews (unique=112)
[2026-04-05T20:10:53.096Z] [INFO] [review banyo-ve-ev-gerecleri/426967767] page=3 +8 reviews (unique=24)
[2026-04-05T20:10:53.342Z] [INFO] [review banyo-ve-ev-gerecleri/709502810] page=13 +8 reviews (unique=104)
[2026-04-05T20:10:53.414Z] [INFO] [review banyo-ve-ev-gerecleri/559825199] page=69 +8 reviews (unique=552)
[2026-04-05T20:10:53.442Z] [INFO] 
[START REVIEW] category=banyo-ve-ev-gerecleri productId=653035612 startPage=1
[2026-04-05T20:10:53.463Z] [INFO] [review banyo-ve-ev-gerecleri/431836514] page=12 +8 reviews (unique=96)
[2026-04-05T20:10:53.560Z] [INFO] [review banyo-ve-ev-gerecleri/493868770] page=15 +4 reviews (unique=116)
[2026-04-05T20:10:53.585Z] [INFO] [REVIEW PARTIAL SAVED] /mnt/c/Developer/Review_AI/scraper_project/raw_data/banyo-ve-ev-gerecleri/493868770_reviews.partial.json
[2026-04-05T20:10:53.606Z] [INFO] [REVIEW SAVED] /mnt/c/Developer/Review_AI/scraper_project/raw_data/banyo-ve-ev-gerecleri/493868770_reviews.json
[2026-04-05T20:10:53.611Z] [INFO] [review banyo-ve-ev-gerecleri/601470567] page=98 +8 reviews (unique=784)
[2026-04-05T20:10:53.627Z] [INFO] 
[START REVIEW] category=banyo-ve-ev-gerecleri productId=491012852 startPage=1
[2026-04-05T20:10:53.650Z] [INFO] 
[REVIEW WORKER 9] starting banyo-ve-ev-gerecleri/582720271
[2026-04-05T20:10:53.938Z] [INFO] [review banyo-ve-ev-gerecleri/426967767] page=4 +8 reviews (unique=32)
[2026-04-05T20:10:54.167Z] [INFO] [review banyo-ve-ev-gerecleri/709502810] page=14 +8 reviews (unique=112)
[2026-04-05T20:10:54.179Z] [INFO] [review banyo-ve-ev-gerecleri/431836514] page=13 +8 reviews (unique=104)
[2026-04-05T20:10:54.194Z] [INFO] [review banyo-ve-ev-gerecleri/559825199] page=70 +8 reviews (unique=560)
[2026-04-05T20:10:54.214Z] [INFO] [REVIEW PARTIAL SAVED] /mnt/c/Developer/Review_AI/scraper_project/raw_data/banyo-ve-ev-gerecleri/559825199_reviews.partial.json
[2026-04-05T20:10:54.359Z] [INFO] [review banyo-ve-ev-gerecleri/601470567] page=99 +8 reviews (unique=792)
[2026-04-05T20:10:54.666Z] [INFO] [review banyo-ve-ev-gerecleri/426967767] page=5 +8 reviews (unique=40)
[2026-04-05T20:10:54.676Z] [INFO] [REVIEW PARTIAL SAVED] /mnt/c/Developer/Review_AI/scraper_project/raw_data/banyo-ve-ev-gerecleri/426967767_reviews.partial.json
[2026-04-05T20:10:54.708Z] [INFO] [review banyo-ve-ev-gerecleri/491012852] page=1 +8 reviews (unique=8)
[2026-04-05T20:10:54.906Z] [INFO] [review banyo-ve-ev-gerecleri/559825199] page=71 +8 reviews (unique=568)
[2026-04-05T20:10:54.915Z] [INFO] [review banyo-ve-ev-gerecleri/709502810] page=15 +8 reviews (unique=120)
[2026-04-05T20:10:54.933Z] [INFO] [REVIEW PARTIAL SAVED] /mnt/c/Developer/Review_AI/scraper_project/raw_data/banyo-ve-ev-gerecleri/709502810_reviews.partial.json
[2026-04-05T20:10:54.971Z] [INFO] [review banyo-ve-ev-gerecleri/431836514] page=14 +8 reviews (unique=112)
[2026-04-05T20:10:55.066Z] [INFO] [review banyo-ve-ev-gerecleri/601470567] page=100 +8 reviews (unique=800)
[2026-04-05T20:10:55.088Z] [INFO] [REVIEW PARTIAL SAVED] /mnt/c/Developer/Review_AI/scraper_project/raw_data/banyo-ve-ev-gerecleri/601470567_reviews.partial.json
[2026-04-05T20:10:55.412Z] [INFO] [review banyo-ve-ev-gerecleri/426967767] page=6 +8 reviews (unique=48)
[2026-04-05T20:10:55.610Z] [INFO] [review banyo-ve-ev-gerecleri/491012852] page=2 +8 reviews (unique=16)
[2026-04-05T20:10:55.698Z] [INFO] [review banyo-ve-ev-gerecleri/559825199] page=72 +8 reviews (unique=576)
[2026-04-05T20:10:55.740Z] [INFO] [review banyo-ve-ev-gerecleri/709502810] page=16 +8 reviews (unique=128)
[2026-04-05T20:10:55.785Z] [INFO] [review banyo-ve-ev-gerecleri/431836514] page=15 +8 reviews (unique=120)
[2026-04-05T20:10:55.798Z] [INFO] [REVIEW PARTIAL SAVED] /mnt/c/Developer/Review_AI/scraper_project/raw_data/banyo-ve-ev-gerecleri/431836514_reviews.partial.json
[2026-04-05T20:10:55.893Z] [INFO] [review banyo-ve-ev-gerecleri/601470567] page=101 +8 reviews (unique=808)
[2026-04-05T20:10:56.274Z] [INFO] [review banyo-ve-ev-gerecleri/426967767] page=7 +8 reviews (unique=56)
[2026-04-05T20:10:56.364Z] [INFO] 
[START REVIEW] category=banyo-ve-ev-gerecleri productId=569039642 startPage=1
[2026-04-05T20:10:56.370Z] [INFO] [review banyo-ve-ev-gerecleri/491012852] page=3 +8 reviews (unique=24)
[2026-04-05T20:10:56.437Z] [INFO] [review banyo-ve-ev-gerecleri/709502810] page=17 +8 reviews (unique=136)
[2026-04-05T20:10:56.447Z] [INFO] [review banyo-ve-ev-gerecleri/559825199] page=73 +8 reviews (unique=584)
[2026-04-05T20:10:56.569Z] [INFO] [review banyo-ve-ev-gerecleri/601470567] page=102 +8 reviews (unique=816)
[2026-04-05T20:10:56.579Z] [INFO] [review banyo-ve-ev-gerecleri/431836514] page=16 +8 reviews (unique=128)
[2026-04-05T20:10:56.664Z] [INFO] [review banyo-ve-ev-gerecleri/569039642] page=1 +8 reviews (unique=8)
[2026-04-05T20:10:56.894Z] [INFO] [review banyo-ve-ev-gerecleri/426967767] page=8 +8 reviews (unique=64)
[2026-04-05T20:10:57.075Z] [INFO] [review banyo-ve-ev-gerecleri/491012852] page=4 +8 reviews (unique=32)
[2026-04-05T20:10:57.178Z] [INFO] [review banyo-ve-ev-gerecleri/709502810] page=18 +8 reviews (unique=144)
[2026-04-05T20:10:57.313Z] [INFO] [review banyo-ve-ev-gerecleri/431836514] page=17 +8 reviews (unique=136)
[2026-04-05T20:10:57.376Z] [INFO] [review banyo-ve-ev-gerecleri/559825199] page=74 +8 reviews (unique=592)
[2026-04-05T20:10:57.408Z] [INFO] [review banyo-ve-ev-gerecleri/601470567] page=103 +8 reviews (unique=824)
[2026-04-05T20:10:57.555Z] [INFO] 
[START REVIEW] category=banyo-ve-ev-gerecleri productId=540896910 startPage=1
[2026-04-05T20:10:57.653Z] [INFO] [review banyo-ve-ev-gerecleri/569039642] page=2 +8 reviews (unique=16)
[2026-04-05T20:10:57.796Z] [INFO] [review banyo-ve-ev-gerecleri/426967767] page=9 +8 reviews (unique=72)
[2026-04-05T20:10:57.841Z] [INFO] [review banyo-ve-ev-gerecleri/491012852] page=5 +8 reviews (unique=40)
[2026-04-05T20:10:57.873Z] [INFO] [REVIEW PARTIAL SAVED] /mnt/c/Developer/Review_AI/scraper_project/raw_data/banyo-ve-ev-gerecleri/491012852_reviews.partial.json
[2026-04-05T20:10:57.891Z] [INFO] [review banyo-ve-ev-gerecleri/540896910] page=1 +8 reviews (unique=8)
[2026-04-05T20:10:57.909Z] [INFO] [review banyo-ve-ev-gerecleri/709502810] page=19 +8 reviews (unique=152)
[2026-04-05T20:10:57.956Z] [INFO] [review banyo-ve-ev-gerecleri/653035612] page=1 +2 reviews (unique=2)
[2026-04-05T20:10:57.989Z] [INFO] [REVIEW SAVED] /mnt/c/Developer/Review_AI/scraper_project/raw_data/banyo-ve-ev-gerecleri/653035612_reviews.json
[2026-04-05T20:10:58.024Z] [INFO] 
[REVIEW WORKER 2] starting banyo-ve-ev-gerecleri/567705568
[2026-04-05T20:10:58.124Z] [INFO] [review banyo-ve-ev-gerecleri/431836514] page=18 +8 reviews (unique=144)
[2026-04-05T20:10:58.171Z] [INFO] [review banyo-ve-ev-gerecleri/559825199] page=75 +8 reviews (unique=600)
[2026-04-05T20:10:58.213Z] [INFO] [REVIEW PARTIAL SAVED] /mnt/c/Developer/Review_AI/scraper_project/raw_data/banyo-ve-ev-gerecleri/559825199_reviews.partial.json
[2026-04-05T20:10:58.394Z] [INFO] [review banyo-ve-ev-gerecleri/569039642] page=3 +8 reviews (unique=24)
[2026-04-05T20:10:58.428Z] [INFO] [review banyo-ve-ev-gerecleri/601470567] page=104 +3 reviews (unique=827)
[2026-04-05T20:10:58.489Z] [INFO] [REVIEW SAVED] /mnt/c/Developer/Review_AI/scraper_project/raw_data/banyo-ve-ev-gerecleri/601470567_reviews.json
[2026-04-05T20:10:58.526Z] [INFO] 
[REVIEW WORKER 4] starting banyo-ve-ev-gerecleri/673088038
[2026-04-05T20:10:58.550Z] [INFO] [review banyo-ve-ev-gerecleri/491012852] page=6 +8 reviews (unique=48)
[2026-04-05T20:10:58.689Z] [INFO] [review banyo-ve-ev-gerecleri/540896910] page=2 +8 reviews (unique=16)
[2026-04-05T20:10:58.760Z] [INFO] [review banyo-ve-ev-gerecleri/709502810] page=20 +8 reviews (unique=160)
[2026-04-05T20:10:58.782Z] [INFO] [REVIEW PARTIAL SAVED] /mnt/c/Developer/Review_AI/scraper_project/raw_data/banyo-ve-ev-gerecleri/709502810_reviews.partial.json
[2026-04-05T20:10:58.963Z] [INFO] [review banyo-ve-ev-gerecleri/431836514] page=19 +8 reviews (unique=152)
[2026-04-05T20:10:59.003Z] [INFO] [review banyo-ve-ev-gerecleri/559825199] page=76 +8 reviews (unique=608)
[2026-04-05T20:10:59.026Z] [INFO] [review banyo-ve-ev-gerecleri/569039642] page=4 +8 reviews (unique=32)
[2026-04-05T20:10:59.061Z] [INFO] [REVIEW SAVED] /mnt/c/Developer/Review_AI/scraper_project/raw_data/banyo-ve-ev-gerecleri/569039642_reviews.json
[2026-04-05T20:10:59.075Z] [INFO] [review banyo-ve-ev-gerecleri/426967767] page=10 +8 reviews (unique=80)
[2026-04-05T20:10:59.101Z] [INFO] [REVIEW PARTIAL SAVED] /mnt/c/Developer/Review_AI/scraper_project/raw_data/banyo-ve-ev-gerecleri/426967767_reviews.partial.json
[2026-04-05T20:10:59.131Z] [INFO] 
[REVIEW WORKER 3] starting banyo-ve-ev-gerecleri/527427538
[2026-04-05T20:10:59.228Z] [INFO] [review banyo-ve-ev-gerecleri/491012852] page=7 +8 reviews (unique=56)
[2026-04-05T20:10:59.270Z] [INFO] 
[START REVIEW] category=banyo-ve-ev-gerecleri productId=582720271 startPage=1
[2026-04-05T20:10:59.340Z] [INFO] [review banyo-ve-ev-gerecleri/540896910] page=3 +8 reviews (unique=24)
[2026-04-05T20:10:59.541Z] [INFO] [review banyo-ve-ev-gerecleri/582720271] page=1 +8 reviews (unique=8)
[2026-04-05T20:10:59.550Z] [INFO] [review banyo-ve-ev-gerecleri/709502810] page=21 +8 reviews (unique=168)
[2026-04-05T20:10:59.657Z] [INFO] [review banyo-ve-ev-gerecleri/559825199] page=77 +8 reviews (unique=616)
[2026-04-05T20:10:59.714Z] [INFO] [review banyo-ve-ev-gerecleri/431836514] page=20 +8 reviews (unique=160)
[2026-04-05T20:10:59.724Z] [INFO] [REVIEW PARTIAL SAVED] /mnt/c/Developer/Review_AI/scraper_project/raw_data/banyo-ve-ev-gerecleri/431836514_reviews.partial.json
[2026-04-05T20:10:59.788Z] [INFO] [review banyo-ve-ev-gerecleri/426967767] page=11 +8 reviews (unique=88)
[2026-04-05T20:10:59.904Z] [INFO] [review banyo-ve-ev-gerecleri/491012852] page=8 +8 reviews (unique=64)
[2026-04-05T20:11:00.063Z] [INFO] [review banyo-ve-ev-gerecleri/540896910] page=4 +8 reviews (unique=32)
[2026-04-05T20:11:00.173Z] [INFO] [review banyo-ve-ev-gerecleri/582720271] page=2 +8 reviews (unique=16)
[2026-04-05T20:11:00.229Z] [INFO] [review banyo-ve-ev-gerecleri/709502810] page=22 +8 reviews (unique=176)
[2026-04-05T20:11:00.532Z] [INFO] [review banyo-ve-ev-gerecleri/559825199] page=78 +8 reviews (unique=624)
[2026-04-05T20:11:00.559Z] [INFO] [review banyo-ve-ev-gerecleri/431836514] page=21 +8 reviews (unique=168)
[2026-04-05T20:11:00.576Z] [INFO] [review banyo-ve-ev-gerecleri/426967767] page=12 +8 reviews (unique=96)
[2026-04-05T20:11:00.660Z] [INFO] [review banyo-ve-ev-gerecleri/491012852] page=9 +8 reviews (unique=72)
[2026-04-05T20:11:00.707Z] [INFO] [review banyo-ve-ev-gerecleri/540896910] page=5 +8 reviews (unique=40)
[2026-04-05T20:11:00.713Z] [INFO] [REVIEW PARTIAL SAVED] /mnt/c/Developer/Review_AI/scraper_project/raw_data/banyo-ve-ev-gerecleri/540896910_reviews.partial.json
[2026-04-05T20:11:00.799Z] [INFO] [review banyo-ve-ev-gerecleri/582720271] page=3 +8 reviews (unique=24)
[2026-04-05T20:11:00.999Z] [INFO] [review banyo-ve-ev-gerecleri/709502810] page=23 +8 reviews (unique=184)
[2026-04-05T20:11:01.187Z] [INFO] [review banyo-ve-ev-gerecleri/559825199] page=79 +8 reviews (unique=632)
[2026-04-05T20:11:01.229Z] [INFO] [review banyo-ve-ev-gerecleri/426967767] page=13 +8 reviews (unique=104)
[2026-04-05T20:11:01.351Z] [INFO] [review banyo-ve-ev-gerecleri/431836514] page=22 +8 reviews (unique=176)
[2026-04-05T20:11:01.546Z] [INFO] [review banyo-ve-ev-gerecleri/540896910] page=6 +8 reviews (unique=48)
[2026-04-05T20:11:01.557Z] [INFO] [review banyo-ve-ev-gerecleri/491012852] page=10 +8 reviews (unique=80)
[2026-04-05T20:11:01.579Z] [INFO] [REVIEW PARTIAL SAVED] /mnt/c/Developer/Review_AI/scraper_project/raw_data/banyo-ve-ev-gerecleri/491012852_reviews.partial.json
[2026-04-05T20:11:01.674Z] [INFO] [review banyo-ve-ev-gerecleri/582720271] page=4 +4 reviews (unique=28)
[2026-04-05T20:11:01.688Z] [INFO] [REVIEW SAVED] /mnt/c/Developer/Review_AI/scraper_project/raw_data/banyo-ve-ev-gerecleri/582720271_reviews.json
[2026-04-05T20:11:01.709Z] [INFO] 
[REVIEW WORKER 9] starting banyo-ve-ev-gerecleri/555561375
[2026-04-05T20:11:01.821Z] [INFO] [review banyo-ve-ev-gerecleri/709502810] page=24 +8 reviews (unique=192)
[2026-04-05T20:11:01.944Z] [INFO] [review banyo-ve-ev-gerecleri/559825199] page=80 +8 reviews (unique=640)
[2026-04-05T20:11:01.963Z] [INFO] [REVIEW PARTIAL SAVED] /mnt/c/Developer/Review_AI/scraper_project/raw_data/banyo-ve-ev-gerecleri/559825199_reviews.partial.json
[2026-04-05T20:11:02.003Z] [INFO] [review banyo-ve-ev-gerecleri/426967767] page=14 +8 reviews (unique=112)
[2026-04-05T20:11:02.042Z] [INFO] [review banyo-ve-ev-gerecleri/431836514] page=23 +8 reviews (unique=184)
[2026-04-05T20:11:02.337Z] [INFO] [review banyo-ve-ev-gerecleri/540896910] page=7 +8 reviews (unique=56)
[2026-04-05T20:11:02.367Z] [INFO] [review banyo-ve-ev-gerecleri/491012852] page=11 +8 reviews (unique=88)
[2026-04-05T20:11:02.543Z] [INFO] [review banyo-ve-ev-gerecleri/709502810] page=25 +8 reviews (unique=200)
[2026-04-05T20:11:02.555Z] [INFO] [REVIEW PARTIAL SAVED] /mnt/c/Developer/Review_AI/scraper_project/raw_data/banyo-ve-ev-gerecleri/709502810_reviews.partial.json
[2026-04-05T20:11:02.653Z] [INFO] [review banyo-ve-ev-gerecleri/559825199] page=81 +8 reviews (unique=648)
[2026-04-05T20:11:02.700Z] [INFO] [review banyo-ve-ev-gerecleri/431836514] page=24 +8 reviews (unique=192)
[2026-04-05T20:11:02.804Z] [INFO] 
[START REVIEW] category=banyo-ve-ev-gerecleri productId=673088038 startPage=1
[2026-04-05T20:11:02.817Z] [INFO] [review banyo-ve-ev-gerecleri/426967767] page=15 +8 reviews (unique=120)
[2026-04-05T20:11:02.840Z] [INFO] [REVIEW PARTIAL SAVED] /mnt/c/Developer/Review_AI/scraper_project/raw_data/banyo-ve-ev-gerecleri/426967767_reviews.partial.json
[2026-04-05T20:11:02.851Z] [INFO] 
[START REVIEW] category=banyo-ve-ev-gerecleri productId=567705568 startPage=1
[2026-04-05T20:11:03.105Z] [INFO] [review banyo-ve-ev-gerecleri/567705568] page=1 +8 reviews (unique=8)
[2026-04-05T20:11:03.115Z] [INFO] [review banyo-ve-ev-gerecleri/491012852] page=12 +8 reviews (unique=96)
[2026-04-05T20:11:03.160Z] [INFO] [review banyo-ve-ev-gerecleri/673088038] page=1 +8 reviews (unique=8)
[2026-04-05T20:11:03.249Z] [INFO] [review banyo-ve-ev-gerecleri/709502810] page=26 +8 reviews (unique=208)
[2026-04-05T20:11:03.422Z] [INFO] [review banyo-ve-ev-gerecleri/559825199] page=82 +8 reviews (unique=656)
[2026-04-05T20:11:03.496Z] [INFO] [review banyo-ve-ev-gerecleri/431836514] page=25 +8 reviews (unique=200)
[2026-04-05T20:11:03.508Z] [INFO] [REVIEW PARTIAL SAVED] /mnt/c/Developer/Review_AI/scraper_project/raw_data/banyo-ve-ev-gerecleri/431836514_reviews.partial.json
[2026-04-05T20:11:03.533Z] [INFO] [review banyo-ve-ev-gerecleri/426967767] page=16 +8 reviews (unique=128)
[2026-04-05T20:11:03.795Z] [INFO] [review banyo-ve-ev-gerecleri/567705568] page=2 +8 reviews (unique=16)
[2026-04-05T20:11:03.805Z] [INFO] [review banyo-ve-ev-gerecleri/673088038] page=2 +8 reviews (unique=16)
[2026-04-05T20:11:03.815Z] [INFO] [review banyo-ve-ev-gerecleri/491012852] page=13 +8 reviews (unique=104)
[2026-04-05T20:11:03.882Z] [INFO] [review banyo-ve-ev-gerecleri/709502810] page=27 +8 reviews (unique=216)
[2026-04-05T20:11:04.059Z] [INFO] 
[START REVIEW] category=banyo-ve-ev-gerecleri productId=527427538 startPage=1
[2026-04-05T20:11:04.165Z] [INFO] [review banyo-ve-ev-gerecleri/431836514] page=26 +8 reviews (unique=208)
[2026-04-05T20:11:04.239Z] [INFO] [review banyo-ve-ev-gerecleri/426967767] page=17 +8 reviews (unique=136)
[2026-04-05T20:11:04.326Z] [INFO] [review banyo-ve-ev-gerecleri/559825199] page=83 +8 reviews (unique=664)
[2026-04-05T20:11:04.347Z] [INFO] [review banyo-ve-ev-gerecleri/527427538] page=1 +8 reviews (unique=8)
[2026-04-05T20:11:04.535Z] [INFO] [review banyo-ve-ev-gerecleri/567705568] page=3 +8 reviews (unique=24)
[2026-04-05T20:11:04.558Z] [INFO] [review banyo-ve-ev-gerecleri/673088038] page=3 +5 reviews (unique=21)
[2026-04-05T20:11:04.570Z] [INFO] [REVIEW SAVED] /mnt/c/Developer/Review_AI/scraper_project/raw_data/banyo-ve-ev-gerecleri/673088038_reviews.json
[2026-04-05T20:11:04.589Z] [INFO] 
[REVIEW WORKER 4] starting banyo-ve-ev-gerecleri/516708815
[2026-04-05T20:11:04.639Z] [INFO] [review banyo-ve-ev-gerecleri/491012852] page=14 +8 reviews (unique=112)
[2026-04-05T20:11:04.665Z] [INFO] [review banyo-ve-ev-gerecleri/709502810] page=28 +8 reviews (unique=224)
[2026-04-05T20:11:05.363Z] [INFO] [review banyo-ve-ev-gerecleri/431836514] page=27 +8 reviews (unique=216)
[2026-04-05T20:11:05.381Z] [INFO] [review banyo-ve-ev-gerecleri/527427538] page=2 +8 reviews (unique=16)
[2026-04-05T20:11:05.390Z] [INFO] [review banyo-ve-ev-gerecleri/567705568] page=4 +8 reviews (unique=32)
[2026-04-05T20:11:05.399Z] [INFO] [review banyo-ve-ev-gerecleri/491012852] page=15 +8 reviews (unique=120)
[2026-04-05T20:11:05.413Z] [INFO] [REVIEW PARTIAL SAVED] /mnt/c/Developer/Review_AI/scraper_project/raw_data/banyo-ve-ev-gerecleri/491012852_reviews.partial.json
[2026-04-05T20:11:05.417Z] [INFO] [review banyo-ve-ev-gerecleri/426967767] page=18 +5 reviews (unique=141)
[2026-04-05T20:11:05.439Z] [INFO] [REVIEW SAVED] /mnt/c/Developer/Review_AI/scraper_project/raw_data/banyo-ve-ev-gerecleri/426967767_reviews.json
[2026-04-05T20:11:05.444Z] [INFO] [review banyo-ve-ev-gerecleri/559825199] page=84 +8 reviews (unique=672)
[2026-04-05T20:11:05.467Z] [INFO] [review banyo-ve-ev-gerecleri/709502810] page=29 +8 reviews (unique=232)
[2026-04-05T20:11:05.497Z] [INFO] 
[REVIEW WORKER 7] starting banyo-ve-ev-gerecleri/567398738
[2026-04-05T20:11:06.045Z] [INFO] [review banyo-ve-ev-gerecleri/527427538] page=3 +8 reviews (unique=24)
[2026-04-05T20:11:06.054Z] [INFO] [review banyo-ve-ev-gerecleri/491012852] page=16 +8 reviews (unique=128)
[2026-04-05T20:11:06.069Z] [INFO] [review banyo-ve-ev-gerecleri/431836514] page=28 +8 reviews (unique=224)
[2026-04-05T20:11:06.123Z] [INFO] [review banyo-ve-ev-gerecleri/567705568] page=5 +8 reviews (unique=40)
[2026-04-05T20:11:06.134Z] [INFO] [REVIEW PARTIAL SAVED] /mnt/c/Developer/Review_AI/scraper_project/raw_data/banyo-ve-ev-gerecleri/567705568_reviews.partial.json
[2026-04-05T20:11:06.180Z] [INFO] [review banyo-ve-ev-gerecleri/709502810] page=30 +8 reviews (unique=240)
[2026-04-05T20:11:06.192Z] [INFO] [REVIEW PARTIAL SAVED] /mnt/c/Developer/Review_AI/scraper_project/raw_data/banyo-ve-ev-gerecleri/709502810_reviews.partial.json
[2026-04-05T20:11:06.474Z] [INFO] [review banyo-ve-ev-gerecleri/559825199] page=85 +8 reviews (unique=680)
[2026-04-05T20:11:06.502Z] [INFO] [REVIEW PARTIAL SAVED] /mnt/c/Developer/Review_AI/scraper_project/raw_data/banyo-ve-ev-gerecleri/559825199_reviews.partial.json
[2026-04-05T20:11:06.546Z] [INFO] [review banyo-ve-ev-gerecleri/540896910] page=8 +8 reviews (unique=64)
[2026-04-05T20:11:06.647Z] [INFO] 
[START REVIEW] category=banyo-ve-ev-gerecleri productId=555561375 startPage=1
[2026-04-05T20:11:06.716Z] [INFO] [review banyo-ve-ev-gerecleri/491012852] page=17 +8 reviews (unique=136)
[2026-04-05T20:11:06.773Z] [INFO] [review banyo-ve-ev-gerecleri/527427538] page=4 +8 reviews (unique=32)
[2026-04-05T20:11:06.799Z] [INFO] [review banyo-ve-ev-gerecleri/567705568] page=6 +8 reviews (unique=48)
[2026-04-05T20:11:06.824Z] [INFO] [review banyo-ve-ev-gerecleri/431836514] page=29 +8 reviews (unique=232)
[2026-04-05T20:11:06.900Z] [INFO] [review banyo-ve-ev-gerecleri/709502810] page=31 +8 reviews (unique=248)
[2026-04-05T20:11:06.939Z] [INFO] [review banyo-ve-ev-gerecleri/555561375] page=1 +2 reviews (unique=2)
[2026-04-05T20:11:06.951Z] [INFO] [REVIEW SAVED] /mnt/c/Developer/Review_AI/scraper_project/raw_data/banyo-ve-ev-gerecleri/555561375_reviews.json
[2026-04-05T20:11:06.964Z] [INFO] 
[REVIEW WORKER 9] starting banyo-ve-ev-gerecleri/640526153
[2026-04-05T20:11:07.192Z] [INFO] [review banyo-ve-ev-gerecleri/559825199] page=86 +8 reviews (unique=688)
[2026-04-05T20:11:07.211Z] [INFO] [review banyo-ve-ev-gerecleri/540896910] page=9 +8 reviews (unique=72)
[2026-04-05T20:11:07.343Z] [INFO] [review banyo-ve-ev-gerecleri/491012852] page=18 +8 reviews (unique=144)
[2026-04-05T20:11:07.446Z] [INFO] [review banyo-ve-ev-gerecleri/527427538] page=5 +6 reviews (unique=38)
[2026-04-05T20:11:07.453Z] [INFO] [REVIEW PARTIAL SAVED] /mnt/c/Developer/Review_AI/scraper_project/raw_data/banyo-ve-ev-gerecleri/527427538_reviews.partial.json
[2026-04-05T20:11:07.462Z] [INFO] [REVIEW SAVED] /mnt/c/Developer/Review_AI/scraper_project/raw_data/banyo-ve-ev-gerecleri/527427538_reviews.json
[2026-04-05T20:11:07.470Z] [INFO] [review banyo-ve-ev-gerecleri/567705568] page=7 +8 reviews (unique=56)
[2026-04-05T20:11:07.486Z] [INFO] 
[REVIEW WORKER 3] starting banyo-ve-ev-gerecleri/563806556
[2026-04-05T20:11:07.550Z] [INFO] [review banyo-ve-ev-gerecleri/431836514] page=30 +8 reviews (unique=240)
[2026-04-05T20:11:07.572Z] [INFO] [REVIEW PARTIAL SAVED] /mnt/c/Developer/Review_AI/scraper_project/raw_data/banyo-ve-ev-gerecleri/431836514_reviews.partial.json
[2026-04-05T20:11:07.603Z] [INFO] [review banyo-ve-ev-gerecleri/709502810] page=32 +8 reviews (unique=256)
[2026-04-05T20:11:07.857Z] [INFO] [review banyo-ve-ev-gerecleri/540896910] page=10 +8 reviews (unique=80)
[2026-04-05T20:11:07.874Z] [INFO] [REVIEW PARTIAL SAVED] /mnt/c/Developer/Review_AI/scraper_project/raw_data/banyo-ve-ev-gerecleri/540896910_reviews.partial.json
[2026-04-05T20:11:07.942Z] [INFO] [review banyo-ve-ev-gerecleri/559825199] page=87 +8 reviews (unique=696)
[2026-04-05T20:11:08.233Z] [INFO] [review banyo-ve-ev-gerecleri/567705568] page=8 +8 reviews (unique=64)
[2026-04-05T20:11:08.249Z] [INFO] [review banyo-ve-ev-gerecleri/491012852] page=19 +8 reviews (unique=152)
[2026-04-05T20:11:08.273Z] [INFO] [review banyo-ve-ev-gerecleri/431836514] page=31 +8 reviews (unique=248)
[2026-04-05T20:11:08.334Z] [INFO] [review banyo-ve-ev-gerecleri/709502810] page=33 +8 reviews (unique=264)
[2026-04-05T20:11:08.514Z] [INFO] [review banyo-ve-ev-gerecleri/540896910] page=11 +8 reviews (unique=88)
[2026-04-05T20:11:08.703Z] [INFO] [review banyo-ve-ev-gerecleri/559825199] page=88 +8 reviews (unique=704)
[2026-04-05T20:11:09.275Z] [INFO] [review banyo-ve-ev-gerecleri/491012852] page=20 +8 reviews (unique=160)
[2026-04-05T20:11:09.294Z] [INFO] [REVIEW PARTIAL SAVED] /mnt/c/Developer/Review_AI/scraper_project/raw_data/banyo-ve-ev-gerecleri/491012852_reviews.partial.json
[2026-04-05T20:11:09.297Z] [INFO] [review banyo-ve-ev-gerecleri/431836514] page=32 +8 reviews (unique=256)
[2026-04-05T20:11:09.307Z] [INFO] [review banyo-ve-ev-gerecleri/540896910] page=12 +8 reviews (unique=96)
[2026-04-05T20:11:09.315Z] [INFO] [review banyo-ve-ev-gerecleri/567705568] page=9 +8 reviews (unique=72)
[2026-04-05T20:11:09.323Z] [INFO] [review banyo-ve-ev-gerecleri/709502810] page=34 +8 reviews (unique=272)
[2026-04-05T20:11:09.528Z] [INFO] 
[START REVIEW] category=banyo-ve-ev-gerecleri productId=516708815 startPage=1
[2026-04-05T20:11:09.593Z] [INFO] [review banyo-ve-ev-gerecleri/559825199] page=89 +8 reviews (unique=712)
[2026-04-05T20:11:09.988Z] [INFO] 
[START REVIEW] category=banyo-ve-ev-gerecleri productId=567398738 startPage=1
[2026-04-05T20:11:10.029Z] [INFO] [review banyo-ve-ev-gerecleri/567705568] page=10 +8 reviews (unique=80)
[2026-04-05T20:11:10.040Z] [INFO] [REVIEW PARTIAL SAVED] /mnt/c/Developer/Review_AI/scraper_project/raw_data/banyo-ve-ev-gerecleri/567705568_reviews.partial.json
[2026-04-05T20:11:10.086Z] [INFO] [review banyo-ve-ev-gerecleri/491012852] page=21 +2 reviews (unique=162)
[2026-04-05T20:11:10.107Z] [INFO] [REVIEW SAVED] /mnt/c/Developer/Review_AI/scraper_project/raw_data/banyo-ve-ev-gerecleri/491012852_reviews.json
[2026-04-05T20:11:10.123Z] [INFO] 
[REVIEW WORKER 1] starting banyo-ve-ev-gerecleri/386435104
[2026-04-05T20:11:10.138Z] [INFO] [review banyo-ve-ev-gerecleri/431836514] page=33 +4 reviews (unique=260)
[2026-04-05T20:11:10.161Z] [INFO] [REVIEW SAVED] /mnt/c/Developer/Review_AI/scraper_project/raw_data/banyo-ve-ev-gerecleri/431836514_reviews.json
[2026-04-05T20:11:10.166Z] [INFO] [review banyo-ve-ev-gerecleri/709502810] page=35 +8 reviews (unique=280)
[2026-04-05T20:11:10.178Z] [INFO] [REVIEW PARTIAL SAVED] /mnt/c/Developer/Review_AI/scraper_project/raw_data/banyo-ve-ev-gerecleri/709502810_reviews.partial.json
[2026-04-05T20:11:10.231Z] [INFO] 
[REVIEW WORKER 10] starting banyo-ve-ev-gerecleri/684235840
[2026-04-05T20:11:10.272Z] [INFO] [review banyo-ve-ev-gerecleri/540896910] page=13 +8 reviews (unique=104)
[2026-04-05T20:11:10.424Z] [INFO] [review banyo-ve-ev-gerecleri/567398738] page=1 +8 reviews (unique=8)
[2026-04-05T20:11:10.470Z] [INFO] [review banyo-ve-ev-gerecleri/559825199] page=90 +8 reviews (unique=720)
[2026-04-05T20:11:10.495Z] [INFO] [REVIEW PARTIAL SAVED] /mnt/c/Developer/Review_AI/scraper_project/raw_data/banyo-ve-ev-gerecleri/559825199_reviews.partial.json
[2026-04-05T20:11:10.968Z] [INFO] [review banyo-ve-ev-gerecleri/709502810] page=36 +8 reviews (unique=288)
[2026-04-05T20:11:10.984Z] [INFO] [review banyo-ve-ev-gerecleri/540896910] page=14 +8 reviews (unique=112)
[2026-04-05T20:11:11.144Z] [INFO] [review banyo-ve-ev-gerecleri/567398738] page=2 +8 reviews (unique=16)
[2026-04-05T20:11:11.280Z] [INFO] [review banyo-ve-ev-gerecleri/559825199] page=91 +8 reviews (unique=728)
[2026-04-05T20:11:11.548Z] [INFO] 
[START REVIEW] category=banyo-ve-ev-gerecleri productId=640526153 startPage=1
[2026-04-05T20:11:11.777Z] [INFO] [review banyo-ve-ev-gerecleri/516708815] page=1 +8 reviews (unique=8)
[2026-04-05T20:11:11.849Z] [INFO] [review banyo-ve-ev-gerecleri/709502810] page=37 +8 reviews (unique=296)
[2026-04-05T20:11:11.924Z] [INFO] [review banyo-ve-ev-gerecleri/540896910] page=15 +8 reviews (unique=120)
[2026-04-05T20:11:11.940Z] [INFO] [REVIEW PARTIAL SAVED] /mnt/c/Developer/Review_AI/scraper_project/raw_data/banyo-ve-ev-gerecleri/540896910_reviews.partial.json
[2026-04-05T20:11:11.957Z] [INFO] [review banyo-ve-ev-gerecleri/567398738] page=3 +8 reviews (unique=24)
[2026-04-05T20:11:12.047Z] [INFO] [review banyo-ve-ev-gerecleri/640526153] page=1 +8 reviews (unique=8)
[2026-04-05T20:11:12.094Z] [INFO] [review banyo-ve-ev-gerecleri/559825199] page=92 +8 reviews (unique=736)
[2026-04-05T20:11:12.461Z] [INFO] [review banyo-ve-ev-gerecleri/709502810] page=38 +8 reviews (unique=304)
[2026-04-05T20:11:12.604Z] [INFO] [review banyo-ve-ev-gerecleri/516708815] page=2 +8 reviews (unique=16)
[2026-04-05T20:11:12.683Z] [INFO] [review banyo-ve-ev-gerecleri/540896910] page=16 +8 reviews (unique=128)
[2026-04-05T20:11:12.720Z] [INFO] [review banyo-ve-ev-gerecleri/567398738] page=4 +8 reviews (unique=32)
[2026-04-05T20:11:12.794Z] [INFO] [review banyo-ve-ev-gerecleri/640526153] page=2 +8 reviews (unique=16)
[2026-04-05T20:11:12.806Z] [INFO] [review banyo-ve-ev-gerecleri/559825199] page=93 +8 reviews (unique=744)
[2026-04-05T20:11:12.871Z] [INFO] 
[START REVIEW] category=banyo-ve-ev-gerecleri productId=563806556 startPage=1
[2026-04-05T20:11:13.138Z] [INFO] [review banyo-ve-ev-gerecleri/563806556] page=1 +8 reviews (unique=8)
[2026-04-05T20:11:13.155Z] [INFO] [review banyo-ve-ev-gerecleri/709502810] page=39 +8 reviews (unique=312)
[2026-04-05T20:11:13.284Z] [INFO] [review banyo-ve-ev-gerecleri/516708815] page=3 +8 reviews (unique=24)
[2026-04-05T20:11:13.395Z] [INFO] [review banyo-ve-ev-gerecleri/540896910] page=17 +8 reviews (unique=136)
[2026-04-05T20:11:13.454Z] [INFO] [review banyo-ve-ev-gerecleri/640526153] page=3 +8 reviews (unique=24)
[2026-04-05T20:11:13.468Z] [INFO] [review banyo-ve-ev-gerecleri/559825199] page=94 +8 reviews (unique=752)
[2026-04-05T20:11:13.512Z] [INFO] [review banyo-ve-ev-gerecleri/567398738] page=5 +8 reviews (unique=40)
[2026-04-05T20:11:13.529Z] [INFO] [REVIEW PARTIAL SAVED] /mnt/c/Developer/Review_AI/scraper_project/raw_data/banyo-ve-ev-gerecleri/567398738_reviews.partial.json
[2026-04-05T20:11:13.846Z] [INFO] [review banyo-ve-ev-gerecleri/563806556] page=2 +8 reviews (unique=16)
[2026-04-05T20:11:13.905Z] [INFO] [review banyo-ve-ev-gerecleri/709502810] page=40 +8 reviews (unique=320)
[2026-04-05T20:11:13.916Z] [INFO] [REVIEW PARTIAL SAVED] /mnt/c/Developer/Review_AI/scraper_project/raw_data/banyo-ve-ev-gerecleri/709502810_reviews.partial.json
[2026-04-05T20:11:13.989Z] [INFO] [review banyo-ve-ev-gerecleri/516708815] page=4 +8 reviews (unique=32)
[2026-04-05T20:11:14.106Z] [INFO] [review banyo-ve-ev-gerecleri/640526153] page=4 +4 reviews (unique=28)
[2026-04-05T20:11:14.116Z] [INFO] [REVIEW SAVED] /mnt/c/Developer/Review_AI/scraper_project/raw_data/banyo-ve-ev-gerecleri/640526153_reviews.json
[2026-04-05T20:11:14.120Z] [INFO] [review banyo-ve-ev-gerecleri/559825199] page=95 +8 reviews (unique=760)
[2026-04-05T20:11:14.144Z] [INFO] [REVIEW PARTIAL SAVED] /mnt/c/Developer/Review_AI/scraper_project/raw_data/banyo-ve-ev-gerecleri/559825199_reviews.partial.json
[2026-04-05T20:11:14.148Z] [INFO] [review banyo-ve-ev-gerecleri/540896910] page=18 +8 reviews (unique=144)
[2026-04-05T20:11:14.158Z] [INFO] 
[REVIEW WORKER 9] starting banyo-ve-ev-gerecleri/695128292
[2026-04-05T20:11:14.481Z] [INFO] [review banyo-ve-ev-gerecleri/567398738] page=6 +8 reviews (unique=48)
[2026-04-05T20:11:14.717Z] [INFO] [review banyo-ve-ev-gerecleri/567705568] page=11 +8 reviews (unique=88)
[2026-04-05T20:11:14.864Z] [INFO] [review banyo-ve-ev-gerecleri/516708815] page=5 +8 reviews (unique=40)
[2026-04-05T20:11:14.878Z] [INFO] [REVIEW PARTIAL SAVED] /mnt/c/Developer/Review_AI/scraper_project/raw_data/banyo-ve-ev-gerecleri/516708815_reviews.partial.json
[2026-04-05T20:11:14.884Z] [INFO] [review banyo-ve-ev-gerecleri/540896910] page=19 +8 reviews (unique=152)
[2026-04-05T20:11:14.974Z] [INFO] [review banyo-ve-ev-gerecleri/709502810] page=41 +8 reviews (unique=328)
[2026-04-05T20:11:15.019Z] [INFO] 
[START REVIEW] category=banyo-ve-ev-gerecleri productId=684235840 startPage=1
[2026-04-05T20:11:15.027Z] [INFO] 
[START REVIEW] category=banyo-ve-ev-gerecleri productId=386435104 startPage=1
[2026-04-05T20:11:15.256Z] [INFO] [review banyo-ve-ev-gerecleri/567398738] page=7 +8 reviews (unique=56)
[2026-04-05T20:11:15.264Z] [INFO] [review banyo-ve-ev-gerecleri/559825199] page=96 +8 reviews (unique=768)
[2026-04-05T20:11:15.430Z] [INFO] [review banyo-ve-ev-gerecleri/567705568] page=12 +8 reviews (unique=96)
[2026-04-05T20:11:15.575Z] [INFO] [review banyo-ve-ev-gerecleri/516708815] page=6 +8 reviews (unique=48)
[2026-04-05T20:11:15.583Z] [INFO] [review banyo-ve-ev-gerecleri/540896910] page=20 +8 reviews (unique=160)
[2026-04-05T20:11:15.600Z] [INFO] [REVIEW PARTIAL SAVED] /mnt/c/Developer/Review_AI/scraper_project/raw_data/banyo-ve-ev-gerecleri/540896910_reviews.partial.json
[2026-04-05T20:11:15.628Z] [INFO] [review banyo-ve-ev-gerecleri/386435104] page=1 +8 reviews (unique=8)
[2026-04-05T20:11:15.655Z] [INFO] [review banyo-ve-ev-gerecleri/684235840] page=1 +0 reviews (unique=0)
[2026-04-05T20:11:15.668Z] [INFO] [REVIEW SAVED] /mnt/c/Developer/Review_AI/scraper_project/raw_data/banyo-ve-ev-gerecleri/684235840_reviews.json
[2026-04-05T20:11:15.681Z] [INFO] 
[REVIEW WORKER 10] starting banyo-ve-ev-gerecleri/499295534
[2026-04-05T20:11:15.751Z] [INFO] [review banyo-ve-ev-gerecleri/709502810] page=42 +8 reviews (unique=336)
[2026-04-05T20:11:15.868Z] [INFO] [review banyo-ve-ev-gerecleri/559825199] page=97 +8 reviews (unique=776)
[2026-04-05T20:11:15.900Z] [INFO] [review banyo-ve-ev-gerecleri/567398738] page=8 +8 reviews (unique=64)
[2026-04-05T20:11:16.196Z] [INFO] [review banyo-ve-ev-gerecleri/567705568] page=13 +8 reviews (unique=104)
[2026-04-05T20:11:16.220Z] [INFO] [review banyo-ve-ev-gerecleri/516708815] page=7 +8 reviews (unique=56)
[2026-04-05T20:11:16.241Z] [INFO] [review banyo-ve-ev-gerecleri/540896910] page=21 +8 reviews (unique=168)
[2026-04-05T20:11:16.358Z] [INFO] [review banyo-ve-ev-gerecleri/386435104] page=2 +8 reviews (unique=16)
[2026-04-05T20:11:16.495Z] [INFO] [review banyo-ve-ev-gerecleri/709502810] page=43 +8 reviews (unique=344)
[2026-04-05T20:11:16.573Z] [INFO] [review banyo-ve-ev-gerecleri/559825199] page=98 +8 reviews (unique=784)
[2026-04-05T20:11:16.966Z] [INFO] [review banyo-ve-ev-gerecleri/567705568] page=14 +8 reviews (unique=112)
[2026-04-05T20:11:17.048Z] [INFO] [review banyo-ve-ev-gerecleri/540896910] page=22 +6 reviews (unique=174)
[2026-04-05T20:11:17.064Z] [INFO] [REVIEW SAVED] /mnt/c/Developer/Review_AI/scraper_project/raw_data/banyo-ve-ev-gerecleri/540896910_reviews.json
[2026-04-05T20:11:17.069Z] [INFO] [review banyo-ve-ev-gerecleri/516708815] page=8 +8 reviews (unique=64)
[2026-04-05T20:11:17.094Z] [INFO] 
[REVIEW WORKER 5] starting banyo-ve-ev-gerecleri/692318607
[2026-04-05T20:11:17.207Z] [INFO] [review banyo-ve-ev-gerecleri/386435104] page=3 +8 reviews (unique=24)
[2026-04-05T20:11:17.222Z] [INFO] [review banyo-ve-ev-gerecleri/559825199] page=99 +8 reviews (unique=792)
[2026-04-05T20:11:17.231Z] [INFO] [review banyo-ve-ev-gerecleri/709502810] page=44 +8 reviews (unique=352)
[2026-04-05T20:11:17.633Z] [INFO] [review banyo-ve-ev-gerecleri/567705568] page=15 +8 reviews (unique=120)
[2026-04-05T20:11:17.640Z] [INFO] [REVIEW PARTIAL SAVED] /mnt/c/Developer/Review_AI/scraper_project/raw_data/banyo-ve-ev-gerecleri/567705568_reviews.partial.json
[2026-04-05T20:11:17.842Z] [INFO] [review banyo-ve-ev-gerecleri/386435104] page=4 +8 reviews (unique=32)
[2026-04-05T20:11:17.871Z] [INFO] [review banyo-ve-ev-gerecleri/516708815] page=9 +8 reviews (unique=72)
[2026-04-05T20:11:17.891Z] [INFO] [review banyo-ve-ev-gerecleri/559825199] page=100 +8 reviews (unique=800)
[2026-04-05T20:11:17.909Z] [INFO] [REVIEW PARTIAL SAVED] /mnt/c/Developer/Review_AI/scraper_project/raw_data/banyo-ve-ev-gerecleri/559825199_reviews.partial.json
[2026-04-05T20:11:17.954Z] [INFO] [review banyo-ve-ev-gerecleri/709502810] page=45 +8 reviews (unique=360)
[2026-04-05T20:11:17.972Z] [INFO] [REVIEW PARTIAL SAVED] /mnt/c/Developer/Review_AI/scraper_project/raw_data/banyo-ve-ev-gerecleri/709502810_reviews.partial.json
[2026-04-05T20:11:18.286Z] [INFO] [review banyo-ve-ev-gerecleri/567705568] page=16 +8 reviews (unique=128)
[2026-04-05T20:11:18.424Z] [INFO] 
[START REVIEW] category=banyo-ve-ev-gerecleri productId=695128292 startPage=1
[2026-04-05T20:11:18.506Z] [INFO] [review banyo-ve-ev-gerecleri/386435104] page=5 +8 reviews (unique=40)
[2026-04-05T20:11:18.519Z] [INFO] [REVIEW PARTIAL SAVED] /mnt/c/Developer/Review_AI/scraper_project/raw_data/banyo-ve-ev-gerecleri/386435104_reviews.partial.json
[2026-04-05T20:11:18.647Z] [INFO] [review banyo-ve-ev-gerecleri/516708815] page=10 +8 reviews (unique=80)
[2026-04-05T20:11:18.656Z] [INFO] [REVIEW PARTIAL SAVED] /mnt/c/Developer/Review_AI/scraper_project/raw_data/banyo-ve-ev-gerecleri/516708815_reviews.partial.json
[2026-04-05T20:11:18.672Z] [INFO] [review banyo-ve-ev-gerecleri/559825199] page=101 +8 reviews (unique=808)
[2026-04-05T20:11:18.850Z] [INFO] [review banyo-ve-ev-gerecleri/709502810] page=46 +8 reviews (unique=368)
[2026-04-05T20:11:18.856Z] [INFO] [review banyo-ve-ev-gerecleri/695128292] page=1 +8 reviews (unique=8)
[2026-04-05T20:11:19.127Z] [INFO] [review banyo-ve-ev-gerecleri/567705568] page=17 +8 reviews (unique=136)
[2026-04-05T20:11:19.205Z] [INFO] [review banyo-ve-ev-gerecleri/386435104] page=6 +8 reviews (unique=48)
[2026-04-05T20:11:19.363Z] [INFO] [review banyo-ve-ev-gerecleri/516708815] page=11 +8 reviews (unique=88)
[2026-04-05T20:11:19.371Z] [INFO] [review banyo-ve-ev-gerecleri/563806556] page=3 +8 reviews (unique=24)
[2026-04-05T20:11:19.430Z] [INFO] [review banyo-ve-ev-gerecleri/559825199] page=102 +8 reviews (unique=816)
[2026-04-05T20:11:19.522Z] [INFO] [review banyo-ve-ev-gerecleri/695128292] page=2 +6 reviews (unique=14)
[2026-04-05T20:11:19.532Z] [INFO] [REVIEW SAVED] /mnt/c/Developer/Review_AI/scraper_project/raw_data/banyo-ve-ev-gerecleri/695128292_reviews.json
[2026-04-05T20:11:19.545Z] [INFO] 
[REVIEW WORKER 9] starting banyo-ve-ev-gerecleri/728018697
[2026-04-05T20:11:19.653Z] [INFO] [review banyo-ve-ev-gerecleri/709502810] page=47 +8 reviews (unique=376)
[2026-04-05T20:11:19.752Z] [INFO] [review banyo-ve-ev-gerecleri/567705568] page=18 +8 reviews (unique=144)
[2026-04-05T20:11:19.942Z] [INFO] 
[START REVIEW] category=banyo-ve-ev-gerecleri productId=499295534 startPage=1
[2026-04-05T20:11:19.975Z] [INFO] [review banyo-ve-ev-gerecleri/567398738] page=9 +8 reviews (unique=72)
[2026-04-05T20:11:20.072Z] [INFO] [review banyo-ve-ev-gerecleri/563806556] page=4 +8 reviews (unique=32)
[2026-04-05T20:11:20.110Z] [INFO] [review banyo-ve-ev-gerecleri/516708815] page=12 +8 reviews (unique=96)
[2026-04-05T20:11:20.144Z] [INFO] [review banyo-ve-ev-gerecleri/559825199] page=103 +8 reviews (unique=824)
[2026-04-05T20:11:20.195Z] [INFO] [review banyo-ve-ev-gerecleri/386435104] page=7 +8 reviews (unique=56)
[2026-04-05T20:11:20.268Z] [INFO] [review banyo-ve-ev-gerecleri/499295534] page=1 +5 reviews (unique=5)
[2026-04-05T20:11:20.281Z] [INFO] [REVIEW SAVED] /mnt/c/Developer/Review_AI/scraper_project/raw_data/banyo-ve-ev-gerecleri/499295534_reviews.json
[2026-04-05T20:11:20.298Z] [INFO] 
[REVIEW WORKER 10] starting banyo-ve-ev-gerecleri/728018676
[2026-04-05T20:11:20.389Z] [INFO] [review banyo-ve-ev-gerecleri/709502810] page=48 +8 reviews (unique=384)
[2026-04-05T20:11:20.465Z] [INFO] [review banyo-ve-ev-gerecleri/567705568] page=19 +8 reviews (unique=152)
[2026-04-05T20:11:20.751Z] [INFO] [review banyo-ve-ev-gerecleri/567398738] page=10 +8 reviews (unique=80)
[2026-04-05T20:11:20.759Z] [INFO] [REVIEW PARTIAL SAVED] /mnt/c/Developer/Review_AI/scraper_project/raw_data/banyo-ve-ev-gerecleri/567398738_reviews.partial.json
[2026-04-05T20:11:20.797Z] [INFO] [review banyo-ve-ev-gerecleri/516708815] page=13 +8 reviews (unique=104)
[2026-04-05T20:11:20.838Z] [INFO] [review banyo-ve-ev-gerecleri/563806556] page=5 +8 reviews (unique=40)
[2026-04-05T20:11:20.847Z] [INFO] [REVIEW PARTIAL SAVED] /mnt/c/Developer/Review_AI/scraper_project/raw_data/banyo-ve-ev-gerecleri/563806556_reviews.partial.json
[2026-04-05T20:11:20.851Z] [INFO] [review banyo-ve-ev-gerecleri/386435104] page=8 +8 reviews (unique=64)
[2026-04-05T20:11:20.926Z] [INFO] [review banyo-ve-ev-gerecleri/559825199] page=104 +8 reviews (unique=832)
[2026-04-05T20:11:21.130Z] [INFO] [review banyo-ve-ev-gerecleri/709502810] page=49 +8 reviews (unique=392)
[2026-04-05T20:11:21.158Z] [INFO] [review banyo-ve-ev-gerecleri/567705568] page=20 +8 reviews (unique=160)
[2026-04-05T20:11:21.166Z] [INFO] [REVIEW PARTIAL SAVED] /mnt/c/Developer/Review_AI/scraper_project/raw_data/banyo-ve-ev-gerecleri/567705568_reviews.partial.json
[2026-04-05T20:11:21.382Z] [INFO] [review banyo-ve-ev-gerecleri/567398738] page=11 +8 reviews (unique=88)
[2026-04-05T20:11:21.436Z] [INFO] [review banyo-ve-ev-gerecleri/516708815] page=14 +8 reviews (unique=112)
[2026-04-05T20:11:21.443Z] [INFO] 
[START REVIEW] category=banyo-ve-ev-gerecleri productId=692318607 startPage=1
[2026-04-05T20:11:21.503Z] [INFO] [review banyo-ve-ev-gerecleri/563806556] page=6 +8 reviews (unique=48)
[2026-04-05T20:11:21.544Z] [INFO] [review banyo-ve-ev-gerecleri/386435104] page=9 +8 reviews (unique=72)
[2026-04-05T20:11:21.577Z] [INFO] [review banyo-ve-ev-gerecleri/559825199] page=105 +8 reviews (unique=840)
[2026-04-05T20:11:21.590Z] [INFO] [REVIEW PARTIAL SAVED] /mnt/c/Developer/Review_AI/scraper_project/raw_data/banyo-ve-ev-gerecleri/559825199_reviews.partial.json
[2026-04-05T20:11:21.739Z] [INFO] [review banyo-ve-ev-gerecleri/692318607] page=1 +8 reviews (unique=8)
[2026-04-05T20:11:21.847Z] [INFO] [review banyo-ve-ev-gerecleri/567705568] page=21 +8 reviews (unique=168)
[2026-04-05T20:11:21.855Z] [INFO] [review banyo-ve-ev-gerecleri/709502810] page=50 +6 reviews (unique=398)
[2026-04-05T20:11:21.869Z] [INFO] [REVIEW PARTIAL SAVED] /mnt/c/Developer/Review_AI/scraper_project/raw_data/banyo-ve-ev-gerecleri/709502810_reviews.partial.json
[2026-04-05T20:11:21.892Z] [INFO] [REVIEW SAVED] /mnt/c/Developer/Review_AI/scraper_project/raw_data/banyo-ve-ev-gerecleri/709502810_reviews.json
[2026-04-05T20:11:21.914Z] [INFO] 
[REVIEW WORKER 8] starting banyo-ve-ev-gerecleri/601432171
[2026-04-05T20:11:21.988Z] [INFO] [review banyo-ve-ev-gerecleri/567398738] page=12 +8 reviews (unique=96)
[2026-04-05T20:11:22.188Z] [INFO] [review banyo-ve-ev-gerecleri/516708815] page=15 +8 reviews (unique=120)
[2026-04-05T20:11:22.195Z] [INFO] [REVIEW PARTIAL SAVED] /mnt/c/Developer/Review_AI/scraper_project/raw_data/banyo-ve-ev-gerecleri/516708815_reviews.partial.json
[2026-04-05T20:11:22.208Z] [INFO] [review banyo-ve-ev-gerecleri/563806556] page=7 +8 reviews (unique=56)
[2026-04-05T20:11:22.240Z] [INFO] [review banyo-ve-ev-gerecleri/386435104] page=10 +8 reviews (unique=80)
[2026-04-05T20:11:22.250Z] [INFO] [REVIEW PARTIAL SAVED] /mnt/c/Developer/Review_AI/scraper_project/raw_data/banyo-ve-ev-gerecleri/386435104_reviews.partial.json
[2026-04-05T20:11:22.299Z] [INFO] [review banyo-ve-ev-gerecleri/559825199] page=106 +8 reviews (unique=848)
[2026-04-05T20:11:22.546Z] [INFO] [review banyo-ve-ev-gerecleri/567705568] page=22 +8 reviews (unique=176)
[2026-04-05T20:11:22.586Z] [INFO] [review banyo-ve-ev-gerecleri/692318607] page=2 +8 reviews (unique=16)
[2026-04-05T20:11:22.699Z] [INFO] [review banyo-ve-ev-gerecleri/567398738] page=13 +8 reviews (unique=104)
[2026-04-05T20:11:22.932Z] [INFO] [review banyo-ve-ev-gerecleri/516708815] page=16 +8 reviews (unique=128)
[2026-04-05T20:11:22.960Z] [INFO] [review banyo-ve-ev-gerecleri/563806556] page=8 +2 reviews (unique=58)
[2026-04-05T20:11:22.979Z] [INFO] [REVIEW SAVED] /mnt/c/Developer/Review_AI/scraper_project/raw_data/banyo-ve-ev-gerecleri/563806556_reviews.json
[2026-04-05T20:11:22.984Z] [INFO] [review banyo-ve-ev-gerecleri/559825199] page=107 +8 reviews (unique=856)
[2026-04-05T20:11:23.003Z] [INFO] 
[REVIEW WORKER 3] starting banyo-ve-ev-gerecleri/629345201
[2026-04-05T20:11:23.073Z] [INFO] [review banyo-ve-ev-gerecleri/386435104] page=11 +8 reviews (unique=88)
[2026-04-05T20:11:23.293Z] [INFO] [review banyo-ve-ev-gerecleri/567705568] page=23 +8 reviews (unique=184)
[2026-04-05T20:11:23.348Z] [INFO] [review banyo-ve-ev-gerecleri/692318607] page=3 +8 reviews (unique=24)
[2026-04-05T20:11:23.391Z] [INFO] [review banyo-ve-ev-gerecleri/567398738] page=14 +8 reviews (unique=112)
[2026-04-05T20:11:23.651Z] [INFO] [review banyo-ve-ev-gerecleri/516708815] page=17 +8 reviews (unique=136)
[2026-04-05T20:11:23.813Z] [INFO] [review banyo-ve-ev-gerecleri/559825199] page=108 +8 reviews (unique=864)
[2026-04-05T20:11:23.839Z] [INFO] [review banyo-ve-ev-gerecleri/386435104] page=12 +8 reviews (unique=96)
[2026-04-05T20:11:24.034Z] [INFO] [review banyo-ve-ev-gerecleri/567705568] page=24 +8 reviews (unique=192)
[2026-04-05T20:11:24.044Z] [INFO] [review banyo-ve-ev-gerecleri/567398738] page=15 +8 reviews (unique=120)
[2026-04-05T20:11:24.058Z] [INFO] [REVIEW PARTIAL SAVED] /mnt/c/Developer/Review_AI/scraper_project/raw_data/banyo-ve-ev-gerecleri/567398738_reviews.partial.json
[2026-04-05T20:11:24.094Z] [INFO] [review banyo-ve-ev-gerecleri/692318607] page=4 +8 reviews (unique=32)
[2026-04-05T20:11:24.146Z] [INFO] 
[START REVIEW] category=banyo-ve-ev-gerecleri productId=728018697 startPage=1
[2026-04-05T20:11:24.464Z] [INFO] [review banyo-ve-ev-gerecleri/516708815] page=18 +8 reviews (unique=144)
[2026-04-05T20:11:24.503Z] [INFO] [review banyo-ve-ev-gerecleri/386435104] page=13 +4 reviews (unique=100)
[2026-04-05T20:11:24.524Z] [INFO] [REVIEW SAVED] /mnt/c/Developer/Review_AI/scraper_project/raw_data/banyo-ve-ev-gerecleri/386435104_reviews.json
[2026-04-05T20:11:24.543Z] [INFO] 
[REVIEW WORKER 1] starting banyo-ve-ev-gerecleri/647234285
[2026-04-05T20:11:24.745Z] [INFO] [review banyo-ve-ev-gerecleri/728018697] page=1 +8 reviews (unique=8)
[2026-04-05T20:11:24.851Z] [INFO] [review banyo-ve-ev-gerecleri/567398738] page=16 +8 reviews (unique=128)
[2026-04-05T20:11:24.891Z] [INFO] 
[START REVIEW] category=banyo-ve-ev-gerecleri productId=728018676 startPage=1
[2026-04-05T20:11:24.898Z] [INFO] [review banyo-ve-ev-gerecleri/567705568] page=25 +4 reviews (unique=196)
[2026-04-05T20:11:24.912Z] [INFO] [REVIEW PARTIAL SAVED] /mnt/c/Developer/Review_AI/scraper_project/raw_data/banyo-ve-ev-gerecleri/567705568_reviews.partial.json
[2026-04-05T20:11:24.931Z] [INFO] [REVIEW SAVED] /mnt/c/Developer/Review_AI/scraper_project/raw_data/banyo-ve-ev-gerecleri/567705568_reviews.json
[2026-04-05T20:11:24.934Z] [INFO] [review banyo-ve-ev-gerecleri/692318607] page=5 +8 reviews (unique=40)
[2026-04-05T20:11:24.943Z] [INFO] [REVIEW PARTIAL SAVED] /mnt/c/Developer/Review_AI/scraper_project/raw_data/banyo-ve-ev-gerecleri/692318607_reviews.partial.json
[2026-04-05T20:11:24.968Z] [INFO] 
[REVIEW WORKER 2] starting banyo-ve-ev-gerecleri/588136402
[2026-04-05T20:11:25.171Z] [INFO] [review banyo-ve-ev-gerecleri/516708815] page=19 +8 reviews (unique=152)
[2026-04-05T20:11:25.280Z] [INFO] [review banyo-ve-ev-gerecleri/728018676] page=1 +8 reviews (unique=8)
[2026-04-05T20:11:25.395Z] [INFO] [review banyo-ve-ev-gerecleri/728018697] page=2 +2 reviews (unique=10)
[2026-04-05T20:11:25.418Z] [INFO] [REVIEW SAVED] /mnt/c/Developer/Review_AI/scraper_project/raw_data/banyo-ve-ev-gerecleri/728018697_reviews.json
[2026-04-05T20:11:25.436Z] [INFO] 
[REVIEW WORKER 9] starting banyo-ve-ev-gerecleri/647233359
[2026-04-05T20:11:25.546Z] [INFO] [review banyo-ve-ev-gerecleri/692318607] page=6 +1 reviews (unique=41)
[2026-04-05T20:11:25.566Z] [INFO] [REVIEW SAVED] /mnt/c/Developer/Review_AI/scraper_project/raw_data/banyo-ve-ev-gerecleri/692318607_reviews.json
[2026-04-05T20:11:25.575Z] [INFO] [review banyo-ve-ev-gerecleri/567398738] page=17 +8 reviews (unique=136)
[2026-04-05T20:11:25.604Z] [INFO] 
[REVIEW WORKER 5] starting banyo-ve-ev-gerecleri/561584229
[2026-04-05T20:11:25.906Z] [INFO] [review banyo-ve-ev-gerecleri/516708815] page=20 +8 reviews (unique=160)
[2026-04-05T20:11:25.917Z] [INFO] [REVIEW PARTIAL SAVED] /mnt/c/Developer/Review_AI/scraper_project/raw_data/banyo-ve-ev-gerecleri/516708815_reviews.partial.json
[2026-04-05T20:11:26.028Z] [INFO] [review banyo-ve-ev-gerecleri/728018676] page=2 +8 reviews (unique=16)
[2026-04-05T20:11:26.267Z] [INFO] 
[START REVIEW] category=banyo-ve-ev-gerecleri productId=601432171 startPage=1
[2026-04-05T20:11:26.434Z] [INFO] [review banyo-ve-ev-gerecleri/567398738] page=18 +3 reviews (unique=139)
[2026-04-05T20:11:26.461Z] [INFO] [REVIEW SAVED] /mnt/c/Developer/Review_AI/scraper_project/raw_data/banyo-ve-ev-gerecleri/567398738_reviews.json
[2026-04-05T20:11:26.479Z] [INFO] 
[REVIEW WORKER 7] starting banyo-ve-ev-gerecleri/599867068
[2026-04-05T20:11:26.885Z] [INFO] [review banyo-ve-ev-gerecleri/601432171] page=1 +8 reviews (unique=8)
[2026-04-05T20:11:26.898Z] [INFO] [review banyo-ve-ev-gerecleri/516708815] page=21 +8 reviews (unique=168)
[2026-04-05T20:11:27.049Z] [INFO] [review banyo-ve-ev-gerecleri/728018676] page=3 +5 reviews (unique=21)
[2026-04-05T20:11:27.061Z] [INFO] [REVIEW SAVED] /mnt/c/Developer/Review_AI/scraper_project/raw_data/banyo-ve-ev-gerecleri/728018676_reviews.json
[2026-04-05T20:11:27.079Z] [INFO] 
[REVIEW WORKER 10] starting banyo-ve-ev-gerecleri/724325394
[2026-04-05T20:11:27.402Z] [INFO] 
[START REVIEW] category=banyo-ve-ev-gerecleri productId=629345201 startPage=1
[2026-04-05T20:11:27.552Z] [INFO] [review banyo-ve-ev-gerecleri/516708815] page=22 +8 reviews (unique=176)
[2026-04-05T20:11:27.604Z] [INFO] [review banyo-ve-ev-gerecleri/601432171] page=2 +8 reviews (unique=16)
[2026-04-05T20:11:27.911Z] [INFO] [review banyo-ve-ev-gerecleri/629345201] page=1 +8 reviews (unique=8)
[2026-04-05T20:11:28.286Z] [INFO] [review banyo-ve-ev-gerecleri/559825199] page=109 +8 reviews (unique=872)
[2026-04-05T20:11:28.304Z] [INFO] [review banyo-ve-ev-gerecleri/601432171] page=3 +8 reviews (unique=24)
[2026-04-05T20:11:28.309Z] [INFO] [review banyo-ve-ev-gerecleri/516708815] page=23 +8 reviews (unique=184)
[2026-04-05T20:11:28.633Z] [INFO] [review banyo-ve-ev-gerecleri/629345201] page=2 +8 reviews (unique=16)
[2026-04-05T20:11:29.177Z] [INFO] [review banyo-ve-ev-gerecleri/559825199] page=110 +8 reviews (unique=880)
[2026-04-05T20:11:29.210Z] [INFO] [REVIEW PARTIAL SAVED] /mnt/c/Developer/Review_AI/scraper_project/raw_data/banyo-ve-ev-gerecleri/559825199_reviews.partial.json
[2026-04-05T20:11:29.226Z] [INFO] [review banyo-ve-ev-gerecleri/516708815] page=24 +8 reviews (unique=192)
[2026-04-05T20:11:29.287Z] [INFO] [review banyo-ve-ev-gerecleri/601432171] page=4 +8 reviews (unique=32)
[2026-04-05T20:11:30.071Z] [INFO] [review banyo-ve-ev-gerecleri/629345201] page=3 +8 reviews (unique=24)
[2026-04-05T20:11:30.538Z] [INFO] 
[START REVIEW] category=banyo-ve-ev-gerecleri productId=588136402 startPage=1
[2026-04-05T20:11:30.578Z] [INFO] 
[START REVIEW] category=banyo-ve-ev-gerecleri productId=647234285 startPage=1
[2026-04-05T20:11:30.623Z] [INFO] 
[START REVIEW] category=banyo-ve-ev-gerecleri productId=647233359 startPage=1
[2026-04-05T20:11:30.786Z] [INFO] [review banyo-ve-ev-gerecleri/516708815] page=25 +8 reviews (unique=200)
[2026-04-05T20:11:30.801Z] [INFO] [REVIEW PARTIAL SAVED] /mnt/c/Developer/Review_AI/scraper_project/raw_data/banyo-ve-ev-gerecleri/516708815_reviews.partial.json
[2026-04-05T20:11:31.142Z] [INFO] [review banyo-ve-ev-gerecleri/559825199] page=111 +8 reviews (unique=888)
[2026-04-05T20:11:31.263Z] [INFO] [review banyo-ve-ev-gerecleri/601432171] page=5 +8 reviews (unique=40)
[2026-04-05T20:11:31.287Z] [INFO] [REVIEW PARTIAL SAVED] /mnt/c/Developer/Review_AI/scraper_project/raw_data/banyo-ve-ev-gerecleri/601432171_reviews.partial.json
[2026-04-05T20:11:31.391Z] [INFO] 
[START REVIEW] category=banyo-ve-ev-gerecleri productId=561584229 startPage=1
[2026-04-05T20:11:31.502Z] [INFO] [review banyo-ve-ev-gerecleri/629345201] page=4 +8 reviews (unique=32)
[2026-04-05T20:11:31.566Z] [INFO] [review banyo-ve-ev-gerecleri/647234285] page=1 +8 reviews (unique=8)
[2026-04-05T20:11:31.596Z] [INFO] [review banyo-ve-ev-gerecleri/647233359] page=1 +6 reviews (unique=6)
[2026-04-05T20:11:31.612Z] [INFO] [REVIEW SAVED] /mnt/c/Developer/Review_AI/scraper_project/raw_data/banyo-ve-ev-gerecleri/647233359_reviews.json
[2026-04-05T20:11:31.629Z] [INFO] 
[REVIEW WORKER 9] starting banyo-ve-ev-gerecleri/690864461
[2026-04-05T20:11:31.636Z] [INFO] [review banyo-ve-ev-gerecleri/588136402] page=1 +8 reviews (unique=8)
[2026-04-05T20:11:31.726Z] [INFO] [review banyo-ve-ev-gerecleri/516708815] page=26 +8 reviews (unique=208)
[2026-04-05T20:11:31.996Z] [INFO] [review banyo-ve-ev-gerecleri/559825199] page=112 +8 reviews (unique=896)
[2026-04-05T20:11:32.074Z] [INFO] [review banyo-ve-ev-gerecleri/601432171] page=6 +2 reviews (unique=42)
[2026-04-05T20:11:32.099Z] [INFO] [REVIEW SAVED] /mnt/c/Developer/Review_AI/scraper_project/raw_data/banyo-ve-ev-gerecleri/601432171_reviews.json
[2026-04-05T20:11:32.123Z] [INFO] 
[REVIEW WORKER 8] starting banyo-ve-ev-gerecleri/493475467
[2026-04-05T20:11:32.240Z] [INFO] [review banyo-ve-ev-gerecleri/629345201] page=5 +2 reviews (unique=34)
[2026-04-05T20:11:32.255Z] [INFO] [REVIEW PARTIAL SAVED] /mnt/c/Developer/Review_AI/scraper_project/raw_data/banyo-ve-ev-gerecleri/629345201_reviews.partial.json
[2026-04-05T20:11:32.284Z] [INFO] [REVIEW SAVED] /mnt/c/Developer/Review_AI/scraper_project/raw_data/banyo-ve-ev-gerecleri/629345201_reviews.json
[2026-04-05T20:11:32.309Z] [INFO] 
[REVIEW WORKER 3] starting banyo-ve-ev-gerecleri/572043514
[2026-04-05T20:11:32.340Z] [INFO] [review banyo-ve-ev-gerecleri/561584229] page=1 +5 reviews (unique=5)
[2026-04-05T20:11:32.363Z] [INFO] [REVIEW SAVED] /mnt/c/Developer/Review_AI/scraper_project/raw_data/banyo-ve-ev-gerecleri/561584229_reviews.json
[2026-04-05T20:11:32.399Z] [INFO] [review banyo-ve-ev-gerecleri/588136402] page=2 +8 reviews (unique=16)
[2026-04-05T20:11:32.416Z] [INFO] [review banyo-ve-ev-gerecleri/647234285] page=2 +8 reviews (unique=16)
[2026-04-05T20:11:32.440Z] [INFO] [REVIEW SAVED] /mnt/c/Developer/Review_AI/scraper_project/raw_data/banyo-ve-ev-gerecleri/647234285_reviews.json
[2026-04-05T20:11:32.449Z] [INFO] 
[REVIEW WORKER 5] starting banyo-ve-ev-gerecleri/279378095
[2026-04-05T20:11:32.471Z] [INFO] 
[REVIEW WORKER 1] starting banyo-ve-ev-gerecleri/692240267
[2026-04-05T20:11:32.569Z] [INFO] [review banyo-ve-ev-gerecleri/516708815] page=27 +8 reviews (unique=216)
[2026-04-05T20:11:32.659Z] [INFO] [review banyo-ve-ev-gerecleri/559825199] page=113 +8 reviews (unique=904)
[2026-04-05T20:11:33.160Z] [INFO] [review banyo-ve-ev-gerecleri/588136402] page=3 +8 reviews (unique=24)
[2026-04-05T20:11:33.290Z] [INFO] [review banyo-ve-ev-gerecleri/516708815] page=28 +8 reviews (unique=224)
[2026-04-05T20:11:33.446Z] [INFO] [review banyo-ve-ev-gerecleri/559825199] page=114 +8 reviews (unique=912)
[2026-04-05T20:11:33.832Z] [INFO] 
[START REVIEW] category=banyo-ve-ev-gerecleri productId=724325394 startPage=1
[2026-04-05T20:11:33.943Z] [INFO] 
[START REVIEW] category=banyo-ve-ev-gerecleri productId=599867068 startPage=1
[2026-04-05T20:11:33.990Z] [INFO] [review banyo-ve-ev-gerecleri/588136402] page=4 +8 reviews (unique=32)
[2026-04-05T20:11:34.026Z] [INFO] [review banyo-ve-ev-gerecleri/516708815] page=29 +8 reviews (unique=232)
[2026-04-05T20:11:34.089Z] [INFO] [review banyo-ve-ev-gerecleri/559825199] page=115 +8 reviews (unique=920)
[2026-04-05T20:11:34.119Z] [INFO] [REVIEW PARTIAL SAVED] /mnt/c/Developer/Review_AI/scraper_project/raw_data/banyo-ve-ev-gerecleri/559825199_reviews.partial.json
[2026-04-05T20:11:34.124Z] [INFO] [review banyo-ve-ev-gerecleri/724325394] page=1 +8 reviews (unique=8)
[2026-04-05T20:11:35.211Z] [INFO] [review banyo-ve-ev-gerecleri/599867068] page=1 +8 reviews (unique=8)
[2026-04-05T20:11:35.663Z] [INFO] [review banyo-ve-ev-gerecleri/588136402] page=5 +8 reviews (unique=40)
[2026-04-05T20:11:35.676Z] [INFO] [REVIEW PARTIAL SAVED] /mnt/c/Developer/Review_AI/scraper_project/raw_data/banyo-ve-ev-gerecleri/588136402_reviews.partial.json
[2026-04-05T20:11:35.685Z] [INFO] [review banyo-ve-ev-gerecleri/724325394] page=2 +8 reviews (unique=16)
[2026-04-05T20:11:35.691Z] [INFO] [review banyo-ve-ev-gerecleri/516708815] page=30 +8 reviews (unique=240)
[2026-04-05T20:11:35.715Z] [INFO] [REVIEW PARTIAL SAVED] /mnt/c/Developer/Review_AI/scraper_project/raw_data/banyo-ve-ev-gerecleri/516708815_reviews.partial.json
[2026-04-05T20:11:35.726Z] [INFO] [review banyo-ve-ev-gerecleri/559825199] page=116 +8 reviews (unique=928)
[2026-04-05T20:11:36.294Z] [INFO] [review banyo-ve-ev-gerecleri/599867068] page=2 +8 reviews (unique=16)
[2026-04-05T20:11:36.568Z] [INFO] [review banyo-ve-ev-gerecleri/724325394] page=3 +1 reviews (unique=17)
[2026-04-05T20:11:36.582Z] [INFO] [REVIEW SAVED] /mnt/c/Developer/Review_AI/scraper_project/raw_data/banyo-ve-ev-gerecleri/724325394_reviews.json
[2026-04-05T20:11:36.597Z] [INFO] 
[REVIEW WORKER 10] starting banyo-ve-ev-gerecleri/574864106
[2026-04-05T20:11:36.618Z] [INFO] [review banyo-ve-ev-gerecleri/588136402] page=6 +1 reviews (unique=41)
[2026-04-05T20:11:36.640Z] [INFO] [REVIEW SAVED] /mnt/c/Developer/Review_AI/scraper_project/raw_data/banyo-ve-ev-gerecleri/588136402_reviews.json
[2026-04-05T20:11:36.643Z] [INFO] [review banyo-ve-ev-gerecleri/516708815] page=31 +8 reviews (unique=248)
[2026-04-05T20:11:36.660Z] [INFO] [review banyo-ve-ev-gerecleri/559825199] page=117 +8 reviews (unique=936)
[2026-04-05T20:11:36.713Z] [INFO] 
[REVIEW WORKER 2] starting banyo-ve-ev-gerecleri/731535537
[2026-04-05T20:11:37.254Z] [INFO] [review banyo-ve-ev-gerecleri/599867068] page=3 +1 reviews (unique=17)
[2026-04-05T20:11:37.292Z] [INFO] [REVIEW SAVED] /mnt/c/Developer/Review_AI/scraper_project/raw_data/banyo-ve-ev-gerecleri/599867068_reviews.json
[2026-04-05T20:11:37.317Z] [INFO] 
[REVIEW WORKER 7] starting banyo-ve-ev-gerecleri/552633950
[2026-04-05T20:11:37.407Z] [INFO] [review banyo-ve-ev-gerecleri/516708815] page=32 +8 reviews (unique=256)
[2026-04-05T20:11:37.432Z] [INFO] [review banyo-ve-ev-gerecleri/559825199] page=118 +8 reviews (unique=944)
[2026-04-05T20:11:38.159Z] [INFO] [review banyo-ve-ev-gerecleri/516708815] page=33 +8 reviews (unique=264)
[2026-04-05T20:11:38.177Z] [INFO] [review banyo-ve-ev-gerecleri/559825199] page=119 +8 reviews (unique=952)
[2026-04-05T20:11:38.291Z] [INFO] 
[START REVIEW] category=banyo-ve-ev-gerecleri productId=690864461 startPage=1
[2026-04-05T20:11:38.842Z] [INFO] [review banyo-ve-ev-gerecleri/690864461] page=1 +8 reviews (unique=8)
[2026-04-05T20:11:38.979Z] [INFO] 
[START REVIEW] category=banyo-ve-ev-gerecleri productId=279378095 startPage=1
[2026-04-05T20:11:38.998Z] [INFO] 
[START REVIEW] category=banyo-ve-ev-gerecleri productId=493475467 startPage=1
[2026-04-05T20:11:39.015Z] [INFO] 
[START REVIEW] category=banyo-ve-ev-gerecleri productId=692240267 startPage=1
[2026-04-05T20:11:39.182Z] [INFO] [review banyo-ve-ev-gerecleri/516708815] page=34 +8 reviews (unique=272)
[2026-04-05T20:11:39.211Z] [INFO] [review banyo-ve-ev-gerecleri/559825199] page=120 +8 reviews (unique=960)
[2026-04-05T20:11:39.258Z] [INFO] [REVIEW PARTIAL SAVED] /mnt/c/Developer/Review_AI/scraper_project/raw_data/banyo-ve-ev-gerecleri/559825199_reviews.partial.json
[2026-04-05T20:11:39.308Z] [INFO] 
[START REVIEW] category=banyo-ve-ev-gerecleri productId=572043514 startPage=1
[2026-04-05T20:11:40.011Z] [INFO] [review banyo-ve-ev-gerecleri/692240267] page=1 +2 reviews (unique=2)
[2026-04-05T20:11:40.044Z] [INFO] [REVIEW SAVED] /mnt/c/Developer/Review_AI/scraper_project/raw_data/banyo-ve-ev-gerecleri/692240267_reviews.json
[2026-04-05T20:11:40.065Z] [INFO] [review banyo-ve-ev-gerecleri/279378095] page=1 +8 reviews (unique=8)
[2026-04-05T20:11:40.078Z] [INFO] [review banyo-ve-ev-gerecleri/493475467] page=1 +8 reviews (unique=8)
[2026-04-05T20:11:40.112Z] [INFO] 
[REVIEW WORKER 1] starting banyo-ve-ev-gerecleri/659601630
[2026-04-05T20:11:40.321Z] [INFO] [review banyo-ve-ev-gerecleri/572043514] page=1 +8 reviews (unique=8)
[2026-04-05T20:11:40.363Z] [INFO] [review banyo-ve-ev-gerecleri/690864461] page=2 +8 reviews (unique=16)
[2026-04-05T20:11:40.571Z] [INFO] [review banyo-ve-ev-gerecleri/516708815] page=35 +8 reviews (unique=280)
[2026-04-05T20:11:40.608Z] [INFO] [REVIEW PARTIAL SAVED] /mnt/c/Developer/Review_AI/scraper_project/raw_data/banyo-ve-ev-gerecleri/516708815_reviews.partial.json
[2026-04-05T20:11:40.636Z] [INFO] [review banyo-ve-ev-gerecleri/559825199] page=121 +8 reviews (unique=968)
[2026-04-05T20:11:41.025Z] [INFO] [review banyo-ve-ev-gerecleri/493475467] page=2 +1 reviews (unique=9)
[2026-04-05T20:11:41.066Z] [INFO] [REVIEW SAVED] /mnt/c/Developer/Review_AI/scraper_project/raw_data/banyo-ve-ev-gerecleri/493475467_reviews.json
[2026-04-05T20:11:41.105Z] [INFO] 
[REVIEW WORKER 8] starting banyo-ve-ev-gerecleri/600866591
[2026-04-05T20:11:41.121Z] [INFO] [review banyo-ve-ev-gerecleri/279378095] page=2 +8 reviews (unique=16)
[2026-04-05T20:11:41.262Z] [INFO] [review banyo-ve-ev-gerecleri/690864461] page=3 +8 reviews (unique=24)
[2026-04-05T20:11:41.315Z] [INFO] [review banyo-ve-ev-gerecleri/516708815] page=36 +8 reviews (unique=288)
[2026-04-05T20:11:41.380Z] [INFO] [review banyo-ve-ev-gerecleri/559825199] page=122 +8 reviews (unique=976)
[2026-04-05T20:11:41.792Z] [INFO] [review banyo-ve-ev-gerecleri/572043514] page=2 +8 reviews (unique=16)
[2026-04-05T20:11:42.319Z] [INFO] [REVIEW SAVED] /mnt/c/Developer/Review_AI/scraper_project/raw_data/banyo-ve-ev-gerecleri/572043514_reviews.json
[2026-04-05T20:11:42.454Z] [INFO] [review banyo-ve-ev-gerecleri/690864461] page=4 +8 reviews (unique=32)
[2026-04-05T20:11:42.507Z] [INFO] 
[REVIEW WORKER 3] starting banyo-ve-ev-gerecleri/651591815
[2026-04-05T20:11:42.527Z] [INFO] [review banyo-ve-ev-gerecleri/279378095] page=3 +8 reviews (unique=24)
[2026-04-05T20:11:42.692Z] [INFO] [review banyo-ve-ev-gerecleri/559825199] page=123 +8 reviews (unique=984)
[2026-04-05T20:11:42.732Z] [INFO] [review banyo-ve-ev-gerecleri/516708815] page=37 +8 reviews (unique=296)
[2026-04-05T20:11:43.218Z] [INFO] [review banyo-ve-ev-gerecleri/690864461] page=5 +8 reviews (unique=40)
[2026-04-05T20:11:43.342Z] [INFO] [REVIEW PARTIAL SAVED] /mnt/c/Developer/Review_AI/scraper_project/raw_data/banyo-ve-ev-gerecleri/690864461_reviews.partial.json
[2026-04-05T20:11:43.517Z] [INFO] [review banyo-ve-ev-gerecleri/559825199] page=124 +8 reviews (unique=992)
[2026-04-05T20:11:43.550Z] [INFO] [review banyo-ve-ev-gerecleri/516708815] page=38 +8 reviews (unique=304)
[2026-04-05T20:11:43.668Z] [INFO] [review banyo-ve-ev-gerecleri/279378095] page=4 +8 reviews (unique=32)
[2026-04-05T20:11:43.727Z] [INFO] 
[START REVIEW] category=banyo-ve-ev-gerecleri productId=731535537 startPage=1
[2026-04-05T20:11:43.758Z] [INFO] 
[START REVIEW] category=banyo-ve-ev-gerecleri productId=574864106 startPage=1
[2026-04-05T20:11:43.953Z] [INFO] [review banyo-ve-ev-gerecleri/731535537] page=1 +1 reviews (unique=1)
[2026-04-05T20:11:43.971Z] [INFO] [REVIEW SAVED] /mnt/c/Developer/Review_AI/scraper_project/raw_data/banyo-ve-ev-gerecleri/731535537_reviews.json
[2026-04-05T20:11:43.992Z] [INFO] 
[REVIEW WORKER 2] starting banyo-ve-ev-gerecleri/692644442
[2026-04-05T20:11:44.075Z] [INFO] [review banyo-ve-ev-gerecleri/690864461] page=6 +8 reviews (unique=48)
[2026-04-05T20:11:44.143Z] [INFO] [review banyo-ve-ev-gerecleri/574864106] page=1 +8 reviews (unique=8)
[2026-04-05T20:11:44.625Z] [INFO] [review banyo-ve-ev-gerecleri/559825199] page=125 +2 reviews (unique=994)
[2026-04-05T20:11:44.650Z] [INFO] [REVIEW PARTIAL SAVED] /mnt/c/Developer/Review_AI/scraper_project/raw_data/banyo-ve-ev-gerecleri/559825199_reviews.partial.json
[2026-04-05T20:11:44.681Z] [INFO] [REVIEW SAVED] /mnt/c/Developer/Review_AI/scraper_project/raw_data/banyo-ve-ev-gerecleri/559825199_reviews.json
[2026-04-05T20:11:44.709Z] [INFO] 
[START REVIEW] category=banyo-ve-ev-gerecleri productId=552633950 startPage=1
[2026-04-05T20:11:44.716Z] [INFO] 
[REVIEW WORKER 6] starting banyo-ve-ev-gerecleri/544661571
[2026-04-05T20:11:44.769Z] [INFO] [review banyo-ve-ev-gerecleri/516708815] page=39 +8 reviews (unique=312)
[2026-04-05T20:11:44.829Z] [INFO] [review banyo-ve-ev-gerecleri/279378095] page=5 +8 reviews (unique=40)
[2026-04-05T20:11:44.844Z] [INFO] [REVIEW PARTIAL SAVED] /mnt/c/Developer/Review_AI/scraper_project/raw_data/banyo-ve-ev-gerecleri/279378095_reviews.partial.json
[2026-04-05T20:11:45.091Z] [INFO] [review banyo-ve-ev-gerecleri/690864461] page=7 +8 reviews (unique=56)
[2026-04-05T20:11:45.101Z] [INFO] [review banyo-ve-ev-gerecleri/574864106] page=2 +8 reviews (unique=16)
[2026-04-05T20:11:45.368Z] [INFO] [review banyo-ve-ev-gerecleri/552633950] page=1 +4 reviews (unique=4)
[2026-04-05T20:11:45.390Z] [INFO] [REVIEW SAVED] /mnt/c/Developer/Review_AI/scraper_project/raw_data/banyo-ve-ev-gerecleri/552633950_reviews.json
[2026-04-05T20:11:45.412Z] [INFO] 
[REVIEW WORKER 7] starting banyo-ve-ev-gerecleri/644544029
[2026-04-05T20:11:45.833Z] [INFO] [review banyo-ve-ev-gerecleri/516708815] page=40 +8 reviews (unique=320)
[2026-04-05T20:11:45.849Z] [INFO] [REVIEW PARTIAL SAVED] /mnt/c/Developer/Review_AI/scraper_project/raw_data/banyo-ve-ev-gerecleri/516708815_reviews.partial.json
[2026-04-05T20:11:45.950Z] [INFO] [review banyo-ve-ev-gerecleri/279378095] page=6 +8 reviews (unique=48)
[2026-04-05T20:11:46.053Z] [INFO] 
[START REVIEW] category=banyo-ve-ev-gerecleri productId=659601630 startPage=1
[2026-04-05T20:11:46.195Z] [INFO] [review banyo-ve-ev-gerecleri/690864461] page=8 +8 reviews (unique=64)
[2026-04-05T20:11:46.381Z] [INFO] [review banyo-ve-ev-gerecleri/574864106] page=3 +2 reviews (unique=18)
[2026-04-05T20:11:46.396Z] [INFO] [REVIEW SAVED] /mnt/c/Developer/Review_AI/scraper_project/raw_data/banyo-ve-ev-gerecleri/574864106_reviews.json
[2026-04-05T20:11:46.412Z] [INFO] 
[REVIEW WORKER 10] starting banyo-ve-ev-gerecleri/729933243
[2026-04-05T20:11:46.569Z] [INFO] [review banyo-ve-ev-gerecleri/516708815] page=41 +8 reviews (unique=328)
[2026-04-05T20:11:46.794Z] [INFO] [review banyo-ve-ev-gerecleri/279378095] page=7 +8 reviews (unique=56)
[2026-04-05T20:11:46.864Z] [INFO] 
[START REVIEW] category=banyo-ve-ev-gerecleri productId=600866591 startPage=1
[2026-04-05T20:11:46.868Z] [INFO] [review banyo-ve-ev-gerecleri/690864461] page=9 +4 reviews (unique=68)
[2026-04-05T20:11:46.889Z] [INFO] [REVIEW SAVED] /mnt/c/Developer/Review_AI/scraper_project/raw_data/banyo-ve-ev-gerecleri/690864461_reviews.json
[2026-04-05T20:11:46.913Z] [INFO] 
[REVIEW WORKER 9] starting banyo-ve-ev-gerecleri/725887353
[2026-04-05T20:11:47.187Z] [INFO] [review banyo-ve-ev-gerecleri/600866591] page=1 +8 reviews (unique=8)
[2026-04-05T20:11:47.278Z] [INFO] [review banyo-ve-ev-gerecleri/516708815] page=42 +8 reviews (unique=336)
[2026-04-05T20:11:47.513Z] [INFO] [review banyo-ve-ev-gerecleri/279378095] page=8 +8 reviews (unique=64)
[2026-04-05T20:11:48.158Z] [INFO] [review banyo-ve-ev-gerecleri/600866591] page=2 +8 reviews (unique=16)
[2026-04-05T20:11:48.172Z] [INFO] [review banyo-ve-ev-gerecleri/516708815] page=43 +8 reviews (unique=344)
[2026-04-05T20:11:48.270Z] [INFO] [review banyo-ve-ev-gerecleri/279378095] page=9 +5 reviews (unique=69)
[2026-04-05T20:11:48.296Z] [INFO] [REVIEW SAVED] /mnt/c/Developer/Review_AI/scraper_project/raw_data/banyo-ve-ev-gerecleri/279378095_reviews.json
[2026-04-05T20:11:48.324Z] [INFO] 
[REVIEW WORKER 5] starting banyo-ve-ev-gerecleri/587771093
[2026-04-05T20:11:48.568Z] [INFO] 
[START REVIEW] category=banyo-ve-ev-gerecleri productId=651591815 startPage=1
[2026-04-05T20:11:49.120Z] [INFO] [review banyo-ve-ev-gerecleri/651591815] page=1 +8 reviews (unique=8)
[2026-04-05T20:11:49.137Z] [INFO] [review banyo-ve-ev-gerecleri/516708815] page=44 +2 reviews (unique=346)
[2026-04-05T20:11:49.186Z] [INFO] [REVIEW SAVED] /mnt/c/Developer/Review_AI/scraper_project/raw_data/banyo-ve-ev-gerecleri/516708815_reviews.json
[2026-04-05T20:11:49.227Z] [INFO] 
[REVIEW WORKER 4] starting banyo-ve-ev-gerecleri/706891711
[2026-04-05T20:11:49.259Z] [INFO] [review banyo-ve-ev-gerecleri/600866591] page=3 +5 reviews (unique=21)
[2026-04-05T20:11:49.281Z] [INFO] [REVIEW SAVED] /mnt/c/Developer/Review_AI/scraper_project/raw_data/banyo-ve-ev-gerecleri/600866591_reviews.json
[2026-04-05T20:11:49.354Z] [INFO] 
[REVIEW WORKER 8] starting banyo-ve-ev-gerecleri/550376528
[2026-04-05T20:11:49.974Z] [INFO] [review banyo-ve-ev-gerecleri/651591815] page=2 +8 reviews (unique=16)
[2026-04-05T20:11:50.700Z] [INFO] 
[START REVIEW] category=banyo-ve-ev-gerecleri productId=644544029 startPage=1
[2026-04-05T20:11:50.731Z] [INFO] 
[START REVIEW] category=banyo-ve-ev-gerecleri productId=692644442 startPage=1
[2026-04-05T20:11:50.923Z] [INFO] 
[START REVIEW] category=banyo-ve-ev-gerecleri productId=544661571 startPage=1
[2026-04-05T20:11:51.024Z] [INFO] [review banyo-ve-ev-gerecleri/659601630] page=1 +8 reviews (unique=8)
[2026-04-05T20:11:51.428Z] [INFO] 
[START REVIEW] category=banyo-ve-ev-gerecleri productId=729933243 startPage=1
[2026-04-05T20:11:51.550Z] [INFO] [review banyo-ve-ev-gerecleri/651591815] page=3 +8 reviews (unique=24)
[2026-04-05T20:11:52.057Z] [INFO] 
[START REVIEW] category=banyo-ve-ev-gerecleri productId=725887353 startPage=1
[2026-04-05T20:11:52.106Z] [INFO] [review banyo-ve-ev-gerecleri/544661571] page=1 +2 reviews (unique=2)
[2026-04-05T20:11:52.261Z] [INFO] [REVIEW SAVED] /mnt/c/Developer/Review_AI/scraper_project/raw_data/banyo-ve-ev-gerecleri/544661571_reviews.json
[2026-04-05T20:11:52.363Z] [INFO] 
[REVIEW WORKER 6] starting banyo-ve-ev-gerecleri/386434839
[2026-04-05T20:11:52.570Z] [INFO] [review banyo-ve-ev-gerecleri/644544029] page=1 +6 reviews (unique=6)
[2026-04-05T20:11:52.736Z] [INFO] [REVIEW SAVED] /mnt/c/Developer/Review_AI/scraper_project/raw_data/banyo-ve-ev-gerecleri/644544029_reviews.json
[2026-04-05T20:11:52.792Z] [INFO] [review banyo-ve-ev-gerecleri/659601630] page=2 +8 reviews (unique=16)
[2026-04-05T20:11:52.877Z] [INFO] 
[REVIEW WORKER 7] starting banyo-ve-ev-gerecleri/739041868
[2026-04-05T20:11:52.914Z] [INFO] [review banyo-ve-ev-gerecleri/729933243] page=1 +4 reviews (unique=4)
[2026-04-05T20:11:53.043Z] [INFO] [REVIEW SAVED] /mnt/c/Developer/Review_AI/scraper_project/raw_data/banyo-ve-ev-gerecleri/729933243_reviews.json
[2026-04-05T20:11:53.103Z] [INFO] [review banyo-ve-ev-gerecleri/725887353] page=1 +3 reviews (unique=3)
[2026-04-05T20:11:53.378Z] [INFO] [REVIEW SAVED] /mnt/c/Developer/Review_AI/scraper_project/raw_data/banyo-ve-ev-gerecleri/725887353_reviews.json
[2026-04-05T20:11:53.487Z] [INFO] 
[REVIEW WORKER 10] starting banyo-ve-ev-gerecleri/730546058
[2026-04-05T20:11:53.503Z] [INFO] [review banyo-ve-ev-gerecleri/651591815] page=4 +4 reviews (unique=28)
[2026-04-05T20:11:53.617Z] [INFO] [REVIEW SAVED] /mnt/c/Developer/Review_AI/scraper_project/raw_data/banyo-ve-ev-gerecleri/651591815_reviews.json
[2026-04-05T20:11:53.637Z] [INFO] [review banyo-ve-ev-gerecleri/692644442] page=1 +8 reviews (unique=8)
[2026-04-05T20:11:53.682Z] [INFO] 
[START REVIEW] category=banyo-ve-ev-gerecleri productId=587771093 startPage=1
[2026-04-05T20:11:53.748Z] [INFO] 
[REVIEW WORKER 9] starting banyo-ve-ev-gerecleri/733282484
[2026-04-05T20:11:53.851Z] [INFO] 
[REVIEW WORKER 3] starting banyo-ve-ev-gerecleri/507256255
[2026-04-05T20:11:54.368Z] [INFO] [review banyo-ve-ev-gerecleri/659601630] page=3 +8 reviews (unique=24)
[2026-04-05T20:11:54.379Z] [INFO] [review banyo-ve-ev-gerecleri/587771093] page=1 +8 reviews (unique=8)
[2026-04-05T20:11:54.763Z] [INFO] [review banyo-ve-ev-gerecleri/692644442] page=2 +8 reviews (unique=16)
[2026-04-05T20:11:55.039Z] [INFO] [review banyo-ve-ev-gerecleri/659601630] page=4 +8 reviews (unique=32)
[2026-04-05T20:11:55.115Z] [INFO] [review banyo-ve-ev-gerecleri/587771093] page=2 +8 reviews (unique=16)
[2026-04-05T20:11:55.246Z] [INFO] 
[START REVIEW] category=banyo-ve-ev-gerecleri productId=550376528 startPage=1
[2026-04-05T20:11:55.263Z] [INFO] 
[START REVIEW] category=banyo-ve-ev-gerecleri productId=706891711 startPage=1
[2026-04-05T20:11:55.371Z] [INFO] [review banyo-ve-ev-gerecleri/692644442] page=3 +4 reviews (unique=20)
[2026-04-05T20:11:55.391Z] [INFO] [REVIEW SAVED] /mnt/c/Developer/Review_AI/scraper_project/raw_data/banyo-ve-ev-gerecleri/692644442_reviews.json
[2026-04-05T20:11:55.429Z] [INFO] 
[REVIEW WORKER 2] starting banyo-ve-ev-gerecleri/725848774
[2026-04-05T20:11:55.516Z] [INFO] [review banyo-ve-ev-gerecleri/706891711] page=1 +8 reviews (unique=8)
[2026-04-05T20:11:55.574Z] [INFO] [review banyo-ve-ev-gerecleri/550376528] page=1 +8 reviews (unique=8)
[2026-04-05T20:11:55.786Z] [INFO] [review banyo-ve-ev-gerecleri/659601630] page=5 +8 reviews (unique=40)
[2026-04-05T20:11:55.806Z] [INFO] [REVIEW PARTIAL SAVED] /mnt/c/Developer/Review_AI/scraper_project/raw_data/banyo-ve-ev-gerecleri/659601630_reviews.partial.json
[2026-04-05T20:11:55.865Z] [INFO] [review banyo-ve-ev-gerecleri/587771093] page=3 +2 reviews (unique=18)
[2026-04-05T20:11:55.892Z] [INFO] [REVIEW SAVED] /mnt/c/Developer/Review_AI/scraper_project/raw_data/banyo-ve-ev-gerecleri/587771093_reviews.json
[2026-04-05T20:11:55.923Z] [INFO] 
[REVIEW WORKER 5] starting banyo-ve-ev-gerecleri/647233365
[2026-04-05T20:11:56.158Z] [INFO] [review banyo-ve-ev-gerecleri/706891711] page=2 +3 reviews (unique=11)
[2026-04-05T20:11:56.212Z] [INFO] [REVIEW SAVED] /mnt/c/Developer/Review_AI/scraper_project/raw_data/banyo-ve-ev-gerecleri/706891711_reviews.json
[2026-04-05T20:11:56.336Z] [INFO] 
[REVIEW WORKER 4] starting banyo-ve-ev-gerecleri/694943597
[2026-04-05T20:11:56.373Z] [INFO] [review banyo-ve-ev-gerecleri/550376528] page=2 +8 reviews (unique=16)
[2026-04-05T20:11:56.519Z] [INFO] [review banyo-ve-ev-gerecleri/659601630] page=6 +8 reviews (unique=48)
[2026-04-05T20:11:57.417Z] [INFO] [review banyo-ve-ev-gerecleri/550376528] page=3 +8 reviews (unique=24)
[2026-04-05T20:11:57.543Z] [INFO] [review banyo-ve-ev-gerecleri/659601630] page=7 +2 reviews (unique=50)
[2026-04-05T20:11:57.764Z] [INFO] [REVIEW SAVED] /mnt/c/Developer/Review_AI/scraper_project/raw_data/banyo-ve-ev-gerecleri/659601630_reviews.json
[2026-04-05T20:11:57.790Z] [INFO] 
[START REVIEW] category=banyo-ve-ev-gerecleri productId=386434839 startPage=1
[2026-04-05T20:11:57.896Z] [INFO] 
[REVIEW WORKER 1] starting banyo-ve-ev-gerecleri/470600356
[2026-04-05T20:11:58.205Z] [INFO] 
[START REVIEW] category=banyo-ve-ev-gerecleri productId=739041868 startPage=1
[2026-04-05T20:11:58.270Z] [INFO] [review banyo-ve-ev-gerecleri/550376528] page=4 +8 reviews (unique=32)
[2026-04-05T20:11:58.340Z] [INFO] 
[START REVIEW] category=banyo-ve-ev-gerecleri productId=733282484 startPage=1
[2026-04-05T20:11:58.659Z] [INFO] [review banyo-ve-ev-gerecleri/386434839] page=1 +8 reviews (unique=8)
[2026-04-05T20:11:59.019Z] [INFO] [review banyo-ve-ev-gerecleri/739041868] page=1 +8 reviews (unique=8)
[2026-04-05T20:11:59.062Z] [INFO] [review banyo-ve-ev-gerecleri/733282484] page=1 +8 reviews (unique=8)
[2026-04-05T20:11:59.125Z] [INFO] 
[START REVIEW] category=banyo-ve-ev-gerecleri productId=507256255 startPage=1
[2026-04-05T20:11:59.135Z] [INFO] [review banyo-ve-ev-gerecleri/550376528] page=5 +8 reviews (unique=40)
[2026-04-05T20:11:59.151Z] [INFO] [REVIEW PARTIAL SAVED] /mnt/c/Developer/Review_AI/scraper_project/raw_data/banyo-ve-ev-gerecleri/550376528_reviews.partial.json
[2026-04-05T20:11:59.501Z] [INFO] [review banyo-ve-ev-gerecleri/507256255] page=1 +8 reviews (unique=8)
[2026-04-05T20:11:59.577Z] [INFO] [review banyo-ve-ev-gerecleri/386434839] page=2 +8 reviews (unique=16)
[2026-04-05T20:11:59.596Z] [INFO] 
[START REVIEW] category=banyo-ve-ev-gerecleri productId=730546058 startPage=1
[2026-04-05T20:12:00.073Z] [INFO] [review banyo-ve-ev-gerecleri/739041868] page=2 +2 reviews (unique=10)
[2026-04-05T20:12:00.126Z] [INFO] [REVIEW SAVED] /mnt/c/Developer/Review_AI/scraper_project/raw_data/banyo-ve-ev-gerecleri/739041868_reviews.json
[2026-04-05T20:12:00.149Z] [INFO] [review banyo-ve-ev-gerecleri/733282484] page=2 +8 reviews (unique=16)
[2026-04-05T20:12:00.165Z] [INFO] [review banyo-ve-ev-gerecleri/730546058] page=1 +0 reviews (unique=0)
[2026-04-05T20:12:00.206Z] [INFO] [REVIEW SAVED] /mnt/c/Developer/Review_AI/scraper_project/raw_data/banyo-ve-ev-gerecleri/730546058_reviews.json
[2026-04-05T20:12:00.213Z] [INFO] [review banyo-ve-ev-gerecleri/550376528] page=6 +8 reviews (unique=48)
[2026-04-05T20:12:00.242Z] [INFO] [review banyo-ve-ev-gerecleri/507256255] page=2 +8 reviews (unique=16)
[2026-04-05T20:12:00.292Z] [INFO] 
[REVIEW WORKER 7] starting banyo-ve-ev-gerecleri/651490141
[2026-04-05T20:12:00.323Z] [INFO] 
[REVIEW WORKER 10] starting banyo-ve-ev-gerecleri/679375600
[2026-04-05T20:12:00.399Z] [INFO] [review banyo-ve-ev-gerecleri/386434839] page=3 +8 reviews (unique=24)
[2026-04-05T20:12:00.428Z] [INFO] 
[START REVIEW] category=banyo-ve-ev-gerecleri productId=725848774 startPage=1
[2026-04-05T20:12:00.941Z] [INFO] [review banyo-ve-ev-gerecleri/733282484] page=3 +8 reviews (unique=24)
[2026-04-05T20:12:01.031Z] [INFO] [review banyo-ve-ev-gerecleri/550376528] page=7 +8 reviews (unique=56)
[2026-04-05T20:12:01.101Z] [INFO] [review banyo-ve-ev-gerecleri/507256255] page=3 +8 reviews (unique=24)
[2026-04-05T20:12:01.150Z] [INFO] [review banyo-ve-ev-gerecleri/386434839] page=4 +8 reviews (unique=32)
[2026-04-05T20:12:01.192Z] [INFO] [review banyo-ve-ev-gerecleri/725848774] page=1 +8 reviews (unique=8)
[2026-04-05T20:12:01.726Z] [INFO] [review banyo-ve-ev-gerecleri/733282484] page=4 +8 reviews (unique=32)
[2026-04-05T20:12:01.788Z] [INFO] [review banyo-ve-ev-gerecleri/550376528] page=8 +8 reviews (unique=64)
[2026-04-05T20:12:01.847Z] [INFO] 
[START REVIEW] category=banyo-ve-ev-gerecleri productId=694943597 startPage=1
[2026-04-05T20:12:01.948Z] [INFO] [review banyo-ve-ev-gerecleri/725848774] page=2 +8 reviews (unique=16)
[2026-04-05T20:12:01.975Z] [INFO] [review banyo-ve-ev-gerecleri/507256255] page=4 +8 reviews (unique=32)
[2026-04-05T20:12:01.984Z] [INFO] [review banyo-ve-ev-gerecleri/386434839] page=5 +8 reviews (unique=40)
[2026-04-05T20:12:02.006Z] [INFO] [REVIEW PARTIAL SAVED] /mnt/c/Developer/Review_AI/scraper_project/raw_data/banyo-ve-ev-gerecleri/386434839_reviews.partial.json
[2026-04-05T20:12:02.225Z] [INFO] [review banyo-ve-ev-gerecleri/694943597] page=1 +8 reviews (unique=8)
[2026-04-05T20:12:02.413Z] [INFO] [review banyo-ve-ev-gerecleri/550376528] page=9 +8 reviews (unique=72)
[2026-04-05T20:12:02.481Z] [INFO] [review banyo-ve-ev-gerecleri/733282484] page=5 +8 reviews (unique=40)
[2026-04-05T20:12:02.494Z] [INFO] [REVIEW PARTIAL SAVED] /mnt/c/Developer/Review_AI/scraper_project/raw_data/banyo-ve-ev-gerecleri/733282484_reviews.partial.json
[2026-04-05T20:12:02.630Z] [INFO] 
[START REVIEW] category=banyo-ve-ev-gerecleri productId=470600356 startPage=1
[2026-04-05T20:12:02.661Z] [INFO] [review banyo-ve-ev-gerecleri/507256255] page=5 +8 reviews (unique=40)
[2026-04-05T20:12:02.675Z] [INFO] [REVIEW PARTIAL SAVED] /mnt/c/Developer/Review_AI/scraper_project/raw_data/banyo-ve-ev-gerecleri/507256255_reviews.partial.json
[2026-04-05T20:12:02.742Z] [INFO] [review banyo-ve-ev-gerecleri/386434839] page=6 +8 reviews (unique=48)
[2026-04-05T20:12:02.769Z] [INFO] [review banyo-ve-ev-gerecleri/725848774] page=3 +1 reviews (unique=17)
[2026-04-05T20:12:02.785Z] [INFO] [REVIEW SAVED] /mnt/c/Developer/Review_AI/scraper_project/raw_data/banyo-ve-ev-gerecleri/725848774_reviews.json
[2026-04-05T20:12:02.809Z] [INFO] 
[REVIEW WORKER 2] starting banyo-ve-ev-gerecleri/722042887
[2026-04-05T20:12:02.840Z] [INFO] [review banyo-ve-ev-gerecleri/694943597] page=2 +8 reviews (unique=16)
[2026-04-05T20:12:02.979Z] [INFO] [review banyo-ve-ev-gerecleri/470600356] page=1 +8 reviews (unique=8)
[2026-04-05T20:12:03.085Z] [INFO] [review banyo-ve-ev-gerecleri/550376528] page=10 +8 reviews (unique=80)
[2026-04-05T20:12:03.101Z] [INFO] [REVIEW PARTIAL SAVED] /mnt/c/Developer/Review_AI/scraper_project/raw_data/banyo-ve-ev-gerecleri/550376528_reviews.partial.json
[2026-04-05T20:12:03.170Z] [INFO] [review banyo-ve-ev-gerecleri/733282484] page=6 +8 reviews (unique=48)
[2026-04-05T20:12:03.294Z] [INFO] [review banyo-ve-ev-gerecleri/507256255] page=6 +8 reviews (unique=48)
[2026-04-05T20:12:03.397Z] [INFO] [review banyo-ve-ev-gerecleri/386434839] page=7 +8 reviews (unique=56)
[2026-04-05T20:12:03.523Z] [INFO] [review banyo-ve-ev-gerecleri/694943597] page=3 +8 reviews (unique=24)
[2026-04-05T20:12:03.724Z] [INFO] [review banyo-ve-ev-gerecleri/470600356] page=2 +8 reviews (unique=16)
[2026-04-05T20:12:03.785Z] [INFO] [review banyo-ve-ev-gerecleri/550376528] page=11 +8 reviews (unique=88)
[2026-04-05T20:12:03.847Z] [INFO] [review banyo-ve-ev-gerecleri/733282484] page=7 +8 reviews (unique=56)
[2026-04-05T20:12:04.001Z] [INFO] [review banyo-ve-ev-gerecleri/507256255] page=7 +8 reviews (unique=56)
[2026-04-05T20:12:04.038Z] [INFO] [review banyo-ve-ev-gerecleri/386434839] page=8 +8 reviews (unique=64)
[2026-04-05T20:12:04.100Z] [INFO] 
[START REVIEW] category=banyo-ve-ev-gerecleri productId=647233365 startPage=1
[2026-04-05T20:12:04.138Z] [INFO] [review banyo-ve-ev-gerecleri/694943597] page=4 +8 reviews (unique=32)
[2026-04-05T20:12:04.371Z] [INFO] [review banyo-ve-ev-gerecleri/647233365] page=1 +8 reviews (unique=8)
[2026-04-05T20:12:04.454Z] [INFO] [review banyo-ve-ev-gerecleri/470600356] page=3 +8 reviews (unique=24)
[2026-04-05T20:12:04.493Z] [INFO] [review banyo-ve-ev-gerecleri/550376528] page=12 +8 reviews (unique=96)
[2026-04-05T20:12:04.589Z] [INFO] [review banyo-ve-ev-gerecleri/733282484] page=8 +6 reviews (unique=62)
[2026-04-05T20:12:04.630Z] [INFO] [REVIEW SAVED] /mnt/c/Developer/Review_AI/scraper_project/raw_data/banyo-ve-ev-gerecleri/733282484_reviews.json
[2026-04-05T20:12:04.663Z] [INFO] 
[REVIEW WORKER 9] starting banyo-ve-ev-gerecleri/579683843
[2026-04-05T20:12:04.727Z] [INFO] [review banyo-ve-ev-gerecleri/507256255] page=8 +8 reviews (unique=64)
[2026-04-05T20:12:04.782Z] [INFO] [review banyo-ve-ev-gerecleri/386434839] page=9 +8 reviews (unique=72)
[2026-04-05T20:12:04.822Z] [INFO] [review banyo-ve-ev-gerecleri/694943597] page=5 +8 reviews (unique=40)
[2026-04-05T20:12:04.838Z] [INFO] [REVIEW PARTIAL SAVED] /mnt/c/Developer/Review_AI/scraper_project/raw_data/banyo-ve-ev-gerecleri/694943597_reviews.partial.json
[2026-04-05T20:12:04.890Z] [INFO] 
[START REVIEW] category=banyo-ve-ev-gerecleri productId=651490141 startPage=1
[2026-04-05T20:12:05.002Z] [INFO] [review banyo-ve-ev-gerecleri/647233365] page=2 +2 reviews (unique=10)
[2026-04-05T20:12:05.016Z] [INFO] [REVIEW SAVED] /mnt/c/Developer/Review_AI/scraper_project/raw_data/banyo-ve-ev-gerecleri/647233365_reviews.json
[2026-04-05T20:12:05.040Z] [INFO] 
[REVIEW WORKER 5] starting banyo-ve-ev-gerecleri/571885817
[2026-04-05T20:12:05.115Z] [INFO] [review banyo-ve-ev-gerecleri/470600356] page=4 +8 reviews (unique=32)
[2026-04-05T20:12:05.146Z] [INFO] [review banyo-ve-ev-gerecleri/550376528] page=13 +8 reviews (unique=104)
[2026-04-05T20:12:05.156Z] [INFO] [review banyo-ve-ev-gerecleri/651490141] page=1 +8 reviews (unique=8)
[2026-04-05T20:12:05.229Z] [INFO] 
[START REVIEW] category=banyo-ve-ev-gerecleri productId=679375600 startPage=1
[2026-04-05T20:12:05.398Z] [INFO] [review banyo-ve-ev-gerecleri/507256255] page=9 +8 reviews (unique=72)
[2026-04-05T20:12:05.490Z] [INFO] [review banyo-ve-ev-gerecleri/386434839] page=10 +4 reviews (unique=76)
[2026-04-05T20:12:05.501Z] [INFO] [REVIEW PARTIAL SAVED] /mnt/c/Developer/Review_AI/scraper_project/raw_data/banyo-ve-ev-gerecleri/386434839_reviews.partial.json
[2026-04-05T20:12:05.522Z] [INFO] [REVIEW SAVED] /mnt/c/Developer/Review_AI/scraper_project/raw_data/banyo-ve-ev-gerecleri/386434839_reviews.json
[2026-04-05T20:12:05.526Z] [INFO] [review banyo-ve-ev-gerecleri/694943597] page=6 +8 reviews (unique=48)
[2026-04-05T20:12:05.559Z] [INFO] 
[REVIEW WORKER 6] starting banyo-ve-ev-gerecleri/729856207
[2026-04-05T20:12:05.767Z] [INFO] [review banyo-ve-ev-gerecleri/470600356] page=5 +8 reviews (unique=40)
[2026-04-05T20:12:05.779Z] [INFO] [REVIEW PARTIAL SAVED] /mnt/c/Developer/Review_AI/scraper_project/raw_data/banyo-ve-ev-gerecleri/470600356_reviews.partial.json
[2026-04-05T20:12:05.788Z] [INFO] [review banyo-ve-ev-gerecleri/651490141] page=2 +3 reviews (unique=11)
[2026-04-05T20:12:05.809Z] [INFO] [REVIEW SAVED] /mnt/c/Developer/Review_AI/scraper_project/raw_data/banyo-ve-ev-gerecleri/651490141_reviews.json
[2026-04-05T20:12:05.815Z] [INFO] [review banyo-ve-ev-gerecleri/679375600] page=1 +1 reviews (unique=1)
[2026-04-05T20:12:05.834Z] [INFO] [REVIEW SAVED] /mnt/c/Developer/Review_AI/scraper_project/raw_data/banyo-ve-ev-gerecleri/679375600_reviews.json
[2026-04-05T20:12:05.862Z] [INFO] 
[REVIEW WORKER 10] starting banyo-ve-ev-gerecleri/633853265
[2026-04-05T20:12:05.872Z] [INFO] 
[REVIEW WORKER 7] starting banyo-ve-ev-gerecleri/733150820
[2026-04-05T20:12:05.984Z] [INFO] [review banyo-ve-ev-gerecleri/550376528] page=14 +8 reviews (unique=112)
[2026-04-05T20:12:06.049Z] [INFO] [review banyo-ve-ev-gerecleri/507256255] page=10 +8 reviews (unique=80)
[2026-04-05T20:12:06.063Z] [INFO] [REVIEW PARTIAL SAVED] /mnt/c/Developer/Review_AI/scraper_project/raw_data/banyo-ve-ev-gerecleri/507256255_reviews.partial.json
[2026-04-05T20:12:06.231Z] [INFO] [review banyo-ve-ev-gerecleri/694943597] page=7 +8 reviews (unique=56)
[2026-04-05T20:12:06.506Z] [INFO] [review banyo-ve-ev-gerecleri/470600356] page=6 +8 reviews (unique=48)
[2026-04-05T20:12:06.644Z] [INFO] [review banyo-ve-ev-gerecleri/550376528] page=15 +8 reviews (unique=120)
[2026-04-05T20:12:06.675Z] [INFO] [REVIEW PARTIAL SAVED] /mnt/c/Developer/Review_AI/scraper_project/raw_data/banyo-ve-ev-gerecleri/550376528_reviews.partial.json
[2026-04-05T20:12:06.713Z] [INFO] [review banyo-ve-ev-gerecleri/507256255] page=11 +8 reviews (unique=88)
[2026-04-05T20:12:06.905Z] [INFO] [review banyo-ve-ev-gerecleri/694943597] page=8 +2 reviews (unique=58)
[2026-04-05T20:12:06.944Z] [INFO] [REVIEW SAVED] /mnt/c/Developer/Review_AI/scraper_project/raw_data/banyo-ve-ev-gerecleri/694943597_reviews.json
[2026-04-05T20:12:06.962Z] [INFO] 
[START REVIEW] category=banyo-ve-ev-gerecleri productId=722042887 startPage=1
[2026-04-05T20:12:07.005Z] [INFO] 
[REVIEW WORKER 4] starting banyo-ve-ev-gerecleri/729553541
[2026-04-05T20:12:07.261Z] [INFO] [review banyo-ve-ev-gerecleri/470600356] page=7 +8 reviews (unique=56)
[2026-04-05T20:12:07.329Z] [INFO] [review banyo-ve-ev-gerecleri/722042887] page=1 +8 reviews (unique=8)
[2026-04-05T20:12:07.454Z] [INFO] [review banyo-ve-ev-gerecleri/550376528] page=16 +8 reviews (unique=128)
[2026-04-05T20:12:07.488Z] [INFO] [review banyo-ve-ev-gerecleri/507256255] page=12 +8 reviews (unique=96)
[2026-04-05T20:12:07.900Z] [INFO] [review banyo-ve-ev-gerecleri/470600356] page=8 +8 reviews (unique=64)
[2026-04-05T20:12:08.009Z] [INFO] [review banyo-ve-ev-gerecleri/722042887] page=2 +3 reviews (unique=11)
[2026-04-05T20:12:08.085Z] [INFO] [REVIEW SAVED] /mnt/c/Developer/Review_AI/scraper_project/raw_data/banyo-ve-ev-gerecleri/722042887_reviews.json
[2026-04-05T20:12:08.117Z] [INFO] [review banyo-ve-ev-gerecleri/507256255] page=13 +8 reviews (unique=104)
[2026-04-05T20:12:08.158Z] [INFO] 
[REVIEW WORKER 2] starting banyo-ve-ev-gerecleri/500017940
[2026-04-05T20:12:08.181Z] [INFO] [review banyo-ve-ev-gerecleri/550376528] page=17 +2 reviews (unique=130)
[2026-04-05T20:12:08.299Z] [INFO] [REVIEW SAVED] /mnt/c/Developer/Review_AI/scraper_project/raw_data/banyo-ve-ev-gerecleri/550376528_reviews.json
[2026-04-05T20:12:08.992Z] [INFO] 
[START REVIEW] category=banyo-ve-ev-gerecleri productId=571885817 startPage=1
[2026-04-05T20:12:09.051Z] [INFO] 
[START REVIEW] category=banyo-ve-ev-gerecleri productId=579683843 startPage=1
[2026-04-05T20:12:09.105Z] [INFO] 
[REVIEW WORKER 8] starting banyo-ve-ev-gerecleri/724798959
[2026-04-05T20:12:09.187Z] [INFO] [review banyo-ve-ev-gerecleri/470600356] page=9 +8 reviews (unique=72)
[2026-04-05T20:12:09.445Z] [INFO] [review banyo-ve-ev-gerecleri/507256255] page=14 +8 reviews (unique=112)
[2026-04-05T20:12:09.640Z] [INFO] [review banyo-ve-ev-gerecleri/571885817] page=1 +8 reviews (unique=8)
[2026-04-05T20:12:09.681Z] [INFO] [review banyo-ve-ev-gerecleri/579683843] page=1 +8 reviews (unique=8)
[2026-04-05T20:12:10.082Z] [INFO] [review banyo-ve-ev-gerecleri/470600356] page=10 +6 reviews (unique=78)
[2026-04-05T20:12:10.123Z] [INFO] [REVIEW PARTIAL SAVED] /mnt/c/Developer/Review_AI/scraper_project/raw_data/banyo-ve-ev-gerecleri/470600356_reviews.partial.json
[2026-04-05T20:12:10.186Z] [INFO] [REVIEW SAVED] /mnt/c/Developer/Review_AI/scraper_project/raw_data/banyo-ve-ev-gerecleri/470600356_reviews.json
[2026-04-05T20:12:10.233Z] [INFO] 
[REVIEW WORKER 1] starting banyo-ve-ev-gerecleri/692133183
[2026-04-05T20:12:10.336Z] [INFO] [review banyo-ve-ev-gerecleri/507256255] page=15 +7 reviews (unique=119)
[2026-04-05T20:12:10.363Z] [INFO] [REVIEW PARTIAL SAVED] /mnt/c/Developer/Review_AI/scraper_project/raw_data/banyo-ve-ev-gerecleri/507256255_reviews.partial.json
[2026-04-05T20:12:10.404Z] [INFO] [REVIEW SAVED] /mnt/c/Developer/Review_AI/scraper_project/raw_data/banyo-ve-ev-gerecleri/507256255_reviews.json
[2026-04-05T20:12:10.445Z] [INFO] 
[START REVIEW] category=banyo-ve-ev-gerecleri productId=633853265 startPage=1
[2026-04-05T20:12:10.457Z] [INFO] 
[REVIEW WORKER 3] starting banyo-ve-ev-gerecleri/729250871
[2026-04-05T20:12:10.558Z] [INFO] [review banyo-ve-ev-gerecleri/571885817] page=2 +8 reviews (unique=16)
[2026-04-05T20:12:10.577Z] [INFO] [review banyo-ve-ev-gerecleri/579683843] page=2 +8 reviews (unique=16)
[2026-04-05T20:12:10.970Z] [INFO] [review banyo-ve-ev-gerecleri/633853265] page=1 +8 reviews (unique=8)
[2026-04-05T20:12:11.128Z] [INFO] 
[START REVIEW] category=banyo-ve-ev-gerecleri productId=729856207 startPage=1
[2026-04-05T20:12:11.147Z] [INFO] 
[START REVIEW] category=banyo-ve-ev-gerecleri productId=733150820 startPage=1
[2026-04-05T20:12:11.314Z] [INFO] [review banyo-ve-ev-gerecleri/571885817] page=3 +8 reviews (unique=24)
[2026-04-05T20:12:11.328Z] [INFO] [review banyo-ve-ev-gerecleri/579683843] page=3 +8 reviews (unique=24)
[2026-04-05T20:12:11.657Z] [INFO] [review banyo-ve-ev-gerecleri/729856207] page=1 +8 reviews (unique=8)
[2026-04-05T20:12:11.683Z] [INFO] [REVIEW SAVED] /mnt/c/Developer/Review_AI/scraper_project/raw_data/banyo-ve-ev-gerecleri/729856207_reviews.json
[2026-04-05T20:12:11.688Z] [INFO] [review banyo-ve-ev-gerecleri/733150820] page=1 +8 reviews (unique=8)
[2026-04-05T20:12:11.726Z] [INFO] 
[REVIEW WORKER 6] starting banyo-ve-ev-gerecleri/585649160
[2026-04-05T20:12:11.815Z] [INFO] [review banyo-ve-ev-gerecleri/633853265] page=2 +8 reviews (unique=16)
[2026-04-05T20:12:11.980Z] [INFO] [review banyo-ve-ev-gerecleri/571885817] page=4 +8 reviews (unique=32)
[2026-04-05T20:12:12.031Z] [INFO] [review banyo-ve-ev-gerecleri/579683843] page=4 +8 reviews (unique=32)
[2026-04-05T20:12:12.439Z] [INFO] [review banyo-ve-ev-gerecleri/733150820] page=2 +8 reviews (unique=16)
[2026-04-05T20:12:12.558Z] [INFO] [review banyo-ve-ev-gerecleri/633853265] page=3 +8 reviews (unique=24)
[2026-04-05T20:12:12.691Z] [INFO] 
[START REVIEW] category=banyo-ve-ev-gerecleri productId=729553541 startPage=1
[2026-04-05T20:12:12.735Z] [INFO] [review banyo-ve-ev-gerecleri/571885817] page=5 +7 reviews (unique=39)
[2026-04-05T20:12:12.743Z] [INFO] [REVIEW PARTIAL SAVED] /mnt/c/Developer/Review_AI/scraper_project/raw_data/banyo-ve-ev-gerecleri/571885817_reviews.partial.json
[2026-04-05T20:12:12.756Z] [INFO] [REVIEW SAVED] /mnt/c/Developer/Review_AI/scraper_project/raw_data/banyo-ve-ev-gerecleri/571885817_reviews.json
[2026-04-05T20:12:12.778Z] [INFO] 
[REVIEW WORKER 5] starting banyo-ve-ev-gerecleri/733282327
[2026-04-05T20:12:12.894Z] [INFO] [review banyo-ve-ev-gerecleri/579683843] page=5 +8 reviews (unique=40)
[2026-04-05T20:12:12.920Z] [INFO] [REVIEW PARTIAL SAVED] /mnt/c/Developer/Review_AI/scraper_project/raw_data/banyo-ve-ev-gerecleri/579683843_reviews.partial.json
[2026-04-05T20:12:12.968Z] [INFO] [review banyo-ve-ev-gerecleri/729553541] page=1 +1 reviews (unique=1)
[2026-04-05T20:12:13.004Z] [INFO] [REVIEW SAVED] /mnt/c/Developer/Review_AI/scraper_project/raw_data/banyo-ve-ev-gerecleri/729553541_reviews.json
[2026-04-05T20:12:13.037Z] [INFO] 
[REVIEW WORKER 4] starting banyo-ve-ev-gerecleri/727319128
[2026-04-05T20:12:13.195Z] [INFO] [review banyo-ve-ev-gerecleri/733150820] page=3 +6 reviews (unique=22)
[2026-04-05T20:12:13.234Z] [INFO] [REVIEW SAVED] /mnt/c/Developer/Review_AI/scraper_project/raw_data/banyo-ve-ev-gerecleri/733150820_reviews.json
[2026-04-05T20:12:13.275Z] [INFO] 
[REVIEW WORKER 7] starting banyo-ve-ev-gerecleri/654417794
[2026-04-05T20:12:13.367Z] [INFO] [review banyo-ve-ev-gerecleri/633853265] page=4 +8 reviews (unique=32)
[2026-04-05T20:12:13.671Z] [INFO] 
[START REVIEW] category=banyo-ve-ev-gerecleri productId=724798959 startPage=1
[2026-04-05T20:12:13.684Z] [INFO] [review banyo-ve-ev-gerecleri/579683843] page=6 +8 reviews (unique=48)
[2026-04-05T20:12:13.969Z] [INFO] [review banyo-ve-ev-gerecleri/724798959] page=1 +5 reviews (unique=5)
[2026-04-05T20:12:13.995Z] [INFO] [REVIEW SAVED] /mnt/c/Developer/Review_AI/scraper_project/raw_data/banyo-ve-ev-gerecleri/724798959_reviews.json
[2026-04-05T20:12:14.033Z] [INFO] 
[REVIEW WORKER 8] starting banyo-ve-ev-gerecleri/684972376
[2026-04-05T20:12:14.145Z] [INFO] 
[START REVIEW] category=banyo-ve-ev-gerecleri productId=500017940 startPage=1
[2026-04-05T20:12:14.173Z] [INFO] [review banyo-ve-ev-gerecleri/633853265] page=5 +8 reviews (unique=40)
[2026-04-05T20:12:14.202Z] [INFO] [REVIEW PARTIAL SAVED] /mnt/c/Developer/Review_AI/scraper_project/raw_data/banyo-ve-ev-gerecleri/633853265_reviews.partial.json
[2026-04-05T20:12:14.462Z] [INFO] [review banyo-ve-ev-gerecleri/579683843] page=7 +8 reviews (unique=56)
[2026-04-05T20:12:14.574Z] [INFO] [review banyo-ve-ev-gerecleri/500017940] page=1 +8 reviews (unique=8)
[2026-04-05T20:12:14.740Z] [INFO] 
[START REVIEW] category=banyo-ve-ev-gerecleri productId=692133183 startPage=1
[2026-04-05T20:12:14.950Z] [INFO] [review banyo-ve-ev-gerecleri/633853265] page=6 +8 reviews (unique=48)
[2026-04-05T20:12:15.097Z] [INFO] [review banyo-ve-ev-gerecleri/692133183] page=1 +8 reviews (unique=8)
[2026-04-05T20:12:15.167Z] [INFO] [review banyo-ve-ev-gerecleri/579683843] page=8 +8 reviews (unique=64)
[2026-04-05T20:12:15.201Z] [INFO] [review banyo-ve-ev-gerecleri/500017940] page=2 +1 reviews (unique=9)
[2026-04-05T20:12:15.262Z] [INFO] [REVIEW SAVED] /mnt/c/Developer/Review_AI/scraper_project/raw_data/banyo-ve-ev-gerecleri/500017940_reviews.json
[2026-04-05T20:12:15.310Z] [INFO] 
[REVIEW WORKER 2] starting banyo-ve-ev-gerecleri/647234271
[2026-04-05T20:12:15.487Z] [INFO] 
[START REVIEW] category=banyo-ve-ev-gerecleri productId=729250871 startPage=1
[2026-04-05T20:12:15.840Z] [INFO] [review banyo-ve-ev-gerecleri/633853265] page=7 +8 reviews (unique=56)
[2026-04-05T20:12:16.178Z] [INFO] [review banyo-ve-ev-gerecleri/692133183] page=2 +8 reviews (unique=16)
[2026-04-05T20:12:16.260Z] [INFO] [review banyo-ve-ev-gerecleri/579683843] page=9 +8 reviews (unique=72)
[2026-04-05T20:12:16.308Z] [INFO] [review banyo-ve-ev-gerecleri/729250871] page=1 +8 reviews (unique=8)
[2026-04-05T20:12:16.898Z] [INFO] [review banyo-ve-ev-gerecleri/633853265] page=8 +8 reviews (unique=64)
[2026-04-05T20:12:17.037Z] [INFO] [review banyo-ve-ev-gerecleri/692133183] page=3 +8 reviews (unique=24)
[2026-04-05T20:12:17.194Z] [INFO] [review banyo-ve-ev-gerecleri/729250871] page=2 +8 reviews (unique=16)
[2026-04-05T20:12:17.321Z] [INFO] [review banyo-ve-ev-gerecleri/579683843] page=10 +8 reviews (unique=80)
[2026-04-05T20:12:17.392Z] [INFO] [REVIEW PARTIAL SAVED] /mnt/c/Developer/Review_AI/scraper_project/raw_data/banyo-ve-ev-gerecleri/579683843_reviews.partial.json
[2026-04-05T20:12:17.685Z] [INFO] 
[START REVIEW] category=banyo-ve-ev-gerecleri productId=585649160 startPage=1
[2026-04-05T20:12:17.734Z] [INFO] 
[START REVIEW] category=banyo-ve-ev-gerecleri productId=733282327 startPage=1
[2026-04-05T20:12:17.854Z] [INFO] [review banyo-ve-ev-gerecleri/633853265] page=9 +8 reviews (unique=72)
[2026-04-05T20:12:17.888Z] [INFO] [review banyo-ve-ev-gerecleri/692133183] page=4 +6 reviews (unique=30)
[2026-04-05T20:12:17.981Z] [INFO] [REVIEW SAVED] /mnt/c/Developer/Review_AI/scraper_project/raw_data/banyo-ve-ev-gerecleri/692133183_reviews.json
[2026-04-05T20:12:18.072Z] [INFO] 
[START REVIEW] category=banyo-ve-ev-gerecleri productId=654417794 startPage=1
[2026-04-05T20:12:18.112Z] [INFO] 
[REVIEW WORKER 1] starting banyo-ve-ev-gerecleri/598531904
[2026-04-05T20:12:18.259Z] [INFO] [review banyo-ve-ev-gerecleri/585649160] page=1 +8 reviews (unique=8)
[2026-04-05T20:12:18.327Z] [INFO] [review banyo-ve-ev-gerecleri/579683843] page=11 +8 reviews (unique=88)
[2026-04-05T20:12:18.548Z] [INFO] [review banyo-ve-ev-gerecleri/633853265] page=10 +8 reviews (unique=80)
[2026-04-05T20:12:18.578Z] [INFO] [REVIEW PARTIAL SAVED] /mnt/c/Developer/Review_AI/scraper_project/raw_data/banyo-ve-ev-gerecleri/633853265_reviews.partial.json
[2026-04-05T20:12:18.664Z] [INFO] 
[START REVIEW] category=banyo-ve-ev-gerecleri productId=727319128 startPage=1
[2026-04-05T20:12:18.682Z] [INFO] [review banyo-ve-ev-gerecleri/733282327] page=1 +8 reviews (unique=8)
[2026-04-05T20:12:18.703Z] [INFO] [review banyo-ve-ev-gerecleri/654417794] page=1 +8 reviews (unique=8)
[2026-04-05T20:12:18.989Z] [INFO] [review banyo-ve-ev-gerecleri/579683843] page=12 +8 reviews (unique=96)
[2026-04-05T20:12:19.059Z] [INFO] [review banyo-ve-ev-gerecleri/585649160] page=2 +8 reviews (unique=16)
[2026-04-05T20:12:19.194Z] [INFO] [review banyo-ve-ev-gerecleri/727319128] page=1 +0 reviews (unique=0)
[2026-04-05T20:12:19.237Z] [INFO] [REVIEW SAVED] /mnt/c/Developer/Review_AI/scraper_project/raw_data/banyo-ve-ev-gerecleri/727319128_reviews.json
[2026-04-05T20:12:19.302Z] [INFO] 
[REVIEW WORKER 4] starting banyo-ve-ev-gerecleri/590112866
[2026-04-05T20:12:19.349Z] [INFO] [review banyo-ve-ev-gerecleri/633853265] page=11 +8 reviews (unique=88)
[2026-04-05T20:12:19.435Z] [INFO] [review banyo-ve-ev-gerecleri/654417794] page=2 +8 reviews (unique=16)
[2026-04-05T20:12:19.581Z] [INFO] [review banyo-ve-ev-gerecleri/733282327] page=2 +8 reviews (unique=16)
[2026-04-05T20:12:19.756Z] [INFO] [review banyo-ve-ev-gerecleri/585649160] page=3 +8 reviews (unique=24)
[2026-04-05T20:12:19.851Z] [INFO] [review banyo-ve-ev-gerecleri/579683843] page=13 +8 reviews (unique=104)
[2026-04-05T20:12:19.898Z] [INFO] 
[START REVIEW] category=banyo-ve-ev-gerecleri productId=684972376 startPage=1
[2026-04-05T20:12:19.994Z] [INFO] [review banyo-ve-ev-gerecleri/633853265] page=12 +8 reviews (unique=96)
[2026-04-05T20:12:20.116Z] [INFO] [review banyo-ve-ev-gerecleri/654417794] page=3 +8 reviews (unique=24)
[2026-04-05T20:12:20.160Z] [INFO] [review banyo-ve-ev-gerecleri/684972376] page=1 +8 reviews (unique=8)
[2026-04-05T20:12:20.272Z] [INFO] [review banyo-ve-ev-gerecleri/733282327] page=3 +8 reviews (unique=24)
[2026-04-05T20:12:20.287Z] [INFO] [REVIEW SAVED] /mnt/c/Developer/Review_AI/scraper_project/raw_data/banyo-ve-ev-gerecleri/733282327_reviews.json
[2026-04-05T20:12:20.307Z] [INFO] 
[REVIEW WORKER 5] starting banyo-ve-ev-gerecleri/713155988
[2026-04-05T20:12:20.393Z] [INFO] [review banyo-ve-ev-gerecleri/585649160] page=4 +8 reviews (unique=32)
[2026-04-05T20:12:20.606Z] [INFO] [review banyo-ve-ev-gerecleri/579683843] page=14 +8 reviews (unique=112)
[2026-04-05T20:12:20.708Z] [INFO] 
[START REVIEW] category=banyo-ve-ev-gerecleri productId=647234271 startPage=1
[2026-04-05T20:12:20.711Z] [INFO] [review banyo-ve-ev-gerecleri/633853265] page=13 +8 reviews (unique=104)
[2026-04-05T20:12:20.824Z] [INFO] [review banyo-ve-ev-gerecleri/684972376] page=2 +4 reviews (unique=12)
[2026-04-05T20:12:20.840Z] [INFO] [REVIEW SAVED] /mnt/c/Developer/Review_AI/scraper_project/raw_data/banyo-ve-ev-gerecleri/684972376_reviews.json
[2026-04-05T20:12:20.847Z] [INFO] [review banyo-ve-ev-gerecleri/654417794] page=4 +8 reviews (unique=32)
[2026-04-05T20:12:20.871Z] [INFO] 
[REVIEW WORKER 8] starting banyo-ve-ev-gerecleri/514521311
[2026-04-05T20:12:21.115Z] [INFO] [review banyo-ve-ev-gerecleri/585649160] page=5 +5 reviews (unique=37)
[2026-04-05T20:12:21.135Z] [INFO] [REVIEW PARTIAL SAVED] /mnt/c/Developer/Review_AI/scraper_project/raw_data/banyo-ve-ev-gerecleri/585649160_reviews.partial.json
[2026-04-05T20:12:21.163Z] [INFO] [REVIEW SAVED] /mnt/c/Developer/Review_AI/scraper_project/raw_data/banyo-ve-ev-gerecleri/585649160_reviews.json
[2026-04-05T20:12:21.204Z] [INFO] 
[REVIEW WORKER 6] starting banyo-ve-ev-gerecleri/604365683
[2026-04-05T20:12:21.302Z] [INFO] [review banyo-ve-ev-gerecleri/579683843] page=15 +8 reviews (unique=120)
[2026-04-05T20:12:21.333Z] [INFO] [REVIEW PARTIAL SAVED] /mnt/c/Developer/Review_AI/scraper_project/raw_data/banyo-ve-ev-gerecleri/579683843_reviews.partial.json
[2026-04-05T20:12:21.371Z] [INFO] [review banyo-ve-ev-gerecleri/633853265] page=14 +8 reviews (unique=112)
[2026-04-05T20:12:21.599Z] [INFO] [review banyo-ve-ev-gerecleri/654417794] page=5 +8 reviews (unique=40)
[2026-04-05T20:12:21.611Z] [INFO] [REVIEW PARTIAL SAVED] /mnt/c/Developer/Review_AI/scraper_project/raw_data/banyo-ve-ev-gerecleri/654417794_reviews.partial.json
[2026-04-05T20:12:21.977Z] [INFO] [review banyo-ve-ev-gerecleri/633853265] page=15 +8 reviews (unique=120)
[2026-04-05T20:12:21.992Z] [INFO] [REVIEW PARTIAL SAVED] /mnt/c/Developer/Review_AI/scraper_project/raw_data/banyo-ve-ev-gerecleri/633853265_reviews.partial.json
[2026-04-05T20:12:22.017Z] [INFO] [review banyo-ve-ev-gerecleri/579683843] page=16 +8 reviews (unique=128)
[2026-04-05T20:12:22.091Z] [INFO] [review banyo-ve-ev-gerecleri/729250871] page=3 +8 reviews (unique=24)
[2026-04-05T20:12:22.286Z] [INFO] 
[START REVIEW] category=banyo-ve-ev-gerecleri productId=598531904 startPage=1
[2026-04-05T20:12:22.295Z] [INFO] [review banyo-ve-ev-gerecleri/654417794] page=6 +8 reviews (unique=48)
[2026-04-05T20:12:22.554Z] [INFO] [review banyo-ve-ev-gerecleri/598531904] page=1 +8 reviews (unique=8)
[2026-04-05T20:12:22.611Z] [INFO] [review banyo-ve-ev-gerecleri/633853265] page=16 +8 reviews (unique=128)
[2026-04-05T20:12:22.674Z] [INFO] [review banyo-ve-ev-gerecleri/579683843] page=17 +8 reviews (unique=136)
[2026-04-05T20:12:22.844Z] [INFO] [review banyo-ve-ev-gerecleri/729250871] page=4 +8 reviews (unique=32)
[2026-04-05T20:12:23.000Z] [INFO] [review banyo-ve-ev-gerecleri/654417794] page=7 +8 reviews (unique=56)
[2026-04-05T20:12:23.156Z] [INFO] 
[START REVIEW] category=banyo-ve-ev-gerecleri productId=590112866 startPage=1
[2026-04-05T20:12:23.243Z] [INFO] [review banyo-ve-ev-gerecleri/647234271] page=1 +7 reviews (unique=7)
[2026-04-05T20:12:23.287Z] [INFO] [REVIEW SAVED] /mnt/c/Developer/Review_AI/scraper_project/raw_data/banyo-ve-ev-gerecleri/647234271_reviews.json
[2026-04-05T20:12:23.327Z] [INFO] 
[REVIEW WORKER 2] starting banyo-ve-ev-gerecleri/728918084
[2026-04-05T20:12:23.376Z] [INFO] [review banyo-ve-ev-gerecleri/598531904] page=2 +8 reviews (unique=16)
[2026-04-05T20:12:23.481Z] [INFO] [review banyo-ve-ev-gerecleri/633853265] page=17 +8 reviews (unique=136)
[2026-04-05T20:12:23.502Z] [INFO] [review banyo-ve-ev-gerecleri/579683843] page=18 +8 reviews (unique=144)
[2026-04-05T20:12:23.540Z] [INFO] [review banyo-ve-ev-gerecleri/590112866] page=1 +8 reviews (unique=8)
[2026-04-05T20:12:23.755Z] [INFO] [review banyo-ve-ev-gerecleri/729250871] page=5 +8 reviews (unique=40)
[2026-04-05T20:12:23.791Z] [INFO] [REVIEW PARTIAL SAVED] /mnt/c/Developer/Review_AI/scraper_project/raw_data/banyo-ve-ev-gerecleri/729250871_reviews.partial.json
[2026-04-05T20:12:23.806Z] [INFO] [review banyo-ve-ev-gerecleri/654417794] page=8 +8 reviews (unique=64)
[2026-04-05T20:12:24.150Z] [INFO] [review banyo-ve-ev-gerecleri/598531904] page=3 +4 reviews (unique=20)
[2026-04-05T20:12:24.200Z] [INFO] [REVIEW SAVED] /mnt/c/Developer/Review_AI/scraper_project/raw_data/banyo-ve-ev-gerecleri/598531904_reviews.json
[2026-04-05T20:12:24.223Z] [INFO] [review banyo-ve-ev-gerecleri/633853265] page=18 +8 reviews (unique=144)
[2026-04-05T20:12:24.243Z] [INFO] [review banyo-ve-ev-gerecleri/579683843] page=19 +8 reviews (unique=152)
[2026-04-05T20:12:24.287Z] [INFO] 
[REVIEW WORKER 1] starting banyo-ve-ev-gerecleri/532956156
[2026-04-05T20:12:24.306Z] [INFO] [review banyo-ve-ev-gerecleri/590112866] page=2 +8 reviews (unique=16)
[2026-04-05T20:12:24.380Z] [INFO] 
[START REVIEW] category=banyo-ve-ev-gerecleri productId=713155988 startPage=1
[2026-04-05T20:12:24.484Z] [INFO] [review banyo-ve-ev-gerecleri/654417794] page=9 +8 reviews (unique=72)
[2026-04-05T20:12:24.514Z] [INFO] [review banyo-ve-ev-gerecleri/729250871] page=6 +8 reviews (unique=48)
[2026-04-05T20:12:24.640Z] [INFO] [review banyo-ve-ev-gerecleri/713155988] page=1 +1 reviews (unique=1)
[2026-04-05T20:12:24.653Z] [INFO] [REVIEW SAVED] /mnt/c/Developer/Review_AI/scraper_project/raw_data/banyo-ve-ev-gerecleri/713155988_reviews.json
[2026-04-05T20:12:24.677Z] [INFO] 
[REVIEW WORKER 5] starting banyo-ve-ev-gerecleri/595778040
[2026-04-05T20:12:24.798Z] [INFO] 
[START REVIEW] category=banyo-ve-ev-gerecleri productId=514521311 startPage=1
[2026-04-05T20:12:24.864Z] [INFO] [review banyo-ve-ev-gerecleri/633853265] page=19 +8 reviews (unique=152)
[2026-04-05T20:12:24.881Z] [INFO] [review banyo-ve-ev-gerecleri/579683843] page=20 +8 reviews (unique=160)
[2026-04-05T20:12:24.902Z] [INFO] [REVIEW PARTIAL SAVED] /mnt/c/Developer/Review_AI/scraper_project/raw_data/banyo-ve-ev-gerecleri/579683843_reviews.partial.json
[2026-04-05T20:12:25.049Z] [INFO] [review banyo-ve-ev-gerecleri/590112866] page=3 +8 reviews (unique=24)
[2026-04-05T20:12:25.057Z] [INFO] [review banyo-ve-ev-gerecleri/514521311] page=1 +8 reviews (unique=8)
[2026-04-05T20:12:25.149Z] [INFO] [review banyo-ve-ev-gerecleri/729250871] page=7 +8 reviews (unique=56)
[2026-04-05T20:12:25.158Z] [INFO] [review banyo-ve-ev-gerecleri/654417794] page=10 +8 reviews (unique=80)
[2026-04-05T20:12:25.175Z] [INFO] [REVIEW PARTIAL SAVED] /mnt/c/Developer/Review_AI/scraper_project/raw_data/banyo-ve-ev-gerecleri/654417794_reviews.partial.json
[2026-04-05T20:12:25.463Z] [INFO] 
[START REVIEW] category=banyo-ve-ev-gerecleri productId=604365683 startPage=1
[2026-04-05T20:12:25.476Z] [INFO] [review banyo-ve-ev-gerecleri/633853265] page=20 +8 reviews (unique=160)
[2026-04-05T20:12:25.487Z] [INFO] [REVIEW PARTIAL SAVED] /mnt/c/Developer/Review_AI/scraper_project/raw_data/banyo-ve-ev-gerecleri/633853265_reviews.partial.json
[2026-04-05T20:12:25.572Z] [INFO] [review banyo-ve-ev-gerecleri/579683843] page=21 +8 reviews (unique=168)
[2026-04-05T20:12:25.669Z] [INFO] [review banyo-ve-ev-gerecleri/514521311] page=2 +8 reviews (unique=16)
[2026-04-05T20:12:25.707Z] [INFO] [review banyo-ve-ev-gerecleri/590112866] page=4 +8 reviews (unique=32)
[2026-04-05T20:12:25.733Z] [INFO] [review banyo-ve-ev-gerecleri/604365683] page=1 +8 reviews (unique=8)
[2026-04-05T20:12:25.747Z] [INFO] [REVIEW SAVED] /mnt/c/Developer/Review_AI/scraper_project/raw_data/banyo-ve-ev-gerecleri/604365683_reviews.json
[2026-04-05T20:12:25.764Z] [INFO] 
[REVIEW WORKER 6] starting banyo-ve-ev-gerecleri/549144097
[2026-04-05T20:12:25.778Z] [INFO] [review banyo-ve-ev-gerecleri/729250871] page=8 +8 reviews (unique=64)
[2026-04-05T20:12:25.981Z] [INFO] [review banyo-ve-ev-gerecleri/654417794] page=11 +8 reviews (unique=88)
[2026-04-05T20:12:26.104Z] [INFO] [review banyo-ve-ev-gerecleri/633853265] page=21 +8 reviews (unique=168)
[2026-04-05T20:12:26.274Z] [INFO] [review banyo-ve-ev-gerecleri/579683843] page=22 +8 reviews (unique=176)
[2026-04-05T20:12:26.370Z] [INFO] [review banyo-ve-ev-gerecleri/514521311] page=3 +7 reviews (unique=23)
[2026-04-05T20:12:26.383Z] [INFO] [REVIEW SAVED] /mnt/c/Developer/Review_AI/scraper_project/raw_data/banyo-ve-ev-gerecleri/514521311_reviews.json
[2026-04-05T20:12:26.402Z] [INFO] 
[REVIEW WORKER 8] starting banyo-ve-ev-gerecleri/651591821
[2026-04-05T20:12:26.429Z] [INFO] [review banyo-ve-ev-gerecleri/590112866] page=5 +8 reviews (unique=40)
[2026-04-05T20:12:26.441Z] [INFO] [REVIEW PARTIAL SAVED] /mnt/c/Developer/Review_AI/scraper_project/raw_data/banyo-ve-ev-gerecleri/590112866_reviews.partial.json
[2026-04-05T20:12:26.446Z] [INFO] [review banyo-ve-ev-gerecleri/729250871] page=9 +8 reviews (unique=72)
[2026-04-05T20:12:26.601Z] [INFO] [review banyo-ve-ev-gerecleri/654417794] page=12 +8 reviews (unique=96)
[2026-04-05T20:12:26.790Z] [INFO] [review banyo-ve-ev-gerecleri/633853265] page=22 +8 reviews (unique=176)
[2026-04-05T20:12:26.952Z] [INFO] [review banyo-ve-ev-gerecleri/579683843] page=23 +8 reviews (unique=184)
[2026-04-05T20:12:27.115Z] [INFO] [review banyo-ve-ev-gerecleri/590112866] page=6 +8 reviews (unique=48)
[2026-04-05T20:12:27.179Z] [INFO] [review banyo-ve-ev-gerecleri/729250871] page=10 +8 reviews (unique=80)
[2026-04-05T20:12:27.198Z] [INFO] [REVIEW PARTIAL SAVED] /mnt/c/Developer/Review_AI/scraper_project/raw_data/banyo-ve-ev-gerecleri/729250871_reviews.partial.json
[2026-04-05T20:12:27.251Z] [INFO] [review banyo-ve-ev-gerecleri/654417794] page=13 +8 reviews (unique=104)
[2026-04-05T20:12:27.472Z] [INFO] [review banyo-ve-ev-gerecleri/633853265] page=23 +8 reviews (unique=184)
[2026-04-05T20:12:27.668Z] [INFO] [review banyo-ve-ev-gerecleri/579683843] page=24 +8 reviews (unique=192)
[2026-04-05T20:12:27.805Z] [INFO] 
[START REVIEW] category=banyo-ve-ev-gerecleri productId=728918084 startPage=1
[2026-04-05T20:12:27.815Z] [INFO] [review banyo-ve-ev-gerecleri/590112866] page=7 +8 reviews (unique=56)
[2026-04-05T20:12:27.843Z] [INFO] [review banyo-ve-ev-gerecleri/729250871] page=11 +8 reviews (unique=88)
[2026-04-05T20:12:27.994Z] [INFO] [review banyo-ve-ev-gerecleri/654417794] page=14 +8 reviews (unique=112)
[2026-04-05T20:12:28.045Z] [INFO] [review banyo-ve-ev-gerecleri/728918084] page=1 +1 reviews (unique=1)
[2026-04-05T20:12:28.069Z] [INFO] [REVIEW SAVED] /mnt/c/Developer/Review_AI/scraper_project/raw_data/banyo-ve-ev-gerecleri/728918084_reviews.json
[2026-04-05T20:12:28.106Z] [INFO] 
[REVIEW WORKER 2] starting banyo-ve-ev-gerecleri/658302631
[2026-04-05T20:12:28.215Z] [INFO] 
[START REVIEW] category=banyo-ve-ev-gerecleri productId=532956156 startPage=1
[2026-04-05T20:12:28.237Z] [INFO] [review banyo-ve-ev-gerecleri/633853265] page=24 +8 reviews (unique=192)
[2026-04-05T20:12:28.428Z] [INFO] [review banyo-ve-ev-gerecleri/579683843] page=25 +8 reviews (unique=200)
[2026-04-05T20:12:28.445Z] [INFO] [REVIEW PARTIAL SAVED] /mnt/c/Developer/Review_AI/scraper_project/raw_data/banyo-ve-ev-gerecleri/579683843_reviews.partial.json
[2026-04-05T20:12:28.470Z] [INFO] [review banyo-ve-ev-gerecleri/532956156] page=1 +8 reviews (unique=8)
[2026-04-05T20:12:28.490Z] [INFO] [review banyo-ve-ev-gerecleri/729250871] page=12 +8 reviews (unique=96)
[2026-04-05T20:12:28.509Z] [INFO] 
[START REVIEW] category=banyo-ve-ev-gerecleri productId=595778040 startPage=1
[2026-04-05T20:12:28.524Z] [INFO] [review banyo-ve-ev-gerecleri/590112866] page=8 +8 reviews (unique=64)
[2026-04-05T20:12:28.663Z] [INFO] [review banyo-ve-ev-gerecleri/654417794] page=15 +8 reviews (unique=120)
[2026-04-05T20:12:28.680Z] [INFO] [REVIEW PARTIAL SAVED] /mnt/c/Developer/Review_AI/scraper_project/raw_data/banyo-ve-ev-gerecleri/654417794_reviews.partial.json
[2026-04-05T20:12:28.777Z] [INFO] [review banyo-ve-ev-gerecleri/595778040] page=1 +6 reviews (unique=6)
[2026-04-05T20:12:28.795Z] [INFO] [REVIEW SAVED] /mnt/c/Developer/Review_AI/scraper_project/raw_data/banyo-ve-ev-gerecleri/595778040_reviews.json
[2026-04-05T20:12:28.823Z] [INFO] 
[REVIEW WORKER 5] starting banyo-ve-ev-gerecleri/718777674
[2026-04-05T20:12:28.982Z] [INFO] [review banyo-ve-ev-gerecleri/633853265] page=25 +8 reviews (unique=200)
[2026-04-05T20:12:29.006Z] [INFO] [REVIEW PARTIAL SAVED] /mnt/c/Developer/Review_AI/scraper_project/raw_data/banyo-ve-ev-gerecleri/633853265_reviews.partial.json
[2026-04-05T20:12:29.503Z] [INFO] [review banyo-ve-ev-gerecleri/590112866] page=9 +8 reviews (unique=72)
[2026-04-05T20:12:29.659Z] [INFO] 
[START REVIEW] category=banyo-ve-ev-gerecleri productId=549144097 startPage=1
[2026-04-05T20:12:29.687Z] [INFO] [review banyo-ve-ev-gerecleri/579683843] page=26 +8 reviews (unique=208)
[2026-04-05T20:12:29.788Z] [INFO] [review banyo-ve-ev-gerecleri/633853265] page=26 +8 reviews (unique=208)
[2026-04-05T20:12:29.801Z] [INFO] [review banyo-ve-ev-gerecleri/654417794] page=16 +8 reviews (unique=128)
[2026-04-05T20:12:29.832Z] [INFO] [review banyo-ve-ev-gerecleri/729250871] page=13 +8 reviews (unique=104)
[2026-04-05T20:12:29.969Z] [INFO] [review banyo-ve-ev-gerecleri/549144097] page=1 +8 reviews (unique=8)
[2026-04-05T20:12:29.985Z] [INFO] [review banyo-ve-ev-gerecleri/532956156] page=2 +8 reviews (unique=16)
[2026-04-05T20:12:30.230Z] [INFO] 
[START REVIEW] category=banyo-ve-ev-gerecleri productId=651591821 startPage=1
[2026-04-05T20:12:30.298Z] [INFO] [review banyo-ve-ev-gerecleri/590112866] page=10 +8 reviews (unique=80)
[2026-04-05T20:12:30.317Z] [INFO] [REVIEW PARTIAL SAVED] /mnt/c/Developer/Review_AI/scraper_project/raw_data/banyo-ve-ev-gerecleri/590112866_reviews.partial.json
[2026-04-05T20:12:30.369Z] [INFO] [review banyo-ve-ev-gerecleri/579683843] page=27 +8 reviews (unique=216)
[2026-04-05T20:12:30.492Z] [INFO] [review banyo-ve-ev-gerecleri/633853265] page=27 +8 reviews (unique=216)
[2026-04-05T20:12:30.504Z] [INFO] [review banyo-ve-ev-gerecleri/729250871] page=14 +8 reviews (unique=112)
[2026-04-05T20:12:30.509Z] [INFO] [review banyo-ve-ev-gerecleri/651591821] page=1 +8 reviews (unique=8)
[2026-04-05T20:12:30.519Z] [INFO] [review banyo-ve-ev-gerecleri/654417794] page=17 +8 reviews (unique=136)
[2026-04-05T20:12:30.586Z] [INFO] [review banyo-ve-ev-gerecleri/532956156] page=3 +8 reviews (unique=24)
[2026-04-05T20:12:31.008Z] [INFO] [review banyo-ve-ev-gerecleri/590112866] page=11 +6 reviews (unique=86)
[2026-04-05T20:12:31.024Z] [INFO] [REVIEW SAVED] /mnt/c/Developer/Review_AI/scraper_project/raw_data/banyo-ve-ev-gerecleri/590112866_reviews.json
[2026-04-05T20:12:31.042Z] [INFO] 
[REVIEW WORKER 4] starting banyo-ve-ev-gerecleri/396617854
[2026-04-05T20:12:31.061Z] [INFO] [review banyo-ve-ev-gerecleri/579683843] page=28 +8 reviews (unique=224)
[2026-04-05T20:12:31.166Z] [INFO] [review banyo-ve-ev-gerecleri/549144097] page=2 +8 reviews (unique=16)
[2026-04-05T20:12:31.176Z] [INFO] [review banyo-ve-ev-gerecleri/633853265] page=28 +8 reviews (unique=224)
[2026-04-05T20:12:31.186Z] [INFO] [review banyo-ve-ev-gerecleri/651591821] page=2 +1 reviews (unique=9)
[2026-04-05T20:12:31.206Z] [INFO] [REVIEW SAVED] /mnt/c/Developer/Review_AI/scraper_project/raw_data/banyo-ve-ev-gerecleri/651591821_reviews.json
[2026-04-05T20:12:31.211Z] [INFO] [review banyo-ve-ev-gerecleri/729250871] page=15 +8 reviews (unique=120)
[2026-04-05T20:12:31.234Z] [INFO] [REVIEW PARTIAL SAVED] /mnt/c/Developer/Review_AI/scraper_project/raw_data/banyo-ve-ev-gerecleri/729250871_reviews.partial.json
[2026-04-05T20:12:31.243Z] [INFO] [review banyo-ve-ev-gerecleri/654417794] page=18 +8 reviews (unique=144)
[2026-04-05T20:12:31.265Z] [INFO] 
[REVIEW WORKER 8] starting banyo-ve-ev-gerecleri/642588269
[2026-04-05T20:12:31.337Z] [INFO] [review banyo-ve-ev-gerecleri/532956156] page=4 +8 reviews (unique=32)
[2026-04-05T20:12:31.759Z] [INFO] [review banyo-ve-ev-gerecleri/579683843] page=29 +8 reviews (unique=232)
[2026-04-05T20:12:31.854Z] [INFO] [review banyo-ve-ev-gerecleri/654417794] page=19 +8 reviews (unique=152)
[2026-04-05T20:12:31.867Z] [INFO] [review banyo-ve-ev-gerecleri/633853265] page=29 +4 reviews (unique=228)
[2026-04-05T20:12:31.888Z] [INFO] [REVIEW SAVED] /mnt/c/Developer/Review_AI/scraper_project/raw_data/banyo-ve-ev-gerecleri/633853265_reviews.json
[2026-04-05T20:12:31.894Z] [INFO] [review banyo-ve-ev-gerecleri/729250871] page=16 +8 reviews (unique=128)
[2026-04-05T20:12:31.907Z] [INFO] [review banyo-ve-ev-gerecleri/549144097] page=3 +8 reviews (unique=24)
[2026-04-05T20:12:31.931Z] [INFO] 
[REVIEW WORKER 10] starting banyo-ve-ev-gerecleri/268732902
[2026-04-05T20:12:32.009Z] [INFO] [review banyo-ve-ev-gerecleri/532956156] page=5 +8 reviews (unique=40)
[2026-04-05T20:12:32.031Z] [INFO] [REVIEW PARTIAL SAVED] /mnt/c/Developer/Review_AI/scraper_project/raw_data/banyo-ve-ev-gerecleri/532956156_reviews.partial.json
[2026-04-05T20:12:32.480Z] [INFO] [review banyo-ve-ev-gerecleri/654417794] page=20 +8 reviews (unique=160)
[2026-04-05T20:12:32.496Z] [INFO] [REVIEW PARTIAL SAVED] /mnt/c/Developer/Review_AI/scraper_project/raw_data/banyo-ve-ev-gerecleri/654417794_reviews.partial.json
[2026-04-05T20:12:32.545Z] [INFO] [review banyo-ve-ev-gerecleri/579683843] page=30 +8 reviews (unique=240)
[2026-04-05T20:12:32.558Z] [INFO] [REVIEW PARTIAL SAVED] /mnt/c/Developer/Review_AI/scraper_project/raw_data/banyo-ve-ev-gerecleri/579683843_reviews.partial.json
[2026-04-05T20:12:32.562Z] [INFO] [review banyo-ve-ev-gerecleri/729250871] page=17 +8 reviews (unique=136)
[2026-04-05T20:12:32.632Z] [INFO] [review banyo-ve-ev-gerecleri/549144097] page=4 +8 reviews (unique=32)
[2026-04-05T20:12:32.643Z] [INFO] [review banyo-ve-ev-gerecleri/532956156] page=6 +8 reviews (unique=48)
[2026-04-05T20:12:33.173Z] [INFO] [review banyo-ve-ev-gerecleri/654417794] page=21 +8 reviews (unique=168)
[2026-04-05T20:12:33.193Z] [INFO] [review banyo-ve-ev-gerecleri/729250871] page=18 +8 reviews (unique=144)
[2026-04-05T20:12:33.247Z] [INFO] [review banyo-ve-ev-gerecleri/579683843] page=31 +8 reviews (unique=248)
[2026-04-05T20:12:33.260Z] [INFO] [review banyo-ve-ev-gerecleri/549144097] page=5 +8 reviews (unique=40)
[2026-04-05T20:12:33.270Z] [INFO] [REVIEW PARTIAL SAVED] /mnt/c/Developer/Review_AI/scraper_project/raw_data/banyo-ve-ev-gerecleri/549144097_reviews.partial.json
[2026-04-05T20:12:33.520Z] [INFO] 
[START REVIEW] category=banyo-ve-ev-gerecleri productId=718777674 startPage=1
[2026-04-05T20:12:33.784Z] [INFO] [review banyo-ve-ev-gerecleri/718777674] page=1 +8 reviews (unique=8)
[2026-04-05T20:12:33.806Z] [INFO] [REVIEW SAVED] /mnt/c/Developer/Review_AI/scraper_project/raw_data/banyo-ve-ev-gerecleri/718777674_reviews.json
[2026-04-05T20:12:33.833Z] [INFO] 
[REVIEW WORKER 5] starting banyo-ve-ev-gerecleri/647233360
[2026-04-05T20:12:33.896Z] [INFO] [review banyo-ve-ev-gerecleri/729250871] page=19 +8 reviews (unique=152)
[2026-04-05T20:12:33.908Z] [INFO] [review banyo-ve-ev-gerecleri/654417794] page=22 +8 reviews (unique=176)
[2026-04-05T20:12:33.940Z] [INFO] [review banyo-ve-ev-gerecleri/579683843] page=32 +8 reviews (unique=256)
[2026-04-05T20:12:34.028Z] [INFO] [review banyo-ve-ev-gerecleri/549144097] page=6 +8 reviews (unique=48)
[2026-04-05T20:12:34.530Z] [INFO] [review banyo-ve-ev-gerecleri/729250871] page=20 +8 reviews (unique=160)
[2026-04-05T20:12:34.543Z] [INFO] [REVIEW PARTIAL SAVED] /mnt/c/Developer/Review_AI/scraper_project/raw_data/banyo-ve-ev-gerecleri/729250871_reviews.partial.json
[2026-04-05T20:12:34.688Z] [INFO] [review banyo-ve-ev-gerecleri/579683843] page=33 +8 reviews (unique=264)
[2026-04-05T20:12:34.694Z] [INFO] [review banyo-ve-ev-gerecleri/549144097] page=7 +8 reviews (unique=56)
[2026-04-05T20:12:34.858Z] [INFO] 
[START REVIEW] category=banyo-ve-ev-gerecleri productId=396617854 startPage=1
[2026-04-05T20:12:35.130Z] [INFO] [review banyo-ve-ev-gerecleri/396617854] page=1 +8 reviews (unique=8)
[2026-04-05T20:12:35.191Z] [INFO] 
[START REVIEW] category=banyo-ve-ev-gerecleri productId=642588269 startPage=1
[2026-04-05T20:12:35.211Z] [INFO] [review banyo-ve-ev-gerecleri/654417794] page=23 +8 reviews (unique=184)
[2026-04-05T20:12:35.952Z] [INFO] [review banyo-ve-ev-gerecleri/654417794] page=24 +8 reviews (unique=192)
[2026-04-05T20:12:36.074Z] [INFO] [review banyo-ve-ev-gerecleri/729250871] page=21 +8 reviews (unique=168)
[2026-04-05T20:12:36.180Z] [INFO] [review banyo-ve-ev-gerecleri/396617854] page=2 +8 reviews (unique=16)
[2026-04-05T20:12:36.626Z] [INFO] [review banyo-ve-ev-gerecleri/579683843] page=34 +8 reviews (unique=272)
[2026-04-05T20:12:36.673Z] [INFO] [review banyo-ve-ev-gerecleri/549144097] page=8 +8 reviews (unique=64)
[2026-04-05T20:12:36.681Z] [INFO] [review banyo-ve-ev-gerecleri/642588269] page=1 +0 reviews (unique=0)
[2026-04-05T20:12:36.697Z] [INFO] [REVIEW SAVED] /mnt/c/Developer/Review_AI/scraper_project/raw_data/banyo-ve-ev-gerecleri/642588269_reviews.json
[2026-04-05T20:12:36.711Z] [INFO] 
[REVIEW WORKER 8] starting banyo-ve-ev-gerecleri/725887335
[2026-04-05T20:12:36.783Z] [INFO] [review banyo-ve-ev-gerecleri/396617854] page=3 +1 reviews (unique=17)
[2026-04-05T20:12:36.799Z] [INFO] [REVIEW SAVED] /mnt/c/Developer/Review_AI/scraper_project/raw_data/banyo-ve-ev-gerecleri/396617854_reviews.json
[2026-04-05T20:12:36.815Z] [INFO] 
[REVIEW WORKER 4] starting banyo-ve-ev-gerecleri/732314213
[2026-04-05T20:12:36.831Z] [INFO] [review banyo-ve-ev-gerecleri/729250871] page=22 +8 reviews (unique=176)
[2026-04-05T20:12:37.028Z] [INFO] [review banyo-ve-ev-gerecleri/654417794] page=25 +4 reviews (unique=196)
[2026-04-05T20:12:37.038Z] [INFO] [REVIEW PARTIAL SAVED] /mnt/c/Developer/Review_AI/scraper_project/raw_data/banyo-ve-ev-gerecleri/654417794_reviews.partial.json
[2026-04-05T20:12:37.054Z] [INFO] [REVIEW SAVED] /mnt/c/Developer/Review_AI/scraper_project/raw_data/banyo-ve-ev-gerecleri/654417794_reviews.json
[2026-04-05T20:12:37.075Z] [INFO] 
[REVIEW WORKER 7] starting banyo-ve-ev-gerecleri/716982623
[2026-04-05T20:12:37.341Z] [INFO] [review banyo-ve-ev-gerecleri/579683843] page=35 +8 reviews (unique=280)
[2026-04-05T20:12:37.355Z] [INFO] [REVIEW PARTIAL SAVED] /mnt/c/Developer/Review_AI/scraper_project/raw_data/banyo-ve-ev-gerecleri/579683843_reviews.partial.json
[2026-04-05T20:12:37.360Z] [INFO] [review banyo-ve-ev-gerecleri/549144097] page=9 +8 reviews (unique=72)
[2026-04-05T20:12:37.608Z] [INFO] [review banyo-ve-ev-gerecleri/729250871] page=23 +8 reviews (unique=184)
[2026-04-05T20:12:38.023Z] [INFO] [review banyo-ve-ev-gerecleri/579683843] page=36 +8 reviews (unique=288)
[2026-04-05T20:12:38.038Z] [INFO] [review banyo-ve-ev-gerecleri/549144097] page=10 +8 reviews (unique=80)
[2026-04-05T20:12:38.054Z] [INFO] [REVIEW PARTIAL SAVED] /mnt/c/Developer/Review_AI/scraper_project/raw_data/banyo-ve-ev-gerecleri/549144097_reviews.partial.json
[2026-04-05T20:12:38.059Z] [INFO] [review banyo-ve-ev-gerecleri/532956156] page=7 +8 reviews (unique=56)
[2026-04-05T20:12:38.306Z] [INFO] [review banyo-ve-ev-gerecleri/729250871] page=24 +8 reviews (unique=192)
[2026-04-05T20:12:38.621Z] [INFO] 
[START REVIEW] category=banyo-ve-ev-gerecleri productId=268732902 startPage=1
[2026-04-05T20:12:38.701Z] [INFO] [review banyo-ve-ev-gerecleri/579683843] page=37 +8 reviews (unique=296)
[2026-04-05T20:12:38.741Z] [INFO] [review banyo-ve-ev-gerecleri/532956156] page=8 +7 reviews (unique=63)
[2026-04-05T20:12:38.767Z] [INFO] [REVIEW SAVED] /mnt/c/Developer/Review_AI/scraper_project/raw_data/banyo-ve-ev-gerecleri/532956156_reviews.json
[2026-04-05T20:12:38.773Z] [INFO] [review banyo-ve-ev-gerecleri/549144097] page=11 +8 reviews (unique=88)
[2026-04-05T20:12:38.806Z] [INFO] 
[REVIEW WORKER 1] starting banyo-ve-ev-gerecleri/692318981
[2026-04-05T20:12:39.050Z] [INFO] [review banyo-ve-ev-gerecleri/729250871] page=25 +8 reviews (unique=200)
[2026-04-05T20:12:39.069Z] [INFO] [REVIEW PARTIAL SAVED] /mnt/c/Developer/Review_AI/scraper_project/raw_data/banyo-ve-ev-gerecleri/729250871_reviews.partial.json
[2026-04-05T20:12:39.449Z] [INFO] [review banyo-ve-ev-gerecleri/579683843] page=38 +8 reviews (unique=304)
[2026-04-05T20:12:39.746Z] [INFO] [review banyo-ve-ev-gerecleri/549144097] page=12 +8 reviews (unique=96)
[2026-04-05T20:12:39.783Z] [INFO] [review banyo-ve-ev-gerecleri/729250871] page=26 +8 reviews (unique=208)
[2026-04-05T20:12:39.989Z] [INFO] [review banyo-ve-ev-gerecleri/268732902] page=1 +8 reviews (unique=8)
[2026-04-05T20:12:40.120Z] [INFO] 
[START REVIEW] category=banyo-ve-ev-gerecleri productId=647233360 startPage=1
[2026-04-05T20:12:40.150Z] [INFO] [review banyo-ve-ev-gerecleri/579683843] page=39 +8 reviews (unique=312)
[2026-04-05T20:12:40.369Z] [INFO] [review banyo-ve-ev-gerecleri/647233360] page=1 +8 reviews (unique=8)
[2026-04-05T20:12:40.424Z] [INFO] [review banyo-ve-ev-gerecleri/549144097] page=13 +8 reviews (unique=104)
[2026-04-05T20:12:40.479Z] [INFO] [review banyo-ve-ev-gerecleri/729250871] page=27 +8 reviews (unique=216)
[2026-04-05T20:12:40.675Z] [INFO] 
[START REVIEW] category=banyo-ve-ev-gerecleri productId=725887335 startPage=1
[2026-04-05T20:12:40.690Z] [INFO] 
[START REVIEW] category=banyo-ve-ev-gerecleri productId=732314213 startPage=1
[2026-04-05T20:12:40.700Z] [INFO] [review banyo-ve-ev-gerecleri/268732902] page=2 +8 reviews (unique=16)
[2026-04-05T20:12:40.848Z] [INFO] [review banyo-ve-ev-gerecleri/579683843] page=40 +8 reviews (unique=320)
[2026-04-05T20:12:40.863Z] [INFO] [REVIEW PARTIAL SAVED] /mnt/c/Developer/Review_AI/scraper_project/raw_data/banyo-ve-ev-gerecleri/579683843_reviews.partial.json
[2026-04-05T20:12:40.907Z] [INFO] [review banyo-ve-ev-gerecleri/725887335] page=1 +4 reviews (unique=4)
[2026-04-05T20:12:40.934Z] [INFO] [REVIEW SAVED] /mnt/c/Developer/Review_AI/scraper_project/raw_data/banyo-ve-ev-gerecleri/725887335_reviews.json
[2026-04-05T20:12:40.961Z] [INFO] 
[REVIEW WORKER 8] starting banyo-ve-ev-gerecleri/736873410
[2026-04-05T20:12:40.984Z] [INFO] [review banyo-ve-ev-gerecleri/732314213] page=1 +1 reviews (unique=1)
[2026-04-05T20:12:40.999Z] [INFO] [REVIEW SAVED] /mnt/c/Developer/Review_AI/scraper_project/raw_data/banyo-ve-ev-gerecleri/732314213_reviews.json
[2026-04-05T20:12:41.058Z] [INFO] 
[REVIEW WORKER 4] starting banyo-ve-ev-gerecleri/680889375
[2026-04-05T20:12:41.067Z] [INFO] [review banyo-ve-ev-gerecleri/647233360] page=2 +1 reviews (unique=9)
[2026-04-05T20:12:41.083Z] [INFO] [REVIEW SAVED] /mnt/c/Developer/Review_AI/scraper_project/raw_data/banyo-ve-ev-gerecleri/647233360_reviews.json
[2026-04-05T20:12:41.107Z] [INFO] 
[START REVIEW] category=banyo-ve-ev-gerecleri productId=716982623 startPage=1
[2026-04-05T20:12:41.127Z] [INFO] 
[REVIEW WORKER 5] starting banyo-ve-ev-gerecleri/574090557
[2026-04-05T20:12:41.193Z] [INFO] [review banyo-ve-ev-gerecleri/549144097] page=14 +8 reviews (unique=112)
[2026-04-05T20:12:41.270Z] [INFO] [review banyo-ve-ev-gerecleri/729250871] page=28 +8 reviews (unique=224)
[2026-04-05T20:12:41.428Z] [INFO] [review banyo-ve-ev-gerecleri/716982623] page=1 +0 reviews (unique=0)
[2026-04-05T20:12:41.443Z] [INFO] [REVIEW SAVED] /mnt/c/Developer/Review_AI/scraper_project/raw_data/banyo-ve-ev-gerecleri/716982623_reviews.json
[2026-04-05T20:12:41.450Z] [INFO] [review banyo-ve-ev-gerecleri/268732902] page=3 +8 reviews (unique=24)
[2026-04-05T20:12:41.471Z] [INFO] 
[REVIEW WORKER 7] starting banyo-ve-ev-gerecleri/732443139
[2026-04-05T20:12:41.540Z] [INFO] [review banyo-ve-ev-gerecleri/579683843] page=41 +8 reviews (unique=328)
[2026-04-05T20:12:41.950Z] [INFO] [review banyo-ve-ev-gerecleri/549144097] page=15 +8 reviews (unique=120)
[2026-04-05T20:12:41.960Z] [INFO] [REVIEW PARTIAL SAVED] /mnt/c/Developer/Review_AI/scraper_project/raw_data/banyo-ve-ev-gerecleri/549144097_reviews.partial.json
[2026-04-05T20:12:41.989Z] [INFO] [review banyo-ve-ev-gerecleri/729250871] page=29 +8 reviews (unique=232)
[2026-04-05T20:12:42.129Z] [INFO] [review banyo-ve-ev-gerecleri/268732902] page=4 +8 reviews (unique=32)
[2026-04-05T20:12:42.208Z] [INFO] [review banyo-ve-ev-gerecleri/579683843] page=42 +8 reviews (unique=336)
[2026-04-05T20:12:42.592Z] [INFO] [review banyo-ve-ev-gerecleri/549144097] page=16 +8 reviews (unique=128)
[2026-04-05T20:12:42.736Z] [INFO] [review banyo-ve-ev-gerecleri/729250871] page=30 +8 reviews (unique=240)
[2026-04-05T20:12:42.755Z] [INFO] [REVIEW PARTIAL SAVED] /mnt/c/Developer/Review_AI/scraper_project/raw_data/banyo-ve-ev-gerecleri/729250871_reviews.partial.json
[2026-04-05T20:12:42.792Z] [INFO] 
[START REVIEW] category=banyo-ve-ev-gerecleri productId=692318981 startPage=1
[2026-04-05T20:12:42.849Z] [INFO] [review banyo-ve-ev-gerecleri/579683843] page=43 +8 reviews (unique=344)
[2026-04-05T20:12:42.928Z] [INFO] [review banyo-ve-ev-gerecleri/268732902] page=5 +8 reviews (unique=40)
[2026-04-05T20:12:42.946Z] [INFO] [REVIEW PARTIAL SAVED] /mnt/c/Developer/Review_AI/scraper_project/raw_data/banyo-ve-ev-gerecleri/268732902_reviews.partial.json
[2026-04-05T20:12:43.031Z] [INFO] [review banyo-ve-ev-gerecleri/692318981] page=1 +8 reviews (unique=8)
[2026-04-05T20:12:43.254Z] [INFO] [review banyo-ve-ev-gerecleri/549144097] page=17 +8 reviews (unique=136)
[2026-04-05T20:12:43.517Z] [INFO] [review banyo-ve-ev-gerecleri/729250871] page=31 +8 reviews (unique=248)
[2026-04-05T20:12:43.536Z] [INFO] [review banyo-ve-ev-gerecleri/579683843] page=44 +8 reviews (unique=352)
[2026-04-05T20:12:43.614Z] [INFO] [review banyo-ve-ev-gerecleri/268732902] page=6 +8 reviews (unique=48)
[2026-04-05T20:12:43.833Z] [INFO] [review banyo-ve-ev-gerecleri/692318981] page=2 +8 reviews (unique=16)
[2026-04-05T20:12:44.280Z] [INFO] [review banyo-ve-ev-gerecleri/549144097] page=18 +8 reviews (unique=144)
[2026-04-05T20:12:44.671Z] [INFO] [review banyo-ve-ev-gerecleri/729250871] page=32 +8 reviews (unique=256)
[2026-04-05T20:12:44.694Z] [INFO] [review banyo-ve-ev-gerecleri/579683843] page=45 +8 reviews (unique=360)
[2026-04-05T20:12:44.743Z] [INFO] [REVIEW PARTIAL SAVED] /mnt/c/Developer/Review_AI/scraper_project/raw_data/banyo-ve-ev-gerecleri/579683843_reviews.partial.json
[2026-04-05T20:12:44.837Z] [INFO] [review banyo-ve-ev-gerecleri/268732902] page=7 +8 reviews (unique=56)
[2026-04-05T20:12:44.892Z] [INFO] [review banyo-ve-ev-gerecleri/692318981] page=3 +8 reviews (unique=24)
[2026-04-05T20:12:45.310Z] [INFO] [review banyo-ve-ev-gerecleri/549144097] page=19 +1 reviews (unique=145)
[2026-04-05T20:12:45.459Z] [INFO] [REVIEW SAVED] /mnt/c/Developer/Review_AI/scraper_project/raw_data/banyo-ve-ev-gerecleri/549144097_reviews.json
[2026-04-05T20:12:45.563Z] [INFO] 
[REVIEW WORKER 6] starting banyo-ve-ev-gerecleri/709094668
[2026-04-05T20:12:45.610Z] [INFO] [review banyo-ve-ev-gerecleri/729250871] page=33 +8 reviews (unique=264)
[2026-04-05T20:12:45.666Z] [INFO] [review banyo-ve-ev-gerecleri/579683843] page=46 +8 reviews (unique=368)
[2026-04-05T20:12:45.762Z] [INFO] 
[START REVIEW] category=banyo-ve-ev-gerecleri productId=574090557 startPage=1
[2026-04-05T20:12:45.816Z] [INFO] 
[START REVIEW] category=banyo-ve-ev-gerecleri productId=736873410 startPage=1
[2026-04-05T20:12:45.871Z] [INFO] 
[START REVIEW] category=banyo-ve-ev-gerecleri productId=680889375 startPage=1
[2026-04-05T20:12:45.890Z] [INFO] [review banyo-ve-ev-gerecleri/268732902] page=8 +8 reviews (unique=64)
[2026-04-05T20:12:45.927Z] [INFO] [review banyo-ve-ev-gerecleri/692318981] page=4 +8 reviews (unique=32)
[2026-04-05T20:12:46.348Z] [INFO] 
[START REVIEW] category=banyo-ve-ev-gerecleri productId=732443139 startPage=1
[2026-04-05T20:12:46.504Z] [INFO] [review banyo-ve-ev-gerecleri/579683843] page=47 +8 reviews (unique=376)
[2026-04-05T20:12:46.528Z] [INFO] [review banyo-ve-ev-gerecleri/729250871] page=34 +8 reviews (unique=272)
[2026-04-05T20:12:46.594Z] [INFO] [review banyo-ve-ev-gerecleri/574090557] page=1 +8 reviews (unique=8)
[2026-04-05T20:12:46.611Z] [INFO] [review banyo-ve-ev-gerecleri/692318981] page=5 +8 reviews (unique=40)
[2026-04-05T20:12:46.625Z] [INFO] [REVIEW PARTIAL SAVED] /mnt/c/Developer/Review_AI/scraper_project/raw_data/banyo-ve-ev-gerecleri/692318981_reviews.partial.json
[2026-04-05T20:12:46.629Z] [INFO] [review banyo-ve-ev-gerecleri/736873410] page=1 +5 reviews (unique=5)
[2026-04-05T20:12:46.651Z] [INFO] [REVIEW SAVED] /mnt/c/Developer/Review_AI/scraper_project/raw_data/banyo-ve-ev-gerecleri/736873410_reviews.json
[2026-04-05T20:12:46.671Z] [INFO] [review banyo-ve-ev-gerecleri/268732902] page=9 +8 reviews (unique=72)
[2026-04-05T20:12:46.708Z] [INFO] 
[REVIEW WORKER 8] starting banyo-ve-ev-gerecleri/685705132
[2026-04-05T20:12:46.720Z] [INFO] [review banyo-ve-ev-gerecleri/680889375] page=1 +8 reviews (unique=8)
[2026-04-05T20:12:46.846Z] [INFO] [review banyo-ve-ev-gerecleri/732443139] page=1 +8 reviews (unique=8)
[2026-04-05T20:12:47.184Z] [INFO] [review banyo-ve-ev-gerecleri/729250871] page=35 +8 reviews (unique=280)
[2026-04-05T20:12:47.198Z] [INFO] [REVIEW PARTIAL SAVED] /mnt/c/Developer/Review_AI/scraper_project/raw_data/banyo-ve-ev-gerecleri/729250871_reviews.partial.json
[2026-04-05T20:12:47.213Z] [INFO] [review banyo-ve-ev-gerecleri/579683843] page=48 +8 reviews (unique=384)
[2026-04-05T20:12:47.220Z] [INFO] [review banyo-ve-ev-gerecleri/574090557] page=2 +8 reviews (unique=16)
[2026-04-05T20:12:47.235Z] [INFO] [REVIEW SAVED] /mnt/c/Developer/Review_AI/scraper_project/raw_data/banyo-ve-ev-gerecleri/574090557_reviews.json
[2026-04-05T20:12:47.250Z] [INFO] 
[REVIEW WORKER 5] starting banyo-ve-ev-gerecleri/724044220
[2026-04-05T20:12:47.303Z] [INFO] [review banyo-ve-ev-gerecleri/692318981] page=6 +8 reviews (unique=48)
[2026-04-05T20:12:47.351Z] [INFO] [review banyo-ve-ev-gerecleri/680889375] page=2 +8 reviews (unique=16)
[2026-04-05T20:12:47.365Z] [INFO] [review banyo-ve-ev-gerecleri/268732902] page=10 +8 reviews (unique=80)
[2026-04-05T20:12:47.375Z] [INFO] [REVIEW PARTIAL SAVED] /mnt/c/Developer/Review_AI/scraper_project/raw_data/banyo-ve-ev-gerecleri/268732902_reviews.partial.json
[2026-04-05T20:12:47.542Z] [INFO] [review banyo-ve-ev-gerecleri/732443139] page=2 +8 reviews (unique=16)
[2026-04-05T20:12:47.896Z] [INFO] [review banyo-ve-ev-gerecleri/579683843] page=49 +8 reviews (unique=392)
[2026-04-05T20:12:47.988Z] [INFO] [review banyo-ve-ev-gerecleri/692318981] page=7 +8 reviews (unique=56)
[2026-04-05T20:12:48.026Z] [INFO] [review banyo-ve-ev-gerecleri/268732902] page=11 +2 reviews (unique=82)
[2026-04-05T20:12:48.040Z] [INFO] [REVIEW SAVED] /mnt/c/Developer/Review_AI/scraper_project/raw_data/banyo-ve-ev-gerecleri/268732902_reviews.json
[2026-04-05T20:12:48.047Z] [INFO] [review banyo-ve-ev-gerecleri/680889375] page=3 +8 reviews (unique=24)
[2026-04-05T20:12:48.064Z] [INFO] 
[REVIEW WORKER 10] starting banyo-ve-ev-gerecleri/601832297
[2026-04-05T20:12:48.149Z] [INFO] [review banyo-ve-ev-gerecleri/729250871] page=36 +8 reviews (unique=288)
[2026-04-05T20:12:48.210Z] [INFO] [review banyo-ve-ev-gerecleri/732443139] page=3 +8 reviews (unique=24)
[2026-04-05T20:12:48.576Z] [INFO] [review banyo-ve-ev-gerecleri/579683843] page=50 +8 reviews (unique=400)
[2026-04-05T20:12:48.596Z] [INFO] [REVIEW PARTIAL SAVED] /mnt/c/Developer/Review_AI/scraper_project/raw_data/banyo-ve-ev-gerecleri/579683843_reviews.partial.json
[2026-04-05T20:12:48.648Z] [INFO] [review banyo-ve-ev-gerecleri/692318981] page=8 +8 reviews (unique=64)
[2026-04-05T20:12:48.695Z] [INFO] [review banyo-ve-ev-gerecleri/680889375] page=4 +8 reviews (unique=32)
[2026-04-05T20:12:48.832Z] [INFO] [review banyo-ve-ev-gerecleri/729250871] page=37 +8 reviews (unique=296)
[2026-04-05T20:12:48.933Z] [INFO] [review banyo-ve-ev-gerecleri/732443139] page=4 +8 reviews (unique=32)
[2026-04-05T20:12:49.239Z] [INFO] [review banyo-ve-ev-gerecleri/579683843] page=51 +8 reviews (unique=408)
[2026-04-05T20:12:49.325Z] [INFO] [review banyo-ve-ev-gerecleri/692318981] page=9 +5 reviews (unique=69)
[2026-04-05T20:12:49.353Z] [INFO] [REVIEW SAVED] /mnt/c/Developer/Review_AI/scraper_project/raw_data/banyo-ve-ev-gerecleri/692318981_reviews.json
[2026-04-05T20:12:49.359Z] [INFO] [review banyo-ve-ev-gerecleri/680889375] page=5 +8 reviews (unique=40)
[2026-04-05T20:12:49.375Z] [INFO] [REVIEW PARTIAL SAVED] /mnt/c/Developer/Review_AI/scraper_project/raw_data/banyo-ve-ev-gerecleri/680889375_reviews.partial.json
[2026-04-05T20:12:49.400Z] [INFO] 
[REVIEW WORKER 1] starting banyo-ve-ev-gerecleri/667423889
[2026-04-05T20:12:49.577Z] [INFO] [review banyo-ve-ev-gerecleri/729250871] page=38 +8 reviews (unique=304)
[2026-04-05T20:12:49.654Z] [INFO] [review banyo-ve-ev-gerecleri/732443139] page=5 +8 reviews (unique=40)
[2026-04-05T20:12:49.672Z] [INFO] [REVIEW PARTIAL SAVED] /mnt/c/Developer/Review_AI/scraper_project/raw_data/banyo-ve-ev-gerecleri/732443139_reviews.partial.json
[2026-04-05T20:12:49.891Z] [INFO] [review banyo-ve-ev-gerecleri/579683843] page=52 +8 reviews (unique=416)
[2026-04-05T20:12:50.053Z] [INFO] [review banyo-ve-ev-gerecleri/680889375] page=6 +8 reviews (unique=48)
[2026-04-05T20:12:50.322Z] [INFO] [review banyo-ve-ev-gerecleri/729250871] page=39 +8 reviews (unique=312)
[2026-04-05T20:12:50.471Z] [INFO] [review banyo-ve-ev-gerecleri/732443139] page=6 +8 reviews (unique=48)
[2026-04-05T20:12:50.524Z] [INFO] [review banyo-ve-ev-gerecleri/579683843] page=53 +8 reviews (unique=424)
[2026-04-05T20:12:50.644Z] [INFO] 
[START REVIEW] category=banyo-ve-ev-gerecleri productId=685705132 startPage=1
[2026-04-05T20:12:50.683Z] [INFO] [review banyo-ve-ev-gerecleri/680889375] page=7 +8 reviews (unique=56)
[2026-04-05T20:12:50.828Z] [INFO] 
[START REVIEW] category=banyo-ve-ev-gerecleri productId=709094668 startPage=1
[2026-04-05T20:12:51.019Z] [INFO] [review banyo-ve-ev-gerecleri/729250871] page=40 +8 reviews (unique=320)
[2026-04-05T20:12:51.051Z] [INFO] [REVIEW PARTIAL SAVED] /mnt/c/Developer/Review_AI/scraper_project/raw_data/banyo-ve-ev-gerecleri/729250871_reviews.partial.json
[2026-04-05T20:12:51.063Z] [INFO] [review banyo-ve-ev-gerecleri/685705132] page=1 +8 reviews (unique=8)
[2026-04-05T20:12:51.072Z] [INFO] [review banyo-ve-ev-gerecleri/709094668] page=1 +1 reviews (unique=1)
[2026-04-05T20:12:51.101Z] [INFO] [REVIEW SAVED] /mnt/c/Developer/Review_AI/scraper_project/raw_data/banyo-ve-ev-gerecleri/709094668_reviews.json
[2026-04-05T20:12:51.117Z] [INFO] [review banyo-ve-ev-gerecleri/732443139] page=7 +8 reviews (unique=56)
[2026-04-05T20:12:51.160Z] [INFO] 
[REVIEW WORKER 6] starting banyo-ve-ev-gerecleri/600256028
[2026-04-05T20:12:51.230Z] [INFO] [review banyo-ve-ev-gerecleri/579683843] page=54 +8 reviews (unique=432)
[2026-04-05T20:12:51.262Z] [INFO] 
[START REVIEW] category=banyo-ve-ev-gerecleri productId=724044220 startPage=1
[2026-04-05T20:12:51.354Z] [INFO] [review banyo-ve-ev-gerecleri/680889375] page=8 +8 reviews (unique=64)
[2026-04-05T20:12:51.560Z] [INFO] [review banyo-ve-ev-gerecleri/724044220] page=1 +1 reviews (unique=1)
[2026-04-05T20:12:51.588Z] [INFO] [REVIEW SAVED] /mnt/c/Developer/Review_AI/scraper_project/raw_data/banyo-ve-ev-gerecleri/724044220_reviews.json
[2026-04-05T20:12:51.615Z] [INFO] 
[REVIEW WORKER 5] starting banyo-ve-ev-gerecleri/735551628
[2026-04-05T20:12:51.769Z] [INFO] [review banyo-ve-ev-gerecleri/729250871] page=41 +8 reviews (unique=328)
[2026-04-05T20:12:51.787Z] [INFO] [review banyo-ve-ev-gerecleri/685705132] page=2 +7 reviews (unique=15)
[2026-04-05T20:12:51.844Z] [INFO] [REVIEW SAVED] /mnt/c/Developer/Review_AI/scraper_project/raw_data/banyo-ve-ev-gerecleri/685705132_reviews.json
[2026-04-05T20:12:51.861Z] [INFO] [review banyo-ve-ev-gerecleri/732443139] page=8 +8 reviews (unique=64)
[2026-04-05T20:12:51.913Z] [INFO] 
[REVIEW WORKER 8] starting banyo-ve-ev-gerecleri/647234216
[2026-04-05T20:12:52.009Z] [INFO] [review banyo-ve-ev-gerecleri/579683843] page=55 +4 reviews (unique=436)
[2026-04-05T20:12:52.047Z] [INFO] [REVIEW PARTIAL SAVED] /mnt/c/Developer/Review_AI/scraper_project/raw_data/banyo-ve-ev-gerecleri/579683843_reviews.partial.json
[2026-04-05T20:12:52.104Z] [INFO] [REVIEW SAVED] /mnt/c/Developer/Review_AI/scraper_project/raw_data/banyo-ve-ev-gerecleri/579683843_reviews.json
[2026-04-05T20:12:52.122Z] [INFO] [review banyo-ve-ev-gerecleri/680889375] page=9 +8 reviews (unique=72)
[2026-04-05T20:12:52.167Z] [INFO] 
[REVIEW WORKER 9] starting banyo-ve-ev-gerecleri/736873301
[2026-04-05T20:12:52.354Z] [INFO] 
[START REVIEW] category=banyo-ve-ev-gerecleri productId=601832297 startPage=1
[2026-04-05T20:12:52.446Z] [INFO] [review banyo-ve-ev-gerecleri/729250871] page=42 +8 reviews (unique=336)
[2026-04-05T20:12:52.552Z] [INFO] [review banyo-ve-ev-gerecleri/732443139] page=9 +6 reviews (unique=70)
[2026-04-05T20:12:52.595Z] [INFO] [REVIEW SAVED] /mnt/c/Developer/Review_AI/scraper_project/raw_data/banyo-ve-ev-gerecleri/732443139_reviews.json
[2026-04-05T20:12:52.612Z] [INFO] [review banyo-ve-ev-gerecleri/601832297] page=1 +8 reviews (unique=8)
[2026-04-05T20:12:52.649Z] [INFO] 
[REVIEW WORKER 7] starting banyo-ve-ev-gerecleri/699464304
[2026-04-05T20:12:52.779Z] [INFO] [review banyo-ve-ev-gerecleri/680889375] page=10 +8 reviews (unique=80)
[2026-04-05T20:12:52.804Z] [INFO] [REVIEW PARTIAL SAVED] /mnt/c/Developer/Review_AI/scraper_project/raw_data/banyo-ve-ev-gerecleri/680889375_reviews.partial.json
[2026-04-05T20:12:53.107Z] [INFO] [review banyo-ve-ev-gerecleri/729250871] page=43 +8 reviews (unique=344)
[2026-04-05T20:12:53.376Z] [INFO] [review banyo-ve-ev-gerecleri/601832297] page=2 +8 reviews (unique=16)
[2026-04-05T20:12:53.545Z] [INFO] [review banyo-ve-ev-gerecleri/680889375] page=11 +8 reviews (unique=88)
[2026-04-05T20:12:53.936Z] [INFO] [review banyo-ve-ev-gerecleri/729250871] page=44 +8 reviews (unique=352)
[2026-04-05T20:12:54.234Z] [INFO] [review banyo-ve-ev-gerecleri/601832297] page=3 +8 reviews (unique=24)
[2026-04-05T20:12:54.359Z] [INFO] [review banyo-ve-ev-gerecleri/680889375] page=12 +8 reviews (unique=96)
[2026-04-05T20:12:54.482Z] [INFO] 
[START REVIEW] category=banyo-ve-ev-gerecleri productId=667423889 startPage=1
[2026-04-05T20:12:54.717Z] [INFO] [review banyo-ve-ev-gerecleri/729250871] page=45 +8 reviews (unique=360)
[2026-04-05T20:12:54.750Z] [INFO] [REVIEW PARTIAL SAVED] /mnt/c/Developer/Review_AI/scraper_project/raw_data/banyo-ve-ev-gerecleri/729250871_reviews.partial.json
[2026-04-05T20:12:54.889Z] [INFO] [review banyo-ve-ev-gerecleri/601832297] page=4 +8 reviews (unique=32)
[2026-04-05T20:12:55.038Z] [INFO] [review banyo-ve-ev-gerecleri/667423889] page=1 +7 reviews (unique=7)
[2026-04-05T20:12:55.081Z] [INFO] [REVIEW SAVED] /mnt/c/Developer/Review_AI/scraper_project/raw_data/banyo-ve-ev-gerecleri/667423889_reviews.json
[2026-04-05T20:12:55.100Z] [INFO] [review banyo-ve-ev-gerecleri/680889375] page=13 +8 reviews (unique=104)
[2026-04-05T20:12:55.130Z] [INFO] 
[REVIEW WORKER 1] starting banyo-ve-ev-gerecleri/496700504
[2026-04-05T20:12:55.492Z] [INFO] [review banyo-ve-ev-gerecleri/729250871] page=46 +8 reviews (unique=368)
[2026-04-05T20:12:55.587Z] [INFO] [review banyo-ve-ev-gerecleri/601832297] page=5 +8 reviews (unique=40)
[2026-04-05T20:12:55.621Z] [INFO] [REVIEW PARTIAL SAVED] /mnt/c/Developer/Review_AI/scraper_project/raw_data/banyo-ve-ev-gerecleri/601832297_reviews.partial.json
[2026-04-05T20:12:55.771Z] [INFO] 
[START REVIEW] category=banyo-ve-ev-gerecleri productId=600256028 startPage=1
[2026-04-05T20:12:55.782Z] [INFO] [review banyo-ve-ev-gerecleri/680889375] page=14 +8 reviews (unique=112)
[2026-04-05T20:12:56.137Z] [INFO] [review banyo-ve-ev-gerecleri/729250871] page=47 +8 reviews (unique=376)
[2026-04-05T20:12:56.298Z] [INFO] [review banyo-ve-ev-gerecleri/601832297] page=6 +3 reviews (unique=43)
[2026-04-05T20:12:56.327Z] [INFO] [REVIEW SAVED] /mnt/c/Developer/Review_AI/scraper_project/raw_data/banyo-ve-ev-gerecleri/601832297_reviews.json
[2026-04-05T20:12:56.361Z] [INFO] 
[REVIEW WORKER 10] starting banyo-ve-ev-gerecleri/672488819
[2026-04-05T20:12:56.384Z] [INFO] 
[START REVIEW] category=banyo-ve-ev-gerecleri productId=735551628 startPage=1
[2026-04-05T20:12:56.477Z] [INFO] [review banyo-ve-ev-gerecleri/680889375] page=15 +8 reviews (unique=120)
[2026-04-05T20:12:56.497Z] [INFO] [REVIEW PARTIAL SAVED] /mnt/c/Developer/Review_AI/scraper_project/raw_data/banyo-ve-ev-gerecleri/680889375_reviews.partial.json
[2026-04-05T20:12:56.587Z] [INFO] [review banyo-ve-ev-gerecleri/600256028] page=1 +8 reviews (unique=8)
[2026-04-05T20:12:56.717Z] [INFO] [review banyo-ve-ev-gerecleri/735551628] page=1 +1 reviews (unique=1)
[2026-04-05T20:12:56.758Z] [INFO] [REVIEW SAVED] /mnt/c/Developer/Review_AI/scraper_project/raw_data/banyo-ve-ev-gerecleri/735551628_reviews.json
[2026-04-05T20:12:56.785Z] [INFO] [review banyo-ve-ev-gerecleri/729250871] page=48 +8 reviews (unique=384)
[2026-04-05T20:12:56.827Z] [INFO] 
[REVIEW WORKER 5] starting banyo-ve-ev-gerecleri/540452880
[2026-04-05T20:12:56.871Z] [INFO] 
[START REVIEW] category=banyo-ve-ev-gerecleri productId=647234216 startPage=1
[2026-04-05T20:12:56.893Z] [INFO] 
[START REVIEW] category=banyo-ve-ev-gerecleri productId=736873301 startPage=1
[2026-04-05T20:12:57.199Z] [INFO] [review banyo-ve-ev-gerecleri/647234216] page=1 +8 reviews (unique=8)
[2026-04-05T20:12:57.236Z] [INFO] [review banyo-ve-ev-gerecleri/736873301] page=1 +8 reviews (unique=8)
[2026-04-05T20:12:57.273Z] [INFO] [REVIEW SAVED] /mnt/c/Developer/Review_AI/scraper_project/raw_data/banyo-ve-ev-gerecleri/736873301_reviews.json
[2026-04-05T20:12:57.294Z] [INFO] [review banyo-ve-ev-gerecleri/680889375] page=16 +8 reviews (unique=128)
[2026-04-05T20:12:57.308Z] [INFO] [review banyo-ve-ev-gerecleri/600256028] page=2 +8 reviews (unique=16)
[2026-04-05T20:12:57.341Z] [INFO] 
[START REVIEW] category=banyo-ve-ev-gerecleri productId=699464304 startPage=1
[2026-04-05T20:12:57.355Z] [INFO] 
[REVIEW WORKER 9] starting banyo-ve-ev-gerecleri/658965889
[2026-04-05T20:12:57.594Z] [INFO] [review banyo-ve-ev-gerecleri/729250871] page=49 +8 reviews (unique=392)
[2026-04-05T20:12:57.703Z] [INFO] [review banyo-ve-ev-gerecleri/699464304] page=1 +8 reviews (unique=8)
[2026-04-05T20:12:57.857Z] [INFO] [review banyo-ve-ev-gerecleri/647234216] page=2 +2 reviews (unique=10)
[2026-04-05T20:12:57.889Z] [INFO] [REVIEW SAVED] /mnt/c/Developer/Review_AI/scraper_project/raw_data/banyo-ve-ev-gerecleri/647234216_reviews.json
[2026-04-05T20:12:57.922Z] [INFO] 
[REVIEW WORKER 8] starting banyo-ve-ev-gerecleri/647234226
[2026-04-05T20:12:58.024Z] [INFO] [review banyo-ve-ev-gerecleri/680889375] page=17 +6 reviews (unique=134)
[2026-04-05T20:12:58.099Z] [INFO] [REVIEW SAVED] /mnt/c/Developer/Review_AI/scraper_project/raw_data/banyo-ve-ev-gerecleri/680889375_reviews.json
[2026-04-05T20:12:58.120Z] [INFO] [review banyo-ve-ev-gerecleri/600256028] page=3 +8 reviews (unique=24)
[2026-04-05T20:12:58.187Z] [INFO] 
[REVIEW WORKER 4] starting banyo-ve-ev-gerecleri/734847174
[2026-04-05T20:12:58.365Z] [INFO] [review banyo-ve-ev-gerecleri/699464304] page=2 +7 reviews (unique=15)
[2026-04-05T20:12:58.442Z] [INFO] [REVIEW SAVED] /mnt/c/Developer/Review_AI/scraper_project/raw_data/banyo-ve-ev-gerecleri/699464304_reviews.json
[2026-04-05T20:12:58.472Z] [INFO] [review banyo-ve-ev-gerecleri/729250871] page=50 +8 reviews (unique=400)
[2026-04-05T20:12:58.544Z] [INFO] [REVIEW PARTIAL SAVED] /mnt/c/Developer/Review_AI/scraper_project/raw_data/banyo-ve-ev-gerecleri/729250871_reviews.partial.json
[2026-04-05T20:12:58.620Z] [INFO] 
[REVIEW WORKER 7] starting banyo-ve-ev-gerecleri/651485983
[2026-04-05T20:12:58.830Z] [INFO] [review banyo-ve-ev-gerecleri/600256028] page=4 +4 reviews (unique=28)
[2026-04-05T20:12:58.853Z] [INFO] [REVIEW SAVED] /mnt/c/Developer/Review_AI/scraper_project/raw_data/banyo-ve-ev-gerecleri/600256028_reviews.json
[2026-04-05T20:12:58.885Z] [INFO] 
[REVIEW WORKER 6] starting banyo-ve-ev-gerecleri/733150846
[2026-04-05T20:12:59.412Z] [INFO] 
[START REVIEW] category=banyo-ve-ev-gerecleri productId=496700504 startPage=1
[2026-04-05T20:12:59.450Z] [INFO] [review banyo-ve-ev-gerecleri/729250871] page=51 +8 reviews (unique=408)
[2026-04-05T20:12:59.682Z] [INFO] [review banyo-ve-ev-gerecleri/496700504] page=1 +8 reviews (unique=8)
[2026-04-05T20:13:00.142Z] [INFO] [review banyo-ve-ev-gerecleri/729250871] page=52 +8 reviews (unique=416)
[2026-04-05T20:13:00.451Z] [INFO] [review banyo-ve-ev-gerecleri/496700504] page=2 +8 reviews (unique=16)
[2026-04-05T20:13:00.831Z] [INFO] [review banyo-ve-ev-gerecleri/729250871] page=53 +8 reviews (unique=424)
[2026-04-05T20:13:00.922Z] [INFO] 
[START REVIEW] category=banyo-ve-ev-gerecleri productId=540452880 startPage=1
[2026-04-05T20:13:01.202Z] [INFO] 
[START REVIEW] category=banyo-ve-ev-gerecleri productId=672488819 startPage=1
[2026-04-05T20:13:01.230Z] [INFO] [review banyo-ve-ev-gerecleri/496700504] page=3 +8 reviews (unique=24)
[2026-04-05T20:13:01.255Z] [INFO] [review banyo-ve-ev-gerecleri/540452880] page=1 +0 reviews (unique=0)
[2026-04-05T20:13:01.297Z] [INFO] [REVIEW SAVED] /mnt/c/Developer/Review_AI/scraper_project/raw_data/banyo-ve-ev-gerecleri/540452880_reviews.json
[2026-04-05T20:13:01.350Z] [INFO] 
[REVIEW WORKER 5] starting banyo-ve-ev-gerecleri/534546641
[2026-04-05T20:13:01.598Z] [INFO] 
[START REVIEW] category=banyo-ve-ev-gerecleri productId=658965889 startPage=1
[2026-04-05T20:13:01.761Z] [INFO] [review banyo-ve-ev-gerecleri/729250871] page=54 +8 reviews (unique=432)
[2026-04-05T20:13:01.792Z] [INFO] [review banyo-ve-ev-gerecleri/672488819] page=1 +8 reviews (unique=8)
[2026-04-05T20:13:02.134Z] [INFO] [review banyo-ve-ev-gerecleri/496700504] page=4 +8 reviews (unique=32)
[2026-04-05T20:13:02.361Z] [INFO] [review banyo-ve-ev-gerecleri/658965889] page=1 +8 reviews (unique=8)
[2026-04-05T20:13:02.694Z] [INFO] 
[START REVIEW] category=banyo-ve-ev-gerecleri productId=651485983 startPage=1
[2026-04-05T20:13:02.819Z] [INFO] [review banyo-ve-ev-gerecleri/729250871] page=55 +8 reviews (unique=440)
[2026-04-05T20:13:02.875Z] [INFO] [REVIEW PARTIAL SAVED] /mnt/c/Developer/Review_AI/scraper_project/raw_data/banyo-ve-ev-gerecleri/729250871_reviews.partial.json
[2026-04-05T20:13:02.894Z] [INFO] [review banyo-ve-ev-gerecleri/672488819] page=2 +8 reviews (unique=16)
[2026-04-05T20:13:03.034Z] [INFO] 
[START REVIEW] category=banyo-ve-ev-gerecleri productId=734847174 startPage=1
[2026-04-05T20:13:03.055Z] [INFO] 
[START REVIEW] category=banyo-ve-ev-gerecleri productId=733150846 startPage=1
[2026-04-05T20:13:03.063Z] [INFO] [review banyo-ve-ev-gerecleri/496700504] page=5 +8 reviews (unique=40)
[2026-04-05T20:13:03.081Z] [INFO] [REVIEW PARTIAL SAVED] /mnt/c/Developer/Review_AI/scraper_project/raw_data/banyo-ve-ev-gerecleri/496700504_reviews.partial.json
[2026-04-05T20:13:03.138Z] [INFO] [review banyo-ve-ev-gerecleri/658965889] page=2 +4 reviews (unique=12)
[2026-04-05T20:13:03.178Z] [INFO] [REVIEW SAVED] /mnt/c/Developer/Review_AI/scraper_project/raw_data/banyo-ve-ev-gerecleri/658965889_reviews.json
[2026-04-05T20:13:03.219Z] [INFO] 
[REVIEW WORKER 9] starting banyo-ve-ev-gerecleri/565792756
[2026-04-05T20:13:03.320Z] [INFO] [review banyo-ve-ev-gerecleri/651485983] page=1 +3 reviews (unique=3)
[2026-04-05T20:13:03.366Z] [INFO] [REVIEW SAVED] /mnt/c/Developer/Review_AI/scraper_project/raw_data/banyo-ve-ev-gerecleri/651485983_reviews.json
[2026-04-05T20:13:03.394Z] [INFO] 
[REVIEW WORKER 7] starting banyo-ve-ev-gerecleri/647387494
[2026-04-05T20:13:03.416Z] [INFO] [review banyo-ve-ev-gerecleri/733150846] page=1 +8 reviews (unique=8)
[2026-04-05T20:13:03.524Z] [INFO] [review banyo-ve-ev-gerecleri/672488819] page=3 +8 reviews (unique=24)
[2026-04-05T20:13:03.569Z] [INFO] [review banyo-ve-ev-gerecleri/729250871] page=56 +8 reviews (unique=448)
[2026-04-05T20:13:03.605Z] [INFO] [review banyo-ve-ev-gerecleri/734847174] page=1 +2 reviews (unique=2)
[2026-04-05T20:13:03.634Z] [INFO] [REVIEW SAVED] /mnt/c/Developer/Review_AI/scraper_project/raw_data/banyo-ve-ev-gerecleri/734847174_reviews.json
[2026-04-05T20:13:03.667Z] [INFO] 
[START REVIEW] category=banyo-ve-ev-gerecleri productId=647234226 startPage=1
[2026-04-05T20:13:03.692Z] [INFO] 
[REVIEW WORKER 4] starting banyo-ve-ev-gerecleri/733151553
[2026-04-05T20:13:03.772Z] [INFO] [review banyo-ve-ev-gerecleri/496700504] page=6 +6 reviews (unique=46)
[2026-04-05T20:13:03.793Z] [INFO] [REVIEW SAVED] /mnt/c/Developer/Review_AI/scraper_project/raw_data/banyo-ve-ev-gerecleri/496700504_reviews.json
[2026-04-05T20:13:03.817Z] [INFO] 
[REVIEW WORKER 1] starting banyo-ve-ev-gerecleri/733631426
[2026-04-05T20:13:04.082Z] [INFO] [review banyo-ve-ev-gerecleri/647234226] page=1 +8 reviews (unique=8)
[2026-04-05T20:13:04.107Z] [INFO] [REVIEW SAVED] /mnt/c/Developer/Review_AI/scraper_project/raw_data/banyo-ve-ev-gerecleri/647234226_reviews.json
[2026-04-05T20:13:04.121Z] [INFO] [review banyo-ve-ev-gerecleri/733150846] page=2 +6 reviews (unique=14)
[2026-04-05T20:13:04.154Z] [INFO] [REVIEW SAVED] /mnt/c/Developer/Review_AI/scraper_project/raw_data/banyo-ve-ev-gerecleri/733150846_reviews.json
[2026-04-05T20:13:04.165Z] [INFO] 
[REVIEW WORKER 8] starting banyo-ve-ev-gerecleri/586526252
[2026-04-05T20:13:04.192Z] [INFO] 
[REVIEW WORKER 6] starting banyo-ve-ev-gerecleri/730822964
[2026-04-05T20:13:04.208Z] [INFO] [review banyo-ve-ev-gerecleri/729250871] page=57 +8 reviews (unique=456)
[2026-04-05T20:13:04.431Z] [INFO] [review banyo-ve-ev-gerecleri/672488819] page=4 +7 reviews (unique=31)
[2026-04-05T20:13:04.447Z] [INFO] [REVIEW SAVED] /mnt/c/Developer/Review_AI/scraper_project/raw_data/banyo-ve-ev-gerecleri/672488819_reviews.json
[2026-04-05T20:13:04.472Z] [INFO] 
[REVIEW WORKER 10] starting banyo-ve-ev-gerecleri/687702822
[2026-04-05T20:13:04.904Z] [INFO] [review banyo-ve-ev-gerecleri/729250871] page=58 +8 reviews (unique=464)
[2026-04-05T20:13:05.567Z] [INFO] [review banyo-ve-ev-gerecleri/729250871] page=59 +8 reviews (unique=472)
[2026-04-05T20:13:05.811Z] [INFO] 
[START REVIEW] category=banyo-ve-ev-gerecleri productId=534546641 startPage=1
[2026-04-05T20:13:06.253Z] [INFO] [review banyo-ve-ev-gerecleri/729250871] page=60 +8 reviews (unique=480)
[2026-04-05T20:13:06.283Z] [INFO] [REVIEW PARTIAL SAVED] /mnt/c/Developer/Review_AI/scraper_project/raw_data/banyo-ve-ev-gerecleri/729250871_reviews.partial.json
[2026-04-05T20:13:06.999Z] [INFO] [review banyo-ve-ev-gerecleri/729250871] page=61 +8 reviews (unique=488)
[2026-04-05T20:13:07.512Z] [INFO] 
[START REVIEW] category=banyo-ve-ev-gerecleri productId=647387494 startPage=1
[2026-04-05T20:13:07.538Z] [INFO] 
[START REVIEW] category=banyo-ve-ev-gerecleri productId=565792756 startPage=1
[2026-04-05T20:13:07.573Z] [INFO] 
[START REVIEW] category=banyo-ve-ev-gerecleri productId=733151553 startPage=1
[2026-04-05T20:13:07.853Z] [INFO] [review banyo-ve-ev-gerecleri/729250871] page=62 +8 reviews (unique=496)
[2026-04-05T20:13:08.017Z] [INFO] 
[START REVIEW] category=banyo-ve-ev-gerecleri productId=733631426 startPage=1
[2026-04-05T20:13:08.102Z] [INFO] [review banyo-ve-ev-gerecleri/565792756] page=1 +8 reviews (unique=8)
[2026-04-05T20:13:08.223Z] [INFO] [review banyo-ve-ev-gerecleri/733151553] page=1 +8 reviews (unique=8)
[2026-04-05T20:13:08.312Z] [INFO] [review banyo-ve-ev-gerecleri/647387494] page=1 +8 reviews (unique=8)
[2026-04-05T20:13:08.577Z] [INFO] 
[START REVIEW] category=banyo-ve-ev-gerecleri productId=586526252 startPage=1
[2026-04-05T20:13:08.723Z] [INFO] [review banyo-ve-ev-gerecleri/534546641] page=1 +8 reviews (unique=8)
[2026-04-05T20:13:08.958Z] [INFO] 
[START REVIEW] category=banyo-ve-ev-gerecleri productId=730822964 startPage=1
[2026-04-05T20:13:09.028Z] [INFO] 
[START REVIEW] category=banyo-ve-ev-gerecleri productId=687702822 startPage=1
[2026-04-05T20:13:09.071Z] [INFO] [review banyo-ve-ev-gerecleri/729250871] page=63 +8 reviews (unique=504)
[2026-04-05T20:13:09.139Z] [INFO] [review banyo-ve-ev-gerecleri/733151553] page=2 +8 reviews (unique=16)
[2026-04-05T20:13:09.237Z] [INFO] [review banyo-ve-ev-gerecleri/565792756] page=2 +8 reviews (unique=16)
[2026-04-05T20:13:09.430Z] [INFO] [review banyo-ve-ev-gerecleri/647387494] page=2 +8 reviews (unique=16)
[2026-04-05T20:13:09.742Z] [INFO] [review banyo-ve-ev-gerecleri/733631426] page=1 +1 reviews (unique=1)
[2026-04-05T20:13:10.087Z] [INFO] [REVIEW SAVED] /mnt/c/Developer/Review_AI/scraper_project/raw_data/banyo-ve-ev-gerecleri/733631426_reviews.json
[2026-04-05T20:13:10.127Z] [INFO] [review banyo-ve-ev-gerecleri/729250871] page=64 +8 reviews (unique=512)
[2026-04-05T20:13:10.287Z] [INFO] [review banyo-ve-ev-gerecleri/534546641] page=2 +8 reviews (unique=16)
[2026-04-05T20:13:10.357Z] [INFO] [review banyo-ve-ev-gerecleri/733151553] page=3 +8 reviews (unique=24)
[2026-04-05T20:13:10.437Z] [INFO] [review banyo-ve-ev-gerecleri/565792756] page=3 +8 reviews (unique=24)
[2026-04-05T20:13:10.476Z] [INFO] [review banyo-ve-ev-gerecleri/687702822] page=1 +3 reviews (unique=3)
[2026-04-05T20:13:10.523Z] [INFO] [REVIEW SAVED] /mnt/c/Developer/Review_AI/scraper_project/raw_data/banyo-ve-ev-gerecleri/687702822_reviews.json
[2026-04-05T20:13:10.559Z] [INFO] 
[REVIEW WORKER 1] starting banyo-ve-ev-gerecleri/553735037
[2026-04-05T20:13:10.569Z] [INFO] [review banyo-ve-ev-gerecleri/586526252] page=1 +8 reviews (unique=8)
[2026-04-05T20:13:10.611Z] [INFO] [review banyo-ve-ev-gerecleri/730822964] page=1 +3 reviews (unique=3)
[2026-04-05T20:13:10.687Z] [INFO] [REVIEW SAVED] /mnt/c/Developer/Review_AI/scraper_project/raw_data/banyo-ve-ev-gerecleri/730822964_reviews.json
[2026-04-05T20:13:10.722Z] [INFO] 
[REVIEW WORKER 10] starting banyo-ve-ev-gerecleri/725848670
[2026-04-05T20:13:10.835Z] [INFO] 
[REVIEW WORKER 6] starting banyo-ve-ev-gerecleri/702654460
[2026-04-05T20:13:10.979Z] [INFO] [review banyo-ve-ev-gerecleri/534546641] page=3 +6 reviews (unique=22)
[2026-04-05T20:13:11.009Z] [INFO] [REVIEW SAVED] /mnt/c/Developer/Review_AI/scraper_project/raw_data/banyo-ve-ev-gerecleri/534546641_reviews.json
[2026-04-05T20:13:11.041Z] [INFO] 
[REVIEW WORKER 5] starting banyo-ve-ev-gerecleri/651046158
[2026-04-05T20:13:11.211Z] [INFO] [review banyo-ve-ev-gerecleri/733151553] page=4 +8 reviews (unique=32)
[2026-04-05T20:13:11.227Z] [INFO] [review banyo-ve-ev-gerecleri/729250871] page=65 +8 reviews (unique=520)
[2026-04-05T20:13:11.245Z] [INFO] [REVIEW PARTIAL SAVED] /mnt/c/Developer/Review_AI/scraper_project/raw_data/banyo-ve-ev-gerecleri/729250871_reviews.partial.json
[2026-04-05T20:13:11.294Z] [INFO] [review banyo-ve-ev-gerecleri/586526252] page=2 +8 reviews (unique=16)
[2026-04-05T20:13:11.326Z] [INFO] [review banyo-ve-ev-gerecleri/565792756] page=4 +8 reviews (unique=32)
[2026-04-05T20:13:11.887Z] [INFO] [review banyo-ve-ev-gerecleri/733151553] page=5 +8 reviews (unique=40)
[2026-04-05T20:13:11.898Z] [INFO] [REVIEW PARTIAL SAVED] /mnt/c/Developer/Review_AI/scraper_project/raw_data/banyo-ve-ev-gerecleri/733151553_reviews.partial.json
[2026-04-05T20:13:11.945Z] [INFO] [review banyo-ve-ev-gerecleri/565792756] page=5 +7 reviews (unique=39)
[2026-04-05T20:13:11.953Z] [INFO] [REVIEW PARTIAL SAVED] /mnt/c/Developer/Review_AI/scraper_project/raw_data/banyo-ve-ev-gerecleri/565792756_reviews.partial.json
[2026-04-05T20:13:11.966Z] [INFO] [REVIEW SAVED] /mnt/c/Developer/Review_AI/scraper_project/raw_data/banyo-ve-ev-gerecleri/565792756_reviews.json
[2026-04-05T20:13:11.970Z] [INFO] [review banyo-ve-ev-gerecleri/729250871] page=66 +8 reviews (unique=528)
[2026-04-05T20:13:11.995Z] [INFO] 
[REVIEW WORKER 9] starting banyo-ve-ev-gerecleri/696035039
[2026-04-05T20:13:12.041Z] [INFO] [review banyo-ve-ev-gerecleri/586526252] page=3 +8 reviews (unique=24)
[2026-04-05T20:13:12.622Z] [INFO] [review banyo-ve-ev-gerecleri/733151553] page=6 +8 reviews (unique=48)
[2026-04-05T20:13:12.694Z] [INFO] [review banyo-ve-ev-gerecleri/729250871] page=67 +8 reviews (unique=536)
[2026-04-05T20:13:12.718Z] [INFO] [review banyo-ve-ev-gerecleri/586526252] page=4 +8 reviews (unique=32)
[2026-04-05T20:13:13.336Z] [INFO] [review banyo-ve-ev-gerecleri/729250871] page=68 +8 reviews (unique=544)
[2026-04-05T20:13:13.371Z] [INFO] [review banyo-ve-ev-gerecleri/733151553] page=7 +8 reviews (unique=56)
[2026-04-05T20:13:13.492Z] [INFO] [review banyo-ve-ev-gerecleri/586526252] page=5 +8 reviews (unique=40)
[2026-04-05T20:13:13.510Z] [INFO] [REVIEW PARTIAL SAVED] /mnt/c/Developer/Review_AI/scraper_project/raw_data/banyo-ve-ev-gerecleri/586526252_reviews.partial.json
[2026-04-05T20:13:14.029Z] [INFO] [review banyo-ve-ev-gerecleri/733151553] page=8 +8 reviews (unique=64)
[2026-04-05T20:13:14.045Z] [INFO] [review banyo-ve-ev-gerecleri/729250871] page=69 +8 reviews (unique=552)
[2026-04-05T20:13:14.179Z] [INFO] [review banyo-ve-ev-gerecleri/586526252] page=6 +8 reviews (unique=48)
[2026-04-05T20:13:14.222Z] [INFO] [REVIEW SAVED] /mnt/c/Developer/Review_AI/scraper_project/raw_data/banyo-ve-ev-gerecleri/586526252_reviews.json
[2026-04-05T20:13:14.268Z] [INFO] 
[REVIEW WORKER 8] starting banyo-ve-ev-gerecleri/643002581
[2026-04-05T20:13:14.371Z] [INFO] 
[START REVIEW] category=banyo-ve-ev-gerecleri productId=651046158 startPage=1
[2026-04-05T20:13:14.390Z] [INFO] 
[START REVIEW] category=banyo-ve-ev-gerecleri productId=553735037 startPage=1
[2026-04-05T20:13:14.414Z] [INFO] [review banyo-ve-ev-gerecleri/647387494] page=3 +6 reviews (unique=22)
[2026-04-05T20:13:14.456Z] [INFO] [REVIEW SAVED] /mnt/c/Developer/Review_AI/scraper_project/raw_data/banyo-ve-ev-gerecleri/647387494_reviews.json
[2026-04-05T20:13:14.507Z] [INFO] 
[REVIEW WORKER 7] starting banyo-ve-ev-gerecleri/496856533
[2026-04-05T20:13:14.769Z] [INFO] [review banyo-ve-ev-gerecleri/729250871] page=70 +8 reviews (unique=560)
[2026-04-05T20:13:14.799Z] [INFO] [REVIEW PARTIAL SAVED] /mnt/c/Developer/Review_AI/scraper_project/raw_data/banyo-ve-ev-gerecleri/729250871_reviews.partial.json
[2026-04-05T20:13:14.810Z] [INFO] [review banyo-ve-ev-gerecleri/553735037] page=1 +8 reviews (unique=8)
[2026-04-05T20:13:14.842Z] [INFO] [review banyo-ve-ev-gerecleri/651046158] page=1 +8 reviews (unique=8)
[2026-04-05T20:13:14.851Z] [INFO] [review banyo-ve-ev-gerecleri/733151553] page=9 +8 reviews (unique=72)
[2026-04-05T20:13:14.959Z] [INFO] 
[START REVIEW] category=banyo-ve-ev-gerecleri productId=725848670 startPage=1
[2026-04-05T20:13:15.218Z] [INFO] [review banyo-ve-ev-gerecleri/725848670] page=1 +8 reviews (unique=8)
[2026-04-05T20:13:15.240Z] [INFO] [REVIEW SAVED] /mnt/c/Developer/Review_AI/scraper_project/raw_data/banyo-ve-ev-gerecleri/725848670_reviews.json
[2026-04-05T20:13:15.250Z] [INFO] 
[START REVIEW] category=banyo-ve-ev-gerecleri productId=702654460 startPage=1
[2026-04-05T20:13:15.281Z] [INFO] 
[REVIEW WORKER 10] starting banyo-ve-ev-gerecleri/588529309
[2026-04-05T20:13:15.511Z] [INFO] [review banyo-ve-ev-gerecleri/651046158] page=2 +8 reviews (unique=16)
[2026-04-05T20:13:15.528Z] [INFO] [review banyo-ve-ev-gerecleri/729250871] page=71 +8 reviews (unique=568)
[2026-04-05T20:13:15.560Z] [INFO] [review banyo-ve-ev-gerecleri/553735037] page=2 +8 reviews (unique=16)
[2026-04-05T20:13:15.584Z] [INFO] [review banyo-ve-ev-gerecleri/702654460] page=1 +2 reviews (unique=2)
[2026-04-05T20:13:15.604Z] [INFO] [REVIEW SAVED] /mnt/c/Developer/Review_AI/scraper_project/raw_data/banyo-ve-ev-gerecleri/702654460_reviews.json
[2026-04-05T20:13:15.612Z] [INFO] [review banyo-ve-ev-gerecleri/733151553] page=10 +8 reviews (unique=80)
[2026-04-05T20:13:15.638Z] [INFO] [REVIEW PARTIAL SAVED] /mnt/c/Developer/Review_AI/scraper_project/raw_data/banyo-ve-ev-gerecleri/733151553_reviews.partial.json
[2026-04-05T20:13:15.667Z] [INFO] 
[REVIEW WORKER 6] starting banyo-ve-ev-gerecleri/737117764
[2026-04-05T20:13:15.980Z] [INFO] 
[START REVIEW] category=banyo-ve-ev-gerecleri productId=696035039 startPage=1
[2026-04-05T20:13:16.117Z] [INFO] [review banyo-ve-ev-gerecleri/651046158] page=3 +1 reviews (unique=17)
[2026-04-05T20:13:16.148Z] [INFO] [REVIEW SAVED] /mnt/c/Developer/Review_AI/scraper_project/raw_data/banyo-ve-ev-gerecleri/651046158_reviews.json
[2026-04-05T20:13:16.157Z] [INFO] [review banyo-ve-ev-gerecleri/729250871] page=72 +8 reviews (unique=576)
[2026-04-05T20:13:16.189Z] [INFO] 
[REVIEW WORKER 5] starting banyo-ve-ev-gerecleri/729936940
[2026-04-05T20:13:16.214Z] [INFO] [review banyo-ve-ev-gerecleri/553735037] page=3 +8 reviews (unique=24)
[2026-04-05T20:13:16.244Z] [INFO] [REVIEW SAVED] /mnt/c/Developer/Review_AI/scraper_project/raw_data/banyo-ve-ev-gerecleri/553735037_reviews.json
[2026-04-05T20:13:16.320Z] [INFO] [review banyo-ve-ev-gerecleri/733151553] page=11 +8 reviews (unique=88)
[2026-04-05T20:13:16.336Z] [INFO] 
[REVIEW WORKER 1] starting banyo-ve-ev-gerecleri/587073520
[2026-04-05T20:13:16.372Z] [INFO] [review banyo-ve-ev-gerecleri/696035039] page=1 +8 reviews (unique=8)
[2026-04-05T20:13:16.806Z] [INFO] [review banyo-ve-ev-gerecleri/729250871] page=73 +8 reviews (unique=584)
[2026-04-05T20:13:17.078Z] [INFO] [review banyo-ve-ev-gerecleri/733151553] page=12 +8 reviews (unique=96)
[2026-04-05T20:13:17.107Z] [INFO] [REVIEW SAVED] /mnt/c/Developer/Review_AI/scraper_project/raw_data/banyo-ve-ev-gerecleri/733151553_reviews.json
[2026-04-05T20:13:17.134Z] [INFO] 
[REVIEW WORKER 4] starting banyo-ve-ev-gerecleri/555563693
[2026-04-05T20:13:17.211Z] [INFO] [review banyo-ve-ev-gerecleri/696035039] page=2 +8 reviews (unique=16)
[2026-04-05T20:13:17.530Z] [INFO] [review banyo-ve-ev-gerecleri/729250871] page=74 +8 reviews (unique=592)
[2026-04-05T20:13:18.182Z] [INFO] [review banyo-ve-ev-gerecleri/696035039] page=3 +8 reviews (unique=24)
[2026-04-05T20:13:18.207Z] [INFO] [review banyo-ve-ev-gerecleri/729250871] page=75 +8 reviews (unique=600)
[2026-04-05T20:13:18.254Z] [INFO] [REVIEW PARTIAL SAVED] /mnt/c/Developer/Review_AI/scraper_project/raw_data/banyo-ve-ev-gerecleri/729250871_reviews.partial.json
[2026-04-05T20:13:18.285Z] [INFO] 
[START REVIEW] category=banyo-ve-ev-gerecleri productId=643002581 startPage=1
[2026-04-05T20:13:18.961Z] [INFO] [review banyo-ve-ev-gerecleri/696035039] page=4 +7 reviews (unique=31)
[2026-04-05T20:13:18.996Z] [INFO] [REVIEW SAVED] /mnt/c/Developer/Review_AI/scraper_project/raw_data/banyo-ve-ev-gerecleri/696035039_reviews.json
[2026-04-05T20:13:19.045Z] [INFO] 
[REVIEW WORKER 9] starting banyo-ve-ev-gerecleri/723174762
[2026-04-05T20:13:19.335Z] [INFO] [review banyo-ve-ev-gerecleri/729250871] page=76 +8 reviews (unique=608)
[2026-04-05T20:13:19.634Z] [INFO] 
[START REVIEW] category=banyo-ve-ev-gerecleri productId=737117764 startPage=1
[2026-04-05T20:13:20.010Z] [INFO] 
[START REVIEW] category=banyo-ve-ev-gerecleri productId=588529309 startPage=1
[2026-04-05T20:13:20.148Z] [INFO] [review banyo-ve-ev-gerecleri/729250871] page=77 +8 reviews (unique=616)
[2026-04-05T20:13:20.753Z] [INFO] 
[START REVIEW] category=banyo-ve-ev-gerecleri productId=729936940 startPage=1
[2026-04-05T20:13:20.849Z] [INFO] 
[START REVIEW] category=banyo-ve-ev-gerecleri productId=587073520 startPage=1
[2026-04-05T20:13:20.959Z] [INFO] [review banyo-ve-ev-gerecleri/737117764] page=1 +8 reviews (unique=8)
[2026-04-05T20:13:21.023Z] [INFO] [review banyo-ve-ev-gerecleri/643002581] page=1 +8 reviews (unique=8)
[2026-04-05T20:13:21.050Z] [INFO] [review banyo-ve-ev-gerecleri/588529309] page=1 +8 reviews (unique=8)
[2026-04-05T20:13:21.291Z] [INFO] [review banyo-ve-ev-gerecleri/729250871] page=78 +8 reviews (unique=624)
[2026-04-05T20:13:21.316Z] [INFO] [review banyo-ve-ev-gerecleri/729936940] page=1 +0 reviews (unique=0)
[2026-04-05T20:13:21.360Z] [INFO] [REVIEW SAVED] /mnt/c/Developer/Review_AI/scraper_project/raw_data/banyo-ve-ev-gerecleri/729936940_reviews.json
[2026-04-05T20:13:21.374Z] [INFO] [review banyo-ve-ev-gerecleri/587073520] page=1 +7 reviews (unique=7)
[2026-04-05T20:13:21.403Z] [INFO] [REVIEW SAVED] /mnt/c/Developer/Review_AI/scraper_project/raw_data/banyo-ve-ev-gerecleri/587073520_reviews.json
[2026-04-05T20:13:21.442Z] [INFO] 
[REVIEW WORKER 1] starting banyo-ve-ev-gerecleri/678568482
[2026-04-05T20:13:21.545Z] [INFO] 
[REVIEW WORKER 5] starting banyo-ve-ev-gerecleri/582042753
[2026-04-05T20:13:21.684Z] [INFO] [review banyo-ve-ev-gerecleri/737117764] page=2 +1 reviews (unique=9)
[2026-04-05T20:13:21.739Z] [INFO] [REVIEW SAVED] /mnt/c/Developer/Review_AI/scraper_project/raw_data/banyo-ve-ev-gerecleri/737117764_reviews.json
[2026-04-05T20:13:21.765Z] [INFO] 
[REVIEW WORKER 6] starting banyo-ve-ev-gerecleri/646425045
[2026-04-05T20:13:21.830Z] [INFO] [review banyo-ve-ev-gerecleri/643002581] page=2 +8 reviews (unique=16)
[2026-04-05T20:13:21.844Z] [INFO] [review banyo-ve-ev-gerecleri/588529309] page=2 +8 reviews (unique=16)
[2026-04-05T20:13:22.026Z] [INFO] [review banyo-ve-ev-gerecleri/729250871] page=79 +8 reviews (unique=632)
[2026-04-05T20:13:22.286Z] [INFO] 
[START REVIEW] category=banyo-ve-ev-gerecleri productId=555563693 startPage=1
[2026-04-05T20:13:22.439Z] [INFO] [review banyo-ve-ev-gerecleri/588529309] page=3 +8 reviews (unique=24)
[2026-04-05T20:13:22.450Z] [INFO] [review banyo-ve-ev-gerecleri/643002581] page=3 +8 reviews (unique=24)
[2026-04-05T20:13:22.530Z] [INFO] [review banyo-ve-ev-gerecleri/555563693] page=1 +8 reviews (unique=8)
[2026-04-05T20:13:22.548Z] [INFO] [REVIEW SAVED] /mnt/c/Developer/Review_AI/scraper_project/raw_data/banyo-ve-ev-gerecleri/555563693_reviews.json
[2026-04-05T20:13:22.566Z] [INFO] 
[REVIEW WORKER 4] starting banyo-ve-ev-gerecleri/501199496
[2026-04-05T20:13:22.756Z] [INFO] [review banyo-ve-ev-gerecleri/729250871] page=80 +8 reviews (unique=640)
[2026-04-05T20:13:22.779Z] [INFO] [REVIEW PARTIAL SAVED] /mnt/c/Developer/Review_AI/scraper_project/raw_data/banyo-ve-ev-gerecleri/729250871_reviews.partial.json
[2026-04-05T20:13:23.099Z] [INFO] [review banyo-ve-ev-gerecleri/643002581] page=4 +8 reviews (unique=32)
[2026-04-05T20:13:23.167Z] [INFO] [review banyo-ve-ev-gerecleri/588529309] page=4 +8 reviews (unique=32)
[2026-04-05T20:13:23.419Z] [INFO] [review banyo-ve-ev-gerecleri/729250871] page=81 +8 reviews (unique=648)
[2026-04-05T20:13:23.512Z] [INFO] 
[START REVIEW] category=banyo-ve-ev-gerecleri productId=723174762 startPage=1
[2026-04-05T20:13:23.744Z] [INFO] [review banyo-ve-ev-gerecleri/643002581] page=5 +3 reviews (unique=35)
[2026-04-05T20:13:23.779Z] [INFO] [REVIEW PARTIAL SAVED] /mnt/c/Developer/Review_AI/scraper_project/raw_data/banyo-ve-ev-gerecleri/643002581_reviews.partial.json
[2026-04-05T20:13:23.825Z] [INFO] [REVIEW SAVED] /mnt/c/Developer/Review_AI/scraper_project/raw_data/banyo-ve-ev-gerecleri/643002581_reviews.json
[2026-04-05T20:13:23.843Z] [INFO] [review banyo-ve-ev-gerecleri/723174762] page=1 +1 reviews (unique=1)
[2026-04-05T20:13:23.890Z] [INFO] [REVIEW SAVED] /mnt/c/Developer/Review_AI/scraper_project/raw_data/banyo-ve-ev-gerecleri/723174762_reviews.json
[2026-04-05T20:13:23.956Z] [INFO] 
[REVIEW WORKER 9] starting banyo-ve-ev-gerecleri/577430195
[2026-04-05T20:13:23.975Z] [INFO] 
[REVIEW WORKER 8] starting banyo-ve-ev-gerecleri/598095613
[2026-04-05T20:13:24.041Z] [INFO] [review banyo-ve-ev-gerecleri/588529309] page=5 +8 reviews (unique=40)
[2026-04-05T20:13:24.073Z] [INFO] [REVIEW PARTIAL SAVED] /mnt/c/Developer/Review_AI/scraper_project/raw_data/banyo-ve-ev-gerecleri/588529309_reviews.partial.json
[2026-04-05T20:13:24.175Z] [INFO] 
[START REVIEW] category=banyo-ve-ev-gerecleri productId=496856533 startPage=1
[2026-04-05T20:13:24.265Z] [INFO] [review banyo-ve-ev-gerecleri/729250871] page=82 +8 reviews (unique=656)
[2026-04-05T20:13:24.961Z] [INFO] [review banyo-ve-ev-gerecleri/588529309] page=6 +8 reviews (unique=48)
[2026-04-05T20:13:25.090Z] [INFO] [review banyo-ve-ev-gerecleri/496856533] page=1 +8 reviews (unique=8)
[2026-04-05T20:13:25.216Z] [INFO] [review banyo-ve-ev-gerecleri/729250871] page=83 +8 reviews (unique=664)
[2026-04-05T20:13:25.479Z] [INFO] 
[START REVIEW] category=banyo-ve-ev-gerecleri productId=678568482 startPage=1
[2026-04-05T20:13:25.523Z] [INFO] 
[START REVIEW] category=banyo-ve-ev-gerecleri productId=582042753 startPage=1
[2026-04-05T20:13:25.663Z] [INFO] [review banyo-ve-ev-gerecleri/588529309] page=7 +5 reviews (unique=53)
[2026-04-05T20:13:25.746Z] [INFO] [REVIEW SAVED] /mnt/c/Developer/Review_AI/scraper_project/raw_data/banyo-ve-ev-gerecleri/588529309_reviews.json
[2026-04-05T20:13:25.846Z] [INFO] 
[REVIEW WORKER 10] starting banyo-ve-ev-gerecleri/410873696
[2026-04-05T20:13:26.063Z] [INFO] [review banyo-ve-ev-gerecleri/496856533] page=2 +8 reviews (unique=16)
[2026-04-05T20:13:26.168Z] [INFO] [review banyo-ve-ev-gerecleri/678568482] page=1 +8 reviews (unique=8)
[2026-04-05T20:13:26.670Z] [INFO] 
[START REVIEW] category=banyo-ve-ev-gerecleri productId=646425045 startPage=1
[2026-04-05T20:13:26.741Z] [INFO] [review banyo-ve-ev-gerecleri/729250871] page=84 +8 reviews (unique=672)
[2026-04-05T20:13:26.876Z] [INFO] [review banyo-ve-ev-gerecleri/582042753] page=1 +8 reviews (unique=8)
[2026-04-05T20:13:27.080Z] [INFO] [review banyo-ve-ev-gerecleri/496856533] page=3 +8 reviews (unique=24)
[2026-04-05T20:13:27.358Z] [INFO] [review banyo-ve-ev-gerecleri/646425045] page=1 +8 reviews (unique=8)
[2026-04-05T20:13:27.419Z] [INFO] [review banyo-ve-ev-gerecleri/678568482] page=2 +8 reviews (unique=16)
[2026-04-05T20:13:27.554Z] [INFO] [review banyo-ve-ev-gerecleri/582042753] page=2 +8 reviews (unique=16)
[2026-04-05T20:13:27.796Z] [INFO] [review banyo-ve-ev-gerecleri/496856533] page=4 +8 reviews (unique=32)
[2026-04-05T20:13:28.038Z] [INFO] 
[START REVIEW] category=banyo-ve-ev-gerecleri productId=501199496 startPage=1
[2026-04-05T20:13:28.078Z] [INFO] [review banyo-ve-ev-gerecleri/678568482] page=3 +8 reviews (unique=24)
[2026-04-05T20:13:28.147Z] [INFO] [review banyo-ve-ev-gerecleri/646425045] page=2 +8 reviews (unique=16)
[2026-04-05T20:13:28.196Z] [ERROR] [REVIEW ERROR] banyo-ve-ev-gerecleri/658302631
[2026-04-05T20:13:28.201Z] [ERROR] {"name":"TimeoutError"}
[2026-04-05T20:13:28.220Z] [INFO] 
[REVIEW WORKER 2] starting banyo-ve-ev-gerecleri/725463616
[2026-04-05T20:13:28.291Z] [INFO] [review banyo-ve-ev-gerecleri/582042753] page=3 +8 reviews (unique=24)
[2026-04-05T20:13:28.460Z] [INFO] [review banyo-ve-ev-gerecleri/501199496] page=1 +3 reviews (unique=3)
[2026-04-05T20:13:28.500Z] [INFO] [REVIEW SAVED] /mnt/c/Developer/Review_AI/scraper_project/raw_data/banyo-ve-ev-gerecleri/501199496_reviews.json
[2026-04-05T20:13:28.531Z] [INFO] 
[REVIEW WORKER 4] starting banyo-ve-ev-gerecleri/651591656
[2026-04-05T20:13:28.550Z] [INFO] [review banyo-ve-ev-gerecleri/496856533] page=5 +8 reviews (unique=40)
[2026-04-05T20:13:28.563Z] [INFO] [REVIEW PARTIAL SAVED] /mnt/c/Developer/Review_AI/scraper_project/raw_data/banyo-ve-ev-gerecleri/496856533_reviews.partial.json
[2026-04-05T20:13:28.774Z] [INFO] [review banyo-ve-ev-gerecleri/678568482] page=4 +8 reviews (unique=32)
[2026-04-05T20:13:28.844Z] [INFO] [review banyo-ve-ev-gerecleri/646425045] page=3 +8 reviews (unique=24)
[2026-04-05T20:13:29.224Z] [INFO] [review banyo-ve-ev-gerecleri/496856533] page=6 +8 reviews (unique=48)
[2026-04-05T20:13:29.309Z] [INFO] 
[START REVIEW] category=banyo-ve-ev-gerecleri productId=598095613 startPage=1
[2026-04-05T20:13:29.317Z] [INFO] [review banyo-ve-ev-gerecleri/582042753] page=4 +8 reviews (unique=32)
[2026-04-05T20:13:29.344Z] [INFO] 
[START REVIEW] category=banyo-ve-ev-gerecleri productId=577430195 startPage=1
[2026-04-05T20:13:29.404Z] [INFO] [review banyo-ve-ev-gerecleri/678568482] page=5 +8 reviews (unique=40)
[2026-04-05T20:13:29.421Z] [INFO] [REVIEW PARTIAL SAVED] /mnt/c/Developer/Review_AI/scraper_project/raw_data/banyo-ve-ev-gerecleri/678568482_reviews.partial.json
[2026-04-05T20:13:29.540Z] [INFO] [review banyo-ve-ev-gerecleri/646425045] page=4 +8 reviews (unique=32)
[2026-04-05T20:13:29.604Z] [INFO] [review banyo-ve-ev-gerecleri/598095613] page=1 +8 reviews (unique=8)
[2026-04-05T20:13:29.618Z] [INFO] [review banyo-ve-ev-gerecleri/577430195] page=1 +8 reviews (unique=8)
[2026-04-05T20:13:29.962Z] [INFO] [review banyo-ve-ev-gerecleri/496856533] page=7 +8 reviews (unique=56)
[2026-04-05T20:13:29.989Z] [INFO] [review banyo-ve-ev-gerecleri/582042753] page=5 +5 reviews (unique=37)
[2026-04-05T20:13:30.019Z] [INFO] [REVIEW PARTIAL SAVED] /mnt/c/Developer/Review_AI/scraper_project/raw_data/banyo-ve-ev-gerecleri/582042753_reviews.partial.json
[2026-04-05T20:13:30.053Z] [INFO] [REVIEW SAVED] /mnt/c/Developer/Review_AI/scraper_project/raw_data/banyo-ve-ev-gerecleri/582042753_reviews.json
[2026-04-05T20:13:30.076Z] [INFO] [review banyo-ve-ev-gerecleri/678568482] page=6 +4 reviews (unique=44)
[2026-04-05T20:13:30.125Z] [INFO] [REVIEW SAVED] /mnt/c/Developer/Review_AI/scraper_project/raw_data/banyo-ve-ev-gerecleri/678568482_reviews.json
[2026-04-05T20:13:30.181Z] [INFO] 
[REVIEW WORKER 1] starting banyo-ve-ev-gerecleri/408646148
[2026-04-05T20:13:30.202Z] [INFO] 
[REVIEW WORKER 5] starting banyo-ve-ev-gerecleri/474538664
[2026-04-05T20:13:30.243Z] [INFO] [review banyo-ve-ev-gerecleri/646425045] page=5 +8 reviews (unique=40)
[2026-04-05T20:13:30.268Z] [INFO] [REVIEW PARTIAL SAVED] /mnt/c/Developer/Review_AI/scraper_project/raw_data/banyo-ve-ev-gerecleri/646425045_reviews.partial.json
[2026-04-05T20:13:30.408Z] [INFO] [review banyo-ve-ev-gerecleri/577430195] page=2 +8 reviews (unique=16)
[2026-04-05T20:13:30.437Z] [INFO] [review banyo-ve-ev-gerecleri/598095613] page=2 +8 reviews (unique=16)
[2026-04-05T20:13:30.646Z] [INFO] 
[START REVIEW] category=banyo-ve-ev-gerecleri productId=410873696 startPage=1
[2026-04-05T20:13:30.698Z] [INFO] [review banyo-ve-ev-gerecleri/496856533] page=8 +8 reviews (unique=64)
[2026-04-05T20:13:30.983Z] [INFO] [review banyo-ve-ev-gerecleri/646425045] page=6 +8 reviews (unique=48)
[2026-04-05T20:13:31.026Z] [INFO] [review banyo-ve-ev-gerecleri/410873696] page=1 +8 reviews (unique=8)
[2026-04-05T20:13:31.140Z] [INFO] [review banyo-ve-ev-gerecleri/598095613] page=3 +4 reviews (unique=20)
[2026-04-05T20:13:31.177Z] [INFO] [REVIEW SAVED] /mnt/c/Developer/Review_AI/scraper_project/raw_data/banyo-ve-ev-gerecleri/598095613_reviews.json
[2026-04-05T20:13:31.189Z] [INFO] [review banyo-ve-ev-gerecleri/577430195] page=3 +8 reviews (unique=24)
[2026-04-05T20:13:31.241Z] [INFO] 
[REVIEW WORKER 8] starting banyo-ve-ev-gerecleri/573684563
[2026-04-05T20:13:31.455Z] [INFO] [review banyo-ve-ev-gerecleri/496856533] page=9 +8 reviews (unique=72)
[2026-04-05T20:13:31.668Z] [INFO] [review banyo-ve-ev-gerecleri/410873696] page=2 +8 reviews (unique=16)
[2026-04-05T20:13:31.684Z] [INFO] [review banyo-ve-ev-gerecleri/646425045] page=7 +8 reviews (unique=56)
[2026-04-05T20:13:31.882Z] [INFO] [review banyo-ve-ev-gerecleri/577430195] page=4 +3 reviews (unique=27)
[2026-04-05T20:13:31.900Z] [INFO] [REVIEW SAVED] /mnt/c/Developer/Review_AI/scraper_project/raw_data/banyo-ve-ev-gerecleri/577430195_reviews.json
[2026-04-05T20:13:31.915Z] [INFO] 
[REVIEW WORKER 9] starting banyo-ve-ev-gerecleri/547570439
[2026-04-05T20:13:32.111Z] [INFO] [review banyo-ve-ev-gerecleri/496856533] page=10 +6 reviews (unique=78)
[2026-04-05T20:13:32.127Z] [INFO] [REVIEW PARTIAL SAVED] /mnt/c/Developer/Review_AI/scraper_project/raw_data/banyo-ve-ev-gerecleri/496856533_reviews.partial.json
[2026-04-05T20:13:32.160Z] [INFO] [REVIEW SAVED] /mnt/c/Developer/Review_AI/scraper_project/raw_data/banyo-ve-ev-gerecleri/496856533_reviews.json
[2026-04-05T20:13:32.181Z] [INFO] 
[REVIEW WORKER 7] starting banyo-ve-ev-gerecleri/701112975
[2026-04-05T20:13:32.301Z] [INFO] [review banyo-ve-ev-gerecleri/646425045] page=8 +8 reviews (unique=64)
[2026-04-05T20:13:32.326Z] [INFO] [review banyo-ve-ev-gerecleri/410873696] page=3 +3 reviews (unique=19)
[2026-04-05T20:13:32.358Z] [INFO] [REVIEW SAVED] /mnt/c/Developer/Review_AI/scraper_project/raw_data/banyo-ve-ev-gerecleri/410873696_reviews.json
[2026-04-05T20:13:32.389Z] [INFO] 
[REVIEW WORKER 10] starting banyo-ve-ev-gerecleri/561518494
[2026-04-05T20:13:32.413Z] [INFO] 
[START REVIEW] category=banyo-ve-ev-gerecleri productId=651591656 startPage=1
[2026-04-05T20:13:32.463Z] [INFO] 
[START REVIEW] category=banyo-ve-ev-gerecleri productId=725463616 startPage=1
[2026-04-05T20:13:32.472Z] [INFO] [review banyo-ve-ev-gerecleri/729250871] page=85 +8 reviews (unique=680)
[2026-04-05T20:13:32.493Z] [INFO] [REVIEW PARTIAL SAVED] /mnt/c/Developer/Review_AI/scraper_project/raw_data/banyo-ve-ev-gerecleri/729250871_reviews.partial.json
[2026-04-05T20:13:32.719Z] [INFO] [review banyo-ve-ev-gerecleri/651591656] page=1 +7 reviews (unique=7)
[2026-04-05T20:13:32.738Z] [INFO] [REVIEW SAVED] /mnt/c/Developer/Review_AI/scraper_project/raw_data/banyo-ve-ev-gerecleri/651591656_reviews.json
[2026-04-05T20:13:32.744Z] [INFO] [review banyo-ve-ev-gerecleri/725463616] page=1 +1 reviews (unique=1)
[2026-04-05T20:13:32.767Z] [INFO] [REVIEW SAVED] /mnt/c/Developer/Review_AI/scraper_project/raw_data/banyo-ve-ev-gerecleri/725463616_reviews.json
[2026-04-05T20:13:32.799Z] [INFO] 
[REVIEW WORKER 4] starting banyo-ve-ev-gerecleri/646124292
[2026-04-05T20:13:32.847Z] [INFO] 
[REVIEW WORKER 2] starting banyo-ve-ev-gerecleri/729936777
[2026-04-05T20:13:32.993Z] [INFO] [review banyo-ve-ev-gerecleri/646425045] page=9 +6 reviews (unique=70)
[2026-04-05T20:13:33.015Z] [INFO] [REVIEW SAVED] /mnt/c/Developer/Review_AI/scraper_project/raw_data/banyo-ve-ev-gerecleri/646425045_reviews.json
[2026-04-05T20:13:33.055Z] [INFO] 
[REVIEW WORKER 6] starting banyo-ve-ev-gerecleri/501531949
[2026-04-05T20:13:33.252Z] [INFO] [review banyo-ve-ev-gerecleri/729250871] page=86 +8 reviews (unique=688)
[2026-04-05T20:13:34.115Z] [INFO] [review banyo-ve-ev-gerecleri/729250871] page=87 +8 reviews (unique=696)
[2026-04-05T20:13:34.397Z] [INFO] 
[START REVIEW] category=banyo-ve-ev-gerecleri productId=408646148 startPage=1
[2026-04-05T20:13:34.543Z] [INFO] 
[START REVIEW] category=banyo-ve-ev-gerecleri productId=474538664 startPage=1
[2026-04-05T20:13:34.688Z] [INFO] [review banyo-ve-ev-gerecleri/408646148] page=1 +8 reviews (unique=8)
[2026-04-05T20:13:34.880Z] [INFO] [review banyo-ve-ev-gerecleri/474538664] page=1 +8 reviews (unique=8)
[2026-04-05T20:13:34.957Z] [INFO] [review banyo-ve-ev-gerecleri/729250871] page=88 +8 reviews (unique=704)
[2026-04-05T20:13:35.136Z] [INFO] 
[START REVIEW] category=banyo-ve-ev-gerecleri productId=573684563 startPage=1
[2026-04-05T20:13:35.516Z] [INFO] [review banyo-ve-ev-gerecleri/408646148] page=2 +8 reviews (unique=16)
[2026-04-05T20:13:35.724Z] [INFO] [review banyo-ve-ev-gerecleri/573684563] page=1 +8 reviews (unique=8)
[2026-04-05T20:13:35.778Z] [INFO] [review banyo-ve-ev-gerecleri/474538664] page=2 +8 reviews (unique=16)
[2026-04-05T20:13:35.811Z] [INFO] [review banyo-ve-ev-gerecleri/729250871] page=89 +8 reviews (unique=712)
[2026-04-05T20:13:36.293Z] [INFO] [review banyo-ve-ev-gerecleri/408646148] page=3 +8 reviews (unique=24)
[2026-04-05T20:13:36.736Z] [INFO] 
[START REVIEW] category=banyo-ve-ev-gerecleri productId=701112975 startPage=1
[2026-04-05T20:13:36.862Z] [INFO] 
[START REVIEW] category=banyo-ve-ev-gerecleri productId=547570439 startPage=1
[2026-04-05T20:13:36.916Z] [INFO] 
[START REVIEW] category=banyo-ve-ev-gerecleri productId=561518494 startPage=1
[2026-04-05T20:13:36.931Z] [INFO] [review banyo-ve-ev-gerecleri/474538664] page=3 +8 reviews (unique=24)
[2026-04-05T20:13:36.986Z] [INFO] [review banyo-ve-ev-gerecleri/573684563] page=2 +3 reviews (unique=11)
[2026-04-05T20:13:37.103Z] [INFO] [REVIEW SAVED] /mnt/c/Developer/Review_AI/scraper_project/raw_data/banyo-ve-ev-gerecleri/573684563_reviews.json
[2026-04-05T20:13:37.122Z] [INFO] [review banyo-ve-ev-gerecleri/729250871] page=90 +8 reviews (unique=720)
[2026-04-05T20:13:37.251Z] [INFO] [REVIEW PARTIAL SAVED] /mnt/c/Developer/Review_AI/scraper_project/raw_data/banyo-ve-ev-gerecleri/729250871_reviews.partial.json
[2026-04-05T20:13:37.351Z] [INFO] 
[REVIEW WORKER 8] starting banyo-ve-ev-gerecleri/639864169
[2026-04-05T20:13:37.551Z] [INFO] [review banyo-ve-ev-gerecleri/408646148] page=4 +8 reviews (unique=32)
[2026-04-05T20:13:37.731Z] [INFO] [review banyo-ve-ev-gerecleri/701112975] page=1 +8 reviews (unique=8)
[2026-04-05T20:13:38.004Z] [INFO] [review banyo-ve-ev-gerecleri/474538664] page=4 +8 reviews (unique=32)
[2026-04-05T20:13:38.085Z] [INFO] [review banyo-ve-ev-gerecleri/561518494] page=1 +8 reviews (unique=8)
[2026-04-05T20:13:38.297Z] [INFO] [review banyo-ve-ev-gerecleri/547570439] page=1 +8 reviews (unique=8)
[2026-04-05T20:13:38.375Z] [INFO] [review banyo-ve-ev-gerecleri/729250871] page=91 +8 reviews (unique=728)
[2026-04-05T20:13:38.424Z] [INFO] [review banyo-ve-ev-gerecleri/408646148] page=5 +8 reviews (unique=40)
[2026-04-05T20:13:38.492Z] [INFO] [REVIEW PARTIAL SAVED] /mnt/c/Developer/Review_AI/scraper_project/raw_data/banyo-ve-ev-gerecleri/408646148_reviews.partial.json
[2026-04-05T20:13:38.554Z] [INFO] 
[START REVIEW] category=banyo-ve-ev-gerecleri productId=646124292 startPage=1
[2026-04-05T20:13:38.624Z] [INFO] 
[START REVIEW] category=banyo-ve-ev-gerecleri productId=501531949 startPage=1
[2026-04-05T20:13:38.738Z] [INFO] 
[START REVIEW] category=banyo-ve-ev-gerecleri productId=729936777 startPage=1
[2026-04-05T20:13:38.826Z] [INFO] [review banyo-ve-ev-gerecleri/701112975] page=2 +8 reviews (unique=16)
[2026-04-05T20:13:39.045Z] [INFO] [review banyo-ve-ev-gerecleri/474538664] page=5 +3 reviews (unique=35)
[2026-04-05T20:13:39.145Z] [INFO] [REVIEW PARTIAL SAVED] /mnt/c/Developer/Review_AI/scraper_project/raw_data/banyo-ve-ev-gerecleri/474538664_reviews.partial.json
[2026-04-05T20:13:39.222Z] [INFO] [REVIEW SAVED] /mnt/c/Developer/Review_AI/scraper_project/raw_data/banyo-ve-ev-gerecleri/474538664_reviews.json
[2026-04-05T20:13:39.247Z] [INFO] [review banyo-ve-ev-gerecleri/547570439] page=2 +8 reviews (unique=16)
[2026-04-05T20:13:39.319Z] [INFO] [REVIEW SAVED] /mnt/c/Developer/Review_AI/scraper_project/raw_data/banyo-ve-ev-gerecleri/547570439_reviews.json
[2026-04-05T20:13:39.341Z] [INFO] [review banyo-ve-ev-gerecleri/561518494] page=2 +3 reviews (unique=11)
[2026-04-05T20:13:39.399Z] [INFO] [REVIEW SAVED] /mnt/c/Developer/Review_AI/scraper_project/raw_data/banyo-ve-ev-gerecleri/561518494_reviews.json
[2026-04-05T20:13:39.409Z] [INFO] [review banyo-ve-ev-gerecleri/729250871] page=92 +8 reviews (unique=736)
[2026-04-05T20:13:39.432Z] [INFO] [review banyo-ve-ev-gerecleri/408646148] page=6 +8 reviews (unique=48)
[2026-04-05T20:13:39.460Z] [INFO] 
[REVIEW WORKER 5] starting banyo-ve-ev-gerecleri/562969540
[2026-04-05T20:13:39.484Z] [INFO] [review banyo-ve-ev-gerecleri/501531949] page=1 +8 reviews (unique=8)
[2026-04-05T20:13:39.507Z] [INFO] 
[REVIEW WORKER 9] starting banyo-ve-ev-gerecleri/737139842
[2026-04-05T20:13:39.512Z] [INFO] [review banyo-ve-ev-gerecleri/729936777] page=1 +1 reviews (unique=1)
[2026-04-05T20:13:39.544Z] [INFO] [REVIEW SAVED] /mnt/c/Developer/Review_AI/scraper_project/raw_data/banyo-ve-ev-gerecleri/729936777_reviews.json
[2026-04-05T20:13:39.560Z] [INFO] 
[REVIEW WORKER 10] starting banyo-ve-ev-gerecleri/718775065
[2026-04-05T20:13:39.572Z] [INFO] [review banyo-ve-ev-gerecleri/701112975] page=3 +6 reviews (unique=22)
[2026-04-05T20:13:39.594Z] [INFO] [REVIEW SAVED] /mnt/c/Developer/Review_AI/scraper_project/raw_data/banyo-ve-ev-gerecleri/701112975_reviews.json
[2026-04-05T20:13:39.634Z] [INFO] 
[REVIEW WORKER 2] starting banyo-ve-ev-gerecleri/729856240
[2026-04-05T20:13:39.673Z] [INFO] 
[REVIEW WORKER 7] starting banyo-ve-ev-gerecleri/732432538
[2026-04-05T20:13:39.733Z] [INFO] [review banyo-ve-ev-gerecleri/646124292] page=1 +1 reviews (unique=1)
[2026-04-05T20:13:39.752Z] [INFO] [REVIEW SAVED] /mnt/c/Developer/Review_AI/scraper_project/raw_data/banyo-ve-ev-gerecleri/646124292_reviews.json
[2026-04-05T20:13:39.836Z] [INFO] 
[REVIEW WORKER 4] starting banyo-ve-ev-gerecleri/737073338
[2026-04-05T20:13:40.155Z] [INFO] [review banyo-ve-ev-gerecleri/408646148] page=7 +1 reviews (unique=49)
[2026-04-05T20:13:40.173Z] [INFO] [REVIEW SAVED] /mnt/c/Developer/Review_AI/scraper_project/raw_data/banyo-ve-ev-gerecleri/408646148_reviews.json
[2026-04-05T20:13:40.179Z] [INFO] [review banyo-ve-ev-gerecleri/729250871] page=93 +8 reviews (unique=744)
[2026-04-05T20:13:40.198Z] [INFO] 
[REVIEW WORKER 1] starting banyo-ve-ev-gerecleri/470600376
[2026-04-05T20:13:40.230Z] [INFO] [review banyo-ve-ev-gerecleri/501531949] page=2 +8 reviews (unique=16)
[2026-04-05T20:13:40.831Z] [INFO] [review banyo-ve-ev-gerecleri/729250871] page=94 +8 reviews (unique=752)
[2026-04-05T20:13:41.092Z] [INFO] [review banyo-ve-ev-gerecleri/501531949] page=3 +8 reviews (unique=24)
[2026-04-05T20:13:41.452Z] [INFO] [review banyo-ve-ev-gerecleri/729250871] page=95 +8 reviews (unique=760)
[2026-04-05T20:13:41.480Z] [INFO] [REVIEW PARTIAL SAVED] /mnt/c/Developer/Review_AI/scraper_project/raw_data/banyo-ve-ev-gerecleri/729250871_reviews.partial.json
[2026-04-05T20:13:42.214Z] [INFO] [review banyo-ve-ev-gerecleri/729250871] page=96 +8 reviews (unique=768)
[2026-04-05T20:13:42.700Z] [INFO] 
[START REVIEW] category=banyo-ve-ev-gerecleri productId=639864169 startPage=1
[2026-04-05T20:13:43.116Z] [INFO] [review banyo-ve-ev-gerecleri/639864169] page=1 +1 reviews (unique=1)
[2026-04-05T20:13:43.192Z] [INFO] [REVIEW SAVED] /mnt/c/Developer/Review_AI/scraper_project/raw_data/banyo-ve-ev-gerecleri/639864169_reviews.json
[2026-04-05T20:13:43.267Z] [INFO] 
[REVIEW WORKER 8] starting banyo-ve-ev-gerecleri/700856304
[2026-04-05T20:13:43.746Z] [INFO] 
[START REVIEW] category=banyo-ve-ev-gerecleri productId=562969540 startPage=1
[2026-04-05T20:13:43.948Z] [INFO] [review banyo-ve-ev-gerecleri/729250871] page=97 +8 reviews (unique=776)
[2026-04-05T20:13:44.058Z] [INFO] 
[START REVIEW] category=banyo-ve-ev-gerecleri productId=737139842 startPage=1
[2026-04-05T20:13:44.623Z] [INFO] [review banyo-ve-ev-gerecleri/562969540] page=1 +8 reviews (unique=8)
[2026-04-05T20:13:44.649Z] [INFO] [review banyo-ve-ev-gerecleri/737139842] page=1 +8 reviews (unique=8)
[2026-04-05T20:13:44.766Z] [INFO] [review banyo-ve-ev-gerecleri/729250871] page=98 +8 reviews (unique=784)
[2026-04-05T20:13:45.207Z] [INFO] 
[START REVIEW] category=banyo-ve-ev-gerecleri productId=732432538 startPage=1
[2026-04-05T20:13:45.353Z] [INFO] 
[START REVIEW] category=banyo-ve-ev-gerecleri productId=718775065 startPage=1
[2026-04-05T20:13:45.470Z] [INFO] 
[START REVIEW] category=banyo-ve-ev-gerecleri productId=737073338 startPage=1
[2026-04-05T20:13:45.503Z] [INFO] [review banyo-ve-ev-gerecleri/501531949] page=4 +8 reviews (unique=32)
[2026-04-05T20:13:45.628Z] [INFO] [review banyo-ve-ev-gerecleri/562969540] page=2 +8 reviews (unique=16)
[2026-04-05T20:13:45.796Z] [INFO] [review banyo-ve-ev-gerecleri/729250871] page=99 +8 reviews (unique=792)
[2026-04-05T20:13:45.934Z] [INFO] [review banyo-ve-ev-gerecleri/737139842] page=2 +8 reviews (unique=16)
[2026-04-05T20:13:46.065Z] [INFO] 
[START REVIEW] category=banyo-ve-ev-gerecleri productId=729856240 startPage=1
[2026-04-05T20:13:46.075Z] [INFO] 
[START REVIEW] category=banyo-ve-ev-gerecleri productId=470600376 startPage=1
[2026-04-05T20:13:46.272Z] [INFO] [review banyo-ve-ev-gerecleri/732432538] page=1 +0 reviews (unique=0)
[2026-04-05T20:13:46.318Z] [INFO] [REVIEW SAVED] /mnt/c/Developer/Review_AI/scraper_project/raw_data/banyo-ve-ev-gerecleri/732432538_reviews.json
[2026-04-05T20:13:46.368Z] [INFO] [review banyo-ve-ev-gerecleri/501531949] page=5 +8 reviews (unique=40)
[2026-04-05T20:13:46.401Z] [INFO] [REVIEW PARTIAL SAVED] /mnt/c/Developer/Review_AI/scraper_project/raw_data/banyo-ve-ev-gerecleri/501531949_reviews.partial.json
[2026-04-05T20:13:46.408Z] [INFO] [review banyo-ve-ev-gerecleri/562969540] page=3 +8 reviews (unique=24)
[2026-04-05T20:13:46.444Z] [INFO] [review banyo-ve-ev-gerecleri/737073338] page=1 +8 reviews (unique=8)
[2026-04-05T20:13:46.463Z] [INFO] [review banyo-ve-ev-gerecleri/729856240] page=1 +1 reviews (unique=1)
[2026-04-05T20:13:46.504Z] [INFO] [REVIEW SAVED] /mnt/c/Developer/Review_AI/scraper_project/raw_data/banyo-ve-ev-gerecleri/729856240_reviews.json
[2026-04-05T20:13:46.517Z] [INFO] 
[REVIEW WORKER 7] starting banyo-ve-ev-gerecleri/729856248
[2026-04-05T20:13:46.536Z] [INFO] [review banyo-ve-ev-gerecleri/470600376] page=1 +8 reviews (unique=8)
[2026-04-05T20:13:46.544Z] [INFO] [review banyo-ve-ev-gerecleri/718775065] page=1 +8 reviews (unique=8)
[2026-04-05T20:13:46.567Z] [INFO] 
[REVIEW WORKER 2] starting banyo-ve-ev-gerecleri/733754885
[2026-04-05T20:13:46.705Z] [INFO] [review banyo-ve-ev-gerecleri/737139842] page=3 +8 reviews (unique=24)
[2026-04-05T20:13:46.720Z] [INFO] [review banyo-ve-ev-gerecleri/729250871] page=100 +8 reviews (unique=800)
[2026-04-05T20:13:46.750Z] [INFO] [REVIEW PARTIAL SAVED] /mnt/c/Developer/Review_AI/scraper_project/raw_data/banyo-ve-ev-gerecleri/729250871_reviews.partial.json
[2026-04-05T20:13:47.029Z] [INFO] [review banyo-ve-ev-gerecleri/501531949] page=6 +8 reviews (unique=48)
[2026-04-05T20:13:47.095Z] [INFO] [review banyo-ve-ev-gerecleri/562969540] page=4 +8 reviews (unique=32)
[2026-04-05T20:13:47.182Z] [INFO] [review banyo-ve-ev-gerecleri/737073338] page=2 +8 reviews (unique=16)
[2026-04-05T20:13:47.201Z] [INFO] [review banyo-ve-ev-gerecleri/470600376] page=2 +8 reviews (unique=16)
[2026-04-05T20:13:47.289Z] [INFO] [review banyo-ve-ev-gerecleri/718775065] page=2 +1 reviews (unique=9)
[2026-04-05T20:13:47.307Z] [INFO] [REVIEW SAVED] /mnt/c/Developer/Review_AI/scraper_project/raw_data/banyo-ve-ev-gerecleri/718775065_reviews.json
[2026-04-05T20:13:47.344Z] [INFO] 
[REVIEW WORKER 10] starting banyo-ve-ev-gerecleri/717887381
[2026-04-05T20:13:47.394Z] [INFO] [review banyo-ve-ev-gerecleri/737139842] page=4 +8 reviews (unique=32)
[2026-04-05T20:13:47.504Z] [INFO] [review banyo-ve-ev-gerecleri/729250871] page=101 +8 reviews (unique=808)
[2026-04-05T20:13:47.719Z] [INFO] [review banyo-ve-ev-gerecleri/562969540] page=5 +8 reviews (unique=40)
[2026-04-05T20:13:47.729Z] [INFO] [REVIEW PARTIAL SAVED] /mnt/c/Developer/Review_AI/scraper_project/raw_data/banyo-ve-ev-gerecleri/562969540_reviews.partial.json
[2026-04-05T20:13:47.797Z] [INFO] [review banyo-ve-ev-gerecleri/737073338] page=3 +1 reviews (unique=17)
[2026-04-05T20:13:47.810Z] [INFO] [REVIEW SAVED] /mnt/c/Developer/Review_AI/scraper_project/raw_data/banyo-ve-ev-gerecleri/737073338_reviews.json
[2026-04-05T20:13:47.829Z] [INFO] 
[REVIEW WORKER 4] starting banyo-ve-ev-gerecleri/601301494
[2026-04-05T20:13:47.899Z] [INFO] [review banyo-ve-ev-gerecleri/470600376] page=3 +8 reviews (unique=24)
[2026-04-05T20:13:48.000Z] [INFO] [review banyo-ve-ev-gerecleri/737139842] page=5 +8 reviews (unique=40)
[2026-04-05T20:13:48.012Z] [INFO] [REVIEW PARTIAL SAVED] /mnt/c/Developer/Review_AI/scraper_project/raw_data/banyo-ve-ev-gerecleri/737139842_reviews.partial.json
[2026-04-05T20:13:48.025Z] [INFO] [REVIEW SAVED] /mnt/c/Developer/Review_AI/scraper_project/raw_data/banyo-ve-ev-gerecleri/737139842_reviews.json
[2026-04-05T20:13:48.049Z] [INFO] 
[REVIEW WORKER 9] starting banyo-ve-ev-gerecleri/501533735
[2026-04-05T20:13:48.098Z] [INFO] [review banyo-ve-ev-gerecleri/501531949] page=7 +8 reviews (unique=56)
[2026-04-05T20:13:48.205Z] [INFO] [review banyo-ve-ev-gerecleri/729250871] page=102 +8 reviews (unique=816)
[2026-04-05T20:13:48.384Z] [INFO] 
[START REVIEW] category=banyo-ve-ev-gerecleri productId=700856304 startPage=1
[2026-04-05T20:13:48.436Z] [INFO] [review banyo-ve-ev-gerecleri/562969540] page=6 +8 reviews (unique=48)
[2026-04-05T20:13:48.619Z] [INFO] [review banyo-ve-ev-gerecleri/700856304] page=1 +2 reviews (unique=2)
[2026-04-05T20:13:48.632Z] [INFO] [REVIEW SAVED] /mnt/c/Developer/Review_AI/scraper_project/raw_data/banyo-ve-ev-gerecleri/700856304_reviews.json
[2026-04-05T20:13:48.636Z] [INFO] [review banyo-ve-ev-gerecleri/470600376] page=4 +8 reviews (unique=32)
[2026-04-05T20:13:48.653Z] [INFO] 
[REVIEW WORKER 8] starting banyo-ve-ev-gerecleri/662227580
[2026-04-05T20:13:48.750Z] [INFO] [review banyo-ve-ev-gerecleri/501531949] page=8 +8 reviews (unique=64)
[2026-04-05T20:13:48.892Z] [INFO] [review banyo-ve-ev-gerecleri/729250871] page=103 +8 reviews (unique=824)
[2026-04-05T20:13:49.036Z] [INFO] [review banyo-ve-ev-gerecleri/562969540] page=7 +8 reviews (unique=56)
[2026-04-05T20:13:49.664Z] [INFO] [review banyo-ve-ev-gerecleri/470600376] page=5 +8 reviews (unique=40)
[2026-04-05T20:13:49.672Z] [INFO] [REVIEW PARTIAL SAVED] /mnt/c/Developer/Review_AI/scraper_project/raw_data/banyo-ve-ev-gerecleri/470600376_reviews.partial.json
[2026-04-05T20:13:49.719Z] [INFO] [review banyo-ve-ev-gerecleri/501531949] page=9 +1 reviews (unique=65)
[2026-04-05T20:13:49.744Z] [INFO] [REVIEW SAVED] /mnt/c/Developer/Review_AI/scraper_project/raw_data/banyo-ve-ev-gerecleri/501531949_reviews.json
[2026-04-05T20:13:49.762Z] [INFO] 
[REVIEW WORKER 6] starting banyo-ve-ev-gerecleri/547749441
[2026-04-05T20:13:49.778Z] [INFO] [review banyo-ve-ev-gerecleri/729250871] page=104 +8 reviews (unique=832)
[2026-04-05T20:13:49.841Z] [INFO] [review banyo-ve-ev-gerecleri/562969540] page=8 +8 reviews (unique=64)
[2026-04-05T20:13:50.318Z] [INFO] [review banyo-ve-ev-gerecleri/470600376] page=6 +8 reviews (unique=48)
[2026-04-05T20:13:50.489Z] [INFO] [review banyo-ve-ev-gerecleri/562969540] page=9 +5 reviews (unique=69)
[2026-04-05T20:13:50.539Z] [INFO] [REVIEW SAVED] /mnt/c/Developer/Review_AI/scraper_project/raw_data/banyo-ve-ev-gerecleri/562969540_reviews.json
[2026-04-05T20:13:50.567Z] [INFO] [review banyo-ve-ev-gerecleri/729250871] page=105 +8 reviews (unique=840)
[2026-04-05T20:13:50.629Z] [INFO] [REVIEW PARTIAL SAVED] /mnt/c/Developer/Review_AI/scraper_project/raw_data/banyo-ve-ev-gerecleri/729250871_reviews.partial.json
[2026-04-05T20:13:50.652Z] [INFO] 
[REVIEW WORKER 5] starting banyo-ve-ev-gerecleri/699463542
[2026-04-05T20:13:51.157Z] [INFO] [review banyo-ve-ev-gerecleri/470600376] page=7 +8 reviews (unique=56)
[2026-04-05T20:13:51.208Z] [INFO] 
[START REVIEW] category=banyo-ve-ev-gerecleri productId=733754885 startPage=1
[2026-04-05T20:13:51.255Z] [INFO] 
[START REVIEW] category=banyo-ve-ev-gerecleri productId=729856248 startPage=1
[2026-04-05T20:13:51.535Z] [INFO] [review banyo-ve-ev-gerecleri/729250871] page=106 +8 reviews (unique=848)
[2026-04-05T20:13:52.133Z] [INFO] [review banyo-ve-ev-gerecleri/729856248] page=1 +2 reviews (unique=2)
[2026-04-05T20:13:52.299Z] [INFO] [REVIEW SAVED] /mnt/c/Developer/Review_AI/scraper_project/raw_data/banyo-ve-ev-gerecleri/729856248_reviews.json
[2026-04-05T20:13:52.368Z] [INFO] 
[START REVIEW] category=banyo-ve-ev-gerecleri productId=717887381 startPage=1
[2026-04-05T20:13:52.381Z] [INFO] [review banyo-ve-ev-gerecleri/733754885] page=1 +1 reviews (unique=1)
[2026-04-05T20:13:52.467Z] [INFO] [REVIEW SAVED] /mnt/c/Developer/Review_AI/scraper_project/raw_data/banyo-ve-ev-gerecleri/733754885_reviews.json
[2026-04-05T20:13:52.493Z] [INFO] [review banyo-ve-ev-gerecleri/470600376] page=8 +8 reviews (unique=64)
[2026-04-05T20:13:52.572Z] [INFO] [review banyo-ve-ev-gerecleri/729250871] page=107 +8 reviews (unique=856)
[2026-04-05T20:13:52.612Z] [INFO] 
[REVIEW WORKER 2] starting banyo-ve-ev-gerecleri/500213047
[2026-04-05T20:13:52.630Z] [INFO] 
[REVIEW WORKER 7] starting banyo-ve-ev-gerecleri/678657882
[2026-04-05T20:13:52.854Z] [INFO] 
[START REVIEW] category=banyo-ve-ev-gerecleri productId=501533735 startPage=1
[2026-04-05T20:13:52.936Z] [INFO] 
[START REVIEW] category=banyo-ve-ev-gerecleri productId=601301494 startPage=1
[2026-04-05T20:13:53.371Z] [INFO] [review banyo-ve-ev-gerecleri/470600376] page=9 +8 reviews (unique=72)
[2026-04-05T20:13:53.665Z] [INFO] [review banyo-ve-ev-gerecleri/729250871] page=108 +8 reviews (unique=864)
[2026-04-05T20:13:53.710Z] [INFO] [review banyo-ve-ev-gerecleri/717887381] page=1 +4 reviews (unique=4)
[2026-04-05T20:13:53.745Z] [INFO] [REVIEW SAVED] /mnt/c/Developer/Review_AI/scraper_project/raw_data/banyo-ve-ev-gerecleri/717887381_reviews.json
[2026-04-05T20:13:53.828Z] [INFO] 
[REVIEW WORKER 10] starting banyo-ve-ev-gerecleri/500021220
[2026-04-05T20:13:54.100Z] [INFO] [review banyo-ve-ev-gerecleri/601301494] page=1 +8 reviews (unique=8)
[2026-04-05T20:13:54.171Z] [INFO] 
[START REVIEW] category=banyo-ve-ev-gerecleri productId=662227580 startPage=1
[2026-04-05T20:13:54.307Z] [INFO] [review banyo-ve-ev-gerecleri/470600376] page=10 +8 reviews (unique=80)
[2026-04-05T20:13:54.326Z] [INFO] [REVIEW PARTIAL SAVED] /mnt/c/Developer/Review_AI/scraper_project/raw_data/banyo-ve-ev-gerecleri/470600376_reviews.partial.json
[2026-04-05T20:13:54.395Z] [INFO] [review banyo-ve-ev-gerecleri/729250871] page=109 +8 reviews (unique=872)
[2026-04-05T20:13:54.569Z] [INFO] [review banyo-ve-ev-gerecleri/662227580] page=1 +8 reviews (unique=8)
[2026-04-05T20:13:54.798Z] [INFO] [review banyo-ve-ev-gerecleri/601301494] page=2 +3 reviews (unique=11)
[2026-04-05T20:13:54.844Z] [INFO] [REVIEW SAVED] /mnt/c/Developer/Review_AI/scraper_project/raw_data/banyo-ve-ev-gerecleri/601301494_reviews.json
[2026-04-05T20:13:54.874Z] [INFO] 
[REVIEW WORKER 4] starting banyo-ve-ev-gerecleri/647234207
[2026-04-05T20:13:55.030Z] [INFO] [review banyo-ve-ev-gerecleri/470600376] page=11 +8 reviews (unique=88)
[2026-04-05T20:13:55.081Z] [INFO] [review banyo-ve-ev-gerecleri/729250871] page=110 +8 reviews (unique=880)
[2026-04-05T20:13:55.124Z] [INFO] [REVIEW PARTIAL SAVED] /mnt/c/Developer/Review_AI/scraper_project/raw_data/banyo-ve-ev-gerecleri/729250871_reviews.partial.json
[2026-04-05T20:13:55.352Z] [INFO] [review banyo-ve-ev-gerecleri/662227580] page=2 +8 reviews (unique=16)
[2026-04-05T20:13:55.725Z] [INFO] 
[START REVIEW] category=banyo-ve-ev-gerecleri productId=547749441 startPage=1
[2026-04-05T20:13:55.733Z] [INFO] [review banyo-ve-ev-gerecleri/470600376] page=12 +8 reviews (unique=96)
[2026-04-05T20:13:55.872Z] [INFO] [review banyo-ve-ev-gerecleri/729250871] page=111 +8 reviews (unique=888)
[2026-04-05T20:13:56.035Z] [INFO] [review banyo-ve-ev-gerecleri/547749441] page=1 +8 reviews (unique=8)
[2026-04-05T20:13:56.158Z] [INFO] [review banyo-ve-ev-gerecleri/662227580] page=3 +8 reviews (unique=24)
[2026-04-05T20:13:56.193Z] [INFO] 
[START REVIEW] category=banyo-ve-ev-gerecleri productId=699463542 startPage=1
[2026-04-05T20:13:56.599Z] [INFO] [review banyo-ve-ev-gerecleri/470600376] page=13 +8 reviews (unique=104)
[2026-04-05T20:13:56.625Z] [INFO] [review banyo-ve-ev-gerecleri/699463542] page=1 +8 reviews (unique=8)
[2026-04-05T20:13:56.748Z] [INFO] [review banyo-ve-ev-gerecleri/729250871] page=112 +8 reviews (unique=896)
[2026-04-05T20:13:56.769Z] [INFO] [review banyo-ve-ev-gerecleri/547749441] page=2 +8 reviews (unique=16)
[2026-04-05T20:13:56.940Z] [INFO] [review banyo-ve-ev-gerecleri/662227580] page=4 +8 reviews (unique=32)
[2026-04-05T20:13:57.421Z] [INFO] [review banyo-ve-ev-gerecleri/470600376] page=14 +8 reviews (unique=112)
[2026-04-05T20:13:57.779Z] [INFO] 
[START REVIEW] category=banyo-ve-ev-gerecleri productId=500213047 startPage=1
[2026-04-05T20:13:57.824Z] [INFO] [review banyo-ve-ev-gerecleri/699463542] page=2 +8 reviews (unique=16)
[2026-04-05T20:13:57.896Z] [INFO] 
[START REVIEW] category=banyo-ve-ev-gerecleri productId=678657882 startPage=1
[2026-04-05T20:13:57.912Z] [INFO] [review banyo-ve-ev-gerecleri/547749441] page=3 +2 reviews (unique=18)
[2026-04-05T20:13:57.988Z] [INFO] [REVIEW SAVED] /mnt/c/Developer/Review_AI/scraper_project/raw_data/banyo-ve-ev-gerecleri/547749441_reviews.json
[2026-04-05T20:13:57.999Z] [INFO] [review banyo-ve-ev-gerecleri/729250871] page=113 +8 reviews (unique=904)
[2026-04-05T20:13:58.051Z] [INFO] 
[REVIEW WORKER 6] starting banyo-ve-ev-gerecleri/731231640
[2026-04-05T20:13:58.170Z] [INFO] [review banyo-ve-ev-gerecleri/662227580] page=5 +8 reviews (unique=40)
[2026-04-05T20:13:58.205Z] [INFO] [REVIEW PARTIAL SAVED] /mnt/c/Developer/Review_AI/scraper_project/raw_data/banyo-ve-ev-gerecleri/662227580_reviews.partial.json
[2026-04-05T20:13:58.260Z] [INFO] [review banyo-ve-ev-gerecleri/500213047] page=1 +1 reviews (unique=1)
[2026-04-05T20:13:58.294Z] [INFO] [REVIEW SAVED] /mnt/c/Developer/Review_AI/scraper_project/raw_data/banyo-ve-ev-gerecleri/500213047_reviews.json
[2026-04-05T20:13:58.316Z] [INFO] [review banyo-ve-ev-gerecleri/678657882] page=1 +1 reviews (unique=1)
[2026-04-05T20:13:58.345Z] [INFO] [REVIEW SAVED] /mnt/c/Developer/Review_AI/scraper_project/raw_data/banyo-ve-ev-gerecleri/678657882_reviews.json
[2026-04-05T20:13:58.356Z] [INFO] 
[REVIEW WORKER 2] starting banyo-ve-ev-gerecleri/521790071
[2026-04-05T20:13:58.366Z] [INFO] [review banyo-ve-ev-gerecleri/501533735] page=1 +8 reviews (unique=8)
[2026-04-05T20:13:58.387Z] [INFO] 
[REVIEW WORKER 7] starting banyo-ve-ev-gerecleri/648159601
[2026-04-05T20:13:58.417Z] [INFO] [review banyo-ve-ev-gerecleri/470600376] page=15 +8 reviews (unique=120)
[2026-04-05T20:13:58.433Z] [INFO] [REVIEW PARTIAL SAVED] /mnt/c/Developer/Review_AI/scraper_project/raw_data/banyo-ve-ev-gerecleri/470600376_reviews.partial.json
[2026-04-05T20:13:58.550Z] [INFO] [review banyo-ve-ev-gerecleri/699463542] page=3 +8 reviews (unique=24)
[2026-04-05T20:13:58.671Z] [INFO] [review banyo-ve-ev-gerecleri/729250871] page=114 +8 reviews (unique=912)
[2026-04-05T20:13:59.062Z] [INFO] [review banyo-ve-ev-gerecleri/501533735] page=2 +8 reviews (unique=16)
[2026-04-05T20:13:59.122Z] [INFO] [review banyo-ve-ev-gerecleri/470600376] page=16 +8 reviews (unique=128)
[2026-04-05T20:13:59.220Z] [INFO] 
[START REVIEW] category=banyo-ve-ev-gerecleri productId=500021220 startPage=1
[2026-04-05T20:13:59.306Z] [INFO] [review banyo-ve-ev-gerecleri/699463542] page=4 +8 reviews (unique=32)
[2026-04-05T20:13:59.375Z] [INFO] [review banyo-ve-ev-gerecleri/729250871] page=115 +8 reviews (unique=920)
[2026-04-05T20:13:59.401Z] [INFO] [REVIEW PARTIAL SAVED] /mnt/c/Developer/Review_AI/scraper_project/raw_data/banyo-ve-ev-gerecleri/729250871_reviews.partial.json
[2026-04-05T20:13:59.426Z] [INFO] [review banyo-ve-ev-gerecleri/500021220] page=1 +3 reviews (unique=3)
[2026-04-05T20:13:59.438Z] [INFO] [REVIEW SAVED] /mnt/c/Developer/Review_AI/scraper_project/raw_data/banyo-ve-ev-gerecleri/500021220_reviews.json
[2026-04-05T20:13:59.451Z] [INFO] 
[REVIEW WORKER 10] starting banyo-ve-ev-gerecleri/592520258
[2026-04-05T20:13:59.781Z] [INFO] [review banyo-ve-ev-gerecleri/501533735] page=3 +8 reviews (unique=24)
[2026-04-05T20:13:59.889Z] [INFO] [review banyo-ve-ev-gerecleri/470600376] page=17 +8 reviews (unique=136)
[2026-04-05T20:13:59.908Z] [INFO] 
[START REVIEW] category=banyo-ve-ev-gerecleri productId=647234207 startPage=1
[2026-04-05T20:13:59.952Z] [INFO] [review banyo-ve-ev-gerecleri/699463542] page=5 +8 reviews (unique=40)
[2026-04-05T20:13:59.960Z] [INFO] [REVIEW PARTIAL SAVED] /mnt/c/Developer/Review_AI/scraper_project/raw_data/banyo-ve-ev-gerecleri/699463542_reviews.partial.json
[2026-04-05T20:14:00.141Z] [INFO] [review banyo-ve-ev-gerecleri/729250871] page=116 +8 reviews (unique=928)
[2026-04-05T20:14:00.190Z] [INFO] [review banyo-ve-ev-gerecleri/647234207] page=1 +6 reviews (unique=6)
[2026-04-05T20:14:00.207Z] [INFO] [REVIEW SAVED] /mnt/c/Developer/Review_AI/scraper_project/raw_data/banyo-ve-ev-gerecleri/647234207_reviews.json
[2026-04-05T20:14:00.247Z] [INFO] 
[REVIEW WORKER 4] starting banyo-ve-ev-gerecleri/675554647
[2026-04-05T20:14:00.450Z] [INFO] [review banyo-ve-ev-gerecleri/501533735] page=4 +8 reviews (unique=32)
[2026-04-05T20:14:00.604Z] [INFO] [review banyo-ve-ev-gerecleri/699463542] page=6 +8 reviews (unique=48)
[2026-04-05T20:14:00.613Z] [INFO] [review banyo-ve-ev-gerecleri/470600376] page=18 +8 reviews (unique=144)
[2026-04-05T20:14:00.801Z] [INFO] [review banyo-ve-ev-gerecleri/729250871] page=117 +8 reviews (unique=936)
[2026-04-05T20:14:01.189Z] [INFO] [review banyo-ve-ev-gerecleri/501533735] page=5 +8 reviews (unique=40)
[2026-04-05T20:14:01.202Z] [INFO] [REVIEW PARTIAL SAVED] /mnt/c/Developer/Review_AI/scraper_project/raw_data/banyo-ve-ev-gerecleri/501533735_reviews.partial.json
[2026-04-05T20:14:01.290Z] [INFO] [review banyo-ve-ev-gerecleri/699463542] page=7 +8 reviews (unique=56)
[2026-04-05T20:14:01.337Z] [INFO] [review banyo-ve-ev-gerecleri/470600376] page=19 +8 reviews (unique=152)
[2026-04-05T20:14:01.541Z] [INFO] [review banyo-ve-ev-gerecleri/729250871] page=118 +8 reviews (unique=944)
[2026-04-05T20:14:01.895Z] [INFO] [review banyo-ve-ev-gerecleri/662227580] page=6 +8 reviews (unique=48)
[2026-04-05T20:14:01.915Z] [INFO] 
[START REVIEW] category=banyo-ve-ev-gerecleri productId=731231640 startPage=1
[2026-04-05T20:14:01.999Z] [INFO] [review banyo-ve-ev-gerecleri/470600376] page=20 +8 reviews (unique=160)
[2026-04-05T20:14:02.022Z] [INFO] [REVIEW PARTIAL SAVED] /mnt/c/Developer/Review_AI/scraper_project/raw_data/banyo-ve-ev-gerecleri/470600376_reviews.partial.json
[2026-04-05T20:14:02.030Z] [INFO] [review banyo-ve-ev-gerecleri/699463542] page=8 +8 reviews (unique=64)
[2026-04-05T20:14:02.042Z] [INFO] [review banyo-ve-ev-gerecleri/501533735] page=6 +2 reviews (unique=42)
[2026-04-05T20:14:02.078Z] [INFO] [REVIEW SAVED] /mnt/c/Developer/Review_AI/scraper_project/raw_data/banyo-ve-ev-gerecleri/501533735_reviews.json
[2026-04-05T20:14:02.110Z] [INFO] 
[REVIEW WORKER 9] starting banyo-ve-ev-gerecleri/440499797
[2026-04-05T20:14:02.195Z] [INFO] [review banyo-ve-ev-gerecleri/729250871] page=119 +8 reviews (unique=952)
[2026-04-05T20:14:02.207Z] [INFO] [review banyo-ve-ev-gerecleri/731231640] page=1 +1 reviews (unique=1)
[2026-04-05T20:14:02.309Z] [INFO] [REVIEW SAVED] /mnt/c/Developer/Review_AI/scraper_project/raw_data/banyo-ve-ev-gerecleri/731231640_reviews.json
[2026-04-05T20:14:02.363Z] [INFO] 
[REVIEW WORKER 6] starting banyo-ve-ev-gerecleri/651645088
[2026-04-05T20:14:02.387Z] [INFO] 
[START REVIEW] category=banyo-ve-ev-gerecleri productId=648159601 startPage=1
[2026-04-05T20:14:02.424Z] [INFO] 
[START REVIEW] category=banyo-ve-ev-gerecleri productId=521790071 startPage=1
[2026-04-05T20:14:02.609Z] [INFO] [review banyo-ve-ev-gerecleri/662227580] page=7 +8 reviews (unique=56)
[2026-04-05T20:14:02.684Z] [INFO] [review banyo-ve-ev-gerecleri/648159601] page=1 +2 reviews (unique=2)
[2026-04-05T20:14:02.727Z] [INFO] [REVIEW SAVED] /mnt/c/Developer/Review_AI/scraper_project/raw_data/banyo-ve-ev-gerecleri/648159601_reviews.json
[2026-04-05T20:14:02.747Z] [INFO] [review banyo-ve-ev-gerecleri/521790071] page=1 +8 reviews (unique=8)
[2026-04-05T20:14:02.771Z] [INFO] [review banyo-ve-ev-gerecleri/470600376] page=21 +8 reviews (unique=168)
[2026-04-05T20:14:02.812Z] [INFO] 
[REVIEW WORKER 7] starting banyo-ve-ev-gerecleri/692855124
[2026-04-05T20:14:02.844Z] [INFO] [review banyo-ve-ev-gerecleri/699463542] page=9 +8 reviews (unique=72)
[2026-04-05T20:14:03.064Z] [INFO] [review banyo-ve-ev-gerecleri/729250871] page=120 +8 reviews (unique=960)
[2026-04-05T20:14:03.134Z] [INFO] [REVIEW PARTIAL SAVED] /mnt/c/Developer/Review_AI/scraper_project/raw_data/banyo-ve-ev-gerecleri/729250871_reviews.partial.json
[2026-04-05T20:14:03.400Z] [INFO] 
[START REVIEW] category=banyo-ve-ev-gerecleri productId=592520258 startPage=1
[2026-04-05T20:14:03.541Z] [INFO] [review banyo-ve-ev-gerecleri/521790071] page=2 +8 reviews (unique=16)
[2026-04-05T20:14:03.574Z] [INFO] [review banyo-ve-ev-gerecleri/470600376] page=22 +8 reviews (unique=176)
[2026-04-05T20:14:03.598Z] [INFO] [review banyo-ve-ev-gerecleri/662227580] page=8 +8 reviews (unique=64)
[2026-04-05T20:14:03.637Z] [INFO] [review banyo-ve-ev-gerecleri/699463542] page=10 +8 reviews (unique=80)
[2026-04-05T20:14:03.678Z] [INFO] [REVIEW PARTIAL SAVED] /mnt/c/Developer/Review_AI/scraper_project/raw_data/banyo-ve-ev-gerecleri/699463542_reviews.partial.json
[2026-04-05T20:14:03.695Z] [INFO] [review banyo-ve-ev-gerecleri/592520258] page=1 +8 reviews (unique=8)
[2026-04-05T20:14:04.002Z] [INFO] [review banyo-ve-ev-gerecleri/729250871] page=121 +8 reviews (unique=968)
[2026-04-05T20:14:04.260Z] [INFO] [review banyo-ve-ev-gerecleri/521790071] page=3 +8 reviews (unique=24)
[2026-04-05T20:14:04.376Z] [INFO] [review banyo-ve-ev-gerecleri/592520258] page=2 +7 reviews (unique=15)
[2026-04-05T20:14:04.460Z] [INFO] [REVIEW SAVED] /mnt/c/Developer/Review_AI/scraper_project/raw_data/banyo-ve-ev-gerecleri/592520258_reviews.json
[2026-04-05T20:14:04.482Z] [INFO] [review banyo-ve-ev-gerecleri/662227580] page=9 +8 reviews (unique=72)
[2026-04-05T20:14:04.539Z] [INFO] 
[START REVIEW] category=banyo-ve-ev-gerecleri productId=675554647 startPage=1
[2026-04-05T20:14:04.605Z] [INFO] 
[REVIEW WORKER 10] starting banyo-ve-ev-gerecleri/500015764
[2026-04-05T20:14:04.646Z] [INFO] [review banyo-ve-ev-gerecleri/470600376] page=23 +8 reviews (unique=184)
[2026-04-05T20:14:04.666Z] [INFO] [review banyo-ve-ev-gerecleri/699463542] page=11 +8 reviews (unique=88)
[2026-04-05T20:14:04.888Z] [INFO] [review banyo-ve-ev-gerecleri/729250871] page=122 +8 reviews (unique=976)
[2026-04-05T20:14:05.035Z] [INFO] [review banyo-ve-ev-gerecleri/675554647] page=1 +8 reviews (unique=8)
[2026-04-05T20:14:05.075Z] [INFO] [review banyo-ve-ev-gerecleri/521790071] page=4 +8 reviews (unique=32)
[2026-04-05T20:14:05.263Z] [INFO] [review banyo-ve-ev-gerecleri/662227580] page=10 +8 reviews (unique=80)
[2026-04-05T20:14:05.296Z] [INFO] [REVIEW PARTIAL SAVED] /mnt/c/Developer/Review_AI/scraper_project/raw_data/banyo-ve-ev-gerecleri/662227580_reviews.partial.json
[2026-04-05T20:14:05.616Z] [INFO] [review banyo-ve-ev-gerecleri/699463542] page=12 +8 reviews (unique=96)
[2026-04-05T20:14:05.768Z] [INFO] [review banyo-ve-ev-gerecleri/470600376] page=24 +8 reviews (unique=192)
[2026-04-05T20:14:05.790Z] [INFO] [review banyo-ve-ev-gerecleri/729250871] page=123 +8 reviews (unique=984)
[2026-04-05T20:14:05.815Z] [INFO] [review banyo-ve-ev-gerecleri/675554647] page=2 +8 reviews (unique=16)
[2026-04-05T20:14:05.916Z] [INFO] [review banyo-ve-ev-gerecleri/521790071] page=5 +8 reviews (unique=40)
[2026-04-05T20:14:05.940Z] [INFO] [REVIEW PARTIAL SAVED] /mnt/c/Developer/Review_AI/scraper_project/raw_data/banyo-ve-ev-gerecleri/521790071_reviews.partial.json
[2026-04-05T20:14:06.031Z] [INFO] [review banyo-ve-ev-gerecleri/662227580] page=11 +8 reviews (unique=88)
[2026-04-05T20:14:06.346Z] [INFO] [review banyo-ve-ev-gerecleri/699463542] page=13 +8 reviews (unique=104)
[2026-04-05T20:14:06.446Z] [INFO] [review banyo-ve-ev-gerecleri/470600376] page=25 +3 reviews (unique=195)
[2026-04-05T20:14:06.481Z] [INFO] [REVIEW PARTIAL SAVED] /mnt/c/Developer/Review_AI/scraper_project/raw_data/banyo-ve-ev-gerecleri/470600376_reviews.partial.json
[2026-04-05T20:14:06.508Z] [INFO] [REVIEW SAVED] /mnt/c/Developer/Review_AI/scraper_project/raw_data/banyo-ve-ev-gerecleri/470600376_reviews.json
[2026-04-05T20:14:06.519Z] [INFO] [review banyo-ve-ev-gerecleri/729250871] page=124 +8 reviews (unique=992)
[2026-04-05T20:14:06.555Z] [INFO] 
[REVIEW WORKER 1] starting banyo-ve-ev-gerecleri/733801029
[2026-04-05T20:14:06.564Z] [INFO] [review banyo-ve-ev-gerecleri/675554647] page=3 +8 reviews (unique=24)
[2026-04-05T20:14:06.644Z] [INFO] [review banyo-ve-ev-gerecleri/521790071] page=6 +8 reviews (unique=48)
[2026-04-05T20:14:06.662Z] [INFO] 
[START REVIEW] category=banyo-ve-ev-gerecleri productId=440499797 startPage=1
[2026-04-05T20:14:06.725Z] [INFO] [review banyo-ve-ev-gerecleri/662227580] page=12 +8 reviews (unique=96)
[2026-04-05T20:14:07.039Z] [INFO] [review banyo-ve-ev-gerecleri/699463542] page=14 +8 reviews (unique=112)
[2026-04-05T20:14:07.212Z] [INFO] [review banyo-ve-ev-gerecleri/675554647] page=4 +8 reviews (unique=32)
[2026-04-05T20:14:07.340Z] [INFO] [review banyo-ve-ev-gerecleri/521790071] page=7 +8 reviews (unique=56)
[2026-04-05T20:14:07.359Z] [INFO] [review banyo-ve-ev-gerecleri/662227580] page=13 +8 reviews (unique=104)
[2026-04-05T20:14:07.551Z] [INFO] [review banyo-ve-ev-gerecleri/729250871] page=125 +8 reviews (unique=1000)
[2026-04-05T20:14:07.585Z] [INFO] [REVIEW PARTIAL SAVED] /mnt/c/Developer/Review_AI/scraper_project/raw_data/banyo-ve-ev-gerecleri/729250871_reviews.partial.json
[2026-04-05T20:14:07.641Z] [INFO] [review banyo-ve-ev-gerecleri/699463542] page=15 +8 reviews (unique=120)
[2026-04-05T20:14:07.659Z] [INFO] [REVIEW PARTIAL SAVED] /mnt/c/Developer/Review_AI/scraper_project/raw_data/banyo-ve-ev-gerecleri/699463542_reviews.partial.json
[2026-04-05T20:14:07.740Z] [INFO] 
[START REVIEW] category=banyo-ve-ev-gerecleri productId=692855124 startPage=1
[2026-04-05T20:14:07.749Z] [INFO] 
[START REVIEW] category=banyo-ve-ev-gerecleri productId=651645088 startPage=1
[2026-04-05T20:14:07.772Z] [INFO] [review banyo-ve-ev-gerecleri/440499797] page=1 +8 reviews (unique=8)
[2026-04-05T20:14:07.928Z] [INFO] [review banyo-ve-ev-gerecleri/675554647] page=5 +8 reviews (unique=40)
[2026-04-05T20:14:07.943Z] [INFO] [REVIEW PARTIAL SAVED] /mnt/c/Developer/Review_AI/scraper_project/raw_data/banyo-ve-ev-gerecleri/675554647_reviews.partial.json
[2026-04-05T20:14:07.983Z] [INFO] [review banyo-ve-ev-gerecleri/692855124] page=1 +8 reviews (unique=8)
[2026-04-05T20:14:07.992Z] [INFO] [review banyo-ve-ev-gerecleri/651645088] page=1 +8 reviews (unique=8)
[2026-04-05T20:14:08.030Z] [INFO] [review banyo-ve-ev-gerecleri/521790071] page=8 +8 reviews (unique=64)
[2026-04-05T20:14:08.099Z] [INFO] [review banyo-ve-ev-gerecleri/662227580] page=14 +8 reviews (unique=112)
[2026-04-05T20:14:08.332Z] [INFO] [review banyo-ve-ev-gerecleri/729250871] page=126 +8 reviews (unique=1008)
[2026-04-05T20:14:08.342Z] [INFO] [review banyo-ve-ev-gerecleri/699463542] page=16 +7 reviews (unique=127)
[2026-04-05T20:14:08.363Z] [INFO] [REVIEW SAVED] /mnt/c/Developer/Review_AI/scraper_project/raw_data/banyo-ve-ev-gerecleri/699463542_reviews.json
[2026-04-05T20:14:08.385Z] [INFO] 
[REVIEW WORKER 5] starting banyo-ve-ev-gerecleri/463271746
[2026-04-05T20:14:08.482Z] [INFO] [review banyo-ve-ev-gerecleri/440499797] page=2 +8 reviews (unique=16)
[2026-04-05T20:14:08.501Z] [INFO] [REVIEW SAVED] /mnt/c/Developer/Review_AI/scraper_project/raw_data/banyo-ve-ev-gerecleri/440499797_reviews.json
[2026-04-05T20:14:08.516Z] [INFO] 
[REVIEW WORKER 9] starting banyo-ve-ev-gerecleri/602651850
[2026-04-05T20:14:08.604Z] [INFO] [review banyo-ve-ev-gerecleri/675554647] page=6 +7 reviews (unique=47)
[2026-04-05T20:14:08.635Z] [INFO] [REVIEW SAVED] /mnt/c/Developer/Review_AI/scraper_project/raw_data/banyo-ve-ev-gerecleri/675554647_reviews.json
[2026-04-05T20:14:08.651Z] [INFO] 
[REVIEW WORKER 4] starting banyo-ve-ev-gerecleri/591068856
[2026-04-05T20:14:08.669Z] [INFO] [review banyo-ve-ev-gerecleri/692855124] page=2 +1 reviews (unique=9)
[2026-04-05T20:14:08.683Z] [INFO] [REVIEW SAVED] /mnt/c/Developer/Review_AI/scraper_project/raw_data/banyo-ve-ev-gerecleri/692855124_reviews.json
[2026-04-05T20:14:08.732Z] [INFO] 
[REVIEW WORKER 7] starting banyo-ve-ev-gerecleri/632965977
[2026-04-05T20:14:08.768Z] [INFO] [review banyo-ve-ev-gerecleri/521790071] page=9 +8 reviews (unique=72)
[2026-04-05T20:14:08.780Z] [INFO] [review banyo-ve-ev-gerecleri/662227580] page=15 +8 reviews (unique=120)
[2026-04-05T20:14:08.793Z] [INFO] [REVIEW PARTIAL SAVED] /mnt/c/Developer/Review_AI/scraper_project/raw_data/banyo-ve-ev-gerecleri/662227580_reviews.partial.json
[2026-04-05T20:14:08.798Z] [INFO] [review banyo-ve-ev-gerecleri/651645088] page=2 +8 reviews (unique=16)
[2026-04-05T20:14:08.958Z] [INFO] 
[START REVIEW] category=banyo-ve-ev-gerecleri productId=500015764 startPage=1
[2026-04-05T20:14:08.989Z] [INFO] [review banyo-ve-ev-gerecleri/729250871] page=127 +8 reviews (unique=1016)
[2026-04-05T20:14:09.210Z] [INFO] [review banyo-ve-ev-gerecleri/500015764] page=1 +6 reviews (unique=6)
[2026-04-05T20:14:09.218Z] [INFO] [REVIEW SAVED] /mnt/c/Developer/Review_AI/scraper_project/raw_data/banyo-ve-ev-gerecleri/500015764_reviews.json
[2026-04-05T20:14:09.230Z] [INFO] 
[REVIEW WORKER 10] starting banyo-ve-ev-gerecleri/653281974
[2026-04-05T20:14:09.403Z] [INFO] [review banyo-ve-ev-gerecleri/521790071] page=10 +6 reviews (unique=78)
[2026-04-05T20:14:09.412Z] [INFO] [REVIEW PARTIAL SAVED] /mnt/c/Developer/Review_AI/scraper_project/raw_data/banyo-ve-ev-gerecleri/521790071_reviews.partial.json
[2026-04-05T20:14:09.430Z] [INFO] [REVIEW SAVED] /mnt/c/Developer/Review_AI/scraper_project/raw_data/banyo-ve-ev-gerecleri/521790071_reviews.json
[2026-04-05T20:14:09.437Z] [INFO] [review banyo-ve-ev-gerecleri/651645088] page=3 +8 reviews (unique=24)
[2026-04-05T20:14:09.459Z] [INFO] 
[REVIEW WORKER 2] starting banyo-ve-ev-gerecleri/578233982
[2026-04-05T20:14:09.475Z] [INFO] [review banyo-ve-ev-gerecleri/662227580] page=16 +8 reviews (unique=128)
[2026-04-05T20:14:09.694Z] [INFO] [review banyo-ve-ev-gerecleri/729250871] page=128 +8 reviews (unique=1024)
[2026-04-05T20:14:10.086Z] [INFO] [review banyo-ve-ev-gerecleri/651645088] page=4 +8 reviews (unique=32)
[2026-04-05T20:14:10.186Z] [INFO] [review banyo-ve-ev-gerecleri/662227580] page=17 +8 reviews (unique=136)
[2026-04-05T20:14:10.341Z] [INFO] [review banyo-ve-ev-gerecleri/729250871] page=129 +8 reviews (unique=1032)
[2026-04-05T20:14:10.953Z] [INFO] 
[START REVIEW] category=banyo-ve-ev-gerecleri productId=733801029 startPage=1
[2026-04-05T20:14:10.981Z] [INFO] [review banyo-ve-ev-gerecleri/651645088] page=5 +8 reviews (unique=40)
[2026-04-05T20:14:11.034Z] [INFO] [REVIEW PARTIAL SAVED] /mnt/c/Developer/Review_AI/scraper_project/raw_data/banyo-ve-ev-gerecleri/651645088_reviews.partial.json
[2026-04-05T20:14:11.044Z] [INFO] [review banyo-ve-ev-gerecleri/662227580] page=18 +8 reviews (unique=144)
[2026-04-05T20:14:11.125Z] [INFO] [review banyo-ve-ev-gerecleri/729250871] page=130 +8 reviews (unique=1040)
[2026-04-05T20:14:11.201Z] [INFO] [REVIEW PARTIAL SAVED] /mnt/c/Developer/Review_AI/scraper_project/raw_data/banyo-ve-ev-gerecleri/729250871_reviews.partial.json
[2026-04-05T20:14:11.518Z] [INFO] [review banyo-ve-ev-gerecleri/733801029] page=1 +8 reviews (unique=8)
[2026-04-05T20:14:11.843Z] [INFO] [review banyo-ve-ev-gerecleri/662227580] page=19 +8 reviews (unique=152)
[2026-04-05T20:14:12.034Z] [INFO] [review banyo-ve-ev-gerecleri/729250871] page=131 +8 reviews (unique=1048)
[2026-04-05T20:14:12.117Z] [INFO] [review banyo-ve-ev-gerecleri/651645088] page=6 +8 reviews (unique=48)
[2026-04-05T20:14:12.477Z] [INFO] 
[START REVIEW] category=banyo-ve-ev-gerecleri productId=463271746 startPage=1
[2026-04-05T20:14:12.514Z] [INFO] [review banyo-ve-ev-gerecleri/733801029] page=2 +5 reviews (unique=13)
[2026-04-05T20:14:12.612Z] [INFO] [REVIEW SAVED] /mnt/c/Developer/Review_AI/scraper_project/raw_data/banyo-ve-ev-gerecleri/733801029_reviews.json
[2026-04-05T20:14:12.729Z] [INFO] 
[REVIEW WORKER 1] starting banyo-ve-ev-gerecleri/732117000
[2026-04-05T20:14:12.792Z] [INFO] 
[START REVIEW] category=banyo-ve-ev-gerecleri productId=591068856 startPage=1
[2026-04-05T20:14:12.925Z] [INFO] 
[START REVIEW] category=banyo-ve-ev-gerecleri productId=602651850 startPage=1
[2026-04-05T20:14:12.948Z] [INFO] [review banyo-ve-ev-gerecleri/662227580] page=20 +8 reviews (unique=160)
[2026-04-05T20:14:13.027Z] [INFO] [REVIEW PARTIAL SAVED] /mnt/c/Developer/Review_AI/scraper_project/raw_data/banyo-ve-ev-gerecleri/662227580_reviews.partial.json
[2026-04-05T20:14:13.108Z] [INFO] [review banyo-ve-ev-gerecleri/729250871] page=132 +8 reviews (unique=1056)
[2026-04-05T20:14:13.140Z] [INFO] [review banyo-ve-ev-gerecleri/651645088] page=7 +8 reviews (unique=56)
[2026-04-05T20:14:13.578Z] [INFO] 
[START REVIEW] category=banyo-ve-ev-gerecleri productId=632965977 startPage=1
[2026-04-05T20:14:13.708Z] [INFO] [review banyo-ve-ev-gerecleri/463271746] page=1 +8 reviews (unique=8)
[2026-04-05T20:14:13.899Z] [INFO] [review banyo-ve-ev-gerecleri/662227580] page=21 +8 reviews (unique=168)
[2026-04-05T20:14:14.043Z] [INFO] [review banyo-ve-ev-gerecleri/729250871] page=133 +8 reviews (unique=1064)
[2026-04-05T20:14:14.105Z] [INFO] [review banyo-ve-ev-gerecleri/591068856] page=1 +8 reviews (unique=8)
[2026-04-05T20:14:14.205Z] [INFO] [review banyo-ve-ev-gerecleri/651645088] page=8 +8 reviews (unique=64)
[2026-04-05T20:14:14.435Z] [INFO] [review banyo-ve-ev-gerecleri/602651850] page=1 +8 reviews (unique=8)
[2026-04-05T20:14:14.508Z] [INFO] [review banyo-ve-ev-gerecleri/463271746] page=2 +8 reviews (unique=16)
[2026-04-05T20:14:14.556Z] [INFO] 
[START REVIEW] category=banyo-ve-ev-gerecleri productId=653281974 startPage=1
[2026-04-05T20:14:14.622Z] [INFO] [review banyo-ve-ev-gerecleri/662227580] page=22 +8 reviews (unique=176)
[2026-04-05T20:14:14.711Z] [INFO] [review banyo-ve-ev-gerecleri/729250871] page=134 +8 reviews (unique=1072)
[2026-04-05T20:14:14.905Z] [INFO] [review banyo-ve-ev-gerecleri/653281974] page=1 +8 reviews (unique=8)
[2026-04-05T20:14:14.940Z] [INFO] [review banyo-ve-ev-gerecleri/651645088] page=9 +8 reviews (unique=72)
[2026-04-05T20:14:14.957Z] [INFO] [review banyo-ve-ev-gerecleri/591068856] page=2 +1 reviews (unique=9)
[2026-04-05T20:14:14.984Z] [INFO] [REVIEW SAVED] /mnt/c/Developer/Review_AI/scraper_project/raw_data/banyo-ve-ev-gerecleri/591068856_reviews.json
[2026-04-05T20:14:15.013Z] [INFO] 
[REVIEW WORKER 4] starting banyo-ve-ev-gerecleri/733151583
[2026-04-05T20:14:15.120Z] [INFO] [review banyo-ve-ev-gerecleri/602651850] page=2 +8 reviews (unique=16)
[2026-04-05T20:14:15.184Z] [INFO] [review banyo-ve-ev-gerecleri/463271746] page=3 +8 reviews (unique=24)
[2026-04-05T20:14:15.316Z] [INFO] [review banyo-ve-ev-gerecleri/662227580] page=23 +8 reviews (unique=184)
[2026-04-05T20:14:15.415Z] [INFO] [review banyo-ve-ev-gerecleri/729250871] page=135 +8 reviews (unique=1080)
[2026-04-05T20:14:15.447Z] [INFO] [REVIEW PARTIAL SAVED] /mnt/c/Developer/Review_AI/scraper_project/raw_data/banyo-ve-ev-gerecleri/729250871_reviews.partial.json
[2026-04-05T20:14:15.469Z] [INFO] 
[START REVIEW] category=banyo-ve-ev-gerecleri productId=578233982 startPage=1
[2026-04-05T20:14:15.578Z] [INFO] [review banyo-ve-ev-gerecleri/653281974] page=2 +3 reviews (unique=11)
[2026-04-05T20:14:15.594Z] [INFO] [REVIEW SAVED] /mnt/c/Developer/Review_AI/scraper_project/raw_data/banyo-ve-ev-gerecleri/653281974_reviews.json
[2026-04-05T20:14:15.604Z] [INFO] [review banyo-ve-ev-gerecleri/651645088] page=10 +8 reviews (unique=80)
[2026-04-05T20:14:15.619Z] [INFO] [REVIEW PARTIAL SAVED] /mnt/c/Developer/Review_AI/scraper_project/raw_data/banyo-ve-ev-gerecleri/651645088_reviews.partial.json
[2026-04-05T20:14:15.628Z] [INFO] 
[REVIEW WORKER 10] starting banyo-ve-ev-gerecleri/588317020
[2026-04-05T20:14:15.726Z] [INFO] [review banyo-ve-ev-gerecleri/578233982] page=1 +8 reviews (unique=8)
[2026-04-05T20:14:15.822Z] [INFO] [review banyo-ve-ev-gerecleri/602651850] page=3 +8 reviews (unique=24)
[2026-04-05T20:14:15.980Z] [INFO] [review banyo-ve-ev-gerecleri/662227580] page=24 +8 reviews (unique=192)
[2026-04-05T20:14:16.169Z] [INFO] [review banyo-ve-ev-gerecleri/463271746] page=4 +8 reviews (unique=32)
[2026-04-05T20:14:16.178Z] [INFO] [review banyo-ve-ev-gerecleri/729250871] page=136 +8 reviews (unique=1088)
[2026-04-05T20:14:16.342Z] [INFO] [review banyo-ve-ev-gerecleri/651645088] page=11 +8 reviews (unique=88)
[2026-04-05T20:14:16.409Z] [INFO] [review banyo-ve-ev-gerecleri/578233982] page=2 +8 reviews (unique=16)
[2026-04-05T20:14:16.503Z] [INFO] [review banyo-ve-ev-gerecleri/602651850] page=4 +8 reviews (unique=32)
[2026-04-05T20:14:16.695Z] [INFO] [review banyo-ve-ev-gerecleri/662227580] page=25 +8 reviews (unique=200)
[2026-04-05T20:14:16.705Z] [INFO] [REVIEW PARTIAL SAVED] /mnt/c/Developer/Review_AI/scraper_project/raw_data/banyo-ve-ev-gerecleri/662227580_reviews.partial.json
[2026-04-05T20:14:16.810Z] [INFO] [review banyo-ve-ev-gerecleri/463271746] page=5 +5 reviews (unique=37)
[2026-04-05T20:14:16.823Z] [INFO] [REVIEW PARTIAL SAVED] /mnt/c/Developer/Review_AI/scraper_project/raw_data/banyo-ve-ev-gerecleri/463271746_reviews.partial.json
[2026-04-05T20:14:16.841Z] [INFO] [REVIEW SAVED] /mnt/c/Developer/Review_AI/scraper_project/raw_data/banyo-ve-ev-gerecleri/463271746_reviews.json
[2026-04-05T20:14:16.847Z] [INFO] [review banyo-ve-ev-gerecleri/729250871] page=137 +8 reviews (unique=1096)
[2026-04-05T20:14:16.878Z] [INFO] 
[REVIEW WORKER 5] starting banyo-ve-ev-gerecleri/579226859
[2026-04-05T20:14:17.001Z] [INFO] [review banyo-ve-ev-gerecleri/651645088] page=12 +8 reviews (unique=96)
[2026-04-05T20:14:17.156Z] [INFO] [review banyo-ve-ev-gerecleri/578233982] page=3 +8 reviews (unique=24)
[2026-04-05T20:14:17.319Z] [INFO] [review banyo-ve-ev-gerecleri/632965977] page=1 +8 reviews (unique=8)
[2026-04-05T20:14:17.358Z] [INFO] [review banyo-ve-ev-gerecleri/602651850] page=5 +8 reviews (unique=40)
[2026-04-05T20:14:17.367Z] [INFO] [REVIEW PARTIAL SAVED] /mnt/c/Developer/Review_AI/scraper_project/raw_data/banyo-ve-ev-gerecleri/602651850_reviews.partial.json
[2026-04-05T20:14:17.389Z] [INFO] 
[START REVIEW] category=banyo-ve-ev-gerecleri productId=732117000 startPage=1
[2026-04-05T20:14:17.505Z] [INFO] [review banyo-ve-ev-gerecleri/662227580] page=26 +8 reviews (unique=208)
[2026-04-05T20:14:17.543Z] [INFO] [review banyo-ve-ev-gerecleri/729250871] page=138 +8 reviews (unique=1104)
[2026-04-05T20:14:17.657Z] [INFO] [review banyo-ve-ev-gerecleri/651645088] page=13 +8 reviews (unique=104)
[2026-04-05T20:14:17.802Z] [INFO] [review banyo-ve-ev-gerecleri/578233982] page=4 +8 reviews (unique=32)
[2026-04-05T20:14:18.029Z] [INFO] [review banyo-ve-ev-gerecleri/632965977] page=2 +8 reviews (unique=16)
[2026-04-05T20:14:18.064Z] [INFO] [review banyo-ve-ev-gerecleri/602651850] page=6 +8 reviews (unique=48)
[2026-04-05T20:14:18.221Z] [INFO] [review banyo-ve-ev-gerecleri/662227580] page=27 +8 reviews (unique=216)
[2026-04-05T20:14:18.371Z] [INFO] [review banyo-ve-ev-gerecleri/729250871] page=139 +8 reviews (unique=1112)
[2026-04-05T20:14:18.382Z] [INFO] [review banyo-ve-ev-gerecleri/651645088] page=14 +8 reviews (unique=112)
[2026-04-05T20:14:18.417Z] [INFO] [review banyo-ve-ev-gerecleri/578233982] page=5 +8 reviews (unique=40)
[2026-04-05T20:14:18.429Z] [INFO] [REVIEW PARTIAL SAVED] /mnt/c/Developer/Review_AI/scraper_project/raw_data/banyo-ve-ev-gerecleri/578233982_reviews.partial.json
[2026-04-05T20:14:18.744Z] [INFO] [review banyo-ve-ev-gerecleri/632965977] page=3 +8 reviews (unique=24)
[2026-04-05T20:14:18.769Z] [INFO] [review banyo-ve-ev-gerecleri/602651850] page=7 +8 reviews (unique=56)
[2026-04-05T20:14:18.791Z] [INFO] [REVIEW SAVED] /mnt/c/Developer/Review_AI/scraper_project/raw_data/banyo-ve-ev-gerecleri/602651850_reviews.json
[2026-04-05T20:14:18.811Z] [INFO] 
[REVIEW WORKER 9] starting banyo-ve-ev-gerecleri/725885227
[2026-04-05T20:14:18.873Z] [INFO] [review banyo-ve-ev-gerecleri/662227580] page=28 +8 reviews (unique=224)
[2026-04-05T20:14:19.030Z] [INFO] [review banyo-ve-ev-gerecleri/729250871] page=140 +8 reviews (unique=1120)
[2026-04-05T20:14:19.056Z] [INFO] [REVIEW PARTIAL SAVED] /mnt/c/Developer/Review_AI/scraper_project/raw_data/banyo-ve-ev-gerecleri/729250871_reviews.partial.json
[2026-04-05T20:14:19.062Z] [INFO] [review banyo-ve-ev-gerecleri/651645088] page=15 +8 reviews (unique=120)
[2026-04-05T20:14:19.075Z] [INFO] [REVIEW PARTIAL SAVED] /mnt/c/Developer/Review_AI/scraper_project/raw_data/banyo-ve-ev-gerecleri/651645088_reviews.partial.json
[2026-04-05T20:14:19.082Z] [INFO] 
[START REVIEW] category=banyo-ve-ev-gerecleri productId=733151583 startPage=1
[2026-04-05T20:14:19.097Z] [INFO] [review banyo-ve-ev-gerecleri/578233982] page=6 +4 reviews (unique=44)
[2026-04-05T20:14:19.115Z] [INFO] [REVIEW SAVED] /mnt/c/Developer/Review_AI/scraper_project/raw_data/banyo-ve-ev-gerecleri/578233982_reviews.json
[2026-04-05T20:14:19.142Z] [INFO] 
[REVIEW WORKER 2] starting banyo-ve-ev-gerecleri/734397206
[2026-04-05T20:14:19.364Z] [INFO] [review banyo-ve-ev-gerecleri/632965977] page=4 +8 reviews (unique=32)
[2026-04-05T20:14:19.377Z] [INFO] [review banyo-ve-ev-gerecleri/733151583] page=1 +8 reviews (unique=8)
[2026-04-05T20:14:19.692Z] [INFO] [review banyo-ve-ev-gerecleri/651645088] page=16 +8 reviews (unique=128)
[2026-04-05T20:14:19.762Z] [INFO] [review banyo-ve-ev-gerecleri/729250871] page=141 +8 reviews (unique=1128)
[2026-04-05T20:14:19.818Z] [INFO] 
[START REVIEW] category=banyo-ve-ev-gerecleri productId=588317020 startPage=1
[2026-04-05T20:14:19.848Z] [INFO] [review banyo-ve-ev-gerecleri/662227580] page=29 +8 reviews (unique=232)
[2026-04-05T20:14:20.024Z] [INFO] [review banyo-ve-ev-gerecleri/733151583] page=2 +8 reviews (unique=16)
[2026-04-05T20:14:20.126Z] [INFO] [review banyo-ve-ev-gerecleri/588317020] page=1 +8 reviews (unique=8)
[2026-04-05T20:14:20.163Z] [INFO] [review banyo-ve-ev-gerecleri/632965977] page=5 +8 reviews (unique=40)
[2026-04-05T20:14:20.184Z] [INFO] [REVIEW PARTIAL SAVED] /mnt/c/Developer/Review_AI/scraper_project/raw_data/banyo-ve-ev-gerecleri/632965977_reviews.partial.json
[2026-04-05T20:14:20.216Z] [INFO] [REVIEW SAVED] /mnt/c/Developer/Review_AI/scraper_project/raw_data/banyo-ve-ev-gerecleri/632965977_reviews.json
[2026-04-05T20:14:20.240Z] [INFO] 
[REVIEW WORKER 7] starting banyo-ve-ev-gerecleri/640584951
[2026-04-05T20:14:20.297Z] [INFO] [review banyo-ve-ev-gerecleri/732117000] page=1 +8 reviews (unique=8)
[2026-04-05T20:14:20.348Z] [INFO] [review banyo-ve-ev-gerecleri/651645088] page=17 +8 reviews (unique=136)
[2026-04-05T20:14:20.412Z] [INFO] [review banyo-ve-ev-gerecleri/729250871] page=142 +8 reviews (unique=1136)
[2026-04-05T20:14:20.582Z] [INFO] [review banyo-ve-ev-gerecleri/662227580] page=30 +8 reviews (unique=240)
[2026-04-05T20:14:20.596Z] [INFO] [REVIEW PARTIAL SAVED] /mnt/c/Developer/Review_AI/scraper_project/raw_data/banyo-ve-ev-gerecleri/662227580_reviews.partial.json
[2026-04-05T20:14:20.727Z] [INFO] [review banyo-ve-ev-gerecleri/733151583] page=3 +8 reviews (unique=24)
[2026-04-05T20:14:20.860Z] [INFO] [review banyo-ve-ev-gerecleri/588317020] page=2 +8 reviews (unique=16)
[2026-04-05T20:14:20.959Z] [INFO] [review banyo-ve-ev-gerecleri/732117000] page=2 +8 reviews (unique=16)
[2026-04-05T20:14:21.022Z] [INFO] [review banyo-ve-ev-gerecleri/651645088] page=18 +8 reviews (unique=144)
[2026-04-05T20:14:21.039Z] [INFO] [review banyo-ve-ev-gerecleri/729250871] page=143 +8 reviews (unique=1144)
[2026-04-05T20:14:21.071Z] [INFO] 
[START REVIEW] category=banyo-ve-ev-gerecleri productId=579226859 startPage=1
[2026-04-05T20:14:21.209Z] [INFO] [review banyo-ve-ev-gerecleri/662227580] page=31 +8 reviews (unique=248)
[2026-04-05T20:14:21.329Z] [INFO] [review banyo-ve-ev-gerecleri/579226859] page=1 +8 reviews (unique=8)
[2026-04-05T20:14:21.420Z] [INFO] [review banyo-ve-ev-gerecleri/733151583] page=4 +8 reviews (unique=32)
[2026-04-05T20:14:21.493Z] [INFO] [review banyo-ve-ev-gerecleri/588317020] page=3 +8 reviews (unique=24)
[2026-04-05T20:14:21.657Z] [INFO] [review banyo-ve-ev-gerecleri/729250871] page=144 +8 reviews (unique=1152)
[2026-04-05T20:14:21.670Z] [INFO] [review banyo-ve-ev-gerecleri/651645088] page=19 +8 reviews (unique=152)
[2026-04-05T20:14:21.727Z] [INFO] [review banyo-ve-ev-gerecleri/732117000] page=3 +4 reviews (unique=20)
[2026-04-05T20:14:21.747Z] [INFO] [REVIEW SAVED] /mnt/c/Developer/Review_AI/scraper_project/raw_data/banyo-ve-ev-gerecleri/732117000_reviews.json
[2026-04-05T20:14:21.776Z] [INFO] 
[REVIEW WORKER 1] starting banyo-ve-ev-gerecleri/583462844
[2026-04-05T20:14:21.874Z] [INFO] [review banyo-ve-ev-gerecleri/662227580] page=32 +8 reviews (unique=256)
[2026-04-05T20:14:21.952Z] [INFO] [review banyo-ve-ev-gerecleri/579226859] page=2 +8 reviews (unique=16)
[2026-04-05T20:14:22.135Z] [INFO] [review banyo-ve-ev-gerecleri/733151583] page=5 +8 reviews (unique=40)
[2026-04-05T20:14:22.153Z] [INFO] [REVIEW PARTIAL SAVED] /mnt/c/Developer/Review_AI/scraper_project/raw_data/banyo-ve-ev-gerecleri/733151583_reviews.partial.json
[2026-04-05T20:14:22.162Z] [INFO] [review banyo-ve-ev-gerecleri/588317020] page=4 +8 reviews (unique=32)
[2026-04-05T20:14:22.355Z] [INFO] [review banyo-ve-ev-gerecleri/729250871] page=145 +8 reviews (unique=1160)
[2026-04-05T20:14:22.399Z] [INFO] [REVIEW PARTIAL SAVED] /mnt/c/Developer/Review_AI/scraper_project/raw_data/banyo-ve-ev-gerecleri/729250871_reviews.partial.json
[2026-04-05T20:14:22.418Z] [INFO] [review banyo-ve-ev-gerecleri/651645088] page=20 +8 reviews (unique=160)
[2026-04-05T20:14:22.438Z] [INFO] [REVIEW PARTIAL SAVED] /mnt/c/Developer/Review_AI/scraper_project/raw_data/banyo-ve-ev-gerecleri/651645088_reviews.partial.json
[2026-04-05T20:14:22.465Z] [INFO] [REVIEW SAVED] /mnt/c/Developer/Review_AI/scraper_project/raw_data/banyo-ve-ev-gerecleri/651645088_reviews.json
[2026-04-05T20:14:22.497Z] [INFO] 
[REVIEW WORKER 6] starting banyo-ve-ev-gerecleri/470600375
[2026-04-05T20:14:22.582Z] [INFO] [review banyo-ve-ev-gerecleri/662227580] page=33 +8 reviews (unique=264)
[2026-04-05T20:14:22.685Z] [INFO] [review banyo-ve-ev-gerecleri/579226859] page=3 +3 reviews (unique=19)
[2026-04-05T20:14:22.720Z] [INFO] [REVIEW SAVED] /mnt/c/Developer/Review_AI/scraper_project/raw_data/banyo-ve-ev-gerecleri/579226859_reviews.json
[2026-04-05T20:14:22.788Z] [INFO] 
[REVIEW WORKER 5] starting banyo-ve-ev-gerecleri/520270622
[2026-04-05T20:14:22.837Z] [INFO] [review banyo-ve-ev-gerecleri/733151583] page=6 +7 reviews (unique=47)
[2026-04-05T20:14:22.886Z] [INFO] [REVIEW SAVED] /mnt/c/Developer/Review_AI/scraper_project/raw_data/banyo-ve-ev-gerecleri/733151583_reviews.json
[2026-04-05T20:14:22.910Z] [INFO] [review banyo-ve-ev-gerecleri/588317020] page=5 +8 reviews (unique=40)
[2026-04-05T20:14:22.935Z] [INFO] [REVIEW PARTIAL SAVED] /mnt/c/Developer/Review_AI/scraper_project/raw_data/banyo-ve-ev-gerecleri/588317020_reviews.partial.json
[2026-04-05T20:14:23.032Z] [INFO] 
[REVIEW WORKER 4] starting banyo-ve-ev-gerecleri/733800480
[2026-04-05T20:14:23.070Z] [INFO] 
[START REVIEW] category=banyo-ve-ev-gerecleri productId=734397206 startPage=1
[2026-04-05T20:14:23.121Z] [INFO] [review banyo-ve-ev-gerecleri/729250871] page=146 +8 reviews (unique=1168)
[2026-04-05T20:14:23.266Z] [INFO] [review banyo-ve-ev-gerecleri/662227580] page=34 +8 reviews (unique=272)
[2026-04-05T20:14:23.513Z] [INFO] [review banyo-ve-ev-gerecleri/734397206] page=1 +8 reviews (unique=8)
[2026-04-05T20:14:23.663Z] [INFO] [review banyo-ve-ev-gerecleri/588317020] page=6 +8 reviews (unique=48)
[2026-04-05T20:14:23.854Z] [INFO] [review banyo-ve-ev-gerecleri/729250871] page=147 +8 reviews (unique=1176)
[2026-04-05T20:14:23.958Z] [INFO] [review banyo-ve-ev-gerecleri/662227580] page=35 +8 reviews (unique=280)
[2026-04-05T20:14:23.997Z] [INFO] [REVIEW PARTIAL SAVED] /mnt/c/Developer/Review_AI/scraper_project/raw_data/banyo-ve-ev-gerecleri/662227580_reviews.partial.json
[2026-04-05T20:14:24.296Z] [INFO] [review banyo-ve-ev-gerecleri/588317020] page=7 +3 reviews (unique=51)
[2026-04-05T20:14:24.321Z] [INFO] [REVIEW SAVED] /mnt/c/Developer/Review_AI/scraper_project/raw_data/banyo-ve-ev-gerecleri/588317020_reviews.json
[2026-04-05T20:14:24.348Z] [INFO] 
[REVIEW WORKER 10] starting banyo-ve-ev-gerecleri/647233738
[2026-04-05T20:14:24.360Z] [INFO] [review banyo-ve-ev-gerecleri/734397206] page=2 +8 reviews (unique=16)
[2026-04-05T20:14:24.416Z] [INFO] 
[START REVIEW] category=banyo-ve-ev-gerecleri productId=640584951 startPage=1
[2026-04-05T20:14:24.563Z] [INFO] [review banyo-ve-ev-gerecleri/729250871] page=148 +8 reviews (unique=1184)
[2026-04-05T20:14:24.684Z] [INFO] [review banyo-ve-ev-gerecleri/662227580] page=36 +8 reviews (unique=288)
[2026-04-05T20:14:24.750Z] [INFO] [review banyo-ve-ev-gerecleri/640584951] page=1 +3 reviews (unique=3)
[2026-04-05T20:14:24.784Z] [INFO] [REVIEW SAVED] /mnt/c/Developer/Review_AI/scraper_project/raw_data/banyo-ve-ev-gerecleri/640584951_reviews.json
[2026-04-05T20:14:24.810Z] [INFO] 
[REVIEW WORKER 7] starting banyo-ve-ev-gerecleri/629346429
[2026-04-05T20:14:25.106Z] [INFO] [review banyo-ve-ev-gerecleri/734397206] page=3 +8 reviews (unique=24)
[2026-04-05T20:14:25.270Z] [INFO] [review banyo-ve-ev-gerecleri/729250871] page=149 +8 reviews (unique=1192)
[2026-04-05T20:14:25.309Z] [INFO] [review banyo-ve-ev-gerecleri/662227580] page=37 +8 reviews (unique=296)
[2026-04-05T20:14:25.826Z] [INFO] [review banyo-ve-ev-gerecleri/734397206] page=4 +8 reviews (unique=32)
[2026-04-05T20:14:25.904Z] [INFO] 
[START REVIEW] category=banyo-ve-ev-gerecleri productId=583462844 startPage=1
[2026-04-05T20:14:26.009Z] [INFO] [review banyo-ve-ev-gerecleri/729250871] page=150 +8 reviews (unique=1200)
[2026-04-05T20:14:26.066Z] [INFO] [REVIEW PARTIAL SAVED] /mnt/c/Developer/Review_AI/scraper_project/raw_data/banyo-ve-ev-gerecleri/729250871_reviews.partial.json
[2026-04-05T20:14:26.079Z] [INFO] [review banyo-ve-ev-gerecleri/662227580] page=38 +8 reviews (unique=304)
[2026-04-05T20:14:26.204Z] [INFO] [review banyo-ve-ev-gerecleri/583462844] page=1 +8 reviews (unique=8)
[2026-04-05T20:14:26.586Z] [INFO] 
[START REVIEW] category=banyo-ve-ev-gerecleri productId=725885227 startPage=1
[2026-04-05T20:14:26.628Z] [INFO] 
[START REVIEW] category=banyo-ve-ev-gerecleri productId=470600375 startPage=1
[2026-04-05T20:14:26.658Z] [INFO] [review banyo-ve-ev-gerecleri/734397206] page=5 +8 reviews (unique=40)
[2026-04-05T20:14:26.706Z] [INFO] [REVIEW PARTIAL SAVED] /mnt/c/Developer/Review_AI/scraper_project/raw_data/banyo-ve-ev-gerecleri/734397206_reviews.partial.json
[2026-04-05T20:14:26.841Z] [INFO] [review banyo-ve-ev-gerecleri/729250871] page=151 +8 reviews (unique=1208)
[2026-04-05T20:14:26.876Z] [INFO] [review banyo-ve-ev-gerecleri/662227580] page=39 +8 reviews (unique=312)
[2026-04-05T20:14:27.008Z] [INFO] [review banyo-ve-ev-gerecleri/725885227] page=1 +1 reviews (unique=1)
[2026-04-05T20:14:27.091Z] [INFO] [REVIEW SAVED] /mnt/c/Developer/Review_AI/scraper_project/raw_data/banyo-ve-ev-gerecleri/725885227_reviews.json
[2026-04-05T20:14:27.151Z] [INFO] 
[START REVIEW] category=banyo-ve-ev-gerecleri productId=520270622 startPage=1
[2026-04-05T20:14:27.196Z] [INFO] 
[START REVIEW] category=banyo-ve-ev-gerecleri productId=733800480 startPage=1
[2026-04-05T20:14:27.217Z] [INFO] [review banyo-ve-ev-gerecleri/583462844] page=2 +8 reviews (unique=16)
[2026-04-05T20:14:27.262Z] [INFO] [review banyo-ve-ev-gerecleri/470600375] page=1 +8 reviews (unique=8)
[2026-04-05T20:14:27.457Z] [INFO] 
[REVIEW WORKER 9] starting banyo-ve-ev-gerecleri/584914242
[2026-04-05T20:14:27.915Z] [INFO] [review banyo-ve-ev-gerecleri/729250871] page=152 +8 reviews (unique=1216)
[2026-04-05T20:14:27.978Z] [INFO] [review banyo-ve-ev-gerecleri/662227580] page=40 +4 reviews (unique=316)
[2026-04-05T20:14:28.145Z] [INFO] [REVIEW PARTIAL SAVED] /mnt/c/Developer/Review_AI/scraper_project/raw_data/banyo-ve-ev-gerecleri/662227580_reviews.partial.json
[2026-04-05T20:14:28.220Z] [INFO] [REVIEW SAVED] /mnt/c/Developer/Review_AI/scraper_project/raw_data/banyo-ve-ev-gerecleri/662227580_reviews.json
[2026-04-05T20:14:28.234Z] [INFO] [review banyo-ve-ev-gerecleri/734397206] page=6 +8 reviews (unique=48)
[2026-04-05T20:14:28.288Z] [INFO] [review banyo-ve-ev-gerecleri/520270622] page=1 +6 reviews (unique=6)
[2026-04-05T20:14:28.339Z] [INFO] [REVIEW SAVED] /mnt/c/Developer/Review_AI/scraper_project/raw_data/banyo-ve-ev-gerecleri/520270622_reviews.json
[2026-04-05T20:14:28.370Z] [INFO] [review banyo-ve-ev-gerecleri/470600375] page=2 +8 reviews (unique=16)
[2026-04-05T20:14:28.386Z] [INFO] [review banyo-ve-ev-gerecleri/583462844] page=3 +8 reviews (unique=24)
[2026-04-05T20:14:28.402Z] [INFO] 
[REVIEW WORKER 8] starting banyo-ve-ev-gerecleri/664770880
[2026-04-05T20:14:28.408Z] [INFO] [review banyo-ve-ev-gerecleri/733800480] page=1 +8 reviews (unique=8)
[2026-04-05T20:14:28.455Z] [INFO] 
[REVIEW WORKER 5] starting banyo-ve-ev-gerecleri/584421333
[2026-04-05T20:14:28.642Z] [INFO] [review banyo-ve-ev-gerecleri/729250871] page=153 +8 reviews (unique=1224)
[2026-04-05T20:14:28.971Z] [INFO] [review banyo-ve-ev-gerecleri/734397206] page=7 +8 reviews (unique=56)
[2026-04-05T20:14:29.054Z] [INFO] [review banyo-ve-ev-gerecleri/470600375] page=3 +8 reviews (unique=24)
[2026-04-05T20:14:29.090Z] [INFO] [review banyo-ve-ev-gerecleri/733800480] page=2 +8 reviews (unique=16)
[2026-04-05T20:14:29.180Z] [INFO] [review banyo-ve-ev-gerecleri/583462844] page=4 +8 reviews (unique=32)
[2026-04-05T20:14:29.358Z] [INFO] [review banyo-ve-ev-gerecleri/729250871] page=154 +8 reviews (unique=1232)
[2026-04-05T20:14:29.549Z] [INFO] 
[START REVIEW] category=banyo-ve-ev-gerecleri productId=647233738 startPage=1
[2026-04-05T20:14:29.611Z] [INFO] [review banyo-ve-ev-gerecleri/734397206] page=8 +8 reviews (unique=64)
[2026-04-05T20:14:29.636Z] [INFO] 
[START REVIEW] category=banyo-ve-ev-gerecleri productId=629346429 startPage=1
[2026-04-05T20:14:29.763Z] [INFO] [review banyo-ve-ev-gerecleri/470600375] page=4 +8 reviews (unique=32)
[2026-04-05T20:14:29.778Z] [INFO] [review banyo-ve-ev-gerecleri/733800480] page=3 +8 reviews (unique=24)
[2026-04-05T20:14:29.795Z] [INFO] [review banyo-ve-ev-gerecleri/647233738] page=1 +4 reviews (unique=4)
[2026-04-05T20:14:29.820Z] [INFO] [REVIEW SAVED] /mnt/c/Developer/Review_AI/scraper_project/raw_data/banyo-ve-ev-gerecleri/647233738_reviews.json
[2026-04-05T20:14:29.835Z] [INFO] [review banyo-ve-ev-gerecleri/583462844] page=5 +8 reviews (unique=40)
[2026-04-05T20:14:29.848Z] [INFO] [REVIEW PARTIAL SAVED] /mnt/c/Developer/Review_AI/scraper_project/raw_data/banyo-ve-ev-gerecleri/583462844_reviews.partial.json
[2026-04-05T20:14:29.854Z] [INFO] 
[REVIEW WORKER 10] starting banyo-ve-ev-gerecleri/638261993
[2026-04-05T20:14:29.928Z] [INFO] [review banyo-ve-ev-gerecleri/629346429] page=1 +0 reviews (unique=0)
[2026-04-05T20:14:29.943Z] [INFO] [REVIEW SAVED] /mnt/c/Developer/Review_AI/scraper_project/raw_data/banyo-ve-ev-gerecleri/629346429_reviews.json
[2026-04-05T20:14:29.955Z] [INFO] 
[REVIEW WORKER 7] starting banyo-ve-ev-gerecleri/587770796
[2026-04-05T20:14:30.049Z] [INFO] [review banyo-ve-ev-gerecleri/729250871] page=155 +8 reviews (unique=1240)
[2026-04-05T20:14:30.075Z] [INFO] [REVIEW PARTIAL SAVED] /mnt/c/Developer/Review_AI/scraper_project/raw_data/banyo-ve-ev-gerecleri/729250871_reviews.partial.json
[2026-04-05T20:14:30.291Z] [INFO] [review banyo-ve-ev-gerecleri/734397206] page=9 +8 reviews (unique=72)
[2026-04-05T20:14:30.500Z] [INFO] [review banyo-ve-ev-gerecleri/733800480] page=4 +8 reviews (unique=32)
[2026-04-05T20:14:30.521Z] [INFO] [review banyo-ve-ev-gerecleri/470600375] page=5 +8 reviews (unique=40)
[2026-04-05T20:14:30.535Z] [INFO] [REVIEW PARTIAL SAVED] /mnt/c/Developer/Review_AI/scraper_project/raw_data/banyo-ve-ev-gerecleri/470600375_reviews.partial.json
[2026-04-05T20:14:30.546Z] [INFO] [review banyo-ve-ev-gerecleri/583462844] page=6 +8 reviews (unique=48)
[2026-04-05T20:14:30.727Z] [INFO] [review banyo-ve-ev-gerecleri/729250871] page=156 +8 reviews (unique=1248)
[2026-04-05T20:14:30.927Z] [INFO] [review banyo-ve-ev-gerecleri/734397206] page=10 +8 reviews (unique=80)
[2026-04-05T20:14:30.937Z] [INFO] [REVIEW PARTIAL SAVED] /mnt/c/Developer/Review_AI/scraper_project/raw_data/banyo-ve-ev-gerecleri/734397206_reviews.partial.json
[2026-04-05T20:14:31.100Z] [INFO] [review banyo-ve-ev-gerecleri/733800480] page=5 +8 reviews (unique=40)
[2026-04-05T20:14:31.111Z] [INFO] [REVIEW PARTIAL SAVED] /mnt/c/Developer/Review_AI/scraper_project/raw_data/banyo-ve-ev-gerecleri/733800480_reviews.partial.json
[2026-04-05T20:14:31.208Z] [INFO] [review banyo-ve-ev-gerecleri/470600375] page=6 +8 reviews (unique=48)
[2026-04-05T20:14:31.268Z] [INFO] [review banyo-ve-ev-gerecleri/583462844] page=7 +8 reviews (unique=56)
[2026-04-05T20:14:31.448Z] [INFO] [review banyo-ve-ev-gerecleri/729250871] page=157 +8 reviews (unique=1256)
[2026-04-05T20:14:31.693Z] [INFO] [review banyo-ve-ev-gerecleri/734397206] page=11 +8 reviews (unique=88)
[2026-04-05T20:14:31.776Z] [INFO] [review banyo-ve-ev-gerecleri/733800480] page=6 +8 reviews (unique=48)
[2026-04-05T20:14:31.929Z] [INFO] [review banyo-ve-ev-gerecleri/470600375] page=7 +8 reviews (unique=56)
[2026-04-05T20:14:32.063Z] [INFO] [review banyo-ve-ev-gerecleri/583462844] page=8 +8 reviews (unique=64)
[2026-04-05T20:14:32.102Z] [INFO] 
[START REVIEW] category=banyo-ve-ev-gerecleri productId=584914242 startPage=1
[2026-04-05T20:14:32.172Z] [INFO] [review banyo-ve-ev-gerecleri/729250871] page=158 +8 reviews (unique=1264)
[2026-04-05T20:14:32.329Z] [INFO] [review banyo-ve-ev-gerecleri/584914242] page=1 +8 reviews (unique=8)
[2026-04-05T20:14:32.419Z] [INFO] [review banyo-ve-ev-gerecleri/734397206] page=12 +8 reviews (unique=96)
[2026-04-05T20:14:32.512Z] [INFO] [review banyo-ve-ev-gerecleri/733800480] page=7 +8 reviews (unique=56)
[2026-04-05T20:14:32.570Z] [INFO] [review banyo-ve-ev-gerecleri/470600375] page=8 +3 reviews (unique=59)
[2026-04-05T20:14:32.608Z] [INFO] [REVIEW SAVED] /mnt/c/Developer/Review_AI/scraper_project/raw_data/banyo-ve-ev-gerecleri/470600375_reviews.json
[2026-04-05T20:14:32.621Z] [INFO] 
[START REVIEW] category=banyo-ve-ev-gerecleri productId=664770880 startPage=1
[2026-04-05T20:14:32.633Z] [INFO] 
[START REVIEW] category=banyo-ve-ev-gerecleri productId=584421333 startPage=1
[2026-04-05T20:14:32.667Z] [INFO] 
[REVIEW WORKER 6] starting banyo-ve-ev-gerecleri/654926317
[2026-04-05T20:14:32.808Z] [INFO] [review banyo-ve-ev-gerecleri/583462844] page=9 +4 reviews (unique=68)
[2026-04-05T20:14:32.836Z] [INFO] [REVIEW SAVED] /mnt/c/Developer/Review_AI/scraper_project/raw_data/banyo-ve-ev-gerecleri/583462844_reviews.json
[2026-04-05T20:14:32.866Z] [INFO] 
[REVIEW WORKER 1] starting banyo-ve-ev-gerecleri/571653463
[2026-04-05T20:14:32.891Z] [INFO] [review banyo-ve-ev-gerecleri/664770880] page=1 +2 reviews (unique=2)
[2026-04-05T20:14:32.919Z] [INFO] [REVIEW SAVED] /mnt/c/Developer/Review_AI/scraper_project/raw_data/banyo-ve-ev-gerecleri/664770880_reviews.json
[2026-04-05T20:14:32.929Z] [INFO] [review banyo-ve-ev-gerecleri/584421333] page=1 +8 reviews (unique=8)
[2026-04-05T20:14:32.948Z] [INFO] [review banyo-ve-ev-gerecleri/729250871] page=159 +8 reviews (unique=1272)
[2026-04-05T20:14:32.966Z] [INFO] 
[REVIEW WORKER 8] starting banyo-ve-ev-gerecleri/570620548
[2026-04-05T20:14:33.131Z] [INFO] [review banyo-ve-ev-gerecleri/584914242] page=2 +8 reviews (unique=16)
[2026-04-05T20:14:33.159Z] [INFO] [review banyo-ve-ev-gerecleri/734397206] page=13 +8 reviews (unique=104)
[2026-04-05T20:14:33.269Z] [INFO] [review banyo-ve-ev-gerecleri/733800480] page=8 +8 reviews (unique=64)
[2026-04-05T20:14:33.561Z] [INFO] [review banyo-ve-ev-gerecleri/584421333] page=2 +8 reviews (unique=16)
[2026-04-05T20:14:33.677Z] [INFO] 
[START REVIEW] category=banyo-ve-ev-gerecleri productId=638261993 startPage=1
[2026-04-05T20:14:33.777Z] [INFO] [review banyo-ve-ev-gerecleri/729250871] page=160 +8 reviews (unique=1280)
[2026-04-05T20:14:33.832Z] [INFO] [REVIEW PARTIAL SAVED] /mnt/c/Developer/Review_AI/scraper_project/raw_data/banyo-ve-ev-gerecleri/729250871_reviews.partial.json
[2026-04-05T20:14:33.852Z] [INFO] [review banyo-ve-ev-gerecleri/734397206] page=14 +8 reviews (unique=112)
[2026-04-05T20:14:33.869Z] [INFO] [review banyo-ve-ev-gerecleri/584914242] page=3 +8 reviews (unique=24)
[2026-04-05T20:14:33.934Z] [INFO] [review banyo-ve-ev-gerecleri/638261993] page=1 +1 reviews (unique=1)
[2026-04-05T20:14:33.972Z] [INFO] [REVIEW SAVED] /mnt/c/Developer/Review_AI/scraper_project/raw_data/banyo-ve-ev-gerecleri/638261993_reviews.json
[2026-04-05T20:14:34.000Z] [INFO] 
[REVIEW WORKER 10] starting banyo-ve-ev-gerecleri/566389061
[2026-04-05T20:14:34.052Z] [INFO] 
[START REVIEW] category=banyo-ve-ev-gerecleri productId=587770796 startPage=1
[2026-04-05T20:14:34.099Z] [INFO] [review banyo-ve-ev-gerecleri/733800480] page=9 +8 reviews (unique=72)
[2026-04-05T20:14:34.222Z] [INFO] [review banyo-ve-ev-gerecleri/584421333] page=3 +8 reviews (unique=24)
[2026-04-05T20:14:34.403Z] [INFO] [review banyo-ve-ev-gerecleri/587770796] page=1 +8 reviews (unique=8)
[2026-04-05T20:14:34.509Z] [INFO] [review banyo-ve-ev-gerecleri/734397206] page=15 +8 reviews (unique=120)
[2026-04-05T20:14:34.547Z] [INFO] [REVIEW PARTIAL SAVED] /mnt/c/Developer/Review_AI/scraper_project/raw_data/banyo-ve-ev-gerecleri/734397206_reviews.partial.json
[2026-04-05T20:14:34.557Z] [INFO] [review banyo-ve-ev-gerecleri/729250871] page=161 +8 reviews (unique=1288)
[2026-04-05T20:14:34.602Z] [INFO] [review banyo-ve-ev-gerecleri/584914242] page=4 +8 reviews (unique=32)
[2026-04-05T20:14:34.738Z] [INFO] [review banyo-ve-ev-gerecleri/733800480] page=10 +8 reviews (unique=80)
[2026-04-05T20:14:34.807Z] [INFO] [REVIEW PARTIAL SAVED] /mnt/c/Developer/Review_AI/scraper_project/raw_data/banyo-ve-ev-gerecleri/733800480_reviews.partial.json
[2026-04-05T20:14:34.858Z] [INFO] [review banyo-ve-ev-gerecleri/584421333] page=4 +8 reviews (unique=32)
[2026-04-05T20:14:34.894Z] [INFO] [REVIEW SAVED] /mnt/c/Developer/Review_AI/scraper_project/raw_data/banyo-ve-ev-gerecleri/584421333_reviews.json
[2026-04-05T20:14:34.927Z] [INFO] 
[REVIEW WORKER 5] starting banyo-ve-ev-gerecleri/647234301
[2026-04-05T20:14:35.124Z] [INFO] [review banyo-ve-ev-gerecleri/587770796] page=2 +8 reviews (unique=16)
[2026-04-05T20:14:35.241Z] [INFO] [review banyo-ve-ev-gerecleri/734397206] page=16 +2 reviews (unique=122)
[2026-04-05T20:14:35.310Z] [INFO] [REVIEW SAVED] /mnt/c/Developer/Review_AI/scraper_project/raw_data/banyo-ve-ev-gerecleri/734397206_reviews.json
[2026-04-05T20:14:35.330Z] [INFO] [review banyo-ve-ev-gerecleri/729250871] page=162 +8 reviews (unique=1296)
[2026-04-05T20:14:35.405Z] [INFO] 
[REVIEW WORKER 2] starting banyo-ve-ev-gerecleri/572252276
[2026-04-05T20:14:35.438Z] [INFO] [review banyo-ve-ev-gerecleri/584914242] page=5 +8 reviews (unique=40)
[2026-04-05T20:14:35.469Z] [INFO] [REVIEW PARTIAL SAVED] /mnt/c/Developer/Review_AI/scraper_project/raw_data/banyo-ve-ev-gerecleri/584914242_reviews.partial.json
[2026-04-05T20:14:35.584Z] [INFO] [review banyo-ve-ev-gerecleri/733800480] page=11 +6 reviews (unique=86)
[2026-04-05T20:14:35.758Z] [INFO] [REVIEW SAVED] /mnt/c/Developer/Review_AI/scraper_project/raw_data/banyo-ve-ev-gerecleri/733800480_reviews.json
[2026-04-05T20:14:35.842Z] [INFO] 
[REVIEW WORKER 4] starting banyo-ve-ev-gerecleri/530894486
[2026-04-05T20:14:36.200Z] [INFO] [review banyo-ve-ev-gerecleri/587770796] page=3 +8 reviews (unique=24)
[2026-04-05T20:14:36.285Z] [INFO] [review banyo-ve-ev-gerecleri/729250871] page=163 +8 reviews (unique=1304)
[2026-04-05T20:14:36.396Z] [INFO] [review banyo-ve-ev-gerecleri/584914242] page=6 +8 reviews (unique=48)
[2026-04-05T20:14:36.775Z] [INFO] 
[START REVIEW] category=banyo-ve-ev-gerecleri productId=654926317 startPage=1
[2026-04-05T20:14:36.963Z] [INFO] [review banyo-ve-ev-gerecleri/729250871] page=164 +8 reviews (unique=1312)
[2026-04-05T20:14:37.016Z] [INFO] [review banyo-ve-ev-gerecleri/587770796] page=4 +6 reviews (unique=30)
[2026-04-05T20:14:37.044Z] [INFO] [REVIEW SAVED] /mnt/c/Developer/Review_AI/scraper_project/raw_data/banyo-ve-ev-gerecleri/587770796_reviews.json
[2026-04-05T20:14:37.096Z] [INFO] 
[REVIEW WORKER 7] starting banyo-ve-ev-gerecleri/687702830
[2026-04-05T20:14:37.185Z] [INFO] [review banyo-ve-ev-gerecleri/654926317] page=1 +8 reviews (unique=8)
[2026-04-05T20:14:37.205Z] [INFO] [review banyo-ve-ev-gerecleri/584914242] page=7 +8 reviews (unique=56)
[2026-04-05T20:14:37.651Z] [INFO] 
[START REVIEW] category=banyo-ve-ev-gerecleri productId=571653463 startPage=1
[2026-04-05T20:14:37.924Z] [INFO] [review banyo-ve-ev-gerecleri/654926317] page=2 +8 reviews (unique=16)
[2026-04-05T20:14:37.956Z] [INFO] 
[START REVIEW] category=banyo-ve-ev-gerecleri productId=570620548 startPage=1
[2026-04-05T20:14:37.963Z] [INFO] [review banyo-ve-ev-gerecleri/584914242] page=8 +8 reviews (unique=64)
[2026-04-05T20:14:38.643Z] [INFO] [review banyo-ve-ev-gerecleri/654926317] page=3 +8 reviews (unique=24)
[2026-04-05T20:14:38.737Z] [INFO] 
[START REVIEW] category=banyo-ve-ev-gerecleri productId=566389061 startPage=1
[2026-04-05T20:14:38.798Z] [INFO] [review banyo-ve-ev-gerecleri/584914242] page=9 +8 reviews (unique=72)
[2026-04-05T20:14:39.057Z] [INFO] [review banyo-ve-ev-gerecleri/566389061] page=1 +8 reviews (unique=8)
[2026-04-05T20:14:39.095Z] [INFO] [review banyo-ve-ev-gerecleri/571653463] page=1 +8 reviews (unique=8)
[2026-04-05T20:14:39.144Z] [INFO] [REVIEW SAVED] /mnt/c/Developer/Review_AI/scraper_project/raw_data/banyo-ve-ev-gerecleri/571653463_reviews.json
[2026-04-05T20:14:39.158Z] [INFO] [review banyo-ve-ev-gerecleri/570620548] page=1 +2 reviews (unique=2)
[2026-04-05T20:14:39.226Z] [INFO] [REVIEW SAVED] /mnt/c/Developer/Review_AI/scraper_project/raw_data/banyo-ve-ev-gerecleri/570620548_reviews.json
[2026-04-05T20:14:39.274Z] [INFO] 
[REVIEW WORKER 1] starting banyo-ve-ev-gerecleri/728018610
[2026-04-05T20:14:39.303Z] [INFO] 
[REVIEW WORKER 8] starting banyo-ve-ev-gerecleri/720225723
[2026-04-05T20:14:39.465Z] [INFO] 
[START REVIEW] category=banyo-ve-ev-gerecleri productId=647234301 startPage=1
[2026-04-05T20:14:39.543Z] [INFO] [review banyo-ve-ev-gerecleri/584914242] page=10 +8 reviews (unique=80)
[2026-04-05T20:14:39.613Z] [INFO] [REVIEW PARTIAL SAVED] /mnt/c/Developer/Review_AI/scraper_project/raw_data/banyo-ve-ev-gerecleri/584914242_reviews.partial.json
[2026-04-05T20:14:39.878Z] [INFO] [review banyo-ve-ev-gerecleri/654926317] page=4 +8 reviews (unique=32)
[2026-04-05T20:14:40.046Z] [INFO] [review banyo-ve-ev-gerecleri/566389061] page=2 +8 reviews (unique=16)
[2026-04-05T20:14:40.251Z] [INFO] 
[START REVIEW] category=banyo-ve-ev-gerecleri productId=530894486 startPage=1
[2026-04-05T20:14:40.361Z] [INFO] 
[START REVIEW] category=banyo-ve-ev-gerecleri productId=572252276 startPage=1
[2026-04-05T20:14:40.384Z] [INFO] [review banyo-ve-ev-gerecleri/647234301] page=1 +2 reviews (unique=2)
[2026-04-05T20:14:40.482Z] [INFO] [REVIEW SAVED] /mnt/c/Developer/Review_AI/scraper_project/raw_data/banyo-ve-ev-gerecleri/647234301_reviews.json
[2026-04-05T20:14:40.547Z] [INFO] 
[REVIEW WORKER 5] starting banyo-ve-ev-gerecleri/569107260
[2026-04-05T20:14:40.640Z] [INFO] [review banyo-ve-ev-gerecleri/584914242] page=11 +8 reviews (unique=88)
[2026-04-05T20:14:40.787Z] [INFO] [review banyo-ve-ev-gerecleri/530894486] page=1 +2 reviews (unique=2)
[2026-04-05T20:14:40.809Z] [INFO] [REVIEW SAVED] /mnt/c/Developer/Review_AI/scraper_project/raw_data/banyo-ve-ev-gerecleri/530894486_reviews.json
[2026-04-05T20:14:40.817Z] [INFO] [review banyo-ve-ev-gerecleri/566389061] page=3 +1 reviews (unique=17)
[2026-04-05T20:14:40.836Z] [INFO] [REVIEW SAVED] /mnt/c/Developer/Review_AI/scraper_project/raw_data/banyo-ve-ev-gerecleri/566389061_reviews.json
[2026-04-05T20:14:40.840Z] [INFO] [review banyo-ve-ev-gerecleri/654926317] page=5 +8 reviews (unique=40)
[2026-04-05T20:14:40.857Z] [INFO] [REVIEW PARTIAL SAVED] /mnt/c/Developer/Review_AI/scraper_project/raw_data/banyo-ve-ev-gerecleri/654926317_reviews.partial.json
[2026-04-05T20:14:40.878Z] [INFO] 
[REVIEW WORKER 4] starting banyo-ve-ev-gerecleri/733755108
[2026-04-05T20:14:40.922Z] [INFO] 
[REVIEW WORKER 10] starting banyo-ve-ev-gerecleri/500248424
[2026-04-05T20:14:41.105Z] [INFO] [review banyo-ve-ev-gerecleri/572252276] page=1 +8 reviews (unique=8)
[2026-04-05T20:14:41.411Z] [INFO] [review banyo-ve-ev-gerecleri/584914242] page=12 +8 reviews (unique=96)
[2026-04-05T20:14:41.419Z] [INFO] [review banyo-ve-ev-gerecleri/729250871] page=165 +8 reviews (unique=1320)
[2026-04-05T20:14:41.452Z] [INFO] [REVIEW PARTIAL SAVED] /mnt/c/Developer/Review_AI/scraper_project/raw_data/banyo-ve-ev-gerecleri/729250871_reviews.partial.json
[2026-04-05T20:14:41.568Z] [INFO] [review banyo-ve-ev-gerecleri/654926317] page=6 +8 reviews (unique=48)
[2026-04-05T20:14:41.846Z] [INFO] [review banyo-ve-ev-gerecleri/572252276] page=2 +3 reviews (unique=11)
[2026-04-05T20:14:41.865Z] [INFO] [REVIEW SAVED] /mnt/c/Developer/Review_AI/scraper_project/raw_data/banyo-ve-ev-gerecleri/572252276_reviews.json
[2026-04-05T20:14:41.897Z] [INFO] 
[REVIEW WORKER 2] starting banyo-ve-ev-gerecleri/733282542
[2026-04-05T20:14:42.050Z] [INFO] [review banyo-ve-ev-gerecleri/584914242] page=13 +1 reviews (unique=97)
[2026-04-05T20:14:42.077Z] [INFO] [REVIEW SAVED] /mnt/c/Developer/Review_AI/scraper_project/raw_data/banyo-ve-ev-gerecleri/584914242_reviews.json
[2026-04-05T20:14:42.098Z] [INFO] 
[REVIEW WORKER 9] starting banyo-ve-ev-gerecleri/715458206
[2026-04-05T20:14:42.246Z] [INFO] [review banyo-ve-ev-gerecleri/654926317] page=7 +8 reviews (unique=56)
[2026-04-05T20:14:42.334Z] [INFO] 
[START REVIEW] category=banyo-ve-ev-gerecleri productId=687702830 startPage=1
[2026-04-05T20:14:42.392Z] [INFO] [review banyo-ve-ev-gerecleri/729250871] page=166 +8 reviews (unique=1328)
[2026-04-05T20:14:42.693Z] [INFO] [review banyo-ve-ev-gerecleri/687702830] page=1 +7 reviews (unique=7)
[2026-04-05T20:14:42.710Z] [INFO] [REVIEW SAVED] /mnt/c/Developer/Review_AI/scraper_project/raw_data/banyo-ve-ev-gerecleri/687702830_reviews.json
[2026-04-05T20:14:42.730Z] [INFO] 
[REVIEW WORKER 7] starting banyo-ve-ev-gerecleri/709047960
[2026-04-05T20:14:42.891Z] [INFO] [review banyo-ve-ev-gerecleri/654926317] page=8 +8 reviews (unique=64)
[2026-04-05T20:14:43.060Z] [INFO] [review banyo-ve-ev-gerecleri/729250871] page=167 +8 reviews (unique=1336)
[2026-04-05T20:14:43.629Z] [INFO] [review banyo-ve-ev-gerecleri/654926317] page=9 +8 reviews (unique=72)
[2026-04-05T20:14:43.878Z] [INFO] [review banyo-ve-ev-gerecleri/729250871] page=168 +8 reviews (unique=1344)
[2026-04-05T20:14:44.039Z] [INFO] 
[START REVIEW] category=banyo-ve-ev-gerecleri productId=728018610 startPage=1
[2026-04-05T20:14:44.676Z] [INFO] [review banyo-ve-ev-gerecleri/729250871] page=169 +8 reviews (unique=1352)
[2026-04-05T20:14:44.735Z] [INFO] [review banyo-ve-ev-gerecleri/654926317] page=10 +8 reviews (unique=80)
[2026-04-05T20:14:44.763Z] [INFO] [REVIEW PARTIAL SAVED] /mnt/c/Developer/Review_AI/scraper_project/raw_data/banyo-ve-ev-gerecleri/654926317_reviews.partial.json
[2026-04-05T20:14:44.929Z] [INFO] 
[START REVIEW] category=banyo-ve-ev-gerecleri productId=569107260 startPage=1
[2026-04-05T20:14:45.003Z] [INFO] 
[START REVIEW] category=banyo-ve-ev-gerecleri productId=720225723 startPage=1
[2026-04-05T20:14:45.144Z] [INFO] 
[START REVIEW] category=banyo-ve-ev-gerecleri productId=733755108 startPage=1
[2026-04-05T20:14:45.267Z] [INFO] [review banyo-ve-ev-gerecleri/569107260] page=1 +3 reviews (unique=3)
[2026-04-05T20:14:45.309Z] [INFO] [REVIEW SAVED] /mnt/c/Developer/Review_AI/scraper_project/raw_data/banyo-ve-ev-gerecleri/569107260_reviews.json
[2026-04-05T20:14:45.362Z] [INFO] 
[REVIEW WORKER 5] starting banyo-ve-ev-gerecleri/730562230
[2026-04-05T20:14:45.375Z] [INFO] [review banyo-ve-ev-gerecleri/729250871] page=170 +8 reviews (unique=1360)
[2026-04-05T20:14:45.453Z] [INFO] [REVIEW PARTIAL SAVED] /mnt/c/Developer/Review_AI/scraper_project/raw_data/banyo-ve-ev-gerecleri/729250871_reviews.partial.json
[2026-04-05T20:14:45.469Z] [INFO] [review banyo-ve-ev-gerecleri/654926317] page=11 +8 reviews (unique=88)
[2026-04-05T20:14:45.576Z] [INFO] 
[START REVIEW] category=banyo-ve-ev-gerecleri productId=500248424 startPage=1
[2026-04-05T20:14:46.243Z] [INFO] 
[START REVIEW] category=banyo-ve-ev-gerecleri productId=733282542 startPage=1
[2026-04-05T20:14:46.447Z] [INFO] [review banyo-ve-ev-gerecleri/729250871] page=171 +8 reviews (unique=1368)
[2026-04-05T20:14:46.532Z] [INFO] [review banyo-ve-ev-gerecleri/654926317] page=12 +8 reviews (unique=96)
[2026-04-05T20:14:46.590Z] [INFO] [review banyo-ve-ev-gerecleri/500248424] page=1 +1 reviews (unique=1)
[2026-04-05T20:14:46.671Z] [INFO] [REVIEW SAVED] /mnt/c/Developer/Review_AI/scraper_project/raw_data/banyo-ve-ev-gerecleri/500248424_reviews.json
[2026-04-05T20:14:46.701Z] [INFO] [review banyo-ve-ev-gerecleri/720225723] page=1 +0 reviews (unique=0)
[2026-04-05T20:14:46.754Z] [INFO] [REVIEW SAVED] /mnt/c/Developer/Review_AI/scraper_project/raw_data/banyo-ve-ev-gerecleri/720225723_reviews.json
[2026-04-05T20:14:46.802Z] [INFO] 
[REVIEW WORKER 10] starting banyo-ve-ev-gerecleri/739065932
[2026-04-05T20:14:46.853Z] [INFO] 
[REVIEW WORKER 8] starting banyo-ve-ev-gerecleri/587542080
[2026-04-05T20:14:47.086Z] [INFO] [review banyo-ve-ev-gerecleri/733282542] page=1 +8 reviews (unique=8)
[2026-04-05T20:14:47.315Z] [INFO] [review banyo-ve-ev-gerecleri/729250871] page=172 +8 reviews (unique=1376)
[2026-04-05T20:14:47.380Z] [INFO] [review banyo-ve-ev-gerecleri/654926317] page=13 +1 reviews (unique=97)
[2026-04-05T20:14:47.636Z] [INFO] [REVIEW SAVED] /mnt/c/Developer/Review_AI/scraper_project/raw_data/banyo-ve-ev-gerecleri/654926317_reviews.json
[2026-04-05T20:14:47.743Z] [INFO] 
[REVIEW WORKER 6] starting banyo-ve-ev-gerecleri/680887600
[2026-04-05T20:14:47.997Z] [INFO] [review banyo-ve-ev-gerecleri/733282542] page=2 +8 reviews (unique=16)
[2026-04-05T20:14:48.070Z] [INFO] 
[START REVIEW] category=banyo-ve-ev-gerecleri productId=709047960 startPage=1
[2026-04-05T20:14:48.102Z] [INFO] [review banyo-ve-ev-gerecleri/729250871] page=173 +8 reviews (unique=1384)
[2026-04-05T20:14:48.760Z] [INFO] [review banyo-ve-ev-gerecleri/733282542] page=3 +8 reviews (unique=24)
[2026-04-05T20:14:48.854Z] [INFO] [review banyo-ve-ev-gerecleri/729250871] page=174 +8 reviews (unique=1392)
[2026-04-05T20:14:48.902Z] [INFO] [review banyo-ve-ev-gerecleri/733755108] page=1 +0 reviews (unique=0)
[2026-04-05T20:14:48.931Z] [INFO] [REVIEW SAVED] /mnt/c/Developer/Review_AI/scraper_project/raw_data/banyo-ve-ev-gerecleri/733755108_reviews.json
[2026-04-05T20:14:48.970Z] [INFO] 
[REVIEW WORKER 4] starting banyo-ve-ev-gerecleri/705096815
[2026-04-05T20:14:49.377Z] [INFO] [review banyo-ve-ev-gerecleri/728018610] page=1 +4 reviews (unique=4)
[2026-04-05T20:14:49.417Z] [INFO] [REVIEW SAVED] /mnt/c/Developer/Review_AI/scraper_project/raw_data/banyo-ve-ev-gerecleri/728018610_reviews.json
[2026-04-05T20:14:49.450Z] [INFO] 
[REVIEW WORKER 1] starting banyo-ve-ev-gerecleri/647234206
[2026-04-05T20:14:49.478Z] [INFO] [review banyo-ve-ev-gerecleri/733282542] page=4 +8 reviews (unique=32)
[2026-04-05T20:14:49.567Z] [INFO] [review banyo-ve-ev-gerecleri/729250871] page=175 +8 reviews (unique=1400)
[2026-04-05T20:14:49.631Z] [INFO] [REVIEW PARTIAL SAVED] /mnt/c/Developer/Review_AI/scraper_project/raw_data/banyo-ve-ev-gerecleri/729250871_reviews.partial.json
[2026-04-05T20:14:49.793Z] [INFO] 
[START REVIEW] category=banyo-ve-ev-gerecleri productId=715458206 startPage=1
[2026-04-05T20:14:49.888Z] [INFO] 
[START REVIEW] category=banyo-ve-ev-gerecleri productId=730562230 startPage=1
[2026-04-05T20:14:50.049Z] [INFO] [review banyo-ve-ev-gerecleri/715458206] page=1 +4 reviews (unique=4)
[2026-04-05T20:14:50.090Z] [INFO] [REVIEW SAVED] /mnt/c/Developer/Review_AI/scraper_project/raw_data/banyo-ve-ev-gerecleri/715458206_reviews.json
[2026-04-05T20:14:50.122Z] [INFO] 
[REVIEW WORKER 9] starting banyo-ve-ev-gerecleri/573299201
[2026-04-05T20:14:50.211Z] [INFO] [review banyo-ve-ev-gerecleri/733282542] page=5 +8 reviews (unique=40)
[2026-04-05T20:14:50.232Z] [INFO] [REVIEW PARTIAL SAVED] /mnt/c/Developer/Review_AI/scraper_project/raw_data/banyo-ve-ev-gerecleri/733282542_reviews.partial.json
[2026-04-05T20:14:50.240Z] [INFO] [review banyo-ve-ev-gerecleri/730562230] page=1 +8 reviews (unique=8)
[2026-04-05T20:14:50.268Z] [INFO] [review banyo-ve-ev-gerecleri/729250871] page=176 +8 reviews (unique=1408)
[2026-04-05T20:14:51.082Z] [INFO] [review banyo-ve-ev-gerecleri/730562230] page=2 +8 reviews (unique=16)
[2026-04-05T20:14:51.108Z] [INFO] [review banyo-ve-ev-gerecleri/729250871] page=177 +8 reviews (unique=1416)
[2026-04-05T20:14:51.151Z] [INFO] 
[START REVIEW] category=banyo-ve-ev-gerecleri productId=587542080 startPage=1
[2026-04-05T20:14:51.198Z] [INFO] [review banyo-ve-ev-gerecleri/733282542] page=6 +8 reviews (unique=48)
[2026-04-05T20:14:51.244Z] [INFO] 
[START REVIEW] category=banyo-ve-ev-gerecleri productId=739065932 startPage=1
[2026-04-05T20:14:51.433Z] [INFO] [review banyo-ve-ev-gerecleri/587542080] page=1 +8 reviews (unique=8)
[2026-04-05T20:14:51.583Z] [INFO] [review banyo-ve-ev-gerecleri/709047960] page=1 +8 reviews (unique=8)
[2026-04-05T20:14:51.641Z] [INFO] [review banyo-ve-ev-gerecleri/739065932] page=1 +5 reviews (unique=5)
[2026-04-05T20:14:51.740Z] [INFO] [REVIEW SAVED] /mnt/c/Developer/Review_AI/scraper_project/raw_data/banyo-ve-ev-gerecleri/739065932_reviews.json
[2026-04-05T20:14:51.795Z] [INFO] 
[REVIEW WORKER 10] starting banyo-ve-ev-gerecleri/599902315
[2026-04-05T20:14:51.855Z] [INFO] [review banyo-ve-ev-gerecleri/729250871] page=178 +8 reviews (unique=1424)
[2026-04-05T20:14:51.903Z] [INFO] [review banyo-ve-ev-gerecleri/730562230] page=3 +8 reviews (unique=24)
[2026-04-05T20:14:52.120Z] [INFO] [review banyo-ve-ev-gerecleri/733282542] page=7 +8 reviews (unique=56)
[2026-04-05T20:14:52.203Z] [INFO] [review banyo-ve-ev-gerecleri/587542080] page=2 +8 reviews (unique=16)
[2026-04-05T20:14:52.412Z] [INFO] [review banyo-ve-ev-gerecleri/709047960] page=2 +6 reviews (unique=14)
[2026-04-05T20:14:52.547Z] [INFO] [REVIEW SAVED] /mnt/c/Developer/Review_AI/scraper_project/raw_data/banyo-ve-ev-gerecleri/709047960_reviews.json
[2026-04-05T20:14:52.597Z] [INFO] [review banyo-ve-ev-gerecleri/729250871] page=179 +8 reviews (unique=1432)
[2026-04-05T20:14:52.631Z] [INFO] 
[REVIEW WORKER 7] starting banyo-ve-ev-gerecleri/632292923
[2026-04-05T20:14:52.699Z] [INFO] 
[START REVIEW] category=banyo-ve-ev-gerecleri productId=680887600 startPage=1
[2026-04-05T20:14:52.715Z] [INFO] [review banyo-ve-ev-gerecleri/730562230] page=4 +3 reviews (unique=27)
[2026-04-05T20:14:52.793Z] [INFO] [REVIEW SAVED] /mnt/c/Developer/Review_AI/scraper_project/raw_data/banyo-ve-ev-gerecleri/730562230_reviews.json
[2026-04-05T20:14:52.896Z] [INFO] [review banyo-ve-ev-gerecleri/733282542] page=8 +8 reviews (unique=64)
[2026-04-05T20:14:52.946Z] [INFO] 
[REVIEW WORKER 5] starting banyo-ve-ev-gerecleri/502353760
[2026-04-05T20:14:53.000Z] [INFO] [review banyo-ve-ev-gerecleri/587542080] page=3 +8 reviews (unique=24)
[2026-04-05T20:14:53.420Z] [INFO] [review banyo-ve-ev-gerecleri/729250871] page=180 +8 reviews (unique=1440)
[2026-04-05T20:14:53.615Z] [INFO] [REVIEW PARTIAL SAVED] /mnt/c/Developer/Review_AI/scraper_project/raw_data/banyo-ve-ev-gerecleri/729250871_reviews.partial.json
[2026-04-05T20:14:53.817Z] [INFO] [review banyo-ve-ev-gerecleri/680887600] page=1 +4 reviews (unique=4)
[2026-04-05T20:14:53.883Z] [INFO] [REVIEW SAVED] /mnt/c/Developer/Review_AI/scraper_project/raw_data/banyo-ve-ev-gerecleri/680887600_reviews.json
[2026-04-05T20:14:53.915Z] [INFO] 
[START REVIEW] category=banyo-ve-ev-gerecleri productId=705096815 startPage=1
[2026-04-05T20:14:53.939Z] [INFO] [review banyo-ve-ev-gerecleri/733282542] page=9 +3 reviews (unique=67)
[2026-04-05T20:14:54.030Z] [INFO] [REVIEW SAVED] /mnt/c/Developer/Review_AI/scraper_project/raw_data/banyo-ve-ev-gerecleri/733282542_reviews.json
[2026-04-05T20:14:54.070Z] [INFO] [review banyo-ve-ev-gerecleri/587542080] page=4 +8 reviews (unique=32)
[2026-04-05T20:14:54.129Z] [INFO] 
[REVIEW WORKER 6] starting banyo-ve-ev-gerecleri/546366913
[2026-04-05T20:14:54.175Z] [INFO] 
[REVIEW WORKER 2] starting banyo-ve-ev-gerecleri/722372508
[2026-04-05T20:14:54.485Z] [INFO] [review banyo-ve-ev-gerecleri/729250871] page=181 +8 reviews (unique=1448)
[2026-04-05T20:14:54.819Z] [INFO] [review banyo-ve-ev-gerecleri/587542080] page=5 +8 reviews (unique=40)
[2026-04-05T20:14:54.838Z] [INFO] [REVIEW PARTIAL SAVED] /mnt/c/Developer/Review_AI/scraper_project/raw_data/banyo-ve-ev-gerecleri/587542080_reviews.partial.json
[2026-04-05T20:14:54.930Z] [INFO] 
[START REVIEW] category=banyo-ve-ev-gerecleri productId=647234206 startPage=1
[2026-04-05T20:14:55.088Z] [INFO] [review banyo-ve-ev-gerecleri/705096815] page=1 +1 reviews (unique=1)
[2026-04-05T20:14:55.108Z] [INFO] [REVIEW SAVED] /mnt/c/Developer/Review_AI/scraper_project/raw_data/banyo-ve-ev-gerecleri/705096815_reviews.json
[2026-04-05T20:14:55.133Z] [INFO] 
[REVIEW WORKER 4] starting banyo-ve-ev-gerecleri/595429417
[2026-04-05T20:14:55.254Z] [INFO] [review banyo-ve-ev-gerecleri/729250871] page=182 +8 reviews (unique=1456)
[2026-04-05T20:14:55.331Z] [INFO] [review banyo-ve-ev-gerecleri/647234206] page=1 +7 reviews (unique=7)
[2026-04-05T20:14:55.365Z] [INFO] [REVIEW SAVED] /mnt/c/Developer/Review_AI/scraper_project/raw_data/banyo-ve-ev-gerecleri/647234206_reviews.json
[2026-04-05T20:14:55.380Z] [INFO] 
[START REVIEW] category=banyo-ve-ev-gerecleri productId=573299201 startPage=1
[2026-04-05T20:14:55.405Z] [INFO] 
[REVIEW WORKER 1] starting banyo-ve-ev-gerecleri/704054543
[2026-04-05T20:14:55.563Z] [INFO] [review banyo-ve-ev-gerecleri/587542080] page=6 +3 reviews (unique=43)
[2026-04-05T20:14:55.601Z] [INFO] [REVIEW SAVED] /mnt/c/Developer/Review_AI/scraper_project/raw_data/banyo-ve-ev-gerecleri/587542080_reviews.json
[2026-04-05T20:14:55.626Z] [INFO] [review banyo-ve-ev-gerecleri/573299201] page=1 +0 reviews (unique=0)
[2026-04-05T20:14:55.667Z] [INFO] [REVIEW SAVED] /mnt/c/Developer/Review_AI/scraper_project/raw_data/banyo-ve-ev-gerecleri/573299201_reviews.json
[2026-04-05T20:14:55.700Z] [INFO] 
[REVIEW WORKER 9] starting banyo-ve-ev-gerecleri/727319139
[2026-04-05T20:14:55.710Z] [INFO] 
[REVIEW WORKER 8] starting banyo-ve-ev-gerecleri/600322290
[2026-04-05T20:14:56.020Z] [INFO] [review banyo-ve-ev-gerecleri/729250871] page=183 +8 reviews (unique=1464)
[2026-04-05T20:14:56.727Z] [INFO] 
[START REVIEW] category=banyo-ve-ev-gerecleri productId=599902315 startPage=1
[2026-04-05T20:14:56.731Z] [INFO] [review banyo-ve-ev-gerecleri/729250871] page=184 +8 reviews (unique=1472)
[2026-04-05T20:14:57.138Z] [INFO] [review banyo-ve-ev-gerecleri/599902315] page=1 +8 reviews (unique=8)
[2026-04-05T20:14:57.289Z] [INFO] 
[START REVIEW] category=banyo-ve-ev-gerecleri productId=632292923 startPage=1
[2026-04-05T20:14:57.463Z] [INFO] [review banyo-ve-ev-gerecleri/729250871] page=185 +8 reviews (unique=1480)
[2026-04-05T20:14:57.554Z] [INFO] [REVIEW PARTIAL SAVED] /mnt/c/Developer/Review_AI/scraper_project/raw_data/banyo-ve-ev-gerecleri/729250871_reviews.partial.json
[2026-04-05T20:14:57.635Z] [INFO] 
[START REVIEW] category=banyo-ve-ev-gerecleri productId=502353760 startPage=1
[2026-04-05T20:14:57.647Z] [INFO] [review banyo-ve-ev-gerecleri/632292923] page=1 +8 reviews (unique=8)
[2026-04-05T20:14:57.676Z] [INFO] [REVIEW SAVED] /mnt/c/Developer/Review_AI/scraper_project/raw_data/banyo-ve-ev-gerecleri/632292923_reviews.json
[2026-04-05T20:14:57.744Z] [INFO] 
[REVIEW WORKER 7] starting banyo-ve-ev-gerecleri/459252003
[2026-04-05T20:14:57.889Z] [INFO] [review banyo-ve-ev-gerecleri/599902315] page=2 +5 reviews (unique=13)
[2026-04-05T20:14:57.934Z] [INFO] [REVIEW SAVED] /mnt/c/Developer/Review_AI/scraper_project/raw_data/banyo-ve-ev-gerecleri/599902315_reviews.json
[2026-04-05T20:14:57.965Z] [INFO] 
[REVIEW WORKER 10] starting banyo-ve-ev-gerecleri/694374238
[2026-04-05T20:14:58.004Z] [INFO] [review banyo-ve-ev-gerecleri/502353760] page=1 +8 reviews (unique=8)
[2026-04-05T20:14:58.221Z] [INFO] [review banyo-ve-ev-gerecleri/729250871] page=186 +8 reviews (unique=1488)
[2026-04-05T20:14:58.549Z] [INFO] 
[START REVIEW] category=banyo-ve-ev-gerecleri productId=722372508 startPage=1
[2026-04-05T20:14:58.569Z] [INFO] 
[START REVIEW] category=banyo-ve-ev-gerecleri productId=546366913 startPage=1
[2026-04-05T20:14:58.683Z] [INFO] [review banyo-ve-ev-gerecleri/502353760] page=2 +8 reviews (unique=16)
[2026-04-05T20:14:58.910Z] [INFO] [review banyo-ve-ev-gerecleri/729250871] page=187 +8 reviews (unique=1496)
[2026-04-05T20:14:58.937Z] [INFO] [review banyo-ve-ev-gerecleri/546366913] page=1 +8 reviews (unique=8)
[2026-04-05T20:14:58.965Z] [INFO] [review banyo-ve-ev-gerecleri/722372508] page=1 +0 reviews (unique=0)
[2026-04-05T20:14:59.018Z] [INFO] [REVIEW SAVED] /mnt/c/Developer/Review_AI/scraper_project/raw_data/banyo-ve-ev-gerecleri/722372508_reviews.json
[2026-04-05T20:14:59.058Z] [INFO] 
[REVIEW WORKER 2] starting banyo-ve-ev-gerecleri/636101076
[2026-04-05T20:14:59.331Z] [INFO] 
[START REVIEW] category=banyo-ve-ev-gerecleri productId=595429417 startPage=1
[2026-04-05T20:14:59.520Z] [INFO] [review banyo-ve-ev-gerecleri/502353760] page=3 +8 reviews (unique=24)
[2026-04-05T20:14:59.560Z] [INFO] [REVIEW SAVED] /mnt/c/Developer/Review_AI/scraper_project/raw_data/banyo-ve-ev-gerecleri/502353760_reviews.json
[2026-04-05T20:14:59.630Z] [INFO] 
[REVIEW WORKER 5] starting banyo-ve-ev-gerecleri/457446554
[2026-04-05T20:14:59.775Z] [INFO] [review banyo-ve-ev-gerecleri/729250871] page=188 +8 reviews (unique=1504)
[2026-04-05T20:14:59.803Z] [INFO] [review banyo-ve-ev-gerecleri/595429417] page=1 +8 reviews (unique=8)
[2026-04-05T20:14:59.932Z] [INFO] [REVIEW SAVED] /mnt/c/Developer/Review_AI/scraper_project/raw_data/banyo-ve-ev-gerecleri/595429417_reviews.json
[2026-04-05T20:15:00.050Z] [INFO] 
[START REVIEW] category=banyo-ve-ev-gerecleri productId=704054543 startPage=1
[2026-04-05T20:15:00.074Z] [INFO] [review banyo-ve-ev-gerecleri/546366913] page=2 +8 reviews (unique=16)
[2026-04-05T20:15:00.569Z] [INFO] 
[REVIEW WORKER 4] starting banyo-ve-ev-gerecleri/470600371
[2026-04-05T20:15:00.676Z] [INFO] [review banyo-ve-ev-gerecleri/729250871] page=189 +8 reviews (unique=1512)
[2026-04-05T20:15:00.880Z] [INFO] 
[START REVIEW] category=banyo-ve-ev-gerecleri productId=727319139 startPage=1
[2026-04-05T20:15:00.993Z] [INFO] 
[START REVIEW] category=banyo-ve-ev-gerecleri productId=600322290 startPage=1
[2026-04-05T20:15:01.109Z] [INFO] [review banyo-ve-ev-gerecleri/546366913] page=3 +8 reviews (unique=24)
[2026-04-05T20:15:01.153Z] [INFO] [review banyo-ve-ev-gerecleri/704054543] page=1 +1 reviews (unique=1)
[2026-04-05T20:15:01.198Z] [INFO] [REVIEW SAVED] /mnt/c/Developer/Review_AI/scraper_project/raw_data/banyo-ve-ev-gerecleri/704054543_reviews.json
[2026-04-05T20:15:01.253Z] [INFO] 
[REVIEW WORKER 1] starting banyo-ve-ev-gerecleri/655612502
[2026-04-05T20:15:01.518Z] [INFO] [review banyo-ve-ev-gerecleri/729250871] page=190 +8 reviews (unique=1520)
[2026-04-05T20:15:01.720Z] [INFO] [REVIEW PARTIAL SAVED] /mnt/c/Developer/Review_AI/scraper_project/raw_data/banyo-ve-ev-gerecleri/729250871_reviews.partial.json
[2026-04-05T20:15:01.791Z] [INFO] [review banyo-ve-ev-gerecleri/600322290] page=1 +8 reviews (unique=8)
[2026-04-05T20:15:02.165Z] [INFO] [review banyo-ve-ev-gerecleri/546366913] page=4 +8 reviews (unique=32)
[2026-04-05T20:15:02.338Z] [INFO] [review banyo-ve-ev-gerecleri/727319139] page=1 +1 reviews (unique=1)
[2026-04-05T20:15:02.418Z] [INFO] [REVIEW SAVED] /mnt/c/Developer/Review_AI/scraper_project/raw_data/banyo-ve-ev-gerecleri/727319139_reviews.json
[2026-04-05T20:15:02.540Z] [INFO] 
[REVIEW WORKER 9] starting banyo-ve-ev-gerecleri/571654359
[2026-04-05T20:15:02.562Z] [INFO] [review banyo-ve-ev-gerecleri/729250871] page=191 +8 reviews (unique=1528)
[2026-04-05T20:15:02.713Z] [INFO] [review banyo-ve-ev-gerecleri/600322290] page=2 +7 reviews (unique=15)
[2026-04-05T20:15:02.768Z] [INFO] [REVIEW SAVED] /mnt/c/Developer/Review_AI/scraper_project/raw_data/banyo-ve-ev-gerecleri/600322290_reviews.json
[2026-04-05T20:15:02.805Z] [INFO] 
[REVIEW WORKER 8] starting banyo-ve-ev-gerecleri/148097110
[2026-04-05T20:15:02.972Z] [INFO] 
[START REVIEW] category=banyo-ve-ev-gerecleri productId=694374238 startPage=1
[2026-04-05T20:15:02.990Z] [INFO] [review banyo-ve-ev-gerecleri/546366913] page=5 +8 reviews (unique=40)
[2026-04-05T20:15:03.011Z] [INFO] [REVIEW PARTIAL SAVED] /mnt/c/Developer/Review_AI/scraper_project/raw_data/banyo-ve-ev-gerecleri/546366913_reviews.partial.json
[2026-04-05T20:15:03.137Z] [INFO] 
[START REVIEW] category=banyo-ve-ev-gerecleri productId=459252003 startPage=1
[2026-04-05T20:15:03.395Z] [INFO] [review banyo-ve-ev-gerecleri/694374238] page=1 +2 reviews (unique=2)
[2026-04-05T20:15:03.422Z] [INFO] [REVIEW SAVED] /mnt/c/Developer/Review_AI/scraper_project/raw_data/banyo-ve-ev-gerecleri/694374238_reviews.json
[2026-04-05T20:15:03.431Z] [INFO] [review banyo-ve-ev-gerecleri/729250871] page=192 +8 reviews (unique=1536)
[2026-04-05T20:15:03.460Z] [INFO] 
[REVIEW WORKER 10] starting banyo-ve-ev-gerecleri/567753470
[2026-04-05T20:15:03.662Z] [INFO] [review banyo-ve-ev-gerecleri/459252003] page=1 +8 reviews (unique=8)
[2026-04-05T20:15:03.804Z] [INFO] [review banyo-ve-ev-gerecleri/546366913] page=6 +1 reviews (unique=41)
[2026-04-05T20:15:03.850Z] [INFO] [REVIEW SAVED] /mnt/c/Developer/Review_AI/scraper_project/raw_data/banyo-ve-ev-gerecleri/546366913_reviews.json
[2026-04-05T20:15:03.888Z] [INFO] 
[REVIEW WORKER 6] starting banyo-ve-ev-gerecleri/561494974
[2026-04-05T20:15:04.185Z] [INFO] [review banyo-ve-ev-gerecleri/729250871] page=193 +8 reviews (unique=1544)
[2026-04-05T20:15:04.491Z] [INFO] [review banyo-ve-ev-gerecleri/459252003] page=2 +8 reviews (unique=16)
[2026-04-05T20:15:04.522Z] [INFO] 
[START REVIEW] category=banyo-ve-ev-gerecleri productId=636101076 startPage=1
[2026-04-05T20:15:04.818Z] [INFO] [review banyo-ve-ev-gerecleri/636101076] page=1 +8 reviews (unique=8)
[2026-04-05T20:15:04.852Z] [INFO] [review banyo-ve-ev-gerecleri/729250871] page=194 +8 reviews (unique=1552)
[2026-04-05T20:15:05.389Z] [INFO] 
[START REVIEW] category=banyo-ve-ev-gerecleri productId=470600371 startPage=1
[2026-04-05T20:15:05.414Z] [INFO] [review banyo-ve-ev-gerecleri/459252003] page=3 +6 reviews (unique=22)
[2026-04-05T20:15:05.478Z] [INFO] [REVIEW SAVED] /mnt/c/Developer/Review_AI/scraper_project/raw_data/banyo-ve-ev-gerecleri/459252003_reviews.json
[2026-04-05T20:15:05.542Z] [INFO] 
[REVIEW WORKER 7] starting banyo-ve-ev-gerecleri/725848681
[2026-04-05T20:15:05.712Z] [INFO] [review banyo-ve-ev-gerecleri/729250871] page=195 +8 reviews (unique=1560)
[2026-04-05T20:15:05.898Z] [INFO] [REVIEW PARTIAL SAVED] /mnt/c/Developer/Review_AI/scraper_project/raw_data/banyo-ve-ev-gerecleri/729250871_reviews.partial.json
[2026-04-05T20:15:05.942Z] [INFO] 
[START REVIEW] category=banyo-ve-ev-gerecleri productId=457446554 startPage=1
[2026-04-05T20:15:05.964Z] [INFO] [review banyo-ve-ev-gerecleri/636101076] page=2 +8 reviews (unique=16)
[2026-04-05T20:15:06.097Z] [INFO] [review banyo-ve-ev-gerecleri/470600371] page=1 +8 reviews (unique=8)
[2026-04-05T20:15:06.754Z] [INFO] 
[START REVIEW] category=banyo-ve-ev-gerecleri productId=655612502 startPage=1
[2026-04-05T20:15:06.804Z] [INFO] [review banyo-ve-ev-gerecleri/457446554] page=1 +8 reviews (unique=8)
[2026-04-05T20:15:06.929Z] [INFO] [review banyo-ve-ev-gerecleri/729250871] page=196 +8 reviews (unique=1568)
[2026-04-05T20:15:07.029Z] [INFO] [review banyo-ve-ev-gerecleri/636101076] page=3 +8 reviews (unique=24)
[2026-04-05T20:15:07.286Z] [INFO] [review banyo-ve-ev-gerecleri/655612502] page=1 +5 reviews (unique=5)
[2026-04-05T20:15:07.341Z] [INFO] [REVIEW SAVED] /mnt/c/Developer/Review_AI/scraper_project/raw_data/banyo-ve-ev-gerecleri/655612502_reviews.json
[2026-04-05T20:15:07.381Z] [INFO] 
[START REVIEW] category=banyo-ve-ev-gerecleri productId=571654359 startPage=1
[2026-04-05T20:15:07.397Z] [INFO] 
[START REVIEW] category=banyo-ve-ev-gerecleri productId=148097110 startPage=1
[2026-04-05T20:15:07.430Z] [INFO] [review banyo-ve-ev-gerecleri/470600371] page=2 +8 reviews (unique=16)
[2026-04-05T20:15:07.486Z] [INFO] 
[REVIEW WORKER 1] starting banyo-ve-ev-gerecleri/681337847
[2026-04-05T20:15:07.527Z] [INFO] [review banyo-ve-ev-gerecleri/457446554] page=2 +8 reviews (unique=16)
[2026-04-05T20:15:07.717Z] [INFO] [review banyo-ve-ev-gerecleri/729250871] page=197 +8 reviews (unique=1576)
[2026-04-05T20:15:07.756Z] [INFO] [review banyo-ve-ev-gerecleri/636101076] page=4 +8 reviews (unique=32)
[2026-04-05T20:15:07.931Z] [INFO] [review banyo-ve-ev-gerecleri/571654359] page=1 +6 reviews (unique=6)
[2026-04-05T20:15:07.955Z] [INFO] [REVIEW SAVED] /mnt/c/Developer/Review_AI/scraper_project/raw_data/banyo-ve-ev-gerecleri/571654359_reviews.json
[2026-04-05T20:15:07.969Z] [INFO] [review banyo-ve-ev-gerecleri/148097110] page=1 +8 reviews (unique=8)
[2026-04-05T20:15:07.994Z] [INFO] 
[REVIEW WORKER 9] starting banyo-ve-ev-gerecleri/470788900
[2026-04-05T20:15:08.122Z] [INFO] [review banyo-ve-ev-gerecleri/470600371] page=3 +8 reviews (unique=24)
[2026-04-05T20:15:08.267Z] [INFO] [review banyo-ve-ev-gerecleri/457446554] page=3 +8 reviews (unique=24)
[2026-04-05T20:15:08.396Z] [INFO] [review banyo-ve-ev-gerecleri/729250871] page=198 +8 reviews (unique=1584)
[2026-04-05T20:15:08.407Z] [INFO] [review banyo-ve-ev-gerecleri/636101076] page=5 +8 reviews (unique=40)
[2026-04-05T20:15:08.417Z] [INFO] [REVIEW PARTIAL SAVED] /mnt/c/Developer/Review_AI/scraper_project/raw_data/banyo-ve-ev-gerecleri/636101076_reviews.partial.json
[2026-04-05T20:15:08.635Z] [INFO] 
[START REVIEW] category=banyo-ve-ev-gerecleri productId=567753470 startPage=1
[2026-04-05T20:15:08.722Z] [INFO] [review banyo-ve-ev-gerecleri/148097110] page=2 +8 reviews (unique=16)
[2026-04-05T20:15:08.821Z] [INFO] [review banyo-ve-ev-gerecleri/470600371] page=4 +8 reviews (unique=32)
[2026-04-05T20:15:08.889Z] [INFO] [review banyo-ve-ev-gerecleri/567753470] page=1 +8 reviews (unique=8)
[2026-04-05T20:15:08.908Z] [INFO] [review banyo-ve-ev-gerecleri/457446554] page=4 +8 reviews (unique=32)
[2026-04-05T20:15:09.061Z] [INFO] [review banyo-ve-ev-gerecleri/729250871] page=199 +8 reviews (unique=1592)
[2026-04-05T20:15:09.072Z] [INFO] 
[START REVIEW] category=banyo-ve-ev-gerecleri productId=561494974 startPage=1
[2026-04-05T20:15:09.122Z] [INFO] [review banyo-ve-ev-gerecleri/636101076] page=6 +8 reviews (unique=48)
[2026-04-05T20:15:09.135Z] [INFO] [REVIEW SAVED] /mnt/c/Developer/Review_AI/scraper_project/raw_data/banyo-ve-ev-gerecleri/636101076_reviews.json
[2026-04-05T20:15:09.159Z] [INFO] 
[REVIEW WORKER 2] starting banyo-ve-ev-gerecleri/718536511
[2026-04-05T20:15:09.312Z] [INFO] [review banyo-ve-ev-gerecleri/561494974] page=1 +2 reviews (unique=2)
[2026-04-05T20:15:09.327Z] [INFO] [REVIEW SAVED] /mnt/c/Developer/Review_AI/scraper_project/raw_data/banyo-ve-ev-gerecleri/561494974_reviews.json
[2026-04-05T20:15:09.343Z] [INFO] 
[REVIEW WORKER 6] starting banyo-ve-ev-gerecleri/719773098
[2026-04-05T20:15:09.397Z] [INFO] [review banyo-ve-ev-gerecleri/148097110] page=3 +8 reviews (unique=24)
[2026-04-05T20:15:09.589Z] [INFO] [review banyo-ve-ev-gerecleri/567753470] page=2 +8 reviews (unique=16)
[2026-04-05T20:15:09.606Z] [INFO] [review banyo-ve-ev-gerecleri/470600371] page=5 +8 reviews (unique=40)
[2026-04-05T20:15:09.617Z] [INFO] [REVIEW PARTIAL SAVED] /mnt/c/Developer/Review_AI/scraper_project/raw_data/banyo-ve-ev-gerecleri/470600371_reviews.partial.json
[2026-04-05T20:15:09.624Z] [INFO] [review banyo-ve-ev-gerecleri/457446554] page=5 +8 reviews (unique=40)
[2026-04-05T20:15:09.634Z] [INFO] [REVIEW PARTIAL SAVED] /mnt/c/Developer/Review_AI/scraper_project/raw_data/banyo-ve-ev-gerecleri/457446554_reviews.partial.json
[2026-04-05T20:15:09.772Z] [INFO] [review banyo-ve-ev-gerecleri/729250871] page=200 +8 reviews (unique=1600)
[2026-04-05T20:15:09.805Z] [INFO] [REVIEW PARTIAL SAVED] /mnt/c/Developer/Review_AI/scraper_project/raw_data/banyo-ve-ev-gerecleri/729250871_reviews.partial.json
[2026-04-05T20:15:10.147Z] [INFO] [review banyo-ve-ev-gerecleri/148097110] page=4 +8 reviews (unique=32)
[2026-04-05T20:15:10.238Z] [INFO] [review banyo-ve-ev-gerecleri/470600371] page=6 +8 reviews (unique=48)
[2026-04-05T20:15:10.463Z] [INFO] [review banyo-ve-ev-gerecleri/457446554] page=6 +8 reviews (unique=48)
[2026-04-05T20:15:10.617Z] [INFO] [review banyo-ve-ev-gerecleri/567753470] page=3 +8 reviews (unique=24)
[2026-04-05T20:15:10.639Z] [INFO] [review banyo-ve-ev-gerecleri/729250871] page=201 +8 reviews (unique=1608)
[2026-04-05T20:15:10.821Z] [INFO] [review banyo-ve-ev-gerecleri/148097110] page=5 +8 reviews (unique=40)
[2026-04-05T20:15:10.832Z] [INFO] [REVIEW PARTIAL SAVED] /mnt/c/Developer/Review_AI/scraper_project/raw_data/banyo-ve-ev-gerecleri/148097110_reviews.partial.json
[2026-04-05T20:15:10.886Z] [INFO] [review banyo-ve-ev-gerecleri/470600371] page=7 +8 reviews (unique=56)
[2026-04-05T20:15:11.185Z] [INFO] [review banyo-ve-ev-gerecleri/457446554] page=7 +4 reviews (unique=52)
[2026-04-05T20:15:11.201Z] [INFO] [REVIEW SAVED] /mnt/c/Developer/Review_AI/scraper_project/raw_data/banyo-ve-ev-gerecleri/457446554_reviews.json
[2026-04-05T20:15:11.226Z] [INFO] 
[REVIEW WORKER 5] starting banyo-ve-ev-gerecleri/646386090
[2026-04-05T20:15:11.301Z] [INFO] [review banyo-ve-ev-gerecleri/567753470] page=4 +3 reviews (unique=27)
[2026-04-05T20:15:11.335Z] [INFO] [REVIEW SAVED] /mnt/c/Developer/Review_AI/scraper_project/raw_data/banyo-ve-ev-gerecleri/567753470_reviews.json
[2026-04-05T20:15:11.349Z] [INFO] [review banyo-ve-ev-gerecleri/729250871] page=202 +8 reviews (unique=1616)
[2026-04-05T20:15:11.366Z] [INFO] 
[START REVIEW] category=banyo-ve-ev-gerecleri productId=681337847 startPage=1
[2026-04-05T20:15:11.374Z] [INFO] 
[REVIEW WORKER 10] starting banyo-ve-ev-gerecleri/566389517
[2026-04-05T20:15:11.454Z] [INFO] [review banyo-ve-ev-gerecleri/148097110] page=6 +8 reviews (unique=48)
[2026-04-05T20:15:11.607Z] [INFO] [review banyo-ve-ev-gerecleri/470600371] page=8 +8 reviews (unique=64)
[2026-04-05T20:15:11.879Z] [INFO] [review banyo-ve-ev-gerecleri/681337847] page=1 +2 reviews (unique=2)
[2026-04-05T20:15:11.979Z] [INFO] [REVIEW SAVED] /mnt/c/Developer/Review_AI/scraper_project/raw_data/banyo-ve-ev-gerecleri/681337847_reviews.json
[2026-04-05T20:15:12.029Z] [INFO] 
[REVIEW WORKER 1] starting banyo-ve-ev-gerecleri/644737276
[2026-04-05T20:15:12.100Z] [INFO] [review banyo-ve-ev-gerecleri/729250871] page=203 +8 reviews (unique=1624)
[2026-04-05T20:15:12.157Z] [INFO] [review banyo-ve-ev-gerecleri/148097110] page=7 +8 reviews (unique=56)
[2026-04-05T20:15:12.273Z] [INFO] [review banyo-ve-ev-gerecleri/470600371] page=9 +8 reviews (unique=72)
[2026-04-05T20:15:12.603Z] [INFO] 
[START REVIEW] category=banyo-ve-ev-gerecleri productId=470788900 startPage=1
[2026-04-05T20:15:12.895Z] [INFO] [review banyo-ve-ev-gerecleri/729250871] page=204 +8 reviews (unique=1632)
[2026-04-05T20:15:12.940Z] [INFO] [review banyo-ve-ev-gerecleri/470788900] page=1 +3 reviews (unique=3)
[2026-04-05T20:15:12.968Z] [INFO] [REVIEW SAVED] /mnt/c/Developer/Review_AI/scraper_project/raw_data/banyo-ve-ev-gerecleri/470788900_reviews.json
[2026-04-05T20:15:12.981Z] [INFO] [review banyo-ve-ev-gerecleri/148097110] page=8 +8 reviews (unique=64)
[2026-04-05T20:15:13.017Z] [INFO] 
[REVIEW WORKER 9] starting banyo-ve-ev-gerecleri/639780822
[2026-04-05T20:15:13.124Z] [INFO] [review banyo-ve-ev-gerecleri/470600371] page=10 +8 reviews (unique=80)
[2026-04-05T20:15:13.142Z] [INFO] [REVIEW PARTIAL SAVED] /mnt/c/Developer/Review_AI/scraper_project/raw_data/banyo-ve-ev-gerecleri/470600371_reviews.partial.json
[2026-04-05T20:15:13.583Z] [INFO] [review banyo-ve-ev-gerecleri/729250871] page=205 +8 reviews (unique=1640)
[2026-04-05T20:15:13.632Z] [INFO] [REVIEW PARTIAL SAVED] /mnt/c/Developer/Review_AI/scraper_project/raw_data/banyo-ve-ev-gerecleri/729250871_reviews.partial.json
[2026-04-05T20:15:13.643Z] [INFO] 
[START REVIEW] category=banyo-ve-ev-gerecleri productId=718536511 startPage=1
[2026-04-05T20:15:13.667Z] [INFO] 
[START REVIEW] category=banyo-ve-ev-gerecleri productId=719773098 startPage=1
[2026-04-05T20:15:13.696Z] [INFO] [review banyo-ve-ev-gerecleri/148097110] page=9 +8 reviews (unique=72)
[2026-04-05T20:15:13.937Z] [INFO] [review banyo-ve-ev-gerecleri/470600371] page=11 +8 reviews (unique=88)
[2026-04-05T20:15:13.956Z] [INFO] [review banyo-ve-ev-gerecleri/718536511] page=1 +8 reviews (unique=8)
[2026-04-05T20:15:14.027Z] [INFO] [REVIEW SAVED] /mnt/c/Developer/Review_AI/scraper_project/raw_data/banyo-ve-ev-gerecleri/718536511_reviews.json
[2026-04-05T20:15:14.055Z] [INFO] [review banyo-ve-ev-gerecleri/719773098] page=1 +8 reviews (unique=8)
[2026-04-05T20:15:14.131Z] [INFO] 
[REVIEW WORKER 2] starting banyo-ve-ev-gerecleri/733150983
[2026-04-05T20:15:14.402Z] [INFO] [review banyo-ve-ev-gerecleri/729250871] page=206 +8 reviews (unique=1648)
[2026-04-05T20:15:14.565Z] [INFO] [review banyo-ve-ev-gerecleri/148097110] page=10 +8 reviews (unique=80)
[2026-04-05T20:15:14.598Z] [INFO] [REVIEW PARTIAL SAVED] /mnt/c/Developer/Review_AI/scraper_project/raw_data/banyo-ve-ev-gerecleri/148097110_reviews.partial.json
[2026-04-05T20:15:14.661Z] [INFO] [review banyo-ve-ev-gerecleri/470600371] page=12 +8 reviews (unique=96)
[2026-04-05T20:15:14.715Z] [INFO] 
[START REVIEW] category=banyo-ve-ev-gerecleri productId=725848681 startPage=1
[2026-04-05T20:15:14.788Z] [INFO] [review banyo-ve-ev-gerecleri/719773098] page=2 +8 reviews (unique=16)
[2026-04-05T20:15:15.006Z] [INFO] [review banyo-ve-ev-gerecleri/725848681] page=1 +8 reviews (unique=8)
[2026-04-05T20:15:15.192Z] [INFO] [review banyo-ve-ev-gerecleri/729250871] page=207 +8 reviews (unique=1656)
[2026-04-05T20:15:15.439Z] [INFO] 
[START REVIEW] category=banyo-ve-ev-gerecleri productId=646386090 startPage=1
[2026-04-05T20:15:15.602Z] [INFO] [review banyo-ve-ev-gerecleri/148097110] page=11 +8 reviews (unique=88)
[2026-04-05T20:15:15.665Z] [INFO] [review banyo-ve-ev-gerecleri/470600371] page=13 +8 reviews (unique=104)
[2026-04-05T20:15:15.894Z] [INFO] [review banyo-ve-ev-gerecleri/719773098] page=3 +8 reviews (unique=24)
[2026-04-05T20:15:16.028Z] [INFO] 
[START REVIEW] category=banyo-ve-ev-gerecleri productId=566389517 startPage=1
[2026-04-05T20:15:16.509Z] [INFO] [review banyo-ve-ev-gerecleri/725848681] page=2 +8 reviews (unique=16)
[2026-04-05T20:15:16.668Z] [INFO] [review banyo-ve-ev-gerecleri/729250871] page=208 +8 reviews (unique=1664)
[2026-04-05T20:15:16.824Z] [INFO] [review banyo-ve-ev-gerecleri/646386090] page=1 +7 reviews (unique=7)
[2026-04-05T20:15:16.871Z] [INFO] [REVIEW SAVED] /mnt/c/Developer/Review_AI/scraper_project/raw_data/banyo-ve-ev-gerecleri/646386090_reviews.json
[2026-04-05T20:15:16.905Z] [INFO] 
[REVIEW WORKER 5] starting banyo-ve-ev-gerecleri/517222915
[2026-04-05T20:15:16.930Z] [INFO] [review banyo-ve-ev-gerecleri/566389517] page=1 +8 reviews (unique=8)
[2026-04-05T20:15:16.948Z] [INFO] [review banyo-ve-ev-gerecleri/470600371] page=14 +8 reviews (unique=112)
[2026-04-05T20:15:16.979Z] [INFO] 
[START REVIEW] category=banyo-ve-ev-gerecleri productId=644737276 startPage=1
[2026-04-05T20:15:16.991Z] [INFO] [review banyo-ve-ev-gerecleri/148097110] page=12 +8 reviews (unique=96)
[2026-04-05T20:15:17.121Z] [INFO] [review banyo-ve-ev-gerecleri/719773098] page=4 +8 reviews (unique=32)
[2026-04-05T20:15:17.206Z] [INFO] [review banyo-ve-ev-gerecleri/725848681] page=3 +4 reviews (unique=20)
[2026-04-05T20:15:17.252Z] [INFO] [REVIEW SAVED] /mnt/c/Developer/Review_AI/scraper_project/raw_data/banyo-ve-ev-gerecleri/725848681_reviews.json
[2026-04-05T20:15:17.300Z] [INFO] 
[REVIEW WORKER 7] starting banyo-ve-ev-gerecleri/657785902
[2026-04-05T20:15:17.356Z] [INFO] [review banyo-ve-ev-gerecleri/729250871] page=209 +8 reviews (unique=1672)
[2026-04-05T20:15:17.471Z] [INFO] [review banyo-ve-ev-gerecleri/644737276] page=1 +8 reviews (unique=8)
[2026-04-05T20:15:17.590Z] [INFO] [review banyo-ve-ev-gerecleri/470600371] page=15 +8 reviews (unique=120)
[2026-04-05T20:15:17.639Z] [INFO] [REVIEW PARTIAL SAVED] /mnt/c/Developer/Review_AI/scraper_project/raw_data/banyo-ve-ev-gerecleri/470600371_reviews.partial.json
[2026-04-05T20:15:17.655Z] [INFO] [review banyo-ve-ev-gerecleri/566389517] page=2 +2 reviews (unique=10)
[2026-04-05T20:15:17.738Z] [INFO] [REVIEW SAVED] /mnt/c/Developer/Review_AI/scraper_project/raw_data/banyo-ve-ev-gerecleri/566389517_reviews.json
[2026-04-05T20:15:17.764Z] [INFO] [review banyo-ve-ev-gerecleri/148097110] page=13 +8 reviews (unique=104)
[2026-04-05T20:15:17.825Z] [INFO] 
[REVIEW WORKER 10] starting banyo-ve-ev-gerecleri/653166773
[2026-04-05T20:15:17.842Z] [INFO] [review banyo-ve-ev-gerecleri/719773098] page=5 +8 reviews (unique=40)
[2026-04-05T20:15:17.902Z] [INFO] [REVIEW PARTIAL SAVED] /mnt/c/Developer/Review_AI/scraper_project/raw_data/banyo-ve-ev-gerecleri/719773098_reviews.partial.json
[2026-04-05T20:15:18.069Z] [INFO] [review banyo-ve-ev-gerecleri/729250871] page=210 +8 reviews (unique=1680)
[2026-04-05T20:15:18.269Z] [INFO] [REVIEW PARTIAL SAVED] /mnt/c/Developer/Review_AI/scraper_project/raw_data/banyo-ve-ev-gerecleri/729250871_reviews.partial.json
[2026-04-05T20:15:18.634Z] [INFO] [review banyo-ve-ev-gerecleri/719773098] page=6 +8 reviews (unique=48)
[2026-04-05T20:15:18.669Z] [INFO] [review banyo-ve-ev-gerecleri/644737276] page=2 +8 reviews (unique=16)
[2026-04-05T20:15:18.700Z] [INFO] [review banyo-ve-ev-gerecleri/148097110] page=14 +8 reviews (unique=112)
[2026-04-05T20:15:19.071Z] [INFO] [review banyo-ve-ev-gerecleri/729250871] page=211 +8 reviews (unique=1688)
[2026-04-05T20:15:19.245Z] [INFO] 
[START REVIEW] category=banyo-ve-ev-gerecleri productId=639780822 startPage=1
[2026-04-05T20:15:19.289Z] [INFO] [review banyo-ve-ev-gerecleri/719773098] page=7 +8 reviews (unique=56)
[2026-04-05T20:15:19.362Z] [INFO] [review banyo-ve-ev-gerecleri/148097110] page=15 +8 reviews (unique=120)
[2026-04-05T20:15:19.377Z] [INFO] [REVIEW PARTIAL SAVED] /mnt/c/Developer/Review_AI/scraper_project/raw_data/banyo-ve-ev-gerecleri/148097110_reviews.partial.json
[2026-04-05T20:15:19.454Z] [INFO] [review banyo-ve-ev-gerecleri/644737276] page=3 +8 reviews (unique=24)
[2026-04-05T20:15:19.780Z] [INFO] [review banyo-ve-ev-gerecleri/639780822] page=1 +8 reviews (unique=8)
[2026-04-05T20:15:19.793Z] [INFO] [REVIEW SAVED] /mnt/c/Developer/Review_AI/scraper_project/raw_data/banyo-ve-ev-gerecleri/639780822_reviews.json
[2026-04-05T20:15:19.816Z] [INFO] 
[REVIEW WORKER 9] starting banyo-ve-ev-gerecleri/537067999
[2026-04-05T20:15:19.894Z] [INFO] [review banyo-ve-ev-gerecleri/729250871] page=212 +8 reviews (unique=1696)
[2026-04-05T20:15:20.289Z] [INFO] [review banyo-ve-ev-gerecleri/644737276] page=4 +8 reviews (unique=32)
[2026-04-05T20:15:20.298Z] [INFO] [review banyo-ve-ev-gerecleri/719773098] page=8 +8 reviews (unique=64)
[2026-04-05T20:15:20.323Z] [INFO] [REVIEW SAVED] /mnt/c/Developer/Review_AI/scraper_project/raw_data/banyo-ve-ev-gerecleri/719773098_reviews.json
[2026-04-05T20:15:20.350Z] [INFO] 
[REVIEW WORKER 6] starting banyo-ve-ev-gerecleri/647234280
[2026-04-05T20:15:20.417Z] [INFO] [review banyo-ve-ev-gerecleri/148097110] page=16 +8 reviews (unique=128)
[2026-04-05T20:15:20.434Z] [INFO] 
[START REVIEW] category=banyo-ve-ev-gerecleri productId=733150983 startPage=1
[2026-04-05T20:15:20.586Z] [INFO] [review banyo-ve-ev-gerecleri/729250871] page=213 +8 reviews (unique=1704)
[2026-04-05T20:15:20.760Z] [INFO] [review banyo-ve-ev-gerecleri/733150983] page=1 +8 reviews (unique=8)
[2026-04-05T20:15:20.921Z] [INFO] [review banyo-ve-ev-gerecleri/644737276] page=5 +8 reviews (unique=40)
[2026-04-05T20:15:20.931Z] [INFO] [REVIEW PARTIAL SAVED] /mnt/c/Developer/Review_AI/scraper_project/raw_data/banyo-ve-ev-gerecleri/644737276_reviews.partial.json
[2026-04-05T20:15:21.064Z] [INFO] [review banyo-ve-ev-gerecleri/148097110] page=17 +8 reviews (unique=136)
[2026-04-05T20:15:21.476Z] [INFO] [review banyo-ve-ev-gerecleri/729250871] page=214 +8 reviews (unique=1712)
[2026-04-05T20:15:21.537Z] [INFO] 
[START REVIEW] category=banyo-ve-ev-gerecleri productId=517222915 startPage=1
[2026-04-05T20:15:21.936Z] [INFO] 
[START REVIEW] category=banyo-ve-ev-gerecleri productId=657785902 startPage=1
[2026-04-05T20:15:21.959Z] [INFO] [review banyo-ve-ev-gerecleri/733150983] page=2 +8 reviews (unique=16)
[2026-04-05T20:15:22.216Z] [INFO] [review banyo-ve-ev-gerecleri/644737276] page=6 +5 reviews (unique=45)
[2026-04-05T20:15:22.246Z] [INFO] [REVIEW SAVED] /mnt/c/Developer/Review_AI/scraper_project/raw_data/banyo-ve-ev-gerecleri/644737276_reviews.json
[2026-04-05T20:15:22.253Z] [INFO] [review banyo-ve-ev-gerecleri/148097110] page=18 +8 reviews (unique=144)
[2026-04-05T20:15:22.260Z] [INFO] [review banyo-ve-ev-gerecleri/517222915] page=1 +8 reviews (unique=8)
[2026-04-05T20:15:22.277Z] [INFO] [REVIEW SAVED] /mnt/c/Developer/Review_AI/scraper_project/raw_data/banyo-ve-ev-gerecleri/517222915_reviews.json
[2026-04-05T20:15:22.298Z] [INFO] 
[REVIEW WORKER 5] starting banyo-ve-ev-gerecleri/587895375
[2026-04-05T20:15:22.312Z] [INFO] 
[REVIEW WORKER 1] starting banyo-ve-ev-gerecleri/569722672
[2026-04-05T20:15:22.354Z] [INFO] [review banyo-ve-ev-gerecleri/729250871] page=215 +8 reviews (unique=1720)
[2026-04-05T20:15:22.401Z] [INFO] [REVIEW PARTIAL SAVED] /mnt/c/Developer/Review_AI/scraper_project/raw_data/banyo-ve-ev-gerecleri/729250871_reviews.partial.json
[2026-04-05T20:15:22.490Z] [INFO] [review banyo-ve-ev-gerecleri/657785902] page=1 +2 reviews (unique=2)
[2026-04-05T20:15:22.515Z] [INFO] [REVIEW SAVED] /mnt/c/Developer/Review_AI/scraper_project/raw_data/banyo-ve-ev-gerecleri/657785902_reviews.json
[2026-04-05T20:15:22.553Z] [INFO] 
[REVIEW WORKER 7] starting banyo-ve-ev-gerecleri/647233364
[2026-04-05T20:15:22.624Z] [INFO] [review banyo-ve-ev-gerecleri/733150983] page=3 +6 reviews (unique=22)
[2026-04-05T20:15:22.648Z] [INFO] [REVIEW SAVED] /mnt/c/Developer/Review_AI/scraper_project/raw_data/banyo-ve-ev-gerecleri/733150983_reviews.json
[2026-04-05T20:15:22.662Z] [INFO] [review banyo-ve-ev-gerecleri/470600371] page=16 +8 reviews (unique=128)
[2026-04-05T20:15:22.674Z] [INFO] 
[REVIEW WORKER 2] starting banyo-ve-ev-gerecleri/667041803
[2026-04-05T20:15:22.903Z] [INFO] [review banyo-ve-ev-gerecleri/148097110] page=19 +8 reviews (unique=152)
[2026-04-05T20:15:23.101Z] [INFO] [review banyo-ve-ev-gerecleri/729250871] page=216 +8 reviews (unique=1728)
[2026-04-05T20:15:23.397Z] [INFO] [review banyo-ve-ev-gerecleri/470600371] page=17 +8 reviews (unique=136)
[2026-04-05T20:15:23.612Z] [INFO] [review banyo-ve-ev-gerecleri/148097110] page=20 +8 reviews (unique=160)
[2026-04-05T20:15:23.626Z] [INFO] [REVIEW PARTIAL SAVED] /mnt/c/Developer/Review_AI/scraper_project/raw_data/banyo-ve-ev-gerecleri/148097110_reviews.partial.json
[2026-04-05T20:15:23.788Z] [INFO] [review banyo-ve-ev-gerecleri/729250871] page=217 +8 reviews (unique=1736)
[2026-04-05T20:15:23.820Z] [INFO] 
[START REVIEW] category=banyo-ve-ev-gerecleri productId=653166773 startPage=1
[2026-04-05T20:15:24.088Z] [INFO] [review banyo-ve-ev-gerecleri/470600371] page=18 +8 reviews (unique=144)
[2026-04-05T20:15:24.168Z] [INFO] [review banyo-ve-ev-gerecleri/653166773] page=1 +7 reviews (unique=7)
[2026-04-05T20:15:24.204Z] [INFO] [REVIEW SAVED] /mnt/c/Developer/Review_AI/scraper_project/raw_data/banyo-ve-ev-gerecleri/653166773_reviews.json
[2026-04-05T20:15:24.236Z] [INFO] 
[REVIEW WORKER 10] starting banyo-ve-ev-gerecleri/678274340
[2026-04-05T20:15:24.344Z] [INFO] [review banyo-ve-ev-gerecleri/148097110] page=21 +8 reviews (unique=168)
[2026-04-05T20:15:24.504Z] [INFO] [review banyo-ve-ev-gerecleri/729250871] page=218 +8 reviews (unique=1744)
[2026-04-05T20:15:24.812Z] [INFO] [review banyo-ve-ev-gerecleri/470600371] page=19 +8 reviews (unique=152)
[2026-04-05T20:15:25.227Z] [INFO] 
[START REVIEW] category=banyo-ve-ev-gerecleri productId=537067999 startPage=1
[2026-04-05T20:15:25.268Z] [INFO] 
[START REVIEW] category=banyo-ve-ev-gerecleri productId=647234280 startPage=1
[2026-04-05T20:15:25.305Z] [INFO] [review banyo-ve-ev-gerecleri/729250871] page=219 +8 reviews (unique=1752)
[2026-04-05T20:15:25.415Z] [INFO] [review banyo-ve-ev-gerecleri/148097110] page=22 +8 reviews (unique=176)
[2026-04-05T20:15:25.696Z] [INFO] [review banyo-ve-ev-gerecleri/470600371] page=20 +8 reviews (unique=160)
[2026-04-05T20:15:25.841Z] [INFO] [REVIEW PARTIAL SAVED] /mnt/c/Developer/Review_AI/scraper_project/raw_data/banyo-ve-ev-gerecleri/470600371_reviews.partial.json
[2026-04-05T20:15:26.267Z] [INFO] [review banyo-ve-ev-gerecleri/729250871] page=220 +8 reviews (unique=1760)
[2026-04-05T20:15:26.455Z] [INFO] [REVIEW PARTIAL SAVED] /mnt/c/Developer/Review_AI/scraper_project/raw_data/banyo-ve-ev-gerecleri/729250871_reviews.partial.json
[2026-04-05T20:15:26.485Z] [INFO] [review banyo-ve-ev-gerecleri/148097110] page=23 +8 reviews (unique=184)
[2026-04-05T20:15:26.539Z] [INFO] [review banyo-ve-ev-gerecleri/647234280] page=1 +8 reviews (unique=8)
[2026-04-05T20:15:26.598Z] [INFO] [review banyo-ve-ev-gerecleri/537067999] page=1 +8 reviews (unique=8)
[2026-04-05T20:15:26.726Z] [INFO] [review banyo-ve-ev-gerecleri/470600371] page=21 +8 reviews (unique=168)
[2026-04-05T20:15:27.191Z] [INFO] [review banyo-ve-ev-gerecleri/729250871] page=221 +8 reviews (unique=1768)
[2026-04-05T20:15:27.212Z] [INFO] [review banyo-ve-ev-gerecleri/148097110] page=24 +8 reviews (unique=192)
[2026-04-05T20:15:27.275Z] [INFO] [review banyo-ve-ev-gerecleri/647234280] page=2 +4 reviews (unique=12)
[2026-04-05T20:15:27.304Z] [INFO] [REVIEW SAVED] /mnt/c/Developer/Review_AI/scraper_project/raw_data/banyo-ve-ev-gerecleri/647234280_reviews.json
[2026-04-05T20:15:27.329Z] [INFO] 
[START REVIEW] category=banyo-ve-ev-gerecleri productId=647233364 startPage=1
[2026-04-05T20:15:27.365Z] [INFO] 
[REVIEW WORKER 6] starting banyo-ve-ev-gerecleri/470600423
[2026-04-05T20:15:27.380Z] [INFO] [review banyo-ve-ev-gerecleri/537067999] page=2 +8 reviews (unique=16)
[2026-04-05T20:15:27.428Z] [INFO] 
[START REVIEW] category=banyo-ve-ev-gerecleri productId=667041803 startPage=1
[2026-04-05T20:15:27.438Z] [INFO] [review banyo-ve-ev-gerecleri/470600371] page=22 +8 reviews (unique=176)
[2026-04-05T20:15:27.678Z] [INFO] 
[START REVIEW] category=banyo-ve-ev-gerecleri productId=569722672 startPage=1
[2026-04-05T20:15:27.735Z] [INFO] [review banyo-ve-ev-gerecleri/667041803] page=1 +3 reviews (unique=3)
[2026-04-05T20:15:27.765Z] [INFO] [REVIEW SAVED] /mnt/c/Developer/Review_AI/scraper_project/raw_data/banyo-ve-ev-gerecleri/667041803_reviews.json
[2026-04-05T20:15:27.789Z] [INFO] 
[REVIEW WORKER 2] starting banyo-ve-ev-gerecleri/728018665
[2026-04-05T20:15:27.807Z] [INFO] [review banyo-ve-ev-gerecleri/647233364] page=1 +8 reviews (unique=8)
[2026-04-05T20:15:27.879Z] [INFO] [review banyo-ve-ev-gerecleri/148097110] page=25 +8 reviews (unique=200)
[2026-04-05T20:15:27.903Z] [INFO] [REVIEW PARTIAL SAVED] /mnt/c/Developer/Review_AI/scraper_project/raw_data/banyo-ve-ev-gerecleri/148097110_reviews.partial.json
[2026-04-05T20:15:27.924Z] [INFO] [review banyo-ve-ev-gerecleri/569722672] page=1 +8 reviews (unique=8)
[2026-04-05T20:15:27.941Z] [INFO] [review banyo-ve-ev-gerecleri/729250871] page=222 +8 reviews (unique=1776)
[2026-04-05T20:15:28.071Z] [INFO] [review banyo-ve-ev-gerecleri/470600371] page=23 +8 reviews (unique=184)
[2026-04-05T20:15:28.152Z] [INFO] [review banyo-ve-ev-gerecleri/537067999] page=3 +8 reviews (unique=24)
[2026-04-05T20:15:28.543Z] [INFO] [review banyo-ve-ev-gerecleri/647233364] page=2 +6 reviews (unique=14)
[2026-04-05T20:15:28.572Z] [INFO] [REVIEW SAVED] /mnt/c/Developer/Review_AI/scraper_project/raw_data/banyo-ve-ev-gerecleri/647233364_reviews.json
[2026-04-05T20:15:28.581Z] [INFO] [review banyo-ve-ev-gerecleri/148097110] page=26 +8 reviews (unique=208)
[2026-04-05T20:15:28.606Z] [INFO] 
[START REVIEW] category=banyo-ve-ev-gerecleri productId=678274340 startPage=1
[2026-04-05T20:15:28.617Z] [INFO] 
[REVIEW WORKER 7] starting banyo-ve-ev-gerecleri/708113083
[2026-04-05T20:15:28.689Z] [INFO] [review banyo-ve-ev-gerecleri/729250871] page=223 +8 reviews (unique=1784)
[2026-04-05T20:15:28.701Z] [INFO] [review banyo-ve-ev-gerecleri/569722672] page=2 +8 reviews (unique=16)
[2026-04-05T20:15:28.747Z] [INFO] [review banyo-ve-ev-gerecleri/470600371] page=24 +8 reviews (unique=192)
[2026-04-05T20:15:28.819Z] [INFO] [review banyo-ve-ev-gerecleri/537067999] page=4 +8 reviews (unique=32)
[2026-04-05T20:15:29.087Z] [INFO] [review banyo-ve-ev-gerecleri/678274340] page=1 +8 reviews (unique=8)
[2026-04-05T20:15:29.246Z] [INFO] [review banyo-ve-ev-gerecleri/148097110] page=27 +8 reviews (unique=216)
[2026-04-05T20:15:29.303Z] [INFO] [review banyo-ve-ev-gerecleri/729250871] page=224 +8 reviews (unique=1792)
[2026-04-05T20:15:29.417Z] [INFO] [review banyo-ve-ev-gerecleri/569722672] page=3 +8 reviews (unique=24)
[2026-04-05T20:15:29.490Z] [INFO] [review banyo-ve-ev-gerecleri/537067999] page=5 +8 reviews (unique=40)
[2026-04-05T20:15:29.508Z] [INFO] [REVIEW PARTIAL SAVED] /mnt/c/Developer/Review_AI/scraper_project/raw_data/banyo-ve-ev-gerecleri/537067999_reviews.partial.json
[2026-04-05T20:15:29.728Z] [INFO] [review banyo-ve-ev-gerecleri/678274340] page=2 +8 reviews (unique=16)
[2026-04-05T20:15:29.875Z] [INFO] [review banyo-ve-ev-gerecleri/148097110] page=28 +8 reviews (unique=224)
[2026-04-05T20:15:29.891Z] [INFO] [review banyo-ve-ev-gerecleri/470600371] page=25 +8 reviews (unique=200)
[2026-04-05T20:15:29.913Z] [INFO] [REVIEW PARTIAL SAVED] /mnt/c/Developer/Review_AI/scraper_project/raw_data/banyo-ve-ev-gerecleri/470600371_reviews.partial.json
[2026-04-05T20:15:30.005Z] [INFO] [review banyo-ve-ev-gerecleri/729250871] page=225 +8 reviews (unique=1800)
[2026-04-05T20:15:30.040Z] [INFO] [REVIEW PARTIAL SAVED] /mnt/c/Developer/Review_AI/scraper_project/raw_data/banyo-ve-ev-gerecleri/729250871_reviews.partial.json
[2026-04-05T20:15:30.056Z] [INFO] [review banyo-ve-ev-gerecleri/569722672] page=4 +8 reviews (unique=32)
[2026-04-05T20:15:30.154Z] [INFO] [review banyo-ve-ev-gerecleri/537067999] page=6 +8 reviews (unique=48)
[2026-04-05T20:15:30.312Z] [INFO] 
[START REVIEW] category=banyo-ve-ev-gerecleri productId=587895375 startPage=1
[2026-04-05T20:15:30.420Z] [INFO] [review banyo-ve-ev-gerecleri/678274340] page=3 +3 reviews (unique=19)
[2026-04-05T20:15:30.441Z] [INFO] [REVIEW SAVED] /mnt/c/Developer/Review_AI/scraper_project/raw_data/banyo-ve-ev-gerecleri/678274340_reviews.json
[2026-04-05T20:15:30.460Z] [INFO] 
[REVIEW WORKER 10] starting banyo-ve-ev-gerecleri/644780702
[2026-04-05T20:15:30.577Z] [INFO] [review banyo-ve-ev-gerecleri/587895375] page=1 +8 reviews (unique=8)
[2026-04-05T20:15:30.590Z] [INFO] [review banyo-ve-ev-gerecleri/470600371] page=26 +8 reviews (unique=208)
[2026-04-05T20:15:30.602Z] [INFO] [review banyo-ve-ev-gerecleri/148097110] page=29 +8 reviews (unique=232)
[2026-04-05T20:15:30.686Z] [INFO] [review banyo-ve-ev-gerecleri/729250871] page=226 +8 reviews (unique=1808)
[2026-04-05T20:15:30.723Z] [INFO] [review banyo-ve-ev-gerecleri/569722672] page=5 +8 reviews (unique=40)
[2026-04-05T20:15:30.735Z] [INFO] [REVIEW PARTIAL SAVED] /mnt/c/Developer/Review_AI/scraper_project/raw_data/banyo-ve-ev-gerecleri/569722672_reviews.partial.json
[2026-04-05T20:15:30.850Z] [INFO] [review banyo-ve-ev-gerecleri/537067999] page=7 +8 reviews (unique=56)
[2026-04-05T20:15:31.216Z] [INFO] [review banyo-ve-ev-gerecleri/148097110] page=30 +8 reviews (unique=240)
[2026-04-05T20:15:31.236Z] [INFO] [REVIEW PARTIAL SAVED] /mnt/c/Developer/Review_AI/scraper_project/raw_data/banyo-ve-ev-gerecleri/148097110_reviews.partial.json
[2026-04-05T20:15:31.348Z] [INFO] [review banyo-ve-ev-gerecleri/470600371] page=27 +8 reviews (unique=216)
[2026-04-05T20:15:31.420Z] [INFO] [review banyo-ve-ev-gerecleri/569722672] page=6 +1 reviews (unique=41)
[2026-04-05T20:15:31.455Z] [INFO] [REVIEW SAVED] /mnt/c/Developer/Review_AI/scraper_project/raw_data/banyo-ve-ev-gerecleri/569722672_reviews.json
[2026-04-05T20:15:31.472Z] [INFO] [review banyo-ve-ev-gerecleri/729250871] page=227 +8 reviews (unique=1816)
[2026-04-05T20:15:31.513Z] [INFO] 
[REVIEW WORKER 1] starting banyo-ve-ev-gerecleri/581132625
[2026-04-05T20:15:31.534Z] [INFO] 
[START REVIEW] category=banyo-ve-ev-gerecleri productId=470600423 startPage=1
[2026-04-05T20:15:31.639Z] [INFO] [review banyo-ve-ev-gerecleri/587895375] page=2 +8 reviews (unique=16)
[2026-04-05T20:15:31.674Z] [INFO] [review banyo-ve-ev-gerecleri/537067999] page=8 +8 reviews (unique=64)
[2026-04-05T20:15:31.845Z] [INFO] [review banyo-ve-ev-gerecleri/470600423] page=1 +8 reviews (unique=8)
[2026-04-05T20:15:31.928Z] [INFO] [review banyo-ve-ev-gerecleri/148097110] page=31 +8 reviews (unique=248)
[2026-04-05T20:15:31.968Z] [INFO] [review banyo-ve-ev-gerecleri/470600371] page=28 +8 reviews (unique=224)
[2026-04-05T20:15:32.091Z] [INFO] [review banyo-ve-ev-gerecleri/729250871] page=228 +8 reviews (unique=1824)
[2026-04-05T20:15:32.128Z] [INFO] 
[START REVIEW] category=banyo-ve-ev-gerecleri productId=728018665 startPage=1
[2026-04-05T20:15:32.294Z] [INFO] [review banyo-ve-ev-gerecleri/537067999] page=9 +8 reviews (unique=72)
[2026-04-05T20:15:32.317Z] [INFO] [review banyo-ve-ev-gerecleri/587895375] page=3 +4 reviews (unique=20)
[2026-04-05T20:15:32.349Z] [INFO] [REVIEW SAVED] /mnt/c/Developer/Review_AI/scraper_project/raw_data/banyo-ve-ev-gerecleri/587895375_reviews.json
[2026-04-05T20:15:32.358Z] [INFO] [review banyo-ve-ev-gerecleri/728018665] page=1 +1 reviews (unique=1)
[2026-04-05T20:15:32.388Z] [INFO] [REVIEW SAVED] /mnt/c/Developer/Review_AI/scraper_project/raw_data/banyo-ve-ev-gerecleri/728018665_reviews.json
[2026-04-05T20:15:32.420Z] [INFO] 
[REVIEW WORKER 2] starting banyo-ve-ev-gerecleri/726460062
[2026-04-05T20:15:32.434Z] [INFO] 
[REVIEW WORKER 5] starting banyo-ve-ev-gerecleri/313337022
[2026-04-05T20:15:32.595Z] [INFO] [review banyo-ve-ev-gerecleri/470600423] page=2 +8 reviews (unique=16)
[2026-04-05T20:15:32.643Z] [INFO] [review banyo-ve-ev-gerecleri/148097110] page=32 +8 reviews (unique=256)
[2026-04-05T20:15:32.723Z] [INFO] [review banyo-ve-ev-gerecleri/470600371] page=29 +7 reviews (unique=231)
[2026-04-05T20:15:32.805Z] [INFO] [REVIEW SAVED] /mnt/c/Developer/Review_AI/scraper_project/raw_data/banyo-ve-ev-gerecleri/470600371_reviews.json
[2026-04-05T20:15:32.854Z] [INFO] 
[REVIEW WORKER 4] starting banyo-ve-ev-gerecleri/487410456
[2026-04-05T20:15:32.973Z] [INFO] [review banyo-ve-ev-gerecleri/729250871] page=229 +8 reviews (unique=1832)
[2026-04-05T20:15:33.020Z] [INFO] [review banyo-ve-ev-gerecleri/537067999] page=10 +8 reviews (unique=80)
[2026-04-05T20:15:33.057Z] [INFO] [REVIEW PARTIAL SAVED] /mnt/c/Developer/Review_AI/scraper_project/raw_data/banyo-ve-ev-gerecleri/537067999_reviews.partial.json
[2026-04-05T20:15:33.302Z] [INFO] [review banyo-ve-ev-gerecleri/470600423] page=3 +8 reviews (unique=24)
[2026-04-05T20:15:33.344Z] [INFO] 
[START REVIEW] category=banyo-ve-ev-gerecleri productId=708113083 startPage=1
[2026-04-05T20:15:33.375Z] [INFO] [review banyo-ve-ev-gerecleri/148097110] page=33 +8 reviews (unique=264)
[2026-04-05T20:15:33.633Z] [INFO] [review banyo-ve-ev-gerecleri/708113083] page=1 +5 reviews (unique=5)
[2026-04-05T20:15:33.653Z] [INFO] [REVIEW SAVED] /mnt/c/Developer/Review_AI/scraper_project/raw_data/banyo-ve-ev-gerecleri/708113083_reviews.json
[2026-04-05T20:15:33.675Z] [INFO] 
[REVIEW WORKER 7] starting banyo-ve-ev-gerecleri/632657408
[2026-04-05T20:15:33.734Z] [INFO] [review banyo-ve-ev-gerecleri/729250871] page=230 +8 reviews (unique=1840)
[2026-04-05T20:15:33.789Z] [INFO] [REVIEW PARTIAL SAVED] /mnt/c/Developer/Review_AI/scraper_project/raw_data/banyo-ve-ev-gerecleri/729250871_reviews.partial.json
[2026-04-05T20:15:33.795Z] [INFO] [review banyo-ve-ev-gerecleri/537067999] page=11 +8 reviews (unique=88)
[2026-04-05T20:15:34.046Z] [INFO] [review banyo-ve-ev-gerecleri/148097110] page=34 +8 reviews (unique=272)
[2026-04-05T20:15:34.060Z] [INFO] [review banyo-ve-ev-gerecleri/470600423] page=4 +8 reviews (unique=32)
[2026-04-05T20:15:34.455Z] [INFO] [review banyo-ve-ev-gerecleri/729250871] page=231 +8 reviews (unique=1848)
[2026-04-05T20:15:34.476Z] [INFO] 
[START REVIEW] category=banyo-ve-ev-gerecleri productId=644780702 startPage=1
[2026-04-05T20:15:34.571Z] [INFO] [review banyo-ve-ev-gerecleri/537067999] page=12 +8 reviews (unique=96)
[2026-04-05T20:15:34.674Z] [INFO] [review banyo-ve-ev-gerecleri/148097110] page=35 +8 reviews (unique=280)
[2026-04-05T20:15:34.689Z] [INFO] [REVIEW PARTIAL SAVED] /mnt/c/Developer/Review_AI/scraper_project/raw_data/banyo-ve-ev-gerecleri/148097110_reviews.partial.json
[2026-04-05T20:15:34.694Z] [INFO] [review banyo-ve-ev-gerecleri/470600423] page=5 +8 reviews (unique=40)
[2026-04-05T20:15:34.708Z] [INFO] [REVIEW PARTIAL SAVED] /mnt/c/Developer/Review_AI/scraper_project/raw_data/banyo-ve-ev-gerecleri/470600423_reviews.partial.json
[2026-04-05T20:15:34.712Z] [INFO] [review banyo-ve-ev-gerecleri/644780702] page=1 +8 reviews (unique=8)
[2026-04-05T20:15:34.735Z] [INFO] [REVIEW SAVED] /mnt/c/Developer/Review_AI/scraper_project/raw_data/banyo-ve-ev-gerecleri/644780702_reviews.json
[2026-04-05T20:15:34.751Z] [INFO] 
[REVIEW WORKER 10] starting banyo-ve-ev-gerecleri/642465203
[2026-04-05T20:15:35.219Z] [INFO] [review banyo-ve-ev-gerecleri/537067999] page=13 +8 reviews (unique=104)
[2026-04-05T20:15:35.260Z] [INFO] [review banyo-ve-ev-gerecleri/729250871] page=232 +8 reviews (unique=1856)
[2026-04-05T20:15:35.331Z] [INFO] [review banyo-ve-ev-gerecleri/470600423] page=6 +8 reviews (unique=48)
[2026-04-05T20:15:35.379Z] [INFO] [review banyo-ve-ev-gerecleri/148097110] page=36 +8 reviews (unique=288)
[2026-04-05T20:15:35.951Z] [INFO] 
[START REVIEW] category=banyo-ve-ev-gerecleri productId=581132625 startPage=1
[2026-04-05T20:15:35.992Z] [INFO] [review banyo-ve-ev-gerecleri/537067999] page=14 +8 reviews (unique=112)
[2026-04-05T20:15:36.024Z] [INFO] [review banyo-ve-ev-gerecleri/470600423] page=7 +1 reviews (unique=49)
[2026-04-05T20:15:36.061Z] [INFO] [REVIEW SAVED] /mnt/c/Developer/Review_AI/scraper_project/raw_data/banyo-ve-ev-gerecleri/470600423_reviews.json
[2026-04-05T20:15:36.076Z] [INFO] [review banyo-ve-ev-gerecleri/729250871] page=233 +8 reviews (unique=1864)
[2026-04-05T20:15:36.095Z] [INFO] [review banyo-ve-ev-gerecleri/148097110] page=37 +8 reviews (unique=296)
[2026-04-05T20:15:36.118Z] [INFO] 
[REVIEW WORKER 6] starting banyo-ve-ev-gerecleri/488498180
[2026-04-05T20:15:36.569Z] [INFO] [review banyo-ve-ev-gerecleri/581132625] page=1 +8 reviews (unique=8)
[2026-04-05T20:15:36.662Z] [INFO] 
[START REVIEW] category=banyo-ve-ev-gerecleri productId=313337022 startPage=1
[2026-04-05T20:15:36.724Z] [INFO] [review banyo-ve-ev-gerecleri/537067999] page=15 +8 reviews (unique=120)
[2026-04-05T20:15:36.741Z] [INFO] [REVIEW PARTIAL SAVED] /mnt/c/Developer/Review_AI/scraper_project/raw_data/banyo-ve-ev-gerecleri/537067999_reviews.partial.json
[2026-04-05T20:15:36.808Z] [INFO] [review banyo-ve-ev-gerecleri/729250871] page=234 +8 reviews (unique=1872)
[2026-04-05T20:15:36.828Z] [INFO] [review banyo-ve-ev-gerecleri/148097110] page=38 +8 reviews (unique=304)
[2026-04-05T20:15:36.874Z] [INFO] [review banyo-ve-ev-gerecleri/313337022] page=1 +1 reviews (unique=1)
[2026-04-05T20:15:36.894Z] [INFO] [REVIEW SAVED] /mnt/c/Developer/Review_AI/scraper_project/raw_data/banyo-ve-ev-gerecleri/313337022_reviews.json
[2026-04-05T20:15:36.915Z] [INFO] 
[REVIEW WORKER 5] starting banyo-ve-ev-gerecleri/653913216
[2026-04-05T20:15:37.054Z] [INFO] 
[START REVIEW] category=banyo-ve-ev-gerecleri productId=726460062 startPage=1
[2026-04-05T20:15:37.217Z] [INFO] [review banyo-ve-ev-gerecleri/581132625] page=2 +8 reviews (unique=16)
[2026-04-05T20:15:37.300Z] [INFO] [review banyo-ve-ev-gerecleri/726460062] page=1 +8 reviews (unique=8)
[2026-04-05T20:15:37.434Z] [INFO] [review banyo-ve-ev-gerecleri/537067999] page=16 +8 reviews (unique=128)
[2026-04-05T20:15:37.555Z] [INFO] [review banyo-ve-ev-gerecleri/148097110] page=39 +8 reviews (unique=312)
[2026-04-05T20:15:37.717Z] [INFO] [review banyo-ve-ev-gerecleri/729250871] page=235 +8 reviews (unique=1880)
[2026-04-05T20:15:37.806Z] [INFO] [REVIEW PARTIAL SAVED] /mnt/c/Developer/Review_AI/scraper_project/raw_data/banyo-ve-ev-gerecleri/729250871_reviews.partial.json
[2026-04-05T20:15:37.824Z] [INFO] 
[START REVIEW] category=banyo-ve-ev-gerecleri productId=487410456 startPage=1
[2026-04-05T20:15:38.014Z] [INFO] [review banyo-ve-ev-gerecleri/581132625] page=3 +8 reviews (unique=24)
[2026-04-05T20:15:38.072Z] [INFO] [review banyo-ve-ev-gerecleri/726460062] page=2 +8 reviews (unique=16)
[2026-04-05T20:15:38.095Z] [INFO] [review banyo-ve-ev-gerecleri/537067999] page=17 +8 reviews (unique=136)
[2026-04-05T20:15:38.261Z] [INFO] [review banyo-ve-ev-gerecleri/148097110] page=40 +8 reviews (unique=320)
[2026-04-05T20:15:38.291Z] [INFO] [REVIEW PARTIAL SAVED] /mnt/c/Developer/Review_AI/scraper_project/raw_data/banyo-ve-ev-gerecleri/148097110_reviews.partial.json
[2026-04-05T20:15:38.583Z] [INFO] [review banyo-ve-ev-gerecleri/729250871] page=236 +8 reviews (unique=1888)
[2026-04-05T20:15:38.734Z] [INFO] [review banyo-ve-ev-gerecleri/581132625] page=4 +8 reviews (unique=32)
[2026-04-05T20:15:38.780Z] [INFO] [review banyo-ve-ev-gerecleri/726460062] page=3 +8 reviews (unique=24)
[2026-04-05T20:15:38.802Z] [INFO] [review banyo-ve-ev-gerecleri/537067999] page=18 +8 reviews (unique=144)
[2026-04-05T20:15:38.912Z] [INFO] 
[START REVIEW] category=banyo-ve-ev-gerecleri productId=632657408 startPage=1
[2026-04-05T20:15:39.104Z] [INFO] 
[START REVIEW] category=banyo-ve-ev-gerecleri productId=642465203 startPage=1
[2026-04-05T20:15:39.300Z] [INFO] [review banyo-ve-ev-gerecleri/148097110] page=41 +4 reviews (unique=324)
[2026-04-05T20:15:39.370Z] [INFO] [REVIEW SAVED] /mnt/c/Developer/Review_AI/scraper_project/raw_data/banyo-ve-ev-gerecleri/148097110_reviews.json
[2026-04-05T20:15:39.393Z] [INFO] [review banyo-ve-ev-gerecleri/632657408] page=1 +8 reviews (unique=8)
[2026-04-05T20:15:39.422Z] [INFO] [review banyo-ve-ev-gerecleri/729250871] page=237 +8 reviews (unique=1896)
[2026-04-05T20:15:39.453Z] [INFO] [review banyo-ve-ev-gerecleri/642465203] page=1 +8 reviews (unique=8)
[2026-04-05T20:15:39.481Z] [INFO] 
[REVIEW WORKER 8] starting banyo-ve-ev-gerecleri/573222547
[2026-04-05T20:15:39.500Z] [INFO] [review banyo-ve-ev-gerecleri/726460062] page=4 +1 reviews (unique=25)
[2026-04-05T20:15:39.570Z] [INFO] [REVIEW SAVED] /mnt/c/Developer/Review_AI/scraper_project/raw_data/banyo-ve-ev-gerecleri/726460062_reviews.json
[2026-04-05T20:15:39.599Z] [INFO] [review banyo-ve-ev-gerecleri/581132625] page=5 +8 reviews (unique=40)
[2026-04-05T20:15:39.666Z] [INFO] [REVIEW PARTIAL SAVED] /mnt/c/Developer/Review_AI/scraper_project/raw_data/banyo-ve-ev-gerecleri/581132625_reviews.partial.json
[2026-04-05T20:15:39.681Z] [INFO] [review banyo-ve-ev-gerecleri/537067999] page=19 +8 reviews (unique=152)
[2026-04-05T20:15:39.902Z] [INFO] 
[REVIEW WORKER 2] starting banyo-ve-ev-gerecleri/716447854
[2026-04-05T20:15:40.555Z] [INFO] [review banyo-ve-ev-gerecleri/729250871] page=238 +8 reviews (unique=1904)
[2026-04-05T20:15:40.784Z] [INFO] [review banyo-ve-ev-gerecleri/487410456] page=1 +8 reviews (unique=8)
[2026-04-05T20:15:40.822Z] [INFO] [review banyo-ve-ev-gerecleri/537067999] page=20 +8 reviews (unique=160)
[2026-04-05T20:15:40.870Z] [INFO] [REVIEW PARTIAL SAVED] /mnt/c/Developer/Review_AI/scraper_project/raw_data/banyo-ve-ev-gerecleri/537067999_reviews.partial.json
[2026-04-05T20:15:40.912Z] [INFO] 
[START REVIEW] category=banyo-ve-ev-gerecleri productId=488498180 startPage=1
[2026-04-05T20:15:40.934Z] [INFO] [review banyo-ve-ev-gerecleri/581132625] page=6 +8 reviews (unique=48)
[2026-04-05T20:15:41.046Z] [INFO] [review banyo-ve-ev-gerecleri/642465203] page=2 +2 reviews (unique=10)
[2026-04-05T20:15:41.131Z] [INFO] [REVIEW SAVED] /mnt/c/Developer/Review_AI/scraper_project/raw_data/banyo-ve-ev-gerecleri/642465203_reviews.json
[2026-04-05T20:15:41.176Z] [INFO] [review banyo-ve-ev-gerecleri/632657408] page=2 +3 reviews (unique=11)
[2026-04-05T20:15:41.225Z] [INFO] [REVIEW SAVED] /mnt/c/Developer/Review_AI/scraper_project/raw_data/banyo-ve-ev-gerecleri/632657408_reviews.json
[2026-04-05T20:15:41.243Z] [INFO] 
[REVIEW WORKER 10] starting banyo-ve-ev-gerecleri/555583233
[2026-04-05T20:15:41.269Z] [INFO] 
[REVIEW WORKER 7] starting banyo-ve-ev-gerecleri/651575831
[2026-04-05T20:15:41.484Z] [INFO] [review banyo-ve-ev-gerecleri/729250871] page=239 +8 reviews (unique=1912)
[2026-04-05T20:15:41.498Z] [INFO] [review banyo-ve-ev-gerecleri/537067999] page=21 +8 reviews (unique=168)
[2026-04-05T20:15:41.508Z] [INFO] [review banyo-ve-ev-gerecleri/488498180] page=1 +8 reviews (unique=8)
[2026-04-05T20:15:41.526Z] [INFO] [REVIEW SAVED] /mnt/c/Developer/Review_AI/scraper_project/raw_data/banyo-ve-ev-gerecleri/488498180_reviews.json
[2026-04-05T20:15:41.541Z] [INFO] 
[REVIEW WORKER 6] starting banyo-ve-ev-gerecleri/717224636
[2026-04-05T20:15:41.635Z] [INFO] [review banyo-ve-ev-gerecleri/581132625] page=7 +8 reviews (unique=56)
[2026-04-05T20:15:41.671Z] [INFO] [review banyo-ve-ev-gerecleri/487410456] page=2 +8 reviews (unique=16)
[2026-04-05T20:15:42.116Z] [INFO] [review banyo-ve-ev-gerecleri/729250871] page=240 +8 reviews (unique=1920)
[2026-04-05T20:15:42.160Z] [INFO] [REVIEW PARTIAL SAVED] /mnt/c/Developer/Review_AI/scraper_project/raw_data/banyo-ve-ev-gerecleri/729250871_reviews.partial.json
[2026-04-05T20:15:42.170Z] [INFO] [review banyo-ve-ev-gerecleri/537067999] page=22 +8 reviews (unique=176)
[2026-04-05T20:15:42.320Z] [INFO] [review banyo-ve-ev-gerecleri/581132625] page=8 +8 reviews (unique=64)
[2026-04-05T20:15:42.368Z] [INFO] 
[START REVIEW] category=banyo-ve-ev-gerecleri productId=653913216 startPage=1
[2026-04-05T20:15:42.400Z] [INFO] [review banyo-ve-ev-gerecleri/487410456] page=3 +5 reviews (unique=21)
[2026-04-05T20:15:42.415Z] [INFO] [REVIEW SAVED] /mnt/c/Developer/Review_AI/scraper_project/raw_data/banyo-ve-ev-gerecleri/487410456_reviews.json
[2026-04-05T20:15:42.438Z] [INFO] 
[REVIEW WORKER 4] starting banyo-ve-ev-gerecleri/684972343
[2026-04-05T20:15:42.650Z] [INFO] [review banyo-ve-ev-gerecleri/653913216] page=1 +8 reviews (unique=8)
[2026-04-05T20:15:42.782Z] [INFO] [review banyo-ve-ev-gerecleri/729250871] page=241 +8 reviews (unique=1928)
[2026-04-05T20:15:42.873Z] [INFO] [review banyo-ve-ev-gerecleri/537067999] page=23 +8 reviews (unique=184)
[2026-04-05T20:15:42.938Z] [INFO] [review banyo-ve-ev-gerecleri/581132625] page=9 +8 reviews (unique=72)
[2026-04-05T20:15:43.369Z] [INFO] [review banyo-ve-ev-gerecleri/653913216] page=2 +8 reviews (unique=16)
[2026-04-05T20:15:43.640Z] [INFO] [review banyo-ve-ev-gerecleri/537067999] page=24 +8 reviews (unique=192)
[2026-04-05T20:15:43.660Z] [INFO] [review banyo-ve-ev-gerecleri/581132625] page=10 +8 reviews (unique=80)
[2026-04-05T20:15:43.688Z] [INFO] [REVIEW PARTIAL SAVED] /mnt/c/Developer/Review_AI/scraper_project/raw_data/banyo-ve-ev-gerecleri/581132625_reviews.partial.json
[2026-04-05T20:15:43.702Z] [INFO] [review banyo-ve-ev-gerecleri/729250871] page=242 +8 reviews (unique=1936)
[2026-04-05T20:15:44.295Z] [INFO] [review banyo-ve-ev-gerecleri/653913216] page=3 +8 reviews (unique=24)
[2026-04-05T20:15:44.341Z] [INFO] [review banyo-ve-ev-gerecleri/537067999] page=25 +8 reviews (unique=200)
[2026-04-05T20:15:44.382Z] [INFO] [REVIEW PARTIAL SAVED] /mnt/c/Developer/Review_AI/scraper_project/raw_data/banyo-ve-ev-gerecleri/537067999_reviews.partial.json
[2026-04-05T20:15:44.428Z] [INFO] [REVIEW SAVED] /mnt/c/Developer/Review_AI/scraper_project/raw_data/banyo-ve-ev-gerecleri/537067999_reviews.json
[2026-04-05T20:15:44.468Z] [INFO] 
[REVIEW WORKER 9] starting banyo-ve-ev-gerecleri/497500079
[2026-04-05T20:15:44.508Z] [INFO] [review banyo-ve-ev-gerecleri/729250871] page=243 +8 reviews (unique=1944)
[2026-04-05T20:15:44.519Z] [INFO] [review banyo-ve-ev-gerecleri/581132625] page=11 +8 reviews (unique=88)
[2026-04-05T20:15:44.951Z] [INFO] 
[START REVIEW] category=banyo-ve-ev-gerecleri productId=573222547 startPage=1
[2026-04-05T20:15:44.957Z] [INFO] [review banyo-ve-ev-gerecleri/653913216] page=4 +5 reviews (unique=29)
[2026-04-05T20:15:44.975Z] [INFO] [REVIEW SAVED] /mnt/c/Developer/Review_AI/scraper_project/raw_data/banyo-ve-ev-gerecleri/653913216_reviews.json
[2026-04-05T20:15:45.005Z] [INFO] 
[REVIEW WORKER 5] starting banyo-ve-ev-gerecleri/500026053
[2026-04-05T20:15:45.177Z] [INFO] [review banyo-ve-ev-gerecleri/729250871] page=244 +8 reviews (unique=1952)
[2026-04-05T20:15:45.232Z] [INFO] [review banyo-ve-ev-gerecleri/573222547] page=1 +8 reviews (unique=8)
[2026-04-05T20:15:45.251Z] [INFO] 
[START REVIEW] category=banyo-ve-ev-gerecleri productId=555583233 startPage=1
[2026-04-05T20:15:45.282Z] [INFO] 
[START REVIEW] category=banyo-ve-ev-gerecleri productId=716447854 startPage=1
[2026-04-05T20:15:45.297Z] [INFO] 
[START REVIEW] category=banyo-ve-ev-gerecleri productId=651575831 startPage=1
[2026-04-05T20:15:45.311Z] [INFO] [review banyo-ve-ev-gerecleri/581132625] page=12 +8 reviews (unique=96)
[2026-04-05T20:15:45.510Z] [INFO] [review banyo-ve-ev-gerecleri/555583233] page=1 +8 reviews (unique=8)
[2026-04-05T20:15:45.523Z] [INFO] [review banyo-ve-ev-gerecleri/651575831] page=1 +2 reviews (unique=2)
[2026-04-05T20:15:45.547Z] [INFO] [REVIEW SAVED] /mnt/c/Developer/Review_AI/scraper_project/raw_data/banyo-ve-ev-gerecleri/651575831_reviews.json
[2026-04-05T20:15:45.571Z] [INFO] 
[REVIEW WORKER 7] starting banyo-ve-ev-gerecleri/724142112
[2026-04-05T20:15:45.580Z] [INFO] [review banyo-ve-ev-gerecleri/716447854] page=1 +6 reviews (unique=6)
[2026-04-05T20:15:45.603Z] [INFO] [REVIEW SAVED] /mnt/c/Developer/Review_AI/scraper_project/raw_data/banyo-ve-ev-gerecleri/716447854_reviews.json
[2026-04-05T20:15:45.627Z] [INFO] 
[REVIEW WORKER 2] starting banyo-ve-ev-gerecleri/489832441
[2026-04-05T20:15:45.751Z] [INFO] 
[START REVIEW] category=banyo-ve-ev-gerecleri productId=717224636 startPage=1
[2026-04-05T20:15:45.943Z] [INFO] [review banyo-ve-ev-gerecleri/729250871] page=245 +8 reviews (unique=1960)
[2026-04-05T20:15:45.997Z] [INFO] [REVIEW PARTIAL SAVED] /mnt/c/Developer/Review_AI/scraper_project/raw_data/banyo-ve-ev-gerecleri/729250871_reviews.partial.json
[2026-04-05T20:15:46.005Z] [INFO] [review banyo-ve-ev-gerecleri/581132625] page=13 +8 reviews (unique=104)
[2026-04-05T20:15:46.020Z] [INFO] [review banyo-ve-ev-gerecleri/573222547] page=2 +8 reviews (unique=16)
[2026-04-05T20:15:46.048Z] [INFO] [review banyo-ve-ev-gerecleri/717224636] page=1 +0 reviews (unique=0)
[2026-04-05T20:15:46.071Z] [INFO] [REVIEW SAVED] /mnt/c/Developer/Review_AI/scraper_project/raw_data/banyo-ve-ev-gerecleri/717224636_reviews.json
[2026-04-05T20:15:46.123Z] [INFO] 
[REVIEW WORKER 6] starting banyo-ve-ev-gerecleri/421037107
[2026-04-05T20:15:46.242Z] [INFO] [review banyo-ve-ev-gerecleri/555583233] page=2 +8 reviews (unique=16)
[2026-04-05T20:15:46.706Z] [INFO] [review banyo-ve-ev-gerecleri/581132625] page=14 +8 reviews (unique=112)
[2026-04-05T20:15:46.740Z] [INFO] [review banyo-ve-ev-gerecleri/573222547] page=3 +8 reviews (unique=24)
[2026-04-05T20:15:47.029Z] [INFO] [review banyo-ve-ev-gerecleri/555583233] page=3 +8 reviews (unique=24)
[2026-04-05T20:15:47.081Z] [INFO] [REVIEW SAVED] /mnt/c/Developer/Review_AI/scraper_project/raw_data/banyo-ve-ev-gerecleri/555583233_reviews.json
[2026-04-05T20:15:47.103Z] [INFO] 
[START REVIEW] category=banyo-ve-ev-gerecleri productId=684972343 startPage=1
[2026-04-05T20:15:47.164Z] [INFO] 
[REVIEW WORKER 10] starting banyo-ve-ev-gerecleri/696031250
[2026-04-05T20:15:47.470Z] [INFO] [review banyo-ve-ev-gerecleri/581132625] page=15 +8 reviews (unique=120)
[2026-04-05T20:15:47.535Z] [INFO] [REVIEW PARTIAL SAVED] /mnt/c/Developer/Review_AI/scraper_project/raw_data/banyo-ve-ev-gerecleri/581132625_reviews.partial.json
[2026-04-05T20:15:47.558Z] [INFO] [review banyo-ve-ev-gerecleri/573222547] page=4 +8 reviews (unique=32)
[2026-04-05T20:15:47.678Z] [INFO] [review banyo-ve-ev-gerecleri/684972343] page=1 +2 reviews (unique=2)
[2026-04-05T20:15:47.823Z] [INFO] [REVIEW SAVED] /mnt/c/Developer/Review_AI/scraper_project/raw_data/banyo-ve-ev-gerecleri/684972343_reviews.json
[2026-04-05T20:15:47.990Z] [INFO] 
[REVIEW WORKER 4] starting banyo-ve-ev-gerecleri/510157927
[2026-04-05T20:15:48.414Z] [INFO] [review banyo-ve-ev-gerecleri/581132625] page=16 +8 reviews (unique=128)
[2026-04-05T20:15:48.448Z] [INFO] [review banyo-ve-ev-gerecleri/573222547] page=5 +8 reviews (unique=40)
[2026-04-05T20:15:48.501Z] [INFO] [REVIEW PARTIAL SAVED] /mnt/c/Developer/Review_AI/scraper_project/raw_data/banyo-ve-ev-gerecleri/573222547_reviews.partial.json
[2026-04-05T20:15:49.340Z] [INFO] [review banyo-ve-ev-gerecleri/581132625] page=17 +8 reviews (unique=136)
[2026-04-05T20:15:49.409Z] [INFO] [review banyo-ve-ev-gerecleri/573222547] page=6 +8 reviews (unique=48)
[2026-04-05T20:15:49.734Z] [INFO] 
[START REVIEW] category=banyo-ve-ev-gerecleri productId=497500079 startPage=1
[2026-04-05T20:15:49.982Z] [INFO] [review banyo-ve-ev-gerecleri/581132625] page=18 +8 reviews (unique=144)
[2026-04-05T20:15:50.089Z] [INFO] [review banyo-ve-ev-gerecleri/573222547] page=7 +8 reviews (unique=56)
[2026-04-05T20:15:50.692Z] [INFO] 
[START REVIEW] category=banyo-ve-ev-gerecleri productId=500026053 startPage=1
[2026-04-05T20:15:50.728Z] [INFO] [review banyo-ve-ev-gerecleri/581132625] page=19 +8 reviews (unique=152)
[2026-04-05T20:15:50.794Z] [INFO] [review banyo-ve-ev-gerecleri/729250871] page=246 +8 reviews (unique=1968)
[2026-04-05T20:15:50.813Z] [INFO] [review banyo-ve-ev-gerecleri/573222547] page=8 +8 reviews (unique=64)
[2026-04-05T20:15:50.871Z] [INFO] [review banyo-ve-ev-gerecleri/497500079] page=1 +8 reviews (unique=8)
[2026-04-05T20:15:50.943Z] [INFO] [review banyo-ve-ev-gerecleri/500026053] page=1 +5 reviews (unique=5)
[2026-04-05T20:15:50.967Z] [INFO] [REVIEW SAVED] /mnt/c/Developer/Review_AI/scraper_project/raw_data/banyo-ve-ev-gerecleri/500026053_reviews.json
[2026-04-05T20:15:50.981Z] [INFO] 
[START REVIEW] category=banyo-ve-ev-gerecleri productId=489832441 startPage=1
[2026-04-05T20:15:51.004Z] [INFO] 
[REVIEW WORKER 5] starting banyo-ve-ev-gerecleri/555576461
[2026-04-05T20:15:51.095Z] [INFO] 
[START REVIEW] category=banyo-ve-ev-gerecleri productId=724142112 startPage=1
[2026-04-05T20:15:51.534Z] [INFO] 
[START REVIEW] category=banyo-ve-ev-gerecleri productId=421037107 startPage=1
[2026-04-05T20:15:51.617Z] [INFO] [review banyo-ve-ev-gerecleri/489832441] page=1 +3 reviews (unique=3)
[2026-04-05T20:15:51.650Z] [INFO] [REVIEW SAVED] /mnt/c/Developer/Review_AI/scraper_project/raw_data/banyo-ve-ev-gerecleri/489832441_reviews.json
[2026-04-05T20:15:51.679Z] [INFO] 
[REVIEW WORKER 2] starting banyo-ve-ev-gerecleri/639893010
[2026-04-05T20:15:51.943Z] [INFO] [review banyo-ve-ev-gerecleri/581132625] page=20 +8 reviews (unique=160)
[2026-04-05T20:15:51.975Z] [INFO] [REVIEW PARTIAL SAVED] /mnt/c/Developer/Review_AI/scraper_project/raw_data/banyo-ve-ev-gerecleri/581132625_reviews.partial.json
[2026-04-05T20:15:51.998Z] [INFO] [review banyo-ve-ev-gerecleri/724142112] page=1 +3 reviews (unique=3)
[2026-04-05T20:15:52.043Z] [INFO] [REVIEW SAVED] /mnt/c/Developer/Review_AI/scraper_project/raw_data/banyo-ve-ev-gerecleri/724142112_reviews.json
[2026-04-05T20:15:52.070Z] [INFO] 
[REVIEW WORKER 7] starting banyo-ve-ev-gerecleri/646369522
[2026-04-05T20:15:52.211Z] [INFO] [review banyo-ve-ev-gerecleri/729250871] page=247 +8 reviews (unique=1976)
[2026-04-05T20:15:52.236Z] [INFO] [review banyo-ve-ev-gerecleri/573222547] page=9 +8 reviews (unique=72)
[2026-04-05T20:15:52.265Z] [INFO] 
[START REVIEW] category=banyo-ve-ev-gerecleri productId=696031250 startPage=1
[2026-04-05T20:15:52.317Z] [INFO] [review banyo-ve-ev-gerecleri/497500079] page=2 +8 reviews (unique=16)
[2026-04-05T20:15:52.367Z] [INFO] [review banyo-ve-ev-gerecleri/421037107] page=1 +8 reviews (unique=8)
[2026-04-05T20:15:52.411Z] [INFO] [REVIEW SAVED] /mnt/c/Developer/Review_AI/scraper_project/raw_data/banyo-ve-ev-gerecleri/421037107_reviews.json
[2026-04-05T20:15:52.463Z] [INFO] 
[REVIEW WORKER 6] starting banyo-ve-ev-gerecleri/662495976
[2026-04-05T20:15:52.793Z] [INFO] [review banyo-ve-ev-gerecleri/581132625] page=21 +8 reviews (unique=168)
[2026-04-05T20:15:52.958Z] [INFO] [review banyo-ve-ev-gerecleri/573222547] page=10 +8 reviews (unique=80)
[2026-04-05T20:15:52.995Z] [INFO] [REVIEW PARTIAL SAVED] /mnt/c/Developer/Review_AI/scraper_project/raw_data/banyo-ve-ev-gerecleri/573222547_reviews.partial.json
[2026-04-05T20:15:53.003Z] [INFO] [review banyo-ve-ev-gerecleri/729250871] page=248 +8 reviews (unique=1984)
[2026-04-05T20:15:53.021Z] [INFO] [review banyo-ve-ev-gerecleri/497500079] page=3 +8 reviews (unique=24)
[2026-04-05T20:15:53.084Z] [INFO] [review banyo-ve-ev-gerecleri/696031250] page=1 +8 reviews (unique=8)
[2026-04-05T20:15:53.406Z] [INFO] 
[START REVIEW] category=banyo-ve-ev-gerecleri productId=510157927 startPage=1
[2026-04-05T20:15:53.462Z] [INFO] [review banyo-ve-ev-gerecleri/581132625] page=22 +8 reviews (unique=176)
[2026-04-05T20:15:53.647Z] [INFO] [review banyo-ve-ev-gerecleri/510157927] page=1 +8 reviews (unique=8)
[2026-04-05T20:15:53.665Z] [INFO] [review banyo-ve-ev-gerecleri/497500079] page=4 +8 reviews (unique=32)
[2026-04-05T20:15:53.683Z] [INFO] [review banyo-ve-ev-gerecleri/573222547] page=11 +8 reviews (unique=88)
[2026-04-05T20:15:53.763Z] [INFO] [review banyo-ve-ev-gerecleri/729250871] page=249 +8 reviews (unique=1992)
[2026-04-05T20:15:53.772Z] [INFO] [review banyo-ve-ev-gerecleri/696031250] page=2 +8 reviews (unique=16)
[2026-04-05T20:15:54.370Z] [INFO] [review banyo-ve-ev-gerecleri/581132625] page=23 +8 reviews (unique=184)
[2026-04-05T20:15:54.489Z] [INFO] [review banyo-ve-ev-gerecleri/573222547] page=12 +8 reviews (unique=96)
[2026-04-05T20:15:54.498Z] [INFO] [review banyo-ve-ev-gerecleri/497500079] page=5 +8 reviews (unique=40)
[2026-04-05T20:15:54.507Z] [INFO] [REVIEW PARTIAL SAVED] /mnt/c/Developer/Review_AI/scraper_project/raw_data/banyo-ve-ev-gerecleri/497500079_reviews.partial.json
[2026-04-05T20:15:54.523Z] [INFO] [review banyo-ve-ev-gerecleri/696031250] page=3 +8 reviews (unique=24)
[2026-04-05T20:15:54.534Z] [INFO] [review banyo-ve-ev-gerecleri/729250871] page=250 +8 reviews (unique=2000)
[2026-04-05T20:15:54.591Z] [INFO] [REVIEW PARTIAL SAVED] /mnt/c/Developer/Review_AI/scraper_project/raw_data/banyo-ve-ev-gerecleri/729250871_reviews.partial.json
[2026-04-05T20:15:54.597Z] [INFO] [review banyo-ve-ev-gerecleri/510157927] page=2 +8 reviews (unique=16)
[2026-04-05T20:15:54.992Z] [INFO] [review banyo-ve-ev-gerecleri/581132625] page=24 +8 reviews (unique=192)
[2026-04-05T20:15:55.191Z] [INFO] [review banyo-ve-ev-gerecleri/696031250] page=4 +8 reviews (unique=32)
[2026-04-05T20:15:55.203Z] [INFO] [review banyo-ve-ev-gerecleri/497500079] page=6 +8 reviews (unique=48)
[2026-04-05T20:15:55.293Z] [INFO] [review banyo-ve-ev-gerecleri/510157927] page=3 +8 reviews (unique=24)
[2026-04-05T20:15:55.311Z] [INFO] [review banyo-ve-ev-gerecleri/729250871] page=251 +8 reviews (unique=2008)
[2026-04-05T20:15:56.195Z] [INFO] 
[START REVIEW] category=banyo-ve-ev-gerecleri productId=555576461 startPage=1
[2026-04-05T20:15:56.348Z] [INFO] [review banyo-ve-ev-gerecleri/581132625] page=25 +8 reviews (unique=200)
[2026-04-05T20:15:56.389Z] [INFO] [REVIEW PARTIAL SAVED] /mnt/c/Developer/Review_AI/scraper_project/raw_data/banyo-ve-ev-gerecleri/581132625_reviews.partial.json
[2026-04-05T20:15:56.404Z] [INFO] [review banyo-ve-ev-gerecleri/497500079] page=7 +8 reviews (unique=56)
[2026-04-05T20:15:56.423Z] [INFO] [review banyo-ve-ev-gerecleri/696031250] page=5 +8 reviews (unique=40)
[2026-04-05T20:15:56.448Z] [INFO] [REVIEW PARTIAL SAVED] /mnt/c/Developer/Review_AI/scraper_project/raw_data/banyo-ve-ev-gerecleri/696031250_reviews.partial.json
[2026-04-05T20:15:56.456Z] [INFO] [review banyo-ve-ev-gerecleri/510157927] page=4 +8 reviews (unique=32)
[2026-04-05T20:15:56.480Z] [INFO] 
[START REVIEW] category=banyo-ve-ev-gerecleri productId=646369522 startPage=1
[2026-04-05T20:15:56.502Z] [INFO] 
[START REVIEW] category=banyo-ve-ev-gerecleri productId=662495976 startPage=1
[2026-04-05T20:15:56.532Z] [INFO] [review banyo-ve-ev-gerecleri/729250871] page=252 +8 reviews (unique=2016)
[2026-04-05T20:15:56.576Z] [INFO] 
[START REVIEW] category=banyo-ve-ev-gerecleri productId=639893010 startPage=1
[2026-04-05T20:15:56.696Z] [INFO] [review banyo-ve-ev-gerecleri/555576461] page=1 +8 reviews (unique=8)
[2026-04-05T20:15:57.050Z] [INFO] [review banyo-ve-ev-gerecleri/497500079] page=8 +8 reviews (unique=64)
[2026-04-05T20:15:57.096Z] [INFO] [review banyo-ve-ev-gerecleri/510157927] page=5 +8 reviews (unique=40)
[2026-04-05T20:15:57.131Z] [INFO] [REVIEW PARTIAL SAVED] /mnt/c/Developer/Review_AI/scraper_project/raw_data/banyo-ve-ev-gerecleri/510157927_reviews.partial.json
[2026-04-05T20:15:57.148Z] [INFO] [review banyo-ve-ev-gerecleri/581132625] page=26 +8 reviews (unique=208)
[2026-04-05T20:15:57.188Z] [INFO] [review banyo-ve-ev-gerecleri/696031250] page=6 +8 reviews (unique=48)
[2026-04-05T20:15:57.216Z] [INFO] [review banyo-ve-ev-gerecleri/662495976] page=1 +8 reviews (unique=8)
[2026-04-05T20:15:57.288Z] [INFO] [REVIEW SAVED] /mnt/c/Developer/Review_AI/scraper_project/raw_data/banyo-ve-ev-gerecleri/662495976_reviews.json
[2026-04-05T20:15:57.316Z] [INFO] [review banyo-ve-ev-gerecleri/646369522] page=1 +8 reviews (unique=8)
[2026-04-05T20:15:57.335Z] [INFO] [review banyo-ve-ev-gerecleri/729250871] page=253 +8 reviews (unique=2024)
[2026-04-05T20:15:57.389Z] [INFO] 
[REVIEW WORKER 6] starting banyo-ve-ev-gerecleri/707989957
[2026-04-05T20:15:57.569Z] [INFO] [review banyo-ve-ev-gerecleri/555576461] page=2 +8 reviews (unique=16)
[2026-04-05T20:15:57.694Z] [INFO] [review banyo-ve-ev-gerecleri/573222547] page=13 +8 reviews (unique=104)
[2026-04-05T20:15:57.765Z] [INFO] [review banyo-ve-ev-gerecleri/497500079] page=9 +6 reviews (unique=70)
[2026-04-05T20:15:57.843Z] [INFO] [REVIEW SAVED] /mnt/c/Developer/Review_AI/scraper_project/raw_data/banyo-ve-ev-gerecleri/497500079_reviews.json
[2026-04-05T20:15:57.869Z] [INFO] [review banyo-ve-ev-gerecleri/696031250] page=7 +8 reviews (unique=56)
[2026-04-05T20:15:57.894Z] [INFO] [review banyo-ve-ev-gerecleri/510157927] page=6 +2 reviews (unique=42)
[2026-04-05T20:15:57.989Z] [INFO] [REVIEW SAVED] /mnt/c/Developer/Review_AI/scraper_project/raw_data/banyo-ve-ev-gerecleri/510157927_reviews.json
[2026-04-05T20:15:58.023Z] [INFO] [review banyo-ve-ev-gerecleri/581132625] page=27 +8 reviews (unique=216)
[2026-04-05T20:15:58.107Z] [INFO] 
[REVIEW WORKER 9] starting banyo-ve-ev-gerecleri/285182791
[2026-04-05T20:15:58.129Z] [INFO] [review banyo-ve-ev-gerecleri/729250871] page=254 +8 reviews (unique=2032)
[2026-04-05T20:15:58.172Z] [INFO] 
[REVIEW WORKER 4] starting banyo-ve-ev-gerecleri/555583238
[2026-04-05T20:15:58.451Z] [INFO] [review banyo-ve-ev-gerecleri/573222547] page=14 +8 reviews (unique=112)
[2026-04-05T20:15:58.491Z] [INFO] [review banyo-ve-ev-gerecleri/555576461] page=3 +8 reviews (unique=24)
[2026-04-05T20:15:58.539Z] [INFO] [review banyo-ve-ev-gerecleri/646369522] page=2 +8 reviews (unique=16)
[2026-04-05T20:15:58.692Z] [INFO] [review banyo-ve-ev-gerecleri/581132625] page=28 +8 reviews (unique=224)
[2026-04-05T20:15:58.708Z] [INFO] [review banyo-ve-ev-gerecleri/696031250] page=8 +8 reviews (unique=64)
[2026-04-05T20:15:58.845Z] [INFO] [review banyo-ve-ev-gerecleri/729250871] page=255 +8 reviews (unique=2040)
[2026-04-05T20:15:58.922Z] [INFO] [REVIEW PARTIAL SAVED] /mnt/c/Developer/Review_AI/scraper_project/raw_data/banyo-ve-ev-gerecleri/729250871_reviews.partial.json
[2026-04-05T20:15:59.168Z] [INFO] [review banyo-ve-ev-gerecleri/573222547] page=15 +8 reviews (unique=120)
[2026-04-05T20:15:59.206Z] [INFO] [REVIEW PARTIAL SAVED] /mnt/c/Developer/Review_AI/scraper_project/raw_data/banyo-ve-ev-gerecleri/573222547_reviews.partial.json
[2026-04-05T20:15:59.216Z] [INFO] [review banyo-ve-ev-gerecleri/555576461] page=4 +8 reviews (unique=32)
[2026-04-05T20:15:59.251Z] [INFO] [review banyo-ve-ev-gerecleri/646369522] page=3 +8 reviews (unique=24)
[2026-04-05T20:15:59.393Z] [INFO] [review banyo-ve-ev-gerecleri/581132625] page=29 +8 reviews (unique=232)
[2026-04-05T20:15:59.421Z] [INFO] [review banyo-ve-ev-gerecleri/696031250] page=9 +8 reviews (unique=72)
[2026-04-05T20:15:59.561Z] [INFO] [review banyo-ve-ev-gerecleri/729250871] page=256 +8 reviews (unique=2048)
[2026-04-05T20:15:59.824Z] [INFO] [review banyo-ve-ev-gerecleri/573222547] page=16 +8 reviews (unique=128)
[2026-04-05T20:15:59.882Z] [INFO] [review banyo-ve-ev-gerecleri/555576461] page=5 +8 reviews (unique=40)
[2026-04-05T20:15:59.893Z] [INFO] [REVIEW PARTIAL SAVED] /mnt/c/Developer/Review_AI/scraper_project/raw_data/banyo-ve-ev-gerecleri/555576461_reviews.partial.json
[2026-04-05T20:15:59.905Z] [INFO] [review banyo-ve-ev-gerecleri/646369522] page=4 +8 reviews (unique=32)
[2026-04-05T20:16:00.089Z] [INFO] [review banyo-ve-ev-gerecleri/581132625] page=30 +8 reviews (unique=240)
[2026-04-05T20:16:00.102Z] [INFO] [REVIEW PARTIAL SAVED] /mnt/c/Developer/Review_AI/scraper_project/raw_data/banyo-ve-ev-gerecleri/581132625_reviews.partial.json
[2026-04-05T20:16:00.105Z] [INFO] [review banyo-ve-ev-gerecleri/696031250] page=10 +8 reviews (unique=80)
[2026-04-05T20:16:00.113Z] [INFO] [REVIEW PARTIAL SAVED] /mnt/c/Developer/Review_AI/scraper_project/raw_data/banyo-ve-ev-gerecleri/696031250_reviews.partial.json
[2026-04-05T20:16:00.223Z] [INFO] [review banyo-ve-ev-gerecleri/729250871] page=257 +8 reviews (unique=2056)
[2026-04-05T20:16:00.391Z] [INFO] [review banyo-ve-ev-gerecleri/639893010] page=1 +8 reviews (unique=8)
[2026-04-05T20:16:00.440Z] [INFO] [review banyo-ve-ev-gerecleri/573222547] page=17 +8 reviews (unique=136)
[2026-04-05T20:16:00.550Z] [INFO] [review banyo-ve-ev-gerecleri/555576461] page=6 +8 reviews (unique=48)
[2026-04-05T20:16:00.616Z] [INFO] [review banyo-ve-ev-gerecleri/646369522] page=5 +8 reviews (unique=40)
[2026-04-05T20:16:00.638Z] [INFO] [REVIEW PARTIAL SAVED] /mnt/c/Developer/Review_AI/scraper_project/raw_data/banyo-ve-ev-gerecleri/646369522_reviews.partial.json
[2026-04-05T20:16:00.757Z] [INFO] [review banyo-ve-ev-gerecleri/696031250] page=11 +1 reviews (unique=81)
[2026-04-05T20:16:00.780Z] [INFO] [REVIEW SAVED] /mnt/c/Developer/Review_AI/scraper_project/raw_data/banyo-ve-ev-gerecleri/696031250_reviews.json
[2026-04-05T20:16:00.808Z] [INFO] 
[REVIEW WORKER 10] starting banyo-ve-ev-gerecleri/463095972
[2026-04-05T20:16:01.534Z] [INFO] 
[START REVIEW] category=banyo-ve-ev-gerecleri productId=707989957 startPage=1
[2026-04-05T20:16:01.627Z] [INFO] [review banyo-ve-ev-gerecleri/729250871] page=258 +8 reviews (unique=2064)
[2026-04-05T20:16:01.840Z] [INFO] [review banyo-ve-ev-gerecleri/639893010] page=2 +8 reviews (unique=16)
[2026-04-05T20:16:01.856Z] [INFO] [review banyo-ve-ev-gerecleri/573222547] page=18 +8 reviews (unique=144)
[2026-04-05T20:16:01.870Z] [INFO] [review banyo-ve-ev-gerecleri/555576461] page=7 +8 reviews (unique=56)
[2026-04-05T20:16:01.878Z] [INFO] [review banyo-ve-ev-gerecleri/646369522] page=6 +8 reviews (unique=48)
[2026-04-05T20:16:02.503Z] [INFO] [review banyo-ve-ev-gerecleri/729250871] page=259 +8 reviews (unique=2072)
[2026-04-05T20:16:02.572Z] [INFO] [review banyo-ve-ev-gerecleri/639893010] page=3 +5 reviews (unique=21)
[2026-04-05T20:16:02.601Z] [INFO] [REVIEW SAVED] /mnt/c/Developer/Review_AI/scraper_project/raw_data/banyo-ve-ev-gerecleri/639893010_reviews.json
[2026-04-05T20:16:02.607Z] [INFO] [review banyo-ve-ev-gerecleri/573222547] page=19 +8 reviews (unique=152)
[2026-04-05T20:16:02.621Z] [INFO] [review banyo-ve-ev-gerecleri/646369522] page=7 +8 reviews (unique=56)
[2026-04-05T20:16:02.642Z] [INFO] [review banyo-ve-ev-gerecleri/555576461] page=8 +8 reviews (unique=64)
[2026-04-05T20:16:02.664Z] [INFO] 
[REVIEW WORKER 2] starting banyo-ve-ev-gerecleri/316614049
[2026-04-05T20:16:02.681Z] [INFO] [review banyo-ve-ev-gerecleri/707989957] page=1 +6 reviews (unique=6)
[2026-04-05T20:16:02.705Z] [INFO] [REVIEW SAVED] /mnt/c/Developer/Review_AI/scraper_project/raw_data/banyo-ve-ev-gerecleri/707989957_reviews.json
[2026-04-05T20:16:02.734Z] [INFO] 
[REVIEW WORKER 6] starting banyo-ve-ev-gerecleri/645954527
[2026-04-05T20:16:02.901Z] [INFO] 
[START REVIEW] category=banyo-ve-ev-gerecleri productId=285182791 startPage=1
[2026-04-05T20:16:02.978Z] [INFO] 
[START REVIEW] category=banyo-ve-ev-gerecleri productId=555583238 startPage=1
[2026-04-05T20:16:03.141Z] [INFO] [review banyo-ve-ev-gerecleri/729250871] page=260 +8 reviews (unique=2080)
[2026-04-05T20:16:03.192Z] [INFO] [REVIEW PARTIAL SAVED] /mnt/c/Developer/Review_AI/scraper_project/raw_data/banyo-ve-ev-gerecleri/729250871_reviews.partial.json
[2026-04-05T20:16:03.222Z] [INFO] [review banyo-ve-ev-gerecleri/285182791] page=1 +8 reviews (unique=8)
[2026-04-05T20:16:03.255Z] [INFO] [review banyo-ve-ev-gerecleri/555583238] page=1 +8 reviews (unique=8)
[2026-04-05T20:16:03.266Z] [INFO] [review banyo-ve-ev-gerecleri/555576461] page=9 +7 reviews (unique=71)
[2026-04-05T20:16:03.281Z] [INFO] [REVIEW SAVED] /mnt/c/Developer/Review_AI/scraper_project/raw_data/banyo-ve-ev-gerecleri/555576461_reviews.json
[2026-04-05T20:16:03.289Z] [INFO] [review banyo-ve-ev-gerecleri/573222547] page=20 +5 reviews (unique=157)
[2026-04-05T20:16:03.302Z] [INFO] [REVIEW PARTIAL SAVED] /mnt/c/Developer/Review_AI/scraper_project/raw_data/banyo-ve-ev-gerecleri/573222547_reviews.partial.json
[2026-04-05T20:16:03.320Z] [INFO] [REVIEW SAVED] /mnt/c/Developer/Review_AI/scraper_project/raw_data/banyo-ve-ev-gerecleri/573222547_reviews.json
[2026-04-05T20:16:03.344Z] [INFO] 
[REVIEW WORKER 5] starting banyo-ve-ev-gerecleri/603928479
[2026-04-05T20:16:03.353Z] [INFO] 
[REVIEW WORKER 8] starting banyo-ve-ev-gerecleri/341817405
[2026-04-05T20:16:03.478Z] [INFO] [review banyo-ve-ev-gerecleri/646369522] page=8 +8 reviews (unique=64)
[2026-04-05T20:16:03.813Z] [INFO] [review banyo-ve-ev-gerecleri/729250871] page=261 +8 reviews (unique=2088)
[2026-04-05T20:16:03.923Z] [INFO] [review banyo-ve-ev-gerecleri/581132625] page=31 +8 reviews (unique=248)
[2026-04-05T20:16:03.928Z] [INFO] [review banyo-ve-ev-gerecleri/285182791] page=2 +8 reviews (unique=16)
[2026-04-05T20:16:03.944Z] [INFO] [REVIEW SAVED] /mnt/c/Developer/Review_AI/scraper_project/raw_data/banyo-ve-ev-gerecleri/285182791_reviews.json
[2026-04-05T20:16:03.973Z] [INFO] 
[REVIEW WORKER 9] starting banyo-ve-ev-gerecleri/558633422
[2026-04-05T20:16:04.089Z] [INFO] [review banyo-ve-ev-gerecleri/555583238] page=2 +8 reviews (unique=16)
[2026-04-05T20:16:04.161Z] [INFO] [review banyo-ve-ev-gerecleri/646369522] page=9 +8 reviews (unique=72)
[2026-04-05T20:16:04.492Z] [INFO] [review banyo-ve-ev-gerecleri/729250871] page=262 +8 reviews (unique=2096)
[2026-04-05T20:16:04.620Z] [INFO] [review banyo-ve-ev-gerecleri/581132625] page=32 +7 reviews (unique=255)
[2026-04-05T20:16:04.643Z] [INFO] [REVIEW SAVED] /mnt/c/Developer/Review_AI/scraper_project/raw_data/banyo-ve-ev-gerecleri/581132625_reviews.json
[2026-04-05T20:16:04.663Z] [INFO] 
[REVIEW WORKER 1] starting banyo-ve-ev-gerecleri/515519289
[2026-04-05T20:16:04.721Z] [INFO] [review banyo-ve-ev-gerecleri/555583238] page=3 +8 reviews (unique=24)
[2026-04-05T20:16:04.936Z] [INFO] [review banyo-ve-ev-gerecleri/646369522] page=10 +8 reviews (unique=80)
[2026-04-05T20:16:04.956Z] [INFO] [REVIEW PARTIAL SAVED] /mnt/c/Developer/Review_AI/scraper_project/raw_data/banyo-ve-ev-gerecleri/646369522_reviews.partial.json
[2026-04-05T20:16:05.112Z] [INFO] [review banyo-ve-ev-gerecleri/729250871] page=263 +8 reviews (unique=2104)
[2026-04-05T20:16:05.438Z] [INFO] [review banyo-ve-ev-gerecleri/555583238] page=4 +3 reviews (unique=27)
[2026-04-05T20:16:05.468Z] [INFO] [REVIEW SAVED] /mnt/c/Developer/Review_AI/scraper_project/raw_data/banyo-ve-ev-gerecleri/555583238_reviews.json
[2026-04-05T20:16:05.508Z] [INFO] 
[REVIEW WORKER 4] starting banyo-ve-ev-gerecleri/728721900
[2026-04-05T20:16:05.635Z] [INFO] [review banyo-ve-ev-gerecleri/646369522] page=11 +8 reviews (unique=88)
[2026-04-05T20:16:05.851Z] [INFO] [review banyo-ve-ev-gerecleri/729250871] page=264 +8 reviews (unique=2112)
[2026-04-05T20:16:06.327Z] [INFO] 
[START REVIEW] category=banyo-ve-ev-gerecleri productId=463095972 startPage=1
[2026-04-05T20:16:06.470Z] [INFO] [review banyo-ve-ev-gerecleri/646369522] page=12 +8 reviews (unique=96)
[2026-04-05T20:16:06.948Z] [INFO] 
[START REVIEW] category=banyo-ve-ev-gerecleri productId=316614049 startPage=1
[2026-04-05T20:16:06.994Z] [INFO] 
[START REVIEW] category=banyo-ve-ev-gerecleri productId=645954527 startPage=1
[2026-04-05T20:16:07.193Z] [INFO] [review banyo-ve-ev-gerecleri/729250871] page=265 +5 reviews (unique=2117)
[2026-04-05T20:16:07.409Z] [INFO] [REVIEW PARTIAL SAVED] /mnt/c/Developer/Review_AI/scraper_project/raw_data/banyo-ve-ev-gerecleri/729250871_reviews.partial.json
[2026-04-05T20:16:07.617Z] [INFO] [REVIEW SAVED] /mnt/c/Developer/Review_AI/scraper_project/raw_data/banyo-ve-ev-gerecleri/729250871_reviews.json
[2026-04-05T20:16:07.639Z] [INFO] [review banyo-ve-ev-gerecleri/463095972] page=1 +8 reviews (unique=8)
[2026-04-05T20:16:07.690Z] [INFO] [review banyo-ve-ev-gerecleri/646369522] page=13 +8 reviews (unique=104)
[2026-04-05T20:16:07.720Z] [INFO] 
[REVIEW WORKER 3] starting banyo-ve-ev-gerecleri/729707738
[2026-04-05T20:16:07.881Z] [INFO] 
[START REVIEW] category=banyo-ve-ev-gerecleri productId=603928479 startPage=1
[2026-04-05T20:16:08.033Z] [INFO] [review banyo-ve-ev-gerecleri/645954527] page=1 +0 reviews (unique=0)
[2026-04-05T20:16:08.084Z] [INFO] [REVIEW SAVED] /mnt/c/Developer/Review_AI/scraper_project/raw_data/banyo-ve-ev-gerecleri/645954527_reviews.json
[2026-04-05T20:16:08.108Z] [INFO] [review banyo-ve-ev-gerecleri/316614049] page=1 +8 reviews (unique=8)
[2026-04-05T20:16:08.151Z] [INFO] 
[REVIEW WORKER 6] starting banyo-ve-ev-gerecleri/732963638
[2026-04-05T20:16:08.223Z] [INFO] 
[START REVIEW] category=banyo-ve-ev-gerecleri productId=341817405 startPage=1
[2026-04-05T20:16:08.355Z] [INFO] [review banyo-ve-ev-gerecleri/646369522] page=14 +8 reviews (unique=112)
[2026-04-05T20:16:08.417Z] [INFO] [review banyo-ve-ev-gerecleri/463095972] page=2 +8 reviews (unique=16)
[2026-04-05T20:16:08.550Z] [INFO] [review banyo-ve-ev-gerecleri/603928479] page=1 +8 reviews (unique=8)
[2026-04-05T20:16:08.609Z] [INFO] [review banyo-ve-ev-gerecleri/341817405] page=1 +8 reviews (unique=8)
[2026-04-05T20:16:08.832Z] [INFO] [review banyo-ve-ev-gerecleri/316614049] page=2 +8 reviews (unique=16)
[2026-04-05T20:16:09.075Z] [INFO] [review banyo-ve-ev-gerecleri/646369522] page=15 +8 reviews (unique=120)
[2026-04-05T20:16:09.097Z] [INFO] [REVIEW PARTIAL SAVED] /mnt/c/Developer/Review_AI/scraper_project/raw_data/banyo-ve-ev-gerecleri/646369522_reviews.partial.json
[2026-04-05T20:16:09.192Z] [INFO] [review banyo-ve-ev-gerecleri/463095972] page=3 +8 reviews (unique=24)
[2026-04-05T20:16:09.300Z] [INFO] [review banyo-ve-ev-gerecleri/603928479] page=2 +8 reviews (unique=16)
[2026-04-05T20:16:09.316Z] [INFO] [review banyo-ve-ev-gerecleri/341817405] page=2 +8 reviews (unique=16)
[2026-04-05T20:16:09.495Z] [INFO] 
[START REVIEW] category=banyo-ve-ev-gerecleri productId=558633422 startPage=1
[2026-04-05T20:16:09.761Z] [INFO] [review banyo-ve-ev-gerecleri/646369522] page=16 +8 reviews (unique=128)
[2026-04-05T20:16:09.784Z] [INFO] 
[START REVIEW] category=banyo-ve-ev-gerecleri productId=515519289 startPage=1
[2026-04-05T20:16:09.924Z] [INFO] [review banyo-ve-ev-gerecleri/316614049] page=3 +8 reviews (unique=24)
[2026-04-05T20:16:09.942Z] [INFO] [review banyo-ve-ev-gerecleri/463095972] page=4 +8 reviews (unique=32)
[2026-04-05T20:16:10.037Z] [INFO] [review banyo-ve-ev-gerecleri/341817405] page=3 +1 reviews (unique=17)
[2026-04-05T20:16:10.086Z] [INFO] [REVIEW SAVED] /mnt/c/Developer/Review_AI/scraper_project/raw_data/banyo-ve-ev-gerecleri/341817405_reviews.json
[2026-04-05T20:16:10.107Z] [INFO] [review banyo-ve-ev-gerecleri/603928479] page=3 +4 reviews (unique=20)
[2026-04-05T20:16:10.171Z] [INFO] [REVIEW SAVED] /mnt/c/Developer/Review_AI/scraper_project/raw_data/banyo-ve-ev-gerecleri/603928479_reviews.json
[2026-04-05T20:16:10.216Z] [INFO] 
[START REVIEW] category=banyo-ve-ev-gerecleri productId=728721900 startPage=1
[2026-04-05T20:16:10.255Z] [INFO] 
[REVIEW WORKER 8] starting banyo-ve-ev-gerecleri/669671468
[2026-04-05T20:16:10.340Z] [INFO] 
[REVIEW WORKER 5] starting banyo-ve-ev-gerecleri/702058015
[2026-04-05T20:16:10.394Z] [INFO] [review banyo-ve-ev-gerecleri/558633422] page=1 +8 reviews (unique=8)
[2026-04-05T20:16:10.429Z] [INFO] [review banyo-ve-ev-gerecleri/515519289] page=1 +8 reviews (unique=8)
[2026-04-05T20:16:10.709Z] [INFO] [review banyo-ve-ev-gerecleri/646369522] page=17 +8 reviews (unique=136)
[2026-04-05T20:16:10.800Z] [INFO] [review banyo-ve-ev-gerecleri/463095972] page=5 +8 reviews (unique=40)
[2026-04-05T20:16:10.867Z] [INFO] [REVIEW PARTIAL SAVED] /mnt/c/Developer/Review_AI/scraper_project/raw_data/banyo-ve-ev-gerecleri/463095972_reviews.partial.json
[2026-04-05T20:16:11.054Z] [INFO] [review banyo-ve-ev-gerecleri/316614049] page=4 +8 reviews (unique=32)
[2026-04-05T20:16:11.164Z] [INFO] [review banyo-ve-ev-gerecleri/728721900] page=1 +1 reviews (unique=1)
[2026-04-05T20:16:11.267Z] [INFO] [REVIEW SAVED] /mnt/c/Developer/Review_AI/scraper_project/raw_data/banyo-ve-ev-gerecleri/728721900_reviews.json
[2026-04-05T20:16:11.522Z] [INFO] 
[REVIEW WORKER 4] starting banyo-ve-ev-gerecleri/733150938
[2026-04-05T20:16:11.713Z] [INFO] [review banyo-ve-ev-gerecleri/646369522] page=18 +8 reviews (unique=144)
[2026-04-05T20:16:11.771Z] [INFO] [review banyo-ve-ev-gerecleri/463095972] page=6 +1 reviews (unique=41)
[2026-04-05T20:16:11.958Z] [INFO] [REVIEW SAVED] /mnt/c/Developer/Review_AI/scraper_project/raw_data/banyo-ve-ev-gerecleri/463095972_reviews.json
[2026-04-05T20:16:11.997Z] [INFO] [review banyo-ve-ev-gerecleri/558633422] page=2 +6 reviews (unique=14)
[2026-04-05T20:16:12.068Z] [INFO] [REVIEW SAVED] /mnt/c/Developer/Review_AI/scraper_project/raw_data/banyo-ve-ev-gerecleri/558633422_reviews.json
[2026-04-05T20:16:12.078Z] [INFO] [review banyo-ve-ev-gerecleri/515519289] page=2 +8 reviews (unique=16)
[2026-04-05T20:16:12.142Z] [INFO] [review banyo-ve-ev-gerecleri/316614049] page=5 +8 reviews (unique=40)
[2026-04-05T20:16:12.223Z] [INFO] [REVIEW PARTIAL SAVED] /mnt/c/Developer/Review_AI/scraper_project/raw_data/banyo-ve-ev-gerecleri/316614049_reviews.partial.json
[2026-04-05T20:16:12.295Z] [INFO] 
[REVIEW WORKER 10] starting banyo-ve-ev-gerecleri/719708108
[2026-04-05T20:16:12.355Z] [INFO] 
[REVIEW WORKER 9] starting banyo-ve-ev-gerecleri/600429091
[2026-04-05T20:16:12.783Z] [INFO] [review banyo-ve-ev-gerecleri/646369522] page=19 +8 reviews (unique=152)
[2026-04-05T20:16:13.009Z] [INFO] [review banyo-ve-ev-gerecleri/515519289] page=3 +8 reviews (unique=24)
[2026-04-05T20:16:13.056Z] [INFO] [review banyo-ve-ev-gerecleri/316614049] page=6 +8 reviews (unique=48)
[2026-04-05T20:16:13.459Z] [INFO] 
[START REVIEW] category=banyo-ve-ev-gerecleri productId=729707738 startPage=1
[2026-04-05T20:16:13.487Z] [INFO] 
[START REVIEW] category=banyo-ve-ev-gerecleri productId=732963638 startPage=1
[2026-04-05T20:16:13.562Z] [INFO] [review banyo-ve-ev-gerecleri/646369522] page=20 +8 reviews (unique=160)
[2026-04-05T20:16:13.631Z] [INFO] [REVIEW PARTIAL SAVED] /mnt/c/Developer/Review_AI/scraper_project/raw_data/banyo-ve-ev-gerecleri/646369522_reviews.partial.json
[2026-04-05T20:16:13.698Z] [INFO] [review banyo-ve-ev-gerecleri/515519289] page=4 +8 reviews (unique=32)
[2026-04-05T20:16:13.803Z] [INFO] [review banyo-ve-ev-gerecleri/316614049] page=7 +8 reviews (unique=56)
[2026-04-05T20:16:14.219Z] [INFO] [review banyo-ve-ev-gerecleri/729707738] page=1 +0 reviews (unique=0)
[2026-04-05T20:16:14.236Z] [INFO] [REVIEW SAVED] /mnt/c/Developer/Review_AI/scraper_project/raw_data/banyo-ve-ev-gerecleri/729707738_reviews.json
[2026-04-05T20:16:14.259Z] [INFO] 
[REVIEW WORKER 3] starting banyo-ve-ev-gerecleri/514217357
[2026-04-05T20:16:14.446Z] [INFO] [review banyo-ve-ev-gerecleri/646369522] page=21 +8 reviews (unique=168)
[2026-04-05T20:16:14.467Z] [INFO] [review banyo-ve-ev-gerecleri/515519289] page=5 +8 reviews (unique=40)
[2026-04-05T20:16:14.492Z] [INFO] [REVIEW PARTIAL SAVED] /mnt/c/Developer/Review_AI/scraper_project/raw_data/banyo-ve-ev-gerecleri/515519289_reviews.partial.json
[2026-04-05T20:16:14.505Z] [INFO] [review banyo-ve-ev-gerecleri/316614049] page=8 +5 reviews (unique=61)
[2026-04-05T20:16:14.533Z] [INFO] [REVIEW SAVED] /mnt/c/Developer/Review_AI/scraper_project/raw_data/banyo-ve-ev-gerecleri/316614049_reviews.json
[2026-04-05T20:16:14.599Z] [INFO] 
[REVIEW WORKER 2] starting banyo-ve-ev-gerecleri/729074783
[2026-04-05T20:16:14.960Z] [INFO] 
[START REVIEW] category=banyo-ve-ev-gerecleri productId=702058015 startPage=1
[2026-04-05T20:16:15.065Z] [INFO] [review banyo-ve-ev-gerecleri/732963638] page=1 +8 reviews (unique=8)
[2026-04-05T20:16:15.107Z] [INFO] [review banyo-ve-ev-gerecleri/515519289] page=6 +8 reviews (unique=48)
[2026-04-05T20:16:15.192Z] [INFO] [review banyo-ve-ev-gerecleri/646369522] page=22 +8 reviews (unique=176)
[2026-04-05T20:16:15.988Z] [INFO] [review banyo-ve-ev-gerecleri/515519289] page=7 +8 reviews (unique=56)
[2026-04-05T20:16:16.007Z] [INFO] [review banyo-ve-ev-gerecleri/646369522] page=23 +8 reviews (unique=184)
[2026-04-05T20:16:16.053Z] [INFO] [review banyo-ve-ev-gerecleri/732963638] page=2 +8 reviews (unique=16)
[2026-04-05T20:16:16.199Z] [INFO] 
[START REVIEW] category=banyo-ve-ev-gerecleri productId=669671468 startPage=1
[2026-04-05T20:16:16.490Z] [INFO] [review banyo-ve-ev-gerecleri/669671468] page=1 +1 reviews (unique=1)
[2026-04-05T20:16:16.548Z] [INFO] [REVIEW SAVED] /mnt/c/Developer/Review_AI/scraper_project/raw_data/banyo-ve-ev-gerecleri/669671468_reviews.json
[2026-04-05T20:16:16.603Z] [INFO] 
[REVIEW WORKER 8] starting banyo-ve-ev-gerecleri/679375731
[2026-04-05T20:16:16.674Z] [INFO] [review banyo-ve-ev-gerecleri/515519289] page=8 +8 reviews (unique=64)
[2026-04-05T20:16:16.690Z] [INFO] [review banyo-ve-ev-gerecleri/646369522] page=24 +8 reviews (unique=192)
[2026-04-05T20:16:16.842Z] [INFO] [review banyo-ve-ev-gerecleri/732963638] page=3 +8 reviews (unique=24)
[2026-04-05T20:16:17.305Z] [INFO] [review banyo-ve-ev-gerecleri/515519289] page=9 +8 reviews (unique=72)
[2026-04-05T20:16:17.407Z] [INFO] [review banyo-ve-ev-gerecleri/646369522] page=25 +8 reviews (unique=200)
[2026-04-05T20:16:17.497Z] [INFO] [REVIEW PARTIAL SAVED] /mnt/c/Developer/Review_AI/scraper_project/raw_data/banyo-ve-ev-gerecleri/646369522_reviews.partial.json
[2026-04-05T20:16:17.688Z] [INFO] [review banyo-ve-ev-gerecleri/732963638] page=4 +8 reviews (unique=32)
[2026-04-05T20:16:17.842Z] [INFO] 
[START REVIEW] category=banyo-ve-ev-gerecleri productId=733150938 startPage=1
[2026-04-05T20:16:18.077Z] [INFO] 
[START REVIEW] category=banyo-ve-ev-gerecleri productId=600429091 startPage=1
[2026-04-05T20:16:18.094Z] [INFO] 
[START REVIEW] category=banyo-ve-ev-gerecleri productId=719708108 startPage=1
[2026-04-05T20:16:18.230Z] [INFO] [review banyo-ve-ev-gerecleri/515519289] page=10 +8 reviews (unique=80)
[2026-04-05T20:16:18.252Z] [INFO] [REVIEW PARTIAL SAVED] /mnt/c/Developer/Review_AI/scraper_project/raw_data/banyo-ve-ev-gerecleri/515519289_reviews.partial.json
[2026-04-05T20:16:18.262Z] [INFO] [review banyo-ve-ev-gerecleri/733150938] page=1 +8 reviews (unique=8)
[2026-04-05T20:16:18.272Z] [INFO] [review banyo-ve-ev-gerecleri/646369522] page=26 +8 reviews (unique=208)
[2026-04-05T20:16:18.473Z] [INFO] [review banyo-ve-ev-gerecleri/719708108] page=1 +0 reviews (unique=0)
[2026-04-05T20:16:18.519Z] [INFO] [REVIEW SAVED] /mnt/c/Developer/Review_AI/scraper_project/raw_data/banyo-ve-ev-gerecleri/719708108_reviews.json
[2026-04-05T20:16:18.559Z] [INFO] 
[REVIEW WORKER 10] starting banyo-ve-ev-gerecleri/728575772
[2026-04-05T20:16:18.568Z] [INFO] [review banyo-ve-ev-gerecleri/732963638] page=5 +2 reviews (unique=34)
[2026-04-05T20:16:18.591Z] [INFO] [REVIEW PARTIAL SAVED] /mnt/c/Developer/Review_AI/scraper_project/raw_data/banyo-ve-ev-gerecleri/732963638_reviews.partial.json
[2026-04-05T20:16:18.615Z] [INFO] [REVIEW SAVED] /mnt/c/Developer/Review_AI/scraper_project/raw_data/banyo-ve-ev-gerecleri/732963638_reviews.json
[2026-04-05T20:16:18.683Z] [INFO] 
[REVIEW WORKER 6] starting banyo-ve-ev-gerecleri/570622098
[2026-04-05T20:16:18.690Z] [INFO] [review banyo-ve-ev-gerecleri/600429091] page=1 +8 reviews (unique=8)
[2026-04-05T20:16:18.933Z] [INFO] [review banyo-ve-ev-gerecleri/515519289] page=11 +8 reviews (unique=88)
[2026-04-05T20:16:18.988Z] [INFO] [review banyo-ve-ev-gerecleri/646369522] page=27 +8 reviews (unique=216)
[2026-04-05T20:16:19.026Z] [INFO] [review banyo-ve-ev-gerecleri/733150938] page=2 +8 reviews (unique=16)
[2026-04-05T20:16:19.072Z] [INFO] 
[START REVIEW] category=banyo-ve-ev-gerecleri productId=514217357 startPage=1
[2026-04-05T20:16:19.203Z] [INFO] 
[START REVIEW] category=banyo-ve-ev-gerecleri productId=729074783 startPage=1
[2026-04-05T20:16:19.315Z] [INFO] [review banyo-ve-ev-gerecleri/514217357] page=1 +8 reviews (unique=8)
[2026-04-05T20:16:19.368Z] [INFO] [review banyo-ve-ev-gerecleri/600429091] page=2 +1 reviews (unique=9)
[2026-04-05T20:16:19.385Z] [INFO] [REVIEW SAVED] /mnt/c/Developer/Review_AI/scraper_project/raw_data/banyo-ve-ev-gerecleri/600429091_reviews.json
[2026-04-05T20:16:19.400Z] [INFO] 
[REVIEW WORKER 9] starting banyo-ve-ev-gerecleri/655589313
[2026-04-05T20:16:19.725Z] [INFO] [review banyo-ve-ev-gerecleri/733150938] page=3 +8 reviews (unique=24)
[2026-04-05T20:16:19.749Z] [INFO] [REVIEW SAVED] /mnt/c/Developer/Review_AI/scraper_project/raw_data/banyo-ve-ev-gerecleri/733150938_reviews.json
[2026-04-05T20:16:19.753Z] [INFO] [review banyo-ve-ev-gerecleri/646369522] page=28 +8 reviews (unique=224)
[2026-04-05T20:16:19.798Z] [INFO] 
[REVIEW WORKER 4] starting banyo-ve-ev-gerecleri/656022504
[2026-04-05T20:16:19.815Z] [INFO] [review banyo-ve-ev-gerecleri/515519289] page=12 +8 reviews (unique=96)
[2026-04-05T20:16:19.873Z] [INFO] [review banyo-ve-ev-gerecleri/729074783] page=1 +8 reviews (unique=8)
[2026-04-05T20:16:19.950Z] [INFO] [review banyo-ve-ev-gerecleri/514217357] page=2 +8 reviews (unique=16)
[2026-04-05T20:16:20.311Z] [INFO] [review banyo-ve-ev-gerecleri/702058015] page=1 +2 reviews (unique=2)
[2026-04-05T20:16:20.339Z] [INFO] [REVIEW SAVED] /mnt/c/Developer/Review_AI/scraper_project/raw_data/banyo-ve-ev-gerecleri/702058015_reviews.json
[2026-04-05T20:16:20.372Z] [INFO] 
[REVIEW WORKER 5] starting banyo-ve-ev-gerecleri/570524889
[2026-04-05T20:16:20.467Z] [INFO] [review banyo-ve-ev-gerecleri/646369522] page=29 +8 reviews (unique=232)
[2026-04-05T20:16:20.568Z] [INFO] [review banyo-ve-ev-gerecleri/515519289] page=13 +8 reviews (unique=104)
[2026-04-05T20:16:20.595Z] [INFO] [review banyo-ve-ev-gerecleri/514217357] page=3 +8 reviews (unique=24)
[2026-04-05T20:16:20.632Z] [INFO] [review banyo-ve-ev-gerecleri/729074783] page=2 +5 reviews (unique=13)
[2026-04-05T20:16:20.676Z] [INFO] [REVIEW SAVED] /mnt/c/Developer/Review_AI/scraper_project/raw_data/banyo-ve-ev-gerecleri/729074783_reviews.json
[2026-04-05T20:16:20.710Z] [INFO] 
[REVIEW WORKER 2] starting banyo-ve-ev-gerecleri/733168814
[2026-04-05T20:16:20.825Z] [INFO] 
[START REVIEW] category=banyo-ve-ev-gerecleri productId=679375731 startPage=1
[2026-04-05T20:16:21.174Z] [INFO] [review banyo-ve-ev-gerecleri/646369522] page=30 +8 reviews (unique=240)
[2026-04-05T20:16:21.217Z] [INFO] [REVIEW PARTIAL SAVED] /mnt/c/Developer/Review_AI/scraper_project/raw_data/banyo-ve-ev-gerecleri/646369522_reviews.partial.json
[2026-04-05T20:16:21.232Z] [INFO] [review banyo-ve-ev-gerecleri/515519289] page=14 +8 reviews (unique=112)
[2026-04-05T20:16:21.321Z] [INFO] [review banyo-ve-ev-gerecleri/679375731] page=1 +0 reviews (unique=0)
[2026-04-05T20:16:21.356Z] [INFO] [REVIEW SAVED] /mnt/c/Developer/Review_AI/scraper_project/raw_data/banyo-ve-ev-gerecleri/679375731_reviews.json
[2026-04-05T20:16:21.372Z] [INFO] [review banyo-ve-ev-gerecleri/514217357] page=4 +8 reviews (unique=32)
[2026-04-05T20:16:21.414Z] [INFO] 
[REVIEW WORKER 8] starting banyo-ve-ev-gerecleri/525879256
[2026-04-05T20:16:21.907Z] [INFO] [review banyo-ve-ev-gerecleri/515519289] page=15 +8 reviews (unique=120)
[2026-04-05T20:16:21.939Z] [INFO] [REVIEW PARTIAL SAVED] /mnt/c/Developer/Review_AI/scraper_project/raw_data/banyo-ve-ev-gerecleri/515519289_reviews.partial.json
[2026-04-05T20:16:22.049Z] [INFO] [review banyo-ve-ev-gerecleri/646369522] page=31 +8 reviews (unique=248)
[2026-04-05T20:16:22.160Z] [INFO] [review banyo-ve-ev-gerecleri/514217357] page=5 +8 reviews (unique=40)
[2026-04-05T20:16:22.176Z] [INFO] [REVIEW PARTIAL SAVED] /mnt/c/Developer/Review_AI/scraper_project/raw_data/banyo-ve-ev-gerecleri/514217357_reviews.partial.json
[2026-04-05T20:16:22.196Z] [INFO] [REVIEW SAVED] /mnt/c/Developer/Review_AI/scraper_project/raw_data/banyo-ve-ev-gerecleri/514217357_reviews.json
[2026-04-05T20:16:22.224Z] [INFO] 
[REVIEW WORKER 3] starting banyo-ve-ev-gerecleri/664509851
[2026-04-05T20:16:22.941Z] [INFO] [review banyo-ve-ev-gerecleri/515519289] page=16 +8 reviews (unique=128)
[2026-04-05T20:16:22.964Z] [INFO] [review banyo-ve-ev-gerecleri/646369522] page=32 +8 reviews (unique=256)
[2026-04-05T20:16:23.350Z] [INFO] 
[START REVIEW] category=banyo-ve-ev-gerecleri productId=570622098 startPage=1
[2026-04-05T20:16:23.416Z] [INFO] 
[START REVIEW] category=banyo-ve-ev-gerecleri productId=655589313 startPage=1
[2026-04-05T20:16:23.581Z] [INFO] [review banyo-ve-ev-gerecleri/515519289] page=17 +8 reviews (unique=136)
[2026-04-05T20:16:23.613Z] [INFO] [REVIEW SAVED] /mnt/c/Developer/Review_AI/scraper_project/raw_data/banyo-ve-ev-gerecleri/515519289_reviews.json
[2026-04-05T20:16:23.628Z] [INFO] [review banyo-ve-ev-gerecleri/646369522] page=33 +8 reviews (unique=264)
[2026-04-05T20:16:23.670Z] [INFO] 
[REVIEW WORKER 1] starting banyo-ve-ev-gerecleri/666651133
[2026-04-05T20:16:23.841Z] [INFO] [review banyo-ve-ev-gerecleri/570622098] page=1 +8 reviews (unique=8)
[2026-04-05T20:16:23.858Z] [INFO] [review banyo-ve-ev-gerecleri/655589313] page=1 +4 reviews (unique=4)
[2026-04-05T20:16:23.892Z] [INFO] [REVIEW SAVED] /mnt/c/Developer/Review_AI/scraper_project/raw_data/banyo-ve-ev-gerecleri/655589313_reviews.json
[2026-04-05T20:16:23.948Z] [INFO] 
[REVIEW WORKER 9] starting banyo-ve-ev-gerecleri/465726563
[2026-04-05T20:16:24.091Z] [INFO] 
[START REVIEW] category=banyo-ve-ev-gerecleri productId=728575772 startPage=1
[2026-04-05T20:16:24.128Z] [INFO] 
[START REVIEW] category=banyo-ve-ev-gerecleri productId=656022504 startPage=1
[2026-04-05T20:16:24.424Z] [INFO] [review banyo-ve-ev-gerecleri/728575772] page=1 +2 reviews (unique=2)
[2026-04-05T20:16:24.467Z] [INFO] [REVIEW SAVED] /mnt/c/Developer/Review_AI/scraper_project/raw_data/banyo-ve-ev-gerecleri/728575772_reviews.json
[2026-04-05T20:16:24.509Z] [INFO] [review banyo-ve-ev-gerecleri/646369522] page=34 +8 reviews (unique=272)
[2026-04-05T20:16:24.527Z] [INFO] [review banyo-ve-ev-gerecleri/656022504] page=1 +0 reviews (unique=0)
[2026-04-05T20:16:24.591Z] [INFO] [REVIEW SAVED] /mnt/c/Developer/Review_AI/scraper_project/raw_data/banyo-ve-ev-gerecleri/656022504_reviews.json
[2026-04-05T20:16:24.624Z] [INFO] 
[REVIEW WORKER 10] starting banyo-ve-ev-gerecleri/569161832
[2026-04-05T20:16:24.661Z] [INFO] 
[REVIEW WORKER 4] starting banyo-ve-ev-gerecleri/388429987
[2026-04-05T20:16:24.737Z] [INFO] [review banyo-ve-ev-gerecleri/570622098] page=2 +8 reviews (unique=16)
[2026-04-05T20:16:25.290Z] [INFO] 
[START REVIEW] category=banyo-ve-ev-gerecleri productId=570524889 startPage=1
[2026-04-05T20:16:25.349Z] [INFO] 
[START REVIEW] category=banyo-ve-ev-gerecleri productId=733168814 startPage=1
[2026-04-05T20:16:25.373Z] [INFO] [review banyo-ve-ev-gerecleri/646369522] page=35 +8 reviews (unique=280)
[2026-04-05T20:16:25.438Z] [INFO] [REVIEW PARTIAL SAVED] /mnt/c/Developer/Review_AI/scraper_project/raw_data/banyo-ve-ev-gerecleri/646369522_reviews.partial.json
[2026-04-05T20:16:25.505Z] [INFO] [review banyo-ve-ev-gerecleri/570622098] page=3 +1 reviews (unique=17)
[2026-04-05T20:16:25.637Z] [INFO] [REVIEW SAVED] /mnt/c/Developer/Review_AI/scraper_project/raw_data/banyo-ve-ev-gerecleri/570622098_reviews.json
[2026-04-05T20:16:25.762Z] [INFO] 
[REVIEW WORKER 6] starting banyo-ve-ev-gerecleri/630761950
[2026-04-05T20:16:26.093Z] [INFO] [review banyo-ve-ev-gerecleri/570524889] page=1 +1 reviews (unique=1)
[2026-04-05T20:16:26.321Z] [INFO] [REVIEW SAVED] /mnt/c/Developer/Review_AI/scraper_project/raw_data/banyo-ve-ev-gerecleri/570524889_reviews.json
[2026-04-05T20:16:26.391Z] [INFO] 
[REVIEW WORKER 5] starting banyo-ve-ev-gerecleri/593910479
[2026-04-05T20:16:26.489Z] [INFO] [review banyo-ve-ev-gerecleri/646369522] page=36 +8 reviews (unique=288)
[2026-04-05T20:16:26.686Z] [INFO] [review banyo-ve-ev-gerecleri/733168814] page=1 +5 reviews (unique=5)
[2026-04-05T20:16:26.767Z] [INFO] [REVIEW SAVED] /mnt/c/Developer/Review_AI/scraper_project/raw_data/banyo-ve-ev-gerecleri/733168814_reviews.json
[2026-04-05T20:16:26.830Z] [INFO] 
[REVIEW WORKER 2] starting banyo-ve-ev-gerecleri/555584276
[2026-04-05T20:16:26.909Z] [INFO] 
[START REVIEW] category=banyo-ve-ev-gerecleri productId=525879256 startPage=1
[2026-04-05T20:16:27.438Z] [INFO] [review banyo-ve-ev-gerecleri/646369522] page=37 +8 reviews (unique=296)
[2026-04-05T20:16:27.705Z] [INFO] 
[START REVIEW] category=banyo-ve-ev-gerecleri productId=664509851 startPage=1
[2026-04-05T20:16:27.724Z] [INFO] [review banyo-ve-ev-gerecleri/525879256] page=1 +8 reviews (unique=8)
[2026-04-05T20:16:28.062Z] [INFO] [review banyo-ve-ev-gerecleri/664509851] page=1 +3 reviews (unique=3)
[2026-04-05T20:16:28.088Z] [INFO] [REVIEW SAVED] /mnt/c/Developer/Review_AI/scraper_project/raw_data/banyo-ve-ev-gerecleri/664509851_reviews.json
[2026-04-05T20:16:28.110Z] [INFO] 
[REVIEW WORKER 3] starting banyo-ve-ev-gerecleri/495662817
[2026-04-05T20:16:28.535Z] [INFO] [review banyo-ve-ev-gerecleri/646369522] page=38 +5 reviews (unique=301)
[2026-04-05T20:16:28.566Z] [INFO] [REVIEW SAVED] /mnt/c/Developer/Review_AI/scraper_project/raw_data/banyo-ve-ev-gerecleri/646369522_reviews.json
[2026-04-05T20:16:28.601Z] [INFO] 
[REVIEW WORKER 7] starting banyo-ve-ev-gerecleri/681484564
[2026-04-05T20:16:28.716Z] [INFO] 
[START REVIEW] category=banyo-ve-ev-gerecleri productId=666651133 startPage=1
[2026-04-05T20:16:28.955Z] [INFO] 
[START REVIEW] category=banyo-ve-ev-gerecleri productId=465726563 startPage=1
[2026-04-05T20:16:29.091Z] [INFO] [review banyo-ve-ev-gerecleri/525879256] page=2 +8 reviews (unique=16)
[2026-04-05T20:16:29.615Z] [INFO] [review banyo-ve-ev-gerecleri/666651133] page=1 +2 reviews (unique=2)
[2026-04-05T20:16:29.644Z] [INFO] [REVIEW SAVED] /mnt/c/Developer/Review_AI/scraper_project/raw_data/banyo-ve-ev-gerecleri/666651133_reviews.json
[2026-04-05T20:16:29.667Z] [INFO] 
[REVIEW WORKER 1] starting banyo-ve-ev-gerecleri/605294975
[2026-04-05T20:16:29.829Z] [INFO] [review banyo-ve-ev-gerecleri/465726563] page=1 +8 reviews (unique=8)
[2026-04-05T20:16:29.852Z] [INFO] [review banyo-ve-ev-gerecleri/525879256] page=3 +8 reviews (unique=24)
[2026-04-05T20:16:30.193Z] [INFO] 
[START REVIEW] category=banyo-ve-ev-gerecleri productId=388429987 startPage=1
[2026-04-05T20:16:30.216Z] [INFO] 
[START REVIEW] category=banyo-ve-ev-gerecleri productId=569161832 startPage=1
[2026-04-05T20:16:30.507Z] [INFO] [review banyo-ve-ev-gerecleri/388429987] page=1 +8 reviews (unique=8)
[2026-04-05T20:16:30.549Z] [INFO] [review banyo-ve-ev-gerecleri/569161832] page=1 +8 reviews (unique=8)
[2026-04-05T20:16:30.669Z] [INFO] [review banyo-ve-ev-gerecleri/465726563] page=2 +8 reviews (unique=16)
[2026-04-05T20:16:30.686Z] [INFO] [review banyo-ve-ev-gerecleri/525879256] page=4 +8 reviews (unique=32)
[2026-04-05T20:16:31.309Z] [INFO] [review banyo-ve-ev-gerecleri/569161832] page=2 +1 reviews (unique=9)
[2026-04-05T20:16:31.384Z] [INFO] [REVIEW SAVED] /mnt/c/Developer/Review_AI/scraper_project/raw_data/banyo-ve-ev-gerecleri/569161832_reviews.json
[2026-04-05T20:16:31.411Z] [INFO] [review banyo-ve-ev-gerecleri/388429987] page=2 +8 reviews (unique=16)
[2026-04-05T20:16:31.510Z] [INFO] 
[REVIEW WORKER 10] starting banyo-ve-ev-gerecleri/568477234
[2026-04-05T20:16:31.529Z] [INFO] [review banyo-ve-ev-gerecleri/465726563] page=3 +4 reviews (unique=20)
[2026-04-05T20:16:31.658Z] [INFO] [REVIEW SAVED] /mnt/c/Developer/Review_AI/scraper_project/raw_data/banyo-ve-ev-gerecleri/465726563_reviews.json
[2026-04-05T20:16:31.715Z] [INFO] [review banyo-ve-ev-gerecleri/525879256] page=5 +5 reviews (unique=37)
[2026-04-05T20:16:31.827Z] [INFO] [REVIEW PARTIAL SAVED] /mnt/c/Developer/Review_AI/scraper_project/raw_data/banyo-ve-ev-gerecleri/525879256_reviews.partial.json
[2026-04-05T20:16:31.974Z] [INFO] [REVIEW SAVED] /mnt/c/Developer/Review_AI/scraper_project/raw_data/banyo-ve-ev-gerecleri/525879256_reviews.json
[2026-04-05T20:16:32.076Z] [INFO] 
[START REVIEW] category=banyo-ve-ev-gerecleri productId=593910479 startPage=1
[2026-04-05T20:16:32.106Z] [INFO] 
[REVIEW WORKER 9] starting banyo-ve-ev-gerecleri/718808904
[2026-04-05T20:16:32.269Z] [INFO] 
[REVIEW WORKER 8] starting banyo-ve-ev-gerecleri/523564454
[2026-04-05T20:16:32.320Z] [INFO] 
[START REVIEW] category=banyo-ve-ev-gerecleri productId=630761950 startPage=1
[2026-04-05T20:16:32.526Z] [INFO] [review banyo-ve-ev-gerecleri/388429987] page=3 +8 reviews (unique=24)
[2026-04-05T20:16:32.634Z] [INFO] [review banyo-ve-ev-gerecleri/593910479] page=1 +8 reviews (unique=8)
[2026-04-05T20:16:32.932Z] [INFO] 
[START REVIEW] category=banyo-ve-ev-gerecleri productId=555584276 startPage=1
[2026-04-05T20:16:32.942Z] [INFO] [review banyo-ve-ev-gerecleri/630761950] page=1 +0 reviews (unique=0)
[2026-04-05T20:16:32.964Z] [INFO] [REVIEW SAVED] /mnt/c/Developer/Review_AI/scraper_project/raw_data/banyo-ve-ev-gerecleri/630761950_reviews.json
[2026-04-05T20:16:32.989Z] [INFO] 
[REVIEW WORKER 6] starting banyo-ve-ev-gerecleri/689047937
[2026-04-05T20:16:33.271Z] [INFO] [review banyo-ve-ev-gerecleri/388429987] page=4 +3 reviews (unique=27)
[2026-04-05T20:16:33.316Z] [INFO] [REVIEW SAVED] /mnt/c/Developer/Review_AI/scraper_project/raw_data/banyo-ve-ev-gerecleri/388429987_reviews.json
[2026-04-05T20:16:33.344Z] [INFO] 
[REVIEW WORKER 4] starting banyo-ve-ev-gerecleri/703395124
[2026-04-05T20:16:33.529Z] [INFO] [review banyo-ve-ev-gerecleri/555584276] page=1 +8 reviews (unique=8)
[2026-04-05T20:16:33.551Z] [INFO] [review banyo-ve-ev-gerecleri/593910479] page=2 +8 reviews (unique=16)
[2026-04-05T20:16:33.891Z] [INFO] 
[START REVIEW] category=banyo-ve-ev-gerecleri productId=495662817 startPage=1
[2026-04-05T20:16:34.298Z] [INFO] 
[START REVIEW] category=banyo-ve-ev-gerecleri productId=605294975 startPage=1
[2026-04-05T20:16:34.517Z] [INFO] [review banyo-ve-ev-gerecleri/593910479] page=3 +3 reviews (unique=19)
[2026-04-05T20:16:34.556Z] [INFO] [REVIEW SAVED] /mnt/c/Developer/Review_AI/scraper_project/raw_data/banyo-ve-ev-gerecleri/593910479_reviews.json
[2026-04-05T20:16:34.579Z] [INFO] [review banyo-ve-ev-gerecleri/555584276] page=2 +8 reviews (unique=16)
[2026-04-05T20:16:34.603Z] [INFO] [review banyo-ve-ev-gerecleri/495662817] page=1 +8 reviews (unique=8)
[2026-04-05T20:16:34.677Z] [INFO] 
[START REVIEW] category=banyo-ve-ev-gerecleri productId=681484564 startPage=1
[2026-04-05T20:16:34.693Z] [INFO] 
[REVIEW WORKER 5] starting banyo-ve-ev-gerecleri/569337684
[2026-04-05T20:16:35.284Z] [INFO] [review banyo-ve-ev-gerecleri/681484564] page=1 +8 reviews (unique=8)
[2026-04-05T20:16:36.004Z] [INFO] [review banyo-ve-ev-gerecleri/555584276] page=3 +8 reviews (unique=24)
[2026-04-05T20:16:36.540Z] [INFO] [review banyo-ve-ev-gerecleri/495662817] page=2 +8 reviews (unique=16)
[2026-04-05T20:16:36.773Z] [INFO] [review banyo-ve-ev-gerecleri/555584276] page=4 +7 reviews (unique=31)
[2026-04-05T20:16:36.813Z] [INFO] [REVIEW SAVED] /mnt/c/Developer/Review_AI/scraper_project/raw_data/banyo-ve-ev-gerecleri/555584276_reviews.json
[2026-04-05T20:16:36.863Z] [INFO] 
[REVIEW WORKER 2] starting banyo-ve-ev-gerecleri/569749291
[2026-04-05T20:16:37.235Z] [INFO] [review banyo-ve-ev-gerecleri/495662817] page=3 +8 reviews (unique=24)
[2026-04-05T20:16:38.033Z] [INFO] [review banyo-ve-ev-gerecleri/495662817] page=4 +8 reviews (unique=32)
[2026-04-05T20:16:38.213Z] [INFO] [review banyo-ve-ev-gerecleri/681484564] page=2 +8 reviews (unique=16)
[2026-04-05T20:16:38.705Z] [INFO] [review banyo-ve-ev-gerecleri/495662817] page=5 +8 reviews (unique=40)
[2026-04-05T20:16:38.723Z] [INFO] [REVIEW PARTIAL SAVED] /mnt/c/Developer/Review_AI/scraper_project/raw_data/banyo-ve-ev-gerecleri/495662817_reviews.partial.json
[2026-04-05T20:16:39.106Z] [INFO] [review banyo-ve-ev-gerecleri/681484564] page=3 +8 reviews (unique=24)
[2026-04-05T20:16:39.381Z] [INFO] [review banyo-ve-ev-gerecleri/495662817] page=6 +8 reviews (unique=48)
[2026-04-05T20:16:39.808Z] [INFO] [review banyo-ve-ev-gerecleri/681484564] page=4 +8 reviews (unique=32)
[2026-04-05T20:16:40.103Z] [INFO] [review banyo-ve-ev-gerecleri/495662817] page=7 +8 reviews (unique=56)
[2026-04-05T20:16:40.519Z] [INFO] [review banyo-ve-ev-gerecleri/681484564] page=5 +8 reviews (unique=40)
[2026-04-05T20:16:40.535Z] [INFO] [REVIEW PARTIAL SAVED] /mnt/c/Developer/Review_AI/scraper_project/raw_data/banyo-ve-ev-gerecleri/681484564_reviews.partial.json
[2026-04-05T20:16:41.136Z] [INFO] [review banyo-ve-ev-gerecleri/495662817] page=8 +8 reviews (unique=64)
[2026-04-05T20:16:41.164Z] [INFO] 
[START REVIEW] category=banyo-ve-ev-gerecleri productId=568477234 startPage=1
[2026-04-05T20:16:41.494Z] [INFO] [review banyo-ve-ev-gerecleri/681484564] page=6 +8 reviews (unique=48)
[2026-04-05T20:16:41.644Z] [INFO] [review banyo-ve-ev-gerecleri/568477234] page=1 +3 reviews (unique=3)
[2026-04-05T20:16:41.673Z] [INFO] [REVIEW SAVED] /mnt/c/Developer/Review_AI/scraper_project/raw_data/banyo-ve-ev-gerecleri/568477234_reviews.json
[2026-04-05T20:16:41.713Z] [INFO] 
[REVIEW WORKER 10] starting banyo-ve-ev-gerecleri/541264220
[2026-04-05T20:16:41.811Z] [INFO] [review banyo-ve-ev-gerecleri/495662817] page=9 +8 reviews (unique=72)
[2026-04-05T20:16:42.132Z] [INFO] 
[START REVIEW] category=banyo-ve-ev-gerecleri productId=703395124 startPage=1
[2026-04-05T20:16:42.189Z] [INFO] [review banyo-ve-ev-gerecleri/681484564] page=7 +8 reviews (unique=56)
[2026-04-05T20:16:42.216Z] [INFO] 
[START REVIEW] category=banyo-ve-ev-gerecleri productId=718808904 startPage=1
[2026-04-05T20:16:42.393Z] [INFO] [review banyo-ve-ev-gerecleri/703395124] page=1 +3 reviews (unique=3)
[2026-04-05T20:16:42.408Z] [INFO] [REVIEW SAVED] /mnt/c/Developer/Review_AI/scraper_project/raw_data/banyo-ve-ev-gerecleri/703395124_reviews.json
[2026-04-05T20:16:42.421Z] [INFO] 
[REVIEW WORKER 4] starting banyo-ve-ev-gerecleri/730562250
[2026-04-05T20:16:42.492Z] [INFO] [review banyo-ve-ev-gerecleri/718808904] page=1 +5 reviews (unique=5)
[2026-04-05T20:16:42.513Z] [INFO] [REVIEW SAVED] /mnt/c/Developer/Review_AI/scraper_project/raw_data/banyo-ve-ev-gerecleri/718808904_reviews.json
[2026-04-05T20:16:42.543Z] [INFO] 
[REVIEW WORKER 9] starting banyo-ve-ev-gerecleri/468610568
[2026-04-05T20:16:42.550Z] [INFO] [review banyo-ve-ev-gerecleri/495662817] page=10 +8 reviews (unique=80)
[2026-04-05T20:16:42.562Z] [INFO] [REVIEW PARTIAL SAVED] /mnt/c/Developer/Review_AI/scraper_project/raw_data/banyo-ve-ev-gerecleri/495662817_reviews.partial.json
[2026-04-05T20:16:42.726Z] [INFO] [review banyo-ve-ev-gerecleri/605294975] page=1 +5 reviews (unique=5)
[2026-04-05T20:16:42.759Z] [INFO] [REVIEW SAVED] /mnt/c/Developer/Review_AI/scraper_project/raw_data/banyo-ve-ev-gerecleri/605294975_reviews.json
[2026-04-05T20:16:42.794Z] [INFO] 
[START REVIEW] category=banyo-ve-ev-gerecleri productId=689047937 startPage=1
[2026-04-05T20:16:42.800Z] [INFO] 
[REVIEW WORKER 1] starting banyo-ve-ev-gerecleri/601301457
[2026-04-05T20:16:42.826Z] [INFO] [review banyo-ve-ev-gerecleri/681484564] page=8 +8 reviews (unique=64)
[2026-04-05T20:16:43.208Z] [INFO] [review banyo-ve-ev-gerecleri/495662817] page=11 +8 reviews (unique=88)
[2026-04-05T20:16:43.229Z] [INFO] [review banyo-ve-ev-gerecleri/689047937] page=1 +8 reviews (unique=8)
[2026-04-05T20:16:43.539Z] [INFO] 
[START REVIEW] category=banyo-ve-ev-gerecleri productId=523564454 startPage=1
[2026-04-05T20:16:43.732Z] [INFO] [review banyo-ve-ev-gerecleri/681484564] page=9 +8 reviews (unique=72)
[2026-04-05T20:16:43.881Z] [INFO] [review banyo-ve-ev-gerecleri/495662817] page=12 +8 reviews (unique=96)
[2026-04-05T20:16:43.981Z] [INFO] [review banyo-ve-ev-gerecleri/689047937] page=2 +8 reviews (unique=16)
[2026-04-05T20:16:44.090Z] [INFO] [review banyo-ve-ev-gerecleri/523564454] page=1 +2 reviews (unique=2)
[2026-04-05T20:16:44.147Z] [INFO] [REVIEW SAVED] /mnt/c/Developer/Review_AI/scraper_project/raw_data/banyo-ve-ev-gerecleri/523564454_reviews.json
[2026-04-05T20:16:44.204Z] [INFO] 
[REVIEW WORKER 8] starting banyo-ve-ev-gerecleri/595447419
[2026-04-05T20:16:44.607Z] [INFO] [review banyo-ve-ev-gerecleri/681484564] page=10 +8 reviews (unique=80)
[2026-04-05T20:16:44.656Z] [INFO] [REVIEW PARTIAL SAVED] /mnt/c/Developer/Review_AI/scraper_project/raw_data/banyo-ve-ev-gerecleri/681484564_reviews.partial.json
[2026-04-05T20:16:44.681Z] [INFO] [review banyo-ve-ev-gerecleri/689047937] page=3 +8 reviews (unique=24)
[2026-04-05T20:16:44.716Z] [INFO] [review banyo-ve-ev-gerecleri/495662817] page=13 +8 reviews (unique=104)
[2026-04-05T20:16:45.662Z] [INFO] [review banyo-ve-ev-gerecleri/689047937] page=4 +8 reviews (unique=32)
[2026-04-05T20:16:45.751Z] [INFO] [review banyo-ve-ev-gerecleri/681484564] page=11 +8 reviews (unique=88)
[2026-04-05T20:16:45.821Z] [INFO] [review banyo-ve-ev-gerecleri/495662817] page=14 +8 reviews (unique=112)
[2026-04-05T20:16:45.922Z] [INFO] 
[START REVIEW] category=banyo-ve-ev-gerecleri productId=541264220 startPage=1
[2026-04-05T20:16:46.361Z] [INFO] [review banyo-ve-ev-gerecleri/541264220] page=1 +8 reviews (unique=8)
[2026-04-05T20:16:46.529Z] [INFO] [review banyo-ve-ev-gerecleri/689047937] page=5 +7 reviews (unique=39)
[2026-04-05T20:16:46.545Z] [INFO] [REVIEW PARTIAL SAVED] /mnt/c/Developer/Review_AI/scraper_project/raw_data/banyo-ve-ev-gerecleri/689047937_reviews.partial.json
[2026-04-05T20:16:46.597Z] [INFO] [REVIEW SAVED] /mnt/c/Developer/Review_AI/scraper_project/raw_data/banyo-ve-ev-gerecleri/689047937_reviews.json
[2026-04-05T20:16:46.633Z] [INFO] 
[START REVIEW] category=banyo-ve-ev-gerecleri productId=569749291 startPage=1
[2026-04-05T20:16:46.679Z] [INFO] 
[REVIEW WORKER 6] starting banyo-ve-ev-gerecleri/728018668
[2026-04-05T20:16:46.702Z] [INFO] [review banyo-ve-ev-gerecleri/495662817] page=15 +1 reviews (unique=113)
[2026-04-05T20:16:46.733Z] [INFO] [REVIEW PARTIAL SAVED] /mnt/c/Developer/Review_AI/scraper_project/raw_data/banyo-ve-ev-gerecleri/495662817_reviews.partial.json
[2026-04-05T20:16:46.771Z] [INFO] [REVIEW SAVED] /mnt/c/Developer/Review_AI/scraper_project/raw_data/banyo-ve-ev-gerecleri/495662817_reviews.json
[2026-04-05T20:16:46.867Z] [INFO] 
[REVIEW WORKER 3] starting banyo-ve-ev-gerecleri/581132618
[2026-04-05T20:16:46.881Z] [INFO] [review banyo-ve-ev-gerecleri/681484564] page=12 +8 reviews (unique=96)
[2026-04-05T20:16:47.046Z] [INFO] [review banyo-ve-ev-gerecleri/569749291] page=1 +8 reviews (unique=8)
[2026-04-05T20:16:47.176Z] [INFO] [review banyo-ve-ev-gerecleri/541264220] page=2 +8 reviews (unique=16)
[2026-04-05T20:16:47.444Z] [INFO] 
[START REVIEW] category=banyo-ve-ev-gerecleri productId=468610568 startPage=1
[2026-04-05T20:16:47.568Z] [INFO] [review banyo-ve-ev-gerecleri/681484564] page=13 +8 reviews (unique=104)
[2026-04-05T20:16:47.728Z] [INFO] [review banyo-ve-ev-gerecleri/468610568] page=1 +8 reviews (unique=8)
[2026-04-05T20:16:47.742Z] [INFO] [review banyo-ve-ev-gerecleri/569749291] page=2 +8 reviews (unique=16)
[2026-04-05T20:16:48.057Z] [INFO] 
[START REVIEW] category=banyo-ve-ev-gerecleri productId=601301457 startPage=1
[2026-04-05T20:16:48.108Z] [INFO] [review banyo-ve-ev-gerecleri/541264220] page=3 +2 reviews (unique=18)
[2026-04-05T20:16:48.128Z] [INFO] [REVIEW SAVED] /mnt/c/Developer/Review_AI/scraper_project/raw_data/banyo-ve-ev-gerecleri/541264220_reviews.json
[2026-04-05T20:16:48.138Z] [INFO] 
[START REVIEW] category=banyo-ve-ev-gerecleri productId=730562250 startPage=1
[2026-04-05T20:16:48.165Z] [INFO] 
[REVIEW WORKER 10] starting banyo-ve-ev-gerecleri/651655389
[2026-04-05T20:16:48.249Z] [INFO] [review banyo-ve-ev-gerecleri/681484564] page=14 +8 reviews (unique=112)
[2026-04-05T20:16:48.304Z] [INFO] [review banyo-ve-ev-gerecleri/601301457] page=1 +8 reviews (unique=8)
[2026-04-05T20:16:48.356Z] [INFO] [review banyo-ve-ev-gerecleri/730562250] page=1 +0 reviews (unique=0)
[2026-04-05T20:16:48.383Z] [INFO] [REVIEW SAVED] /mnt/c/Developer/Review_AI/scraper_project/raw_data/banyo-ve-ev-gerecleri/730562250_reviews.json
[2026-04-05T20:16:48.416Z] [INFO] 
[REVIEW WORKER 4] starting banyo-ve-ev-gerecleri/521105092
[2026-04-05T20:16:48.437Z] [INFO] [review banyo-ve-ev-gerecleri/569749291] page=3 +8 reviews (unique=24)
[2026-04-05T20:16:48.457Z] [INFO] [review banyo-ve-ev-gerecleri/468610568] page=2 +6 reviews (unique=14)
[2026-04-05T20:16:48.489Z] [INFO] [REVIEW SAVED] /mnt/c/Developer/Review_AI/scraper_project/raw_data/banyo-ve-ev-gerecleri/468610568_reviews.json
[2026-04-05T20:16:48.598Z] [INFO] 
[REVIEW WORKER 9] starting banyo-ve-ev-gerecleri/548816349
[2026-04-05T20:16:48.899Z] [INFO] 
[START REVIEW] category=banyo-ve-ev-gerecleri productId=595447419 startPage=1
[2026-04-05T20:16:48.924Z] [INFO] [review banyo-ve-ev-gerecleri/681484564] page=15 +8 reviews (unique=120)
[2026-04-05T20:16:48.960Z] [INFO] [REVIEW PARTIAL SAVED] /mnt/c/Developer/Review_AI/scraper_project/raw_data/banyo-ve-ev-gerecleri/681484564_reviews.partial.json
[2026-04-05T20:16:49.097Z] [INFO] [review banyo-ve-ev-gerecleri/569749291] page=4 +8 reviews (unique=32)
[2026-04-05T20:16:49.276Z] [INFO] [review banyo-ve-ev-gerecleri/601301457] page=2 +8 reviews (unique=16)
[2026-04-05T20:16:49.595Z] [INFO] [review banyo-ve-ev-gerecleri/595447419] page=1 +8 reviews (unique=8)
[2026-04-05T20:16:49.642Z] [INFO] [review banyo-ve-ev-gerecleri/681484564] page=16 +8 reviews (unique=128)
[2026-04-05T20:16:49.905Z] [INFO] [review banyo-ve-ev-gerecleri/569749291] page=5 +8 reviews (unique=40)
[2026-04-05T20:16:49.949Z] [INFO] [REVIEW PARTIAL SAVED] /mnt/c/Developer/Review_AI/scraper_project/raw_data/banyo-ve-ev-gerecleri/569749291_reviews.partial.json
[2026-04-05T20:16:50.053Z] [INFO] [review banyo-ve-ev-gerecleri/601301457] page=3 +1 reviews (unique=17)
[2026-04-05T20:16:50.111Z] [INFO] [REVIEW SAVED] /mnt/c/Developer/Review_AI/scraper_project/raw_data/banyo-ve-ev-gerecleri/601301457_reviews.json
[2026-04-05T20:16:50.185Z] [INFO] 
[REVIEW WORKER 1] starting banyo-ve-ev-gerecleri/699461627
[2026-04-05T20:16:50.482Z] [INFO] [review banyo-ve-ev-gerecleri/681484564] page=17 +8 reviews (unique=136)
[2026-04-05T20:16:50.619Z] [INFO] [review banyo-ve-ev-gerecleri/569749291] page=6 +6 reviews (unique=46)
[2026-04-05T20:16:50.653Z] [INFO] [REVIEW SAVED] /mnt/c/Developer/Review_AI/scraper_project/raw_data/banyo-ve-ev-gerecleri/569749291_reviews.json
[2026-04-05T20:16:50.665Z] [INFO] [review banyo-ve-ev-gerecleri/595447419] page=2 +8 reviews (unique=16)
[2026-04-05T20:16:50.706Z] [INFO] 
[REVIEW WORKER 2] starting banyo-ve-ev-gerecleri/457109877
[2026-04-05T20:16:51.325Z] [INFO] [review banyo-ve-ev-gerecleri/681484564] page=18 +8 reviews (unique=144)
[2026-04-05T20:16:51.346Z] [INFO] [review banyo-ve-ev-gerecleri/595447419] page=3 +4 reviews (unique=20)
[2026-04-05T20:16:51.375Z] [INFO] [REVIEW SAVED] /mnt/c/Developer/Review_AI/scraper_project/raw_data/banyo-ve-ev-gerecleri/595447419_reviews.json
[2026-04-05T20:16:51.418Z] [INFO] 
[REVIEW WORKER 8] starting banyo-ve-ev-gerecleri/565628666
[2026-04-05T20:16:51.619Z] [INFO] 
[START REVIEW] category=banyo-ve-ev-gerecleri productId=728018668 startPage=1
[2026-04-05T20:16:51.642Z] [INFO] 
[START REVIEW] category=banyo-ve-ev-gerecleri productId=581132618 startPage=1
[2026-04-05T20:16:51.997Z] [INFO] [review banyo-ve-ev-gerecleri/581132618] page=1 +8 reviews (unique=8)
[2026-04-05T20:16:52.014Z] [INFO] [review banyo-ve-ev-gerecleri/728018668] page=1 +2 reviews (unique=2)
[2026-04-05T20:16:52.056Z] [INFO] [REVIEW SAVED] /mnt/c/Developer/Review_AI/scraper_project/raw_data/banyo-ve-ev-gerecleri/728018668_reviews.json
[2026-04-05T20:16:52.071Z] [INFO] [review banyo-ve-ev-gerecleri/681484564] page=19 +8 reviews (unique=152)
[2026-04-05T20:16:52.105Z] [INFO] 
[REVIEW WORKER 6] starting banyo-ve-ev-gerecleri/729933265
[2026-04-05T20:16:52.480Z] [INFO] 
[START REVIEW] category=banyo-ve-ev-gerecleri productId=521105092 startPage=1
[2026-04-05T20:16:52.664Z] [INFO] 
[START REVIEW] category=banyo-ve-ev-gerecleri productId=651655389 startPage=1
[2026-04-05T20:16:52.741Z] [INFO] [review banyo-ve-ev-gerecleri/581132618] page=2 +8 reviews (unique=16)
[2026-04-05T20:16:52.774Z] [INFO] [review banyo-ve-ev-gerecleri/681484564] page=20 +8 reviews (unique=160)
[2026-04-05T20:16:52.821Z] [INFO] [REVIEW PARTIAL SAVED] /mnt/c/Developer/Review_AI/scraper_project/raw_data/banyo-ve-ev-gerecleri/681484564_reviews.partial.json
[2026-04-05T20:16:52.931Z] [INFO] [review banyo-ve-ev-gerecleri/521105092] page=1 +7 reviews (unique=7)
[2026-04-05T20:16:52.986Z] [INFO] [REVIEW SAVED] /mnt/c/Developer/Review_AI/scraper_project/raw_data/banyo-ve-ev-gerecleri/521105092_reviews.json
[2026-04-05T20:16:53.016Z] [INFO] [review banyo-ve-ev-gerecleri/651655389] page=1 +8 reviews (unique=8)
[2026-04-05T20:16:53.062Z] [INFO] 
[REVIEW WORKER 4] starting banyo-ve-ev-gerecleri/587285781
[2026-04-05T20:16:53.514Z] [INFO] [review banyo-ve-ev-gerecleri/581132618] page=3 +8 reviews (unique=24)
[2026-04-05T20:16:53.616Z] [INFO] 
[START REVIEW] category=banyo-ve-ev-gerecleri productId=548816349 startPage=1
[2026-04-05T20:16:53.734Z] [INFO] [review banyo-ve-ev-gerecleri/681484564] page=21 +8 reviews (unique=168)
[2026-04-05T20:16:53.899Z] [INFO] [review banyo-ve-ev-gerecleri/651655389] page=2 +8 reviews (unique=16)
[2026-04-05T20:16:54.058Z] [INFO] [review banyo-ve-ev-gerecleri/548816349] page=1 +8 reviews (unique=8)
[2026-04-05T20:16:54.414Z] [INFO] [review banyo-ve-ev-gerecleri/581132618] page=4 +8 reviews (unique=32)
[2026-04-05T20:16:54.640Z] [INFO] [review banyo-ve-ev-gerecleri/681484564] page=22 +8 reviews (unique=176)
[2026-04-05T20:16:54.854Z] [INFO] [review banyo-ve-ev-gerecleri/651655389] page=3 +8 reviews (unique=24)
[2026-04-05T20:16:55.113Z] [INFO] [review banyo-ve-ev-gerecleri/548816349] page=2 +8 reviews (unique=16)
[2026-04-05T20:16:55.182Z] [INFO] 
[START REVIEW] category=banyo-ve-ev-gerecleri productId=457109877 startPage=1
[2026-04-05T20:16:55.336Z] [INFO] [review banyo-ve-ev-gerecleri/581132618] page=5 +8 reviews (unique=40)
[2026-04-05T20:16:55.349Z] [INFO] [REVIEW PARTIAL SAVED] /mnt/c/Developer/Review_AI/scraper_project/raw_data/banyo-ve-ev-gerecleri/581132618_reviews.partial.json
[2026-04-05T20:16:55.427Z] [INFO] [review banyo-ve-ev-gerecleri/681484564] page=23 +8 reviews (unique=184)
[2026-04-05T20:16:55.476Z] [INFO] [review banyo-ve-ev-gerecleri/457109877] page=1 +6 reviews (unique=6)
[2026-04-05T20:16:55.502Z] [INFO] [REVIEW SAVED] /mnt/c/Developer/Review_AI/scraper_project/raw_data/banyo-ve-ev-gerecleri/457109877_reviews.json
[2026-04-05T20:16:55.521Z] [INFO] 
[REVIEW WORKER 2] starting banyo-ve-ev-gerecleri/648649042
[2026-04-05T20:16:55.654Z] [INFO] [review banyo-ve-ev-gerecleri/651655389] page=4 +8 reviews (unique=32)
[2026-04-05T20:16:55.687Z] [INFO] 
[START REVIEW] category=banyo-ve-ev-gerecleri productId=699461627 startPage=1
[2026-04-05T20:16:55.803Z] [INFO] [review banyo-ve-ev-gerecleri/548816349] page=3 +8 reviews (unique=24)
[2026-04-05T20:16:55.834Z] [INFO] 
[START REVIEW] category=banyo-ve-ev-gerecleri productId=565628666 startPage=1
[2026-04-05T20:16:56.023Z] [INFO] [review banyo-ve-ev-gerecleri/581132618] page=6 +8 reviews (unique=48)
[2026-04-05T20:16:56.108Z] [INFO] [review banyo-ve-ev-gerecleri/565628666] page=1 +8 reviews (unique=8)
[2026-04-05T20:16:56.228Z] [INFO] [review banyo-ve-ev-gerecleri/681484564] page=24 +8 reviews (unique=192)
[2026-04-05T20:16:56.238Z] [INFO] [review banyo-ve-ev-gerecleri/699461627] page=1 +8 reviews (unique=8)
[2026-04-05T20:16:56.370Z] [INFO] [review banyo-ve-ev-gerecleri/651655389] page=5 +8 reviews (unique=40)
[2026-04-05T20:16:56.383Z] [INFO] [REVIEW PARTIAL SAVED] /mnt/c/Developer/Review_AI/scraper_project/raw_data/banyo-ve-ev-gerecleri/651655389_reviews.partial.json
[2026-04-05T20:16:56.482Z] [INFO] [review banyo-ve-ev-gerecleri/548816349] page=4 +8 reviews (unique=32)
[2026-04-05T20:16:56.664Z] [INFO] [review banyo-ve-ev-gerecleri/581132618] page=7 +8 reviews (unique=56)
[2026-04-05T20:16:56.929Z] [INFO] [review banyo-ve-ev-gerecleri/681484564] page=25 +8 reviews (unique=200)
[2026-04-05T20:16:56.958Z] [INFO] [REVIEW PARTIAL SAVED] /mnt/c/Developer/Review_AI/scraper_project/raw_data/banyo-ve-ev-gerecleri/681484564_reviews.partial.json
[2026-04-05T20:16:56.968Z] [INFO] [review banyo-ve-ev-gerecleri/565628666] page=2 +8 reviews (unique=16)
[2026-04-05T20:16:56.985Z] [INFO] [review banyo-ve-ev-gerecleri/699461627] page=2 +8 reviews (unique=16)
[2026-04-05T20:16:57.055Z] [INFO] [review banyo-ve-ev-gerecleri/651655389] page=6 +8 reviews (unique=48)
[2026-04-05T20:16:57.313Z] [INFO] [review banyo-ve-ev-gerecleri/548816349] page=5 +8 reviews (unique=40)
[2026-04-05T20:16:57.340Z] [INFO] [REVIEW PARTIAL SAVED] /mnt/c/Developer/Review_AI/scraper_project/raw_data/banyo-ve-ev-gerecleri/548816349_reviews.partial.json
[2026-04-05T20:16:57.352Z] [INFO] [review banyo-ve-ev-gerecleri/581132618] page=8 +8 reviews (unique=64)
[2026-04-05T20:16:57.479Z] [INFO] 
[START REVIEW] category=banyo-ve-ev-gerecleri productId=729933265 startPage=1
[2026-04-05T20:16:57.609Z] [INFO] [review banyo-ve-ev-gerecleri/681484564] page=26 +8 reviews (unique=208)
[2026-04-05T20:16:57.707Z] [INFO] [review banyo-ve-ev-gerecleri/565628666] page=3 +8 reviews (unique=24)
[2026-04-05T20:16:57.748Z] [INFO] [review banyo-ve-ev-gerecleri/651655389] page=7 +8 reviews (unique=56)
[2026-04-05T20:16:57.775Z] [INFO] [review banyo-ve-ev-gerecleri/729933265] page=1 +4 reviews (unique=4)
[2026-04-05T20:16:57.823Z] [INFO] [REVIEW SAVED] /mnt/c/Developer/Review_AI/scraper_project/raw_data/banyo-ve-ev-gerecleri/729933265_reviews.json
[2026-04-05T20:16:57.857Z] [INFO] 
[START REVIEW] category=banyo-ve-ev-gerecleri productId=587285781 startPage=1
[2026-04-05T20:16:57.873Z] [INFO] [review banyo-ve-ev-gerecleri/699461627] page=3 +8 reviews (unique=24)
[2026-04-05T20:16:57.932Z] [INFO] 
[REVIEW WORKER 6] starting banyo-ve-ev-gerecleri/689811169
[2026-04-05T20:16:57.993Z] [INFO] [review banyo-ve-ev-gerecleri/581132618] page=9 +8 reviews (unique=72)
[2026-04-05T20:16:58.070Z] [INFO] [review banyo-ve-ev-gerecleri/548816349] page=6 +8 reviews (unique=48)
[2026-04-05T20:16:58.424Z] [INFO] [review banyo-ve-ev-gerecleri/681484564] page=27 +8 reviews (unique=216)
[2026-04-05T20:16:58.441Z] [INFO] [review banyo-ve-ev-gerecleri/651655389] page=8 +8 reviews (unique=64)
[2026-04-05T20:16:58.501Z] [INFO] [review banyo-ve-ev-gerecleri/565628666] page=4 +8 reviews (unique=32)
[2026-04-05T20:16:58.571Z] [INFO] [review banyo-ve-ev-gerecleri/699461627] page=4 +2 reviews (unique=26)
[2026-04-05T20:16:58.613Z] [INFO] [REVIEW SAVED] /mnt/c/Developer/Review_AI/scraper_project/raw_data/banyo-ve-ev-gerecleri/699461627_reviews.json
[2026-04-05T20:16:58.621Z] [INFO] [review banyo-ve-ev-gerecleri/587285781] page=1 +1 reviews (unique=1)
[2026-04-05T20:16:58.655Z] [INFO] [REVIEW SAVED] /mnt/c/Developer/Review_AI/scraper_project/raw_data/banyo-ve-ev-gerecleri/587285781_reviews.json
[2026-04-05T20:16:58.683Z] [INFO] 
[REVIEW WORKER 4] starting banyo-ve-ev-gerecleri/651364077
[2026-04-05T20:16:58.693Z] [INFO] 
[REVIEW WORKER 1] starting banyo-ve-ev-gerecleri/638886507
[2026-04-05T20:16:58.796Z] [INFO] [review banyo-ve-ev-gerecleri/581132618] page=10 +8 reviews (unique=80)
[2026-04-05T20:16:58.817Z] [INFO] [REVIEW PARTIAL SAVED] /mnt/c/Developer/Review_AI/scraper_project/raw_data/banyo-ve-ev-gerecleri/581132618_reviews.partial.json
[2026-04-05T20:16:58.826Z] [INFO] [review banyo-ve-ev-gerecleri/548816349] page=7 +8 reviews (unique=56)
[2026-04-05T20:16:59.073Z] [INFO] [review banyo-ve-ev-gerecleri/651655389] page=9 +8 reviews (unique=72)
[2026-04-05T20:16:59.083Z] [INFO] [review banyo-ve-ev-gerecleri/681484564] page=28 +3 reviews (unique=219)
[2026-04-05T20:16:59.107Z] [INFO] [REVIEW SAVED] /mnt/c/Developer/Review_AI/scraper_project/raw_data/banyo-ve-ev-gerecleri/681484564_reviews.json
[2026-04-05T20:16:59.134Z] [INFO] 
[REVIEW WORKER 7] starting banyo-ve-ev-gerecleri/733151468
[2026-04-05T20:16:59.200Z] [INFO] [review banyo-ve-ev-gerecleri/565628666] page=5 +8 reviews (unique=40)
[2026-04-05T20:16:59.217Z] [INFO] [REVIEW PARTIAL SAVED] /mnt/c/Developer/Review_AI/scraper_project/raw_data/banyo-ve-ev-gerecleri/565628666_reviews.partial.json
[2026-04-05T20:16:59.469Z] [INFO] 
[START REVIEW] category=banyo-ve-ev-gerecleri productId=648649042 startPage=1
[2026-04-05T20:16:59.487Z] [INFO] [review banyo-ve-ev-gerecleri/581132618] page=11 +8 reviews (unique=88)
[2026-04-05T20:16:59.494Z] [INFO] [review banyo-ve-ev-gerecleri/548816349] page=8 +8 reviews (unique=64)
[2026-04-05T20:16:59.674Z] [INFO] [review banyo-ve-ev-gerecleri/651655389] page=10 +1 reviews (unique=73)
[2026-04-05T20:16:59.680Z] [INFO] [REVIEW PARTIAL SAVED] /mnt/c/Developer/Review_AI/scraper_project/raw_data/banyo-ve-ev-gerecleri/651655389_reviews.partial.json
[2026-04-05T20:16:59.694Z] [INFO] [REVIEW SAVED] /mnt/c/Developer/Review_AI/scraper_project/raw_data/banyo-ve-ev-gerecleri/651655389_reviews.json
[2026-04-05T20:16:59.705Z] [INFO] [review banyo-ve-ev-gerecleri/648649042] page=1 +6 reviews (unique=6)
[2026-04-05T20:16:59.728Z] [INFO] [REVIEW SAVED] /mnt/c/Developer/Review_AI/scraper_project/raw_data/banyo-ve-ev-gerecleri/648649042_reviews.json
[2026-04-05T20:16:59.735Z] [INFO] 
[REVIEW WORKER 10] starting banyo-ve-ev-gerecleri/717914133
[2026-04-05T20:16:59.753Z] [INFO] 
[REVIEW WORKER 2] starting banyo-ve-ev-gerecleri/653316112
[2026-04-05T20:16:59.900Z] [INFO] [review banyo-ve-ev-gerecleri/565628666] page=6 +8 reviews (unique=48)
[2026-04-05T20:17:00.098Z] [INFO] [review banyo-ve-ev-gerecleri/581132618] page=12 +8 reviews (unique=96)
[2026-04-05T20:17:00.175Z] [INFO] [review banyo-ve-ev-gerecleri/548816349] page=9 +8 reviews (unique=72)
[2026-04-05T20:17:00.566Z] [INFO] [review banyo-ve-ev-gerecleri/565628666] page=7 +8 reviews (unique=56)
[2026-04-05T20:17:00.797Z] [INFO] [review banyo-ve-ev-gerecleri/581132618] page=13 +8 reviews (unique=104)
[2026-04-05T20:17:00.849Z] [INFO] [review banyo-ve-ev-gerecleri/548816349] page=10 +8 reviews (unique=80)
[2026-04-05T20:17:00.862Z] [INFO] [REVIEW PARTIAL SAVED] /mnt/c/Developer/Review_AI/scraper_project/raw_data/banyo-ve-ev-gerecleri/548816349_reviews.partial.json
[2026-04-05T20:17:01.355Z] [INFO] [review banyo-ve-ev-gerecleri/565628666] page=8 +8 reviews (unique=64)
[2026-04-05T20:17:01.987Z] [INFO] [review banyo-ve-ev-gerecleri/581132618] page=14 +8 reviews (unique=112)
[2026-04-05T20:17:02.015Z] [INFO] [review banyo-ve-ev-gerecleri/548816349] page=11 +6 reviews (unique=86)
[2026-04-05T20:17:02.044Z] [INFO] [REVIEW SAVED] /mnt/c/Developer/Review_AI/scraper_project/raw_data/banyo-ve-ev-gerecleri/548816349_reviews.json
[2026-04-05T20:17:02.080Z] [INFO] 
[REVIEW WORKER 9] starting banyo-ve-ev-gerecleri/555584703
[2026-04-05T20:17:02.190Z] [INFO] [review banyo-ve-ev-gerecleri/565628666] page=9 +8 reviews (unique=72)
[2026-04-05T20:17:02.244Z] [INFO] 
[START REVIEW] category=banyo-ve-ev-gerecleri productId=689811169 startPage=1
[2026-04-05T20:17:02.626Z] [INFO] 
[START REVIEW] category=banyo-ve-ev-gerecleri productId=651364077 startPage=1
[2026-04-05T20:17:02.755Z] [INFO] [review banyo-ve-ev-gerecleri/581132618] page=15 +8 reviews (unique=120)
[2026-04-05T20:17:02.913Z] [INFO] [REVIEW PARTIAL SAVED] /mnt/c/Developer/Review_AI/scraper_project/raw_data/banyo-ve-ev-gerecleri/581132618_reviews.partial.json
[2026-04-05T20:17:02.932Z] [INFO] [review banyo-ve-ev-gerecleri/565628666] page=10 +8 reviews (unique=80)
[2026-04-05T20:17:02.955Z] [INFO] [REVIEW PARTIAL SAVED] /mnt/c/Developer/Review_AI/scraper_project/raw_data/banyo-ve-ev-gerecleri/565628666_reviews.partial.json
[2026-04-05T20:17:02.962Z] [INFO] [review banyo-ve-ev-gerecleri/651364077] page=1 +8 reviews (unique=8)
[2026-04-05T20:17:03.396Z] [INFO] [review banyo-ve-ev-gerecleri/689811169] page=1 +0 reviews (unique=0)
[2026-04-05T20:17:03.428Z] [INFO] [REVIEW SAVED] /mnt/c/Developer/Review_AI/scraper_project/raw_data/banyo-ve-ev-gerecleri/689811169_reviews.json
[2026-04-05T20:17:03.452Z] [INFO] 
[REVIEW WORKER 6] starting banyo-ve-ev-gerecleri/679375645
[2026-04-05T20:17:03.468Z] [INFO] 
[START REVIEW] category=banyo-ve-ev-gerecleri productId=733151468 startPage=1
[2026-04-05T20:17:03.566Z] [INFO] [review banyo-ve-ev-gerecleri/581132618] page=16 +8 reviews (unique=128)
[2026-04-05T20:17:03.669Z] [INFO] [review banyo-ve-ev-gerecleri/565628666] page=11 +8 reviews (unique=88)
[2026-04-05T20:17:03.698Z] [INFO] [review banyo-ve-ev-gerecleri/651364077] page=2 +8 reviews (unique=16)
[2026-04-05T20:17:03.760Z] [INFO] 
[START REVIEW] category=banyo-ve-ev-gerecleri productId=638886507 startPage=1
[2026-04-05T20:17:04.046Z] [INFO] [review banyo-ve-ev-gerecleri/638886507] page=1 +8 reviews (unique=8)
[2026-04-05T20:17:04.420Z] [INFO] 
[START REVIEW] category=banyo-ve-ev-gerecleri productId=653316112 startPage=1
[2026-04-05T20:17:04.449Z] [INFO] 
[START REVIEW] category=banyo-ve-ev-gerecleri productId=717914133 startPage=1
[2026-04-05T20:17:04.528Z] [INFO] [review banyo-ve-ev-gerecleri/581132618] page=17 +8 reviews (unique=136)
[2026-04-05T20:17:04.552Z] [INFO] [review banyo-ve-ev-gerecleri/651364077] page=3 +8 reviews (unique=24)
[2026-04-05T20:17:04.570Z] [INFO] [review banyo-ve-ev-gerecleri/565628666] page=12 +8 reviews (unique=96)
[2026-04-05T20:17:04.788Z] [INFO] [review banyo-ve-ev-gerecleri/653316112] page=1 +8 reviews (unique=8)
[2026-04-05T20:17:04.846Z] [INFO] [review banyo-ve-ev-gerecleri/717914133] page=1 +4 reviews (unique=4)
[2026-04-05T20:17:04.947Z] [INFO] [REVIEW SAVED] /mnt/c/Developer/Review_AI/scraper_project/raw_data/banyo-ve-ev-gerecleri/717914133_reviews.json
[2026-04-05T20:17:04.993Z] [INFO] [review banyo-ve-ev-gerecleri/638886507] page=2 +6 reviews (unique=14)
[2026-04-05T20:17:05.120Z] [INFO] [REVIEW SAVED] /mnt/c/Developer/Review_AI/scraper_project/raw_data/banyo-ve-ev-gerecleri/638886507_reviews.json
[2026-04-05T20:17:05.246Z] [INFO] 
[REVIEW WORKER 10] starting banyo-ve-ev-gerecleri/639968609
[2026-04-05T20:17:05.616Z] [INFO] 
[REVIEW WORKER 1] starting banyo-ve-ev-gerecleri/514519660
[2026-04-05T20:17:05.686Z] [INFO] [review banyo-ve-ev-gerecleri/565628666] page=13 +8 reviews (unique=104)
[2026-04-05T20:17:05.764Z] [INFO] [review banyo-ve-ev-gerecleri/581132618] page=18 +8 reviews (unique=144)
[2026-04-05T20:17:05.818Z] [INFO] [review banyo-ve-ev-gerecleri/651364077] page=4 +8 reviews (unique=32)
[2026-04-05T20:17:05.909Z] [INFO] [review banyo-ve-ev-gerecleri/733151468] page=1 +8 reviews (unique=8)
[2026-04-05T20:17:06.413Z] [INFO] [review banyo-ve-ev-gerecleri/565628666] page=14 +8 reviews (unique=112)
[2026-04-05T20:17:06.453Z] [INFO] [review banyo-ve-ev-gerecleri/653316112] page=2 +8 reviews (unique=16)
[2026-04-05T20:17:06.502Z] [INFO] [review banyo-ve-ev-gerecleri/651364077] page=5 +8 reviews (unique=40)
[2026-04-05T20:17:06.535Z] [INFO] [REVIEW PARTIAL SAVED] /mnt/c/Developer/Review_AI/scraper_project/raw_data/banyo-ve-ev-gerecleri/651364077_reviews.partial.json
[2026-04-05T20:17:06.581Z] [INFO] [review banyo-ve-ev-gerecleri/581132618] page=19 +8 reviews (unique=152)
[2026-04-05T20:17:06.603Z] [INFO] [review banyo-ve-ev-gerecleri/733151468] page=2 +8 reviews (unique=16)
[2026-04-05T20:17:07.050Z] [INFO] 
[START REVIEW] category=banyo-ve-ev-gerecleri productId=555584703 startPage=1
[2026-04-05T20:17:07.095Z] [INFO] [review banyo-ve-ev-gerecleri/565628666] page=15 +8 reviews (unique=120)
[2026-04-05T20:17:07.120Z] [INFO] [REVIEW PARTIAL SAVED] /mnt/c/Developer/Review_AI/scraper_project/raw_data/banyo-ve-ev-gerecleri/565628666_reviews.partial.json
[2026-04-05T20:17:07.234Z] [INFO] [review banyo-ve-ev-gerecleri/653316112] page=3 +8 reviews (unique=24)
[2026-04-05T20:17:07.255Z] [INFO] [review banyo-ve-ev-gerecleri/733151468] page=3 +7 reviews (unique=23)
[2026-04-05T20:17:07.286Z] [INFO] [REVIEW SAVED] /mnt/c/Developer/Review_AI/scraper_project/raw_data/banyo-ve-ev-gerecleri/733151468_reviews.json
[2026-04-05T20:17:07.299Z] [INFO] [review banyo-ve-ev-gerecleri/581132618] page=20 +8 reviews (unique=160)
[2026-04-05T20:17:07.319Z] [INFO] [REVIEW PARTIAL SAVED] /mnt/c/Developer/Review_AI/scraper_project/raw_data/banyo-ve-ev-gerecleri/581132618_reviews.partial.json
[2026-04-05T20:17:07.334Z] [INFO] [review banyo-ve-ev-gerecleri/555584703] page=1 +0 reviews (unique=0)
[2026-04-05T20:17:07.366Z] [INFO] [REVIEW SAVED] /mnt/c/Developer/Review_AI/scraper_project/raw_data/banyo-ve-ev-gerecleri/555584703_reviews.json
[2026-04-05T20:17:07.370Z] [INFO] [review banyo-ve-ev-gerecleri/651364077] page=6 +8 reviews (unique=48)
[2026-04-05T20:17:07.390Z] [INFO] 
[REVIEW WORKER 7] starting banyo-ve-ev-gerecleri/646570095
[2026-04-05T20:17:07.413Z] [INFO] 
[REVIEW WORKER 9] starting banyo-ve-ev-gerecleri/674219145
[2026-04-05T20:17:07.792Z] [INFO] [review banyo-ve-ev-gerecleri/565628666] page=16 +8 reviews (unique=128)
[2026-04-05T20:17:07.847Z] [INFO] [review banyo-ve-ev-gerecleri/653316112] page=4 +8 reviews (unique=32)
[2026-04-05T20:17:07.988Z] [INFO] [review banyo-ve-ev-gerecleri/651364077] page=7 +8 reviews (unique=56)
[2026-04-05T20:17:08.058Z] [INFO] [review banyo-ve-ev-gerecleri/581132618] page=21 +8 reviews (unique=168)
[2026-04-05T20:17:08.438Z] [INFO] [review banyo-ve-ev-gerecleri/565628666] page=17 +8 reviews (unique=136)
[2026-04-05T20:17:08.467Z] [INFO] [review banyo-ve-ev-gerecleri/653316112] page=5 +8 reviews (unique=40)
[2026-04-05T20:17:08.481Z] [INFO] [REVIEW PARTIAL SAVED] /mnt/c/Developer/Review_AI/scraper_project/raw_data/banyo-ve-ev-gerecleri/653316112_reviews.partial.json
[2026-04-05T20:17:08.673Z] [INFO] 
[START REVIEW] category=banyo-ve-ev-gerecleri productId=679375645 startPage=1
[2026-04-05T20:17:08.760Z] [INFO] [review banyo-ve-ev-gerecleri/581132618] page=22 +8 reviews (unique=176)
[2026-04-05T20:17:08.815Z] [INFO] [review banyo-ve-ev-gerecleri/651364077] page=8 +8 reviews (unique=64)
[2026-04-05T20:17:09.190Z] [INFO] [review banyo-ve-ev-gerecleri/679375645] page=1 +0 reviews (unique=0)
[2026-04-05T20:17:09.212Z] [INFO] [REVIEW SAVED] /mnt/c/Developer/Review_AI/scraper_project/raw_data/banyo-ve-ev-gerecleri/679375645_reviews.json
[2026-04-05T20:17:09.244Z] [INFO] 
[REVIEW WORKER 6] starting banyo-ve-ev-gerecleri/445216175
[2026-04-05T20:17:09.398Z] [INFO] [review banyo-ve-ev-gerecleri/565628666] page=18 +8 reviews (unique=144)
[2026-04-05T20:17:09.411Z] [INFO] [review banyo-ve-ev-gerecleri/653316112] page=6 +8 reviews (unique=48)
[2026-04-05T20:17:09.461Z] [INFO] [review banyo-ve-ev-gerecleri/581132618] page=23 +8 reviews (unique=184)
[2026-04-05T20:17:09.730Z] [INFO] [review banyo-ve-ev-gerecleri/651364077] page=9 +8 reviews (unique=72)
[2026-04-05T20:17:10.010Z] [INFO] 
[START REVIEW] category=banyo-ve-ev-gerecleri productId=639968609 startPage=1
[2026-04-05T20:17:10.054Z] [INFO] [review banyo-ve-ev-gerecleri/565628666] page=19 +8 reviews (unique=152)
[2026-04-05T20:17:10.079Z] [INFO] [review banyo-ve-ev-gerecleri/581132618] page=24 +8 reviews (unique=192)
[2026-04-05T20:17:10.159Z] [INFO] [review banyo-ve-ev-gerecleri/653316112] page=7 +6 reviews (unique=54)
[2026-04-05T20:17:10.190Z] [INFO] [REVIEW SAVED] /mnt/c/Developer/Review_AI/scraper_project/raw_data/banyo-ve-ev-gerecleri/653316112_reviews.json
[2026-04-05T20:17:10.211Z] [INFO] 
[REVIEW WORKER 2] starting banyo-ve-ev-gerecleri/636466248
[2026-04-05T20:17:10.276Z] [INFO] [review banyo-ve-ev-gerecleri/639968609] page=1 +0 reviews (unique=0)
[2026-04-05T20:17:10.320Z] [INFO] [REVIEW SAVED] /mnt/c/Developer/Review_AI/scraper_project/raw_data/banyo-ve-ev-gerecleri/639968609_reviews.json
[2026-04-05T20:17:10.335Z] [INFO] 
[REVIEW WORKER 10] starting banyo-ve-ev-gerecleri/679375639
[2026-04-05T20:17:10.448Z] [INFO] [review banyo-ve-ev-gerecleri/651364077] page=10 +8 reviews (unique=80)
[2026-04-05T20:17:10.457Z] [INFO] [REVIEW PARTIAL SAVED] /mnt/c/Developer/Review_AI/scraper_project/raw_data/banyo-ve-ev-gerecleri/651364077_reviews.partial.json
[2026-04-05T20:17:10.644Z] [INFO] [review banyo-ve-ev-gerecleri/565628666] page=20 +4 reviews (unique=156)
[2026-04-05T20:17:10.658Z] [INFO] [REVIEW PARTIAL SAVED] /mnt/c/Developer/Review_AI/scraper_project/raw_data/banyo-ve-ev-gerecleri/565628666_reviews.partial.json
[2026-04-05T20:17:10.686Z] [INFO] [REVIEW SAVED] /mnt/c/Developer/Review_AI/scraper_project/raw_data/banyo-ve-ev-gerecleri/565628666_reviews.json
[2026-04-05T20:17:10.717Z] [INFO] 
[REVIEW WORKER 8] starting banyo-ve-ev-gerecleri/732465441
[2026-04-05T20:17:10.789Z] [INFO] [review banyo-ve-ev-gerecleri/581132618] page=25 +8 reviews (unique=200)
[2026-04-05T20:17:10.814Z] [INFO] [REVIEW PARTIAL SAVED] /mnt/c/Developer/Review_AI/scraper_project/raw_data/banyo-ve-ev-gerecleri/581132618_reviews.partial.json
[2026-04-05T20:17:10.888Z] [INFO] 
[START REVIEW] category=banyo-ve-ev-gerecleri productId=514519660 startPage=1
[2026-04-05T20:17:11.154Z] [INFO] [review banyo-ve-ev-gerecleri/514519660] page=1 +8 reviews (unique=8)
[2026-04-05T20:17:11.188Z] [INFO] [REVIEW SAVED] /mnt/c/Developer/Review_AI/scraper_project/raw_data/banyo-ve-ev-gerecleri/514519660_reviews.json
[2026-04-05T20:17:11.217Z] [INFO] 
[REVIEW WORKER 1] starting banyo-ve-ev-gerecleri/729936780
[2026-04-05T20:17:11.392Z] [INFO] [review banyo-ve-ev-gerecleri/651364077] page=11 +8 reviews (unique=88)
[2026-04-05T20:17:11.579Z] [INFO] [review banyo-ve-ev-gerecleri/581132618] page=26 +8 reviews (unique=208)
[2026-04-05T20:17:12.129Z] [INFO] [review banyo-ve-ev-gerecleri/651364077] page=12 +8 reviews (unique=96)
[2026-04-05T20:17:12.297Z] [INFO] 
[START REVIEW] category=banyo-ve-ev-gerecleri productId=646570095 startPage=1
[2026-04-05T20:17:12.318Z] [INFO] [review banyo-ve-ev-gerecleri/581132618] page=27 +8 reviews (unique=216)
[2026-04-05T20:17:12.886Z] [INFO] 
[START REVIEW] category=banyo-ve-ev-gerecleri productId=674219145 startPage=1
[2026-04-05T20:17:12.972Z] [INFO] [review banyo-ve-ev-gerecleri/651364077] page=13 +8 reviews (unique=104)
[2026-04-05T20:17:13.417Z] [INFO] [review banyo-ve-ev-gerecleri/674219145] page=1 +1 reviews (unique=1)
[2026-04-05T20:17:13.545Z] [INFO] [REVIEW SAVED] /mnt/c/Developer/Review_AI/scraper_project/raw_data/banyo-ve-ev-gerecleri/674219145_reviews.json
[2026-04-05T20:17:13.580Z] [INFO] [review banyo-ve-ev-gerecleri/581132618] page=28 +8 reviews (unique=224)
[2026-04-05T20:17:13.741Z] [INFO] 
[REVIEW WORKER 9] starting banyo-ve-ev-gerecleri/650593258
[2026-04-05T20:17:14.207Z] [INFO] [review banyo-ve-ev-gerecleri/651364077] page=14 +8 reviews (unique=112)
[2026-04-05T20:17:14.439Z] [INFO] [review banyo-ve-ev-gerecleri/646570095] page=1 +8 reviews (unique=8)
[2026-04-05T20:17:14.690Z] [INFO] [review banyo-ve-ev-gerecleri/581132618] page=29 +8 reviews (unique=232)
[2026-04-05T20:17:14.907Z] [INFO] 
[START REVIEW] category=banyo-ve-ev-gerecleri productId=445216175 startPage=1
[2026-04-05T20:17:14.935Z] [INFO] 
[START REVIEW] category=banyo-ve-ev-gerecleri productId=636466248 startPage=1
[2026-04-05T20:17:15.131Z] [INFO] [review banyo-ve-ev-gerecleri/651364077] page=15 +8 reviews (unique=120)
[2026-04-05T20:17:15.164Z] [INFO] [REVIEW PARTIAL SAVED] /mnt/c/Developer/Review_AI/scraper_project/raw_data/banyo-ve-ev-gerecleri/651364077_reviews.partial.json
[2026-04-05T20:17:15.267Z] [INFO] [review banyo-ve-ev-gerecleri/445216175] page=1 +8 reviews (unique=8)
[2026-04-05T20:17:15.294Z] [INFO] [review banyo-ve-ev-gerecleri/646570095] page=2 +8 reviews (unique=16)
[2026-04-05T20:17:15.493Z] [INFO] [review banyo-ve-ev-gerecleri/581132618] page=30 +8 reviews (unique=240)
[2026-04-05T20:17:15.516Z] [INFO] [REVIEW PARTIAL SAVED] /mnt/c/Developer/Review_AI/scraper_project/raw_data/banyo-ve-ev-gerecleri/581132618_reviews.partial.json
[2026-04-05T20:17:15.530Z] [INFO] [review banyo-ve-ev-gerecleri/636466248] page=1 +8 reviews (unique=8)
[2026-04-05T20:17:15.844Z] [INFO] [review banyo-ve-ev-gerecleri/651364077] page=16 +1 reviews (unique=121)
[2026-04-05T20:17:15.869Z] [INFO] [REVIEW SAVED] /mnt/c/Developer/Review_AI/scraper_project/raw_data/banyo-ve-ev-gerecleri/651364077_reviews.json
[2026-04-05T20:17:15.900Z] [INFO] 
[REVIEW WORKER 4] starting banyo-ve-ev-gerecleri/562695609
[2026-04-05T20:17:15.917Z] [INFO] [review banyo-ve-ev-gerecleri/445216175] page=2 +5 reviews (unique=13)
[2026-04-05T20:17:15.940Z] [INFO] [REVIEW SAVED] /mnt/c/Developer/Review_AI/scraper_project/raw_data/banyo-ve-ev-gerecleri/445216175_reviews.json
[2026-04-05T20:17:15.968Z] [INFO] 
[REVIEW WORKER 6] starting banyo-ve-ev-gerecleri/566401750
[2026-04-05T20:17:16.054Z] [INFO] [review banyo-ve-ev-gerecleri/646570095] page=3 +8 reviews (unique=24)
[2026-04-05T20:17:16.187Z] [INFO] 
[START REVIEW] category=banyo-ve-ev-gerecleri productId=732465441 startPage=1
[2026-04-05T20:17:16.195Z] [INFO] 
[START REVIEW] category=banyo-ve-ev-gerecleri productId=679375639 startPage=1
[2026-04-05T20:17:16.225Z] [INFO] [review banyo-ve-ev-gerecleri/581132618] page=31 +8 reviews (unique=248)
[2026-04-05T20:17:16.477Z] [INFO] [review banyo-ve-ev-gerecleri/636466248] page=2 +8 reviews (unique=16)
[2026-04-05T20:17:16.510Z] [INFO] 
[START REVIEW] category=banyo-ve-ev-gerecleri productId=729936780 startPage=1
[2026-04-05T20:17:16.670Z] [INFO] [review banyo-ve-ev-gerecleri/679375639] page=1 +1 reviews (unique=1)
[2026-04-05T20:17:16.693Z] [INFO] [REVIEW SAVED] /mnt/c/Developer/Review_AI/scraper_project/raw_data/banyo-ve-ev-gerecleri/679375639_reviews.json
[2026-04-05T20:17:16.702Z] [INFO] [review banyo-ve-ev-gerecleri/732465441] page=1 +3 reviews (unique=3)
[2026-04-05T20:17:16.720Z] [INFO] [REVIEW SAVED] /mnt/c/Developer/Review_AI/scraper_project/raw_data/banyo-ve-ev-gerecleri/732465441_reviews.json
[2026-04-05T20:17:16.751Z] [INFO] 
[REVIEW WORKER 10] starting banyo-ve-ev-gerecleri/731233505
[2026-04-05T20:17:16.765Z] [INFO] 
[REVIEW WORKER 8] starting banyo-ve-ev-gerecleri/321779771
[2026-04-05T20:17:16.889Z] [INFO] [review banyo-ve-ev-gerecleri/729936780] page=1 +3 reviews (unique=3)
[2026-04-05T20:17:16.920Z] [INFO] [REVIEW SAVED] /mnt/c/Developer/Review_AI/scraper_project/raw_data/banyo-ve-ev-gerecleri/729936780_reviews.json
[2026-04-05T20:17:16.936Z] [INFO] [review banyo-ve-ev-gerecleri/646570095] page=4 +1 reviews (unique=25)
[2026-04-05T20:17:16.961Z] [INFO] [REVIEW SAVED] /mnt/c/Developer/Review_AI/scraper_project/raw_data/banyo-ve-ev-gerecleri/646570095_reviews.json
[2026-04-05T20:17:16.991Z] [INFO] 
[REVIEW WORKER 1] starting banyo-ve-ev-gerecleri/560268316
[2026-04-05T20:17:17.134Z] [INFO] 
[REVIEW WORKER 7] starting banyo-ve-ev-gerecleri/646424829
[2026-04-05T20:17:17.155Z] [INFO] [review banyo-ve-ev-gerecleri/581132618] page=32 +8 reviews (unique=256)
[2026-04-05T20:17:17.265Z] [INFO] [review banyo-ve-ev-gerecleri/636466248] page=3 +8 reviews (unique=24)
[2026-04-05T20:17:17.802Z] [INFO] [review banyo-ve-ev-gerecleri/581132618] page=33 +8 reviews (unique=264)
[2026-04-05T20:17:17.936Z] [INFO] [review banyo-ve-ev-gerecleri/636466248] page=4 +8 reviews (unique=32)
[2026-04-05T20:17:18.404Z] [INFO] 
[START REVIEW] category=banyo-ve-ev-gerecleri productId=650593258 startPage=1
[2026-04-05T20:17:18.513Z] [INFO] [review banyo-ve-ev-gerecleri/581132618] page=34 +8 reviews (unique=272)
[2026-04-05T20:17:18.636Z] [INFO] [review banyo-ve-ev-gerecleri/650593258] page=1 +1 reviews (unique=1)
[2026-04-05T20:17:18.676Z] [INFO] [REVIEW SAVED] /mnt/c/Developer/Review_AI/scraper_project/raw_data/banyo-ve-ev-gerecleri/650593258_reviews.json
[2026-04-05T20:17:18.710Z] [INFO] 
[REVIEW WORKER 9] starting banyo-ve-ev-gerecleri/711072285
[2026-04-05T20:17:18.744Z] [INFO] [review banyo-ve-ev-gerecleri/636466248] page=5 +8 reviews (unique=40)
[2026-04-05T20:17:18.771Z] [INFO] [REVIEW PARTIAL SAVED] /mnt/c/Developer/Review_AI/scraper_project/raw_data/banyo-ve-ev-gerecleri/636466248_reviews.partial.json
[2026-04-05T20:17:19.295Z] [INFO] [review banyo-ve-ev-gerecleri/581132618] page=35 +8 reviews (unique=280)
[2026-04-05T20:17:19.363Z] [INFO] [REVIEW PARTIAL SAVED] /mnt/c/Developer/Review_AI/scraper_project/raw_data/banyo-ve-ev-gerecleri/581132618_reviews.partial.json
[2026-04-05T20:17:19.916Z] [INFO] [review banyo-ve-ev-gerecleri/636466248] page=6 +2 reviews (unique=42)
[2026-04-05T20:17:20.139Z] [INFO] [REVIEW SAVED] /mnt/c/Developer/Review_AI/scraper_project/raw_data/banyo-ve-ev-gerecleri/636466248_reviews.json
[2026-04-05T20:17:20.271Z] [INFO] 
[REVIEW WORKER 2] starting banyo-ve-ev-gerecleri/153322883
[2026-04-05T20:17:20.467Z] [INFO] [review banyo-ve-ev-gerecleri/581132618] page=36 +8 reviews (unique=288)
[2026-04-05T20:17:20.666Z] [INFO] 
[START REVIEW] category=banyo-ve-ev-gerecleri productId=566401750 startPage=1
[2026-04-05T20:17:20.707Z] [INFO] 
[START REVIEW] category=banyo-ve-ev-gerecleri productId=562695609 startPage=1
[2026-04-05T20:17:21.295Z] [INFO] [review banyo-ve-ev-gerecleri/566401750] page=1 +2 reviews (unique=2)
[2026-04-05T20:17:21.322Z] [INFO] [REVIEW SAVED] /mnt/c/Developer/Review_AI/scraper_project/raw_data/banyo-ve-ev-gerecleri/566401750_reviews.json
[2026-04-05T20:17:21.356Z] [INFO] 
[REVIEW WORKER 6] starting banyo-ve-ev-gerecleri/442725603
[2026-04-05T20:17:21.398Z] [INFO] [review banyo-ve-ev-gerecleri/562695609] page=1 +0 reviews (unique=0)
[2026-04-05T20:17:21.437Z] [INFO] [REVIEW SAVED] /mnt/c/Developer/Review_AI/scraper_project/raw_data/banyo-ve-ev-gerecleri/562695609_reviews.json
[2026-04-05T20:17:21.462Z] [INFO] [review banyo-ve-ev-gerecleri/581132618] page=37 +8 reviews (unique=296)
[2026-04-05T20:17:21.492Z] [INFO] 
[REVIEW WORKER 4] starting banyo-ve-ev-gerecleri/655590064
[2026-04-05T20:17:21.848Z] [INFO] 
[START REVIEW] category=banyo-ve-ev-gerecleri productId=731233505 startPage=1
[2026-04-05T20:17:22.187Z] [INFO] 
[START REVIEW] category=banyo-ve-ev-gerecleri productId=321779771 startPage=1
[2026-04-05T20:17:22.195Z] [INFO] [review banyo-ve-ev-gerecleri/581132618] page=38 +8 reviews (unique=304)
[2026-04-05T20:17:22.283Z] [INFO] [review banyo-ve-ev-gerecleri/731233505] page=1 +4 reviews (unique=4)
[2026-04-05T20:17:22.307Z] [INFO] [REVIEW SAVED] /mnt/c/Developer/Review_AI/scraper_project/raw_data/banyo-ve-ev-gerecleri/731233505_reviews.json
[2026-04-05T20:17:22.354Z] [INFO] 
[REVIEW WORKER 10] starting banyo-ve-ev-gerecleri/723934403
[2026-04-05T20:17:22.627Z] [INFO] [review banyo-ve-ev-gerecleri/321779771] page=1 +8 reviews (unique=8)
[2026-04-05T20:17:22.678Z] [INFO] 
[START REVIEW] category=banyo-ve-ev-gerecleri productId=560268316 startPage=1
[2026-04-05T20:17:22.703Z] [INFO] 
[START REVIEW] category=banyo-ve-ev-gerecleri productId=646424829 startPage=1
[2026-04-05T20:17:22.935Z] [INFO] [review banyo-ve-ev-gerecleri/581132618] page=39 +8 reviews (unique=312)
[2026-04-05T20:17:22.959Z] [INFO] [review banyo-ve-ev-gerecleri/646424829] page=1 +8 reviews (unique=8)
[2026-04-05T20:17:23.019Z] [INFO] [review banyo-ve-ev-gerecleri/560268316] page=1 +6 reviews (unique=6)
[2026-04-05T20:17:23.055Z] [INFO] [REVIEW SAVED] /mnt/c/Developer/Review_AI/scraper_project/raw_data/banyo-ve-ev-gerecleri/560268316_reviews.json
[2026-04-05T20:17:23.101Z] [INFO] 
[REVIEW WORKER 1] starting banyo-ve-ev-gerecleri/720018959
[2026-04-05T20:17:23.276Z] [INFO] [review banyo-ve-ev-gerecleri/321779771] page=2 +8 reviews (unique=16)
[2026-04-05T20:17:23.679Z] [INFO] [review banyo-ve-ev-gerecleri/646424829] page=2 +4 reviews (unique=12)
[2026-04-05T20:17:23.699Z] [INFO] [REVIEW SAVED] /mnt/c/Developer/Review_AI/scraper_project/raw_data/banyo-ve-ev-gerecleri/646424829_reviews.json
[2026-04-05T20:17:23.709Z] [INFO] [review banyo-ve-ev-gerecleri/581132618] page=40 +8 reviews (unique=320)
[2026-04-05T20:17:23.726Z] [INFO] [REVIEW PARTIAL SAVED] /mnt/c/Developer/Review_AI/scraper_project/raw_data/banyo-ve-ev-gerecleri/581132618_reviews.partial.json
[2026-04-05T20:17:23.754Z] [INFO] 
[REVIEW WORKER 7] starting banyo-ve-ev-gerecleri/725848779
[2026-04-05T20:17:24.025Z] [INFO] 
[START REVIEW] category=banyo-ve-ev-gerecleri productId=711072285 startPage=1
[2026-04-05T20:17:24.077Z] [INFO] [review banyo-ve-ev-gerecleri/321779771] page=3 +8 reviews (unique=24)
[2026-04-05T20:17:24.406Z] [INFO] [review banyo-ve-ev-gerecleri/711072285] page=1 +0 reviews (unique=0)
[2026-04-05T20:17:24.421Z] [INFO] [REVIEW SAVED] /mnt/c/Developer/Review_AI/scraper_project/raw_data/banyo-ve-ev-gerecleri/711072285_reviews.json
[2026-04-05T20:17:24.445Z] [INFO] 
[REVIEW WORKER 9] starting banyo-ve-ev-gerecleri/680757979
[2026-04-05T20:17:24.725Z] [INFO] [review banyo-ve-ev-gerecleri/581132618] page=41 +1 reviews (unique=321)
[2026-04-05T20:17:24.758Z] [INFO] [REVIEW SAVED] /mnt/c/Developer/Review_AI/scraper_project/raw_data/banyo-ve-ev-gerecleri/581132618_reviews.json
[2026-04-05T20:17:24.788Z] [INFO] 
[REVIEW WORKER 3] starting banyo-ve-ev-gerecleri/737762803
[2026-04-05T20:17:24.810Z] [INFO] 
[START REVIEW] category=banyo-ve-ev-gerecleri productId=153322883 startPage=1
[2026-04-05T20:17:25.009Z] [INFO] [review banyo-ve-ev-gerecleri/321779771] page=4 +8 reviews (unique=32)
[2026-04-05T20:17:25.242Z] [INFO] [review banyo-ve-ev-gerecleri/153322883] page=1 +8 reviews (unique=8)
[2026-04-05T20:17:25.534Z] [INFO] 
[START REVIEW] category=banyo-ve-ev-gerecleri productId=655590064 startPage=1
[2026-04-05T20:17:25.564Z] [INFO] 
[START REVIEW] category=banyo-ve-ev-gerecleri productId=442725603 startPage=1
[2026-04-05T20:17:25.677Z] [INFO] [review banyo-ve-ev-gerecleri/321779771] page=5 +8 reviews (unique=40)
[2026-04-05T20:17:25.706Z] [INFO] [REVIEW PARTIAL SAVED] /mnt/c/Developer/Review_AI/scraper_project/raw_data/banyo-ve-ev-gerecleri/321779771_reviews.partial.json
[2026-04-05T20:17:25.985Z] [INFO] [review banyo-ve-ev-gerecleri/153322883] page=2 +8 reviews (unique=16)
[2026-04-05T20:17:26.030Z] [INFO] [review banyo-ve-ev-gerecleri/655590064] page=1 +3 reviews (unique=3)
[2026-04-05T20:17:26.114Z] [INFO] [REVIEW SAVED] /mnt/c/Developer/Review_AI/scraper_project/raw_data/banyo-ve-ev-gerecleri/655590064_reviews.json
[2026-04-05T20:17:26.195Z] [INFO] 
[REVIEW WORKER 4] starting banyo-ve-ev-gerecleri/589787245
[2026-04-05T20:17:26.394Z] [INFO] [review banyo-ve-ev-gerecleri/442725603] page=1 +8 reviews (unique=8)
[2026-04-05T20:17:26.625Z] [INFO] [review banyo-ve-ev-gerecleri/321779771] page=6 +8 reviews (unique=48)
[2026-04-05T20:17:26.901Z] [INFO] [review banyo-ve-ev-gerecleri/153322883] page=3 +4 reviews (unique=20)
[2026-04-05T20:17:27.000Z] [INFO] [REVIEW SAVED] /mnt/c/Developer/Review_AI/scraper_project/raw_data/banyo-ve-ev-gerecleri/153322883_reviews.json
[2026-04-05T20:17:27.058Z] [INFO] 
[REVIEW WORKER 2] starting banyo-ve-ev-gerecleri/555575635
[2026-04-05T20:17:27.183Z] [INFO] [review banyo-ve-ev-gerecleri/442725603] page=2 +3 reviews (unique=11)
[2026-04-05T20:17:27.212Z] [INFO] [REVIEW SAVED] /mnt/c/Developer/Review_AI/scraper_project/raw_data/banyo-ve-ev-gerecleri/442725603_reviews.json
[2026-04-05T20:17:27.237Z] [INFO] 
[REVIEW WORKER 6] starting banyo-ve-ev-gerecleri/659529921
[2026-04-05T20:17:27.497Z] [INFO] [review banyo-ve-ev-gerecleri/321779771] page=7 +8 reviews (unique=56)
[2026-04-05T20:17:27.591Z] [INFO] 
[START REVIEW] category=banyo-ve-ev-gerecleri productId=723934403 startPage=1
[2026-04-05T20:17:27.848Z] [INFO] [review banyo-ve-ev-gerecleri/723934403] page=1 +1 reviews (unique=1)
[2026-04-05T20:17:27.870Z] [INFO] [REVIEW SAVED] /mnt/c/Developer/Review_AI/scraper_project/raw_data/banyo-ve-ev-gerecleri/723934403_reviews.json
[2026-04-05T20:17:27.896Z] [INFO] 
[REVIEW WORKER 10] starting banyo-ve-ev-gerecleri/597933682
[2026-04-05T20:17:28.188Z] [INFO] [review banyo-ve-ev-gerecleri/321779771] page=8 +8 reviews (unique=64)
[2026-04-05T20:17:28.367Z] [INFO] 
[START REVIEW] category=banyo-ve-ev-gerecleri productId=720018959 startPage=1
[2026-04-05T20:17:28.701Z] [INFO] [review banyo-ve-ev-gerecleri/720018959] page=1 +3 reviews (unique=3)
[2026-04-05T20:17:28.730Z] [INFO] [REVIEW SAVED] /mnt/c/Developer/Review_AI/scraper_project/raw_data/banyo-ve-ev-gerecleri/720018959_reviews.json
[2026-04-05T20:17:28.754Z] [INFO] 
[REVIEW WORKER 1] starting banyo-ve-ev-gerecleri/409846300
[2026-04-05T20:17:28.920Z] [INFO] [review banyo-ve-ev-gerecleri/321779771] page=9 +8 reviews (unique=72)
[2026-04-05T20:17:29.189Z] [INFO] 
[START REVIEW] category=banyo-ve-ev-gerecleri productId=680757979 startPage=1
[2026-04-05T20:17:29.251Z] [INFO] 
[START REVIEW] category=banyo-ve-ev-gerecleri productId=725848779 startPage=1
[2026-04-05T20:17:29.367Z] [INFO] 
[START REVIEW] category=banyo-ve-ev-gerecleri productId=737762803 startPage=1
[2026-04-05T20:17:29.702Z] [INFO] [review banyo-ve-ev-gerecleri/321779771] page=10 +8 reviews (unique=80)
[2026-04-05T20:17:29.761Z] [INFO] [REVIEW PARTIAL SAVED] /mnt/c/Developer/Review_AI/scraper_project/raw_data/banyo-ve-ev-gerecleri/321779771_reviews.partial.json
[2026-04-05T20:17:29.788Z] [INFO] [review banyo-ve-ev-gerecleri/680757979] page=1 +8 reviews (unique=8)
[2026-04-05T20:17:29.813Z] [INFO] [review banyo-ve-ev-gerecleri/725848779] page=1 +8 reviews (unique=8)
[2026-04-05T20:17:29.859Z] [INFO] [REVIEW SAVED] /mnt/c/Developer/Review_AI/scraper_project/raw_data/banyo-ve-ev-gerecleri/725848779_reviews.json
[2026-04-05T20:17:29.896Z] [INFO] 
[REVIEW WORKER 7] starting banyo-ve-ev-gerecleri/403169203
[2026-04-05T20:17:31.134Z] [INFO] [review banyo-ve-ev-gerecleri/737762803] page=1 +8 reviews (unique=8)
[2026-04-05T20:17:31.214Z] [INFO] 
[START REVIEW] category=banyo-ve-ev-gerecleri productId=589787245 startPage=1
[2026-04-05T20:17:31.440Z] [INFO] [review banyo-ve-ev-gerecleri/321779771] page=11 +8 reviews (unique=88)
[2026-04-05T20:17:31.457Z] [INFO] [review banyo-ve-ev-gerecleri/680757979] page=2 +1 reviews (unique=9)
[2026-04-05T20:17:31.490Z] [INFO] [REVIEW SAVED] /mnt/c/Developer/Review_AI/scraper_project/raw_data/banyo-ve-ev-gerecleri/680757979_reviews.json
[2026-04-05T20:17:31.521Z] [INFO] 
[REVIEW WORKER 9] starting banyo-ve-ev-gerecleri/667446845
[2026-04-05T20:17:31.988Z] [INFO] [review banyo-ve-ev-gerecleri/589787245] page=1 +3 reviews (unique=3)
[2026-04-05T20:17:32.097Z] [INFO] [REVIEW SAVED] /mnt/c/Developer/Review_AI/scraper_project/raw_data/banyo-ve-ev-gerecleri/589787245_reviews.json
[2026-04-05T20:17:32.175Z] [INFO] [review banyo-ve-ev-gerecleri/321779771] page=12 +8 reviews (unique=96)
[2026-04-05T20:17:32.247Z] [INFO] [review banyo-ve-ev-gerecleri/737762803] page=2 +8 reviews (unique=16)
[2026-04-05T20:17:32.380Z] [INFO] 
[REVIEW WORKER 4] starting banyo-ve-ev-gerecleri/430269725
[2026-04-05T20:17:32.961Z] [INFO] [review banyo-ve-ev-gerecleri/737762803] page=3 +8 reviews (unique=24)
[2026-04-05T20:17:32.992Z] [INFO] [review banyo-ve-ev-gerecleri/321779771] page=13 +8 reviews (unique=104)
[2026-04-05T20:17:33.143Z] [INFO] 
[START REVIEW] category=banyo-ve-ev-gerecleri productId=555575635 startPage=1
[2026-04-05T20:17:33.504Z] [INFO] [review banyo-ve-ev-gerecleri/555575635] page=1 +8 reviews (unique=8)
[2026-04-05T20:17:33.612Z] [INFO] [review banyo-ve-ev-gerecleri/737762803] page=4 +8 reviews (unique=32)
[2026-04-05T20:17:33.743Z] [INFO] [review banyo-ve-ev-gerecleri/321779771] page=14 +8 reviews (unique=112)
[2026-04-05T20:17:33.842Z] [INFO] 
[START REVIEW] category=banyo-ve-ev-gerecleri productId=659529921 startPage=1
[2026-04-05T20:17:34.164Z] [INFO] [review banyo-ve-ev-gerecleri/555575635] page=2 +8 reviews (unique=16)
[2026-04-05T20:17:34.299Z] [INFO] [review banyo-ve-ev-gerecleri/659529921] page=1 +3 reviews (unique=3)
[2026-04-05T20:17:34.327Z] [INFO] [REVIEW SAVED] /mnt/c/Developer/Review_AI/scraper_project/raw_data/banyo-ve-ev-gerecleri/659529921_reviews.json
[2026-04-05T20:17:34.369Z] [INFO] 
[START REVIEW] category=banyo-ve-ev-gerecleri productId=597933682 startPage=1
[2026-04-05T20:17:34.379Z] [INFO] 
[REVIEW WORKER 6] starting banyo-ve-ev-gerecleri/730027419
[2026-04-05T20:17:34.399Z] [INFO] [review banyo-ve-ev-gerecleri/737762803] page=5 +8 reviews (unique=40)
[2026-04-05T20:17:34.414Z] [INFO] [REVIEW PARTIAL SAVED] /mnt/c/Developer/Review_AI/scraper_project/raw_data/banyo-ve-ev-gerecleri/737762803_reviews.partial.json
[2026-04-05T20:17:34.533Z] [INFO] [review banyo-ve-ev-gerecleri/321779771] page=15 +8 reviews (unique=120)
[2026-04-05T20:17:34.556Z] [INFO] [REVIEW PARTIAL SAVED] /mnt/c/Developer/Review_AI/scraper_project/raw_data/banyo-ve-ev-gerecleri/321779771_reviews.partial.json
[2026-04-05T20:17:34.748Z] [INFO] [review banyo-ve-ev-gerecleri/597933682] page=1 +1 reviews (unique=1)
[2026-04-05T20:17:34.783Z] [INFO] [REVIEW SAVED] /mnt/c/Developer/Review_AI/scraper_project/raw_data/banyo-ve-ev-gerecleri/597933682_reviews.json
[2026-04-05T20:17:34.813Z] [INFO] 
[REVIEW WORKER 10] starting banyo-ve-ev-gerecleri/563344426
[2026-04-05T20:17:34.837Z] [INFO] [review banyo-ve-ev-gerecleri/555575635] page=3 +6 reviews (unique=22)
[2026-04-05T20:17:34.877Z] [INFO] [REVIEW SAVED] /mnt/c/Developer/Review_AI/scraper_project/raw_data/banyo-ve-ev-gerecleri/555575635_reviews.json
[2026-04-05T20:17:34.961Z] [ERROR] [REVIEW ERROR] banyo-ve-ev-gerecleri/569337684
[2026-04-05T20:17:34.972Z] [ERROR] {"name":"TimeoutError"}
[2026-04-05T20:17:35.024Z] [INFO] 
[REVIEW WORKER 5] starting banyo-ve-ev-gerecleri/677727230
[2026-04-05T20:17:35.037Z] [INFO] 
[REVIEW WORKER 2] starting banyo-ve-ev-gerecleri/495184159
[2026-04-05T20:17:35.067Z] [INFO] [review banyo-ve-ev-gerecleri/737762803] page=6 +8 reviews (unique=48)
[2026-04-05T20:17:35.114Z] [INFO] 
[START REVIEW] category=banyo-ve-ev-gerecleri productId=409846300 startPage=1
[2026-04-05T20:17:35.297Z] [INFO] [review banyo-ve-ev-gerecleri/321779771] page=16 +3 reviews (unique=123)
[2026-04-05T20:17:35.361Z] [INFO] [REVIEW SAVED] /mnt/c/Developer/Review_AI/scraper_project/raw_data/banyo-ve-ev-gerecleri/321779771_reviews.json
[2026-04-05T20:17:35.448Z] [INFO] 
[REVIEW WORKER 8] starting banyo-ve-ev-gerecleri/549670529
[2026-04-05T20:17:35.895Z] [INFO] [review banyo-ve-ev-gerecleri/409846300] page=1 +8 reviews (unique=8)
[2026-04-05T20:17:35.940Z] [INFO] [review banyo-ve-ev-gerecleri/737762803] page=7 +8 reviews (unique=56)
[2026-04-05T20:17:36.020Z] [INFO] 
[START REVIEW] category=banyo-ve-ev-gerecleri productId=403169203 startPage=1
[2026-04-05T20:17:36.542Z] [INFO] 
[START REVIEW] category=banyo-ve-ev-gerecleri productId=667446845 startPage=1
[2026-04-05T20:17:36.615Z] [INFO] [review banyo-ve-ev-gerecleri/403169203] page=1 +8 reviews (unique=8)
[2026-04-05T20:17:36.712Z] [INFO] [review banyo-ve-ev-gerecleri/409846300] page=2 +8 reviews (unique=16)
[2026-04-05T20:17:36.826Z] [INFO] [review banyo-ve-ev-gerecleri/737762803] page=8 +5 reviews (unique=61)
[2026-04-05T20:17:36.917Z] [INFO] [REVIEW SAVED] /mnt/c/Developer/Review_AI/scraper_project/raw_data/banyo-ve-ev-gerecleri/737762803_reviews.json
[2026-04-05T20:17:36.954Z] [INFO] 
[START REVIEW] category=banyo-ve-ev-gerecleri productId=430269725 startPage=1
[2026-04-05T20:17:37.019Z] [INFO] 
[REVIEW WORKER 3] starting banyo-ve-ev-gerecleri/682485679
[2026-04-05T20:17:37.150Z] [INFO] [review banyo-ve-ev-gerecleri/667446845] page=1 +5 reviews (unique=5)
[2026-04-05T20:17:37.190Z] [INFO] [REVIEW SAVED] /mnt/c/Developer/Review_AI/scraper_project/raw_data/banyo-ve-ev-gerecleri/667446845_reviews.json
[2026-04-05T20:17:37.225Z] [INFO] 
[REVIEW WORKER 9] starting banyo-ve-ev-gerecleri/646331136
[2026-04-05T20:17:37.402Z] [INFO] [review banyo-ve-ev-gerecleri/403169203] page=2 +8 reviews (unique=16)
[2026-04-05T20:17:37.469Z] [INFO] [review banyo-ve-ev-gerecleri/409846300] page=3 +8 reviews (unique=24)
[2026-04-05T20:17:37.519Z] [INFO] [review banyo-ve-ev-gerecleri/430269725] page=1 +8 reviews (unique=8)
[2026-04-05T20:17:38.173Z] [INFO] [review banyo-ve-ev-gerecleri/409846300] page=4 +4 reviews (unique=28)
[2026-04-05T20:17:38.195Z] [INFO] [REVIEW SAVED] /mnt/c/Developer/Review_AI/scraper_project/raw_data/banyo-ve-ev-gerecleri/409846300_reviews.json
[2026-04-05T20:17:38.221Z] [INFO] [review banyo-ve-ev-gerecleri/403169203] page=3 +8 reviews (unique=24)
[2026-04-05T20:17:38.241Z] [INFO] [review banyo-ve-ev-gerecleri/430269725] page=2 +8 reviews (unique=16)
[2026-04-05T20:17:38.267Z] [INFO] 
[REVIEW WORKER 1] starting banyo-ve-ev-gerecleri/560275343
[2026-04-05T20:17:38.917Z] [INFO] [review banyo-ve-ev-gerecleri/403169203] page=4 +6 reviews (unique=30)
[2026-04-05T20:17:38.979Z] [INFO] [REVIEW SAVED] /mnt/c/Developer/Review_AI/scraper_project/raw_data/banyo-ve-ev-gerecleri/403169203_reviews.json
[2026-04-05T20:17:39.014Z] [INFO] 
[START REVIEW] category=banyo-ve-ev-gerecleri productId=730027419 startPage=1
[2026-04-05T20:17:39.053Z] [INFO] [review banyo-ve-ev-gerecleri/430269725] page=3 +8 reviews (unique=24)
[2026-04-05T20:17:39.085Z] [INFO] 
[REVIEW WORKER 7] starting banyo-ve-ev-gerecleri/582379800
[2026-04-05T20:17:39.472Z] [INFO] 
[START REVIEW] category=banyo-ve-ev-gerecleri productId=677727230 startPage=1
[2026-04-05T20:17:39.497Z] [INFO] 
[START REVIEW] category=banyo-ve-ev-gerecleri productId=563344426 startPage=1
[2026-04-05T20:17:39.515Z] [INFO] [review banyo-ve-ev-gerecleri/730027419] page=1 +0 reviews (unique=0)
[2026-04-05T20:17:39.561Z] [INFO] [REVIEW SAVED] /mnt/c/Developer/Review_AI/scraper_project/raw_data/banyo-ve-ev-gerecleri/730027419_reviews.json
[2026-04-05T20:17:39.607Z] [INFO] 
[REVIEW WORKER 6] starting banyo-ve-ev-gerecleri/681394514
[2026-04-05T20:17:40.213Z] [INFO] [review banyo-ve-ev-gerecleri/563344426] page=1 +8 reviews (unique=8)
[2026-04-05T20:17:40.269Z] [INFO] [review banyo-ve-ev-gerecleri/430269725] page=4 +8 reviews (unique=32)
[2026-04-05T20:17:40.306Z] [INFO] [review banyo-ve-ev-gerecleri/677727230] page=1 +8 reviews (unique=8)
[2026-04-05T20:17:40.335Z] [INFO] 
[START REVIEW] category=banyo-ve-ev-gerecleri productId=549670529 startPage=1
[2026-04-05T20:17:40.353Z] [INFO] 
[START REVIEW] category=banyo-ve-ev-gerecleri productId=495184159 startPage=1
[2026-04-05T20:17:40.690Z] [INFO] [review banyo-ve-ev-gerecleri/549670529] page=1 +4 reviews (unique=4)
[2026-04-05T20:17:40.723Z] [INFO] [REVIEW SAVED] /mnt/c/Developer/Review_AI/scraper_project/raw_data/banyo-ve-ev-gerecleri/549670529_reviews.json
[2026-04-05T20:17:40.743Z] [INFO] [review banyo-ve-ev-gerecleri/495184159] page=1 +8 reviews (unique=8)
[2026-04-05T20:17:40.786Z] [INFO] 
[REVIEW WORKER 8] starting banyo-ve-ev-gerecleri/653315807
[2026-04-05T20:17:40.921Z] [INFO] [review banyo-ve-ev-gerecleri/563344426] page=2 +2 reviews (unique=10)
[2026-04-05T20:17:41.108Z] [INFO] [REVIEW SAVED] /mnt/c/Developer/Review_AI/scraper_project/raw_data/banyo-ve-ev-gerecleri/563344426_reviews.json
[2026-04-05T20:17:41.138Z] [INFO] [review banyo-ve-ev-gerecleri/677727230] page=2 +3 reviews (unique=11)
[2026-04-05T20:17:41.217Z] [INFO] [REVIEW SAVED] /mnt/c/Developer/Review_AI/scraper_project/raw_data/banyo-ve-ev-gerecleri/677727230_reviews.json
[2026-04-05T20:17:41.240Z] [INFO] [review banyo-ve-ev-gerecleri/430269725] page=5 +8 reviews (unique=40)
[2026-04-05T20:17:41.295Z] [INFO] [REVIEW PARTIAL SAVED] /mnt/c/Developer/Review_AI/scraper_project/raw_data/banyo-ve-ev-gerecleri/430269725_reviews.partial.json
[2026-04-05T20:17:41.363Z] [INFO] 
[REVIEW WORKER 10] starting banyo-ve-ev-gerecleri/535374854
[2026-04-05T20:17:41.447Z] [INFO] 
[REVIEW WORKER 5] starting banyo-ve-ev-gerecleri/558121972
[2026-04-05T20:17:42.130Z] [INFO] [review banyo-ve-ev-gerecleri/495184159] page=2 +8 reviews (unique=16)
[2026-04-05T20:17:42.484Z] [INFO] [review banyo-ve-ev-gerecleri/430269725] page=6 +8 reviews (unique=48)
[2026-04-05T20:17:42.623Z] [INFO] 
[START REVIEW] category=banyo-ve-ev-gerecleri productId=682485679 startPage=1
[2026-04-05T20:17:42.668Z] [INFO] 
[START REVIEW] category=banyo-ve-ev-gerecleri productId=646331136 startPage=1
[2026-04-05T20:17:43.050Z] [INFO] [review banyo-ve-ev-gerecleri/495184159] page=3 +8 reviews (unique=24)
[2026-04-05T20:17:43.098Z] [INFO] [review banyo-ve-ev-gerecleri/682485679] page=1 +1 reviews (unique=1)
[2026-04-05T20:17:43.190Z] [INFO] [REVIEW SAVED] /mnt/c/Developer/Review_AI/scraper_project/raw_data/banyo-ve-ev-gerecleri/682485679_reviews.json
[2026-04-05T20:17:43.215Z] [INFO] [review banyo-ve-ev-gerecleri/646331136] page=1 +8 reviews (unique=8)
[2026-04-05T20:17:43.270Z] [INFO] 
[REVIEW WORKER 3] starting banyo-ve-ev-gerecleri/327020233
[2026-04-05T20:17:43.287Z] [INFO] [review banyo-ve-ev-gerecleri/430269725] page=7 +8 reviews (unique=56)
[2026-04-05T20:17:43.752Z] [INFO] [review banyo-ve-ev-gerecleri/495184159] page=4 +8 reviews (unique=32)
[2026-04-05T20:17:43.933Z] [INFO] [review banyo-ve-ev-gerecleri/430269725] page=8 +8 reviews (unique=64)
[2026-04-05T20:17:43.973Z] [INFO] [review banyo-ve-ev-gerecleri/646331136] page=2 +8 reviews (unique=16)
[2026-04-05T20:17:44.421Z] [INFO] 
[START REVIEW] category=banyo-ve-ev-gerecleri productId=560275343 startPage=1
[2026-04-05T20:17:44.520Z] [INFO] [review banyo-ve-ev-gerecleri/495184159] page=5 +8 reviews (unique=40)
[2026-04-05T20:17:44.536Z] [INFO] [REVIEW PARTIAL SAVED] /mnt/c/Developer/Review_AI/scraper_project/raw_data/banyo-ve-ev-gerecleri/495184159_reviews.partial.json
[2026-04-05T20:17:45.011Z] [INFO] [review banyo-ve-ev-gerecleri/646331136] page=3 +8 reviews (unique=24)
[2026-04-05T20:17:45.102Z] [INFO] [review banyo-ve-ev-gerecleri/430269725] page=9 +8 reviews (unique=72)
[2026-04-05T20:17:45.232Z] [INFO] [review banyo-ve-ev-gerecleri/560275343] page=1 +8 reviews (unique=8)
[2026-04-05T20:17:45.370Z] [INFO] [review banyo-ve-ev-gerecleri/495184159] page=6 +4 reviews (unique=44)
[2026-04-05T20:17:45.398Z] [INFO] [REVIEW SAVED] /mnt/c/Developer/Review_AI/scraper_project/raw_data/banyo-ve-ev-gerecleri/495184159_reviews.json
[2026-04-05T20:17:45.423Z] [INFO] 
[START REVIEW] category=banyo-ve-ev-gerecleri productId=681394514 startPage=1
[2026-04-05T20:17:45.445Z] [INFO] 
[START REVIEW] category=banyo-ve-ev-gerecleri productId=582379800 startPage=1
[2026-04-05T20:17:45.453Z] [INFO] 
[REVIEW WORKER 2] starting banyo-ve-ev-gerecleri/586209860
[2026-04-05T20:17:45.797Z] [INFO] 
[START REVIEW] category=banyo-ve-ev-gerecleri productId=653315807 startPage=1
[2026-04-05T20:17:46.582Z] [INFO] [review banyo-ve-ev-gerecleri/582379800] page=1 +2 reviews (unique=2)
[2026-04-05T20:17:46.601Z] [INFO] [REVIEW SAVED] /mnt/c/Developer/Review_AI/scraper_project/raw_data/banyo-ve-ev-gerecleri/582379800_reviews.json
[2026-04-05T20:17:46.607Z] [INFO] [review banyo-ve-ev-gerecleri/430269725] page=10 +8 reviews (unique=80)
[2026-04-05T20:17:46.622Z] [INFO] [REVIEW PARTIAL SAVED] /mnt/c/Developer/Review_AI/scraper_project/raw_data/banyo-ve-ev-gerecleri/430269725_reviews.partial.json
[2026-04-05T20:17:46.636Z] [INFO] 
[REVIEW WORKER 7] starting banyo-ve-ev-gerecleri/700856080
[2026-04-05T20:17:46.910Z] [INFO] [review banyo-ve-ev-gerecleri/560275343] page=2 +8 reviews (unique=16)
[2026-04-05T20:17:47.448Z] [INFO] [review banyo-ve-ev-gerecleri/681394514] page=1 +1 reviews (unique=1)
[2026-04-05T20:17:47.488Z] [INFO] [REVIEW SAVED] /mnt/c/Developer/Review_AI/scraper_project/raw_data/banyo-ve-ev-gerecleri/681394514_reviews.json
[2026-04-05T20:17:47.500Z] [INFO] [review banyo-ve-ev-gerecleri/653315807] page=1 +8 reviews (unique=8)
[2026-04-05T20:17:47.512Z] [INFO] [review banyo-ve-ev-gerecleri/430269725] page=11 +8 reviews (unique=88)
[2026-04-05T20:17:47.542Z] [INFO] 
[REVIEW WORKER 6] starting banyo-ve-ev-gerecleri/416873294
[2026-04-05T20:17:47.627Z] [INFO] [review banyo-ve-ev-gerecleri/560275343] page=3 +3 reviews (unique=19)
[2026-04-05T20:17:47.655Z] [INFO] [REVIEW SAVED] /mnt/c/Developer/Review_AI/scraper_project/raw_data/banyo-ve-ev-gerecleri/560275343_reviews.json
[2026-04-05T20:17:47.687Z] [INFO] 
[REVIEW WORKER 1] starting banyo-ve-ev-gerecleri/647232612
[2026-04-05T20:17:48.201Z] [INFO] 
[START REVIEW] category=banyo-ve-ev-gerecleri productId=558121972 startPage=1
[2026-04-05T20:17:48.256Z] [INFO] [review banyo-ve-ev-gerecleri/430269725] page=12 +8 reviews (unique=96)
[2026-04-05T20:17:48.276Z] [INFO] [review banyo-ve-ev-gerecleri/653315807] page=2 +8 reviews (unique=16)
[2026-04-05T20:17:48.455Z] [INFO] [review banyo-ve-ev-gerecleri/558121972] page=1 +5 reviews (unique=5)
[2026-04-05T20:17:48.497Z] [INFO] [REVIEW SAVED] /mnt/c/Developer/Review_AI/scraper_project/raw_data/banyo-ve-ev-gerecleri/558121972_reviews.json
[2026-04-05T20:17:48.534Z] [INFO] 
[REVIEW WORKER 5] starting banyo-ve-ev-gerecleri/650606559
[2026-04-05T20:17:48.978Z] [INFO] [review banyo-ve-ev-gerecleri/653315807] page=3 +8 reviews (unique=24)
[2026-04-05T20:17:49.053Z] [INFO] [review banyo-ve-ev-gerecleri/430269725] page=13 +8 reviews (unique=104)
[2026-04-05T20:17:49.567Z] [INFO] 
[START REVIEW] category=banyo-ve-ev-gerecleri productId=327020233 startPage=1
[2026-04-05T20:17:49.695Z] [INFO] [review banyo-ve-ev-gerecleri/653315807] page=4 +8 reviews (unique=32)
[2026-04-05T20:17:50.102Z] [INFO] [review banyo-ve-ev-gerecleri/430269725] page=14 +8 reviews (unique=112)
[2026-04-05T20:17:50.160Z] [INFO] [review banyo-ve-ev-gerecleri/327020233] page=1 +8 reviews (unique=8)
[2026-04-05T20:17:50.201Z] [INFO] [review banyo-ve-ev-gerecleri/646331136] page=4 +8 reviews (unique=32)
[2026-04-05T20:17:50.405Z] [INFO] 
[START REVIEW] category=banyo-ve-ev-gerecleri productId=535374854 startPage=1
[2026-04-05T20:17:50.525Z] [INFO] [review banyo-ve-ev-gerecleri/653315807] page=5 +3 reviews (unique=35)
[2026-04-05T20:17:50.550Z] [INFO] [REVIEW PARTIAL SAVED] /mnt/c/Developer/Review_AI/scraper_project/raw_data/banyo-ve-ev-gerecleri/653315807_reviews.partial.json
[2026-04-05T20:17:50.590Z] [INFO] [REVIEW SAVED] /mnt/c/Developer/Review_AI/scraper_project/raw_data/banyo-ve-ev-gerecleri/653315807_reviews.json
[2026-04-05T20:17:50.650Z] [INFO] 
[REVIEW WORKER 8] starting banyo-ve-ev-gerecleri/735748192
[2026-04-05T20:17:51.244Z] [INFO] 
[START REVIEW] category=banyo-ve-ev-gerecleri productId=586209860 startPage=1
[2026-04-05T20:17:51.485Z] [INFO] 
[START REVIEW] category=banyo-ve-ev-gerecleri productId=700856080 startPage=1
[2026-04-05T20:17:52.327Z] [INFO] [review banyo-ve-ev-gerecleri/535374854] page=1 +8 reviews (unique=8)
[2026-04-05T20:17:52.339Z] [INFO] [review banyo-ve-ev-gerecleri/430269725] page=15 +8 reviews (unique=120)
[2026-04-05T20:17:52.363Z] [INFO] [REVIEW PARTIAL SAVED] /mnt/c/Developer/Review_AI/scraper_project/raw_data/banyo-ve-ev-gerecleri/430269725_reviews.partial.json
[2026-04-05T20:17:52.385Z] [INFO] [review banyo-ve-ev-gerecleri/646331136] page=5 +7 reviews (unique=39)
[2026-04-05T20:17:52.402Z] [INFO] [REVIEW PARTIAL SAVED] /mnt/c/Developer/Review_AI/scraper_project/raw_data/banyo-ve-ev-gerecleri/646331136_reviews.partial.json
[2026-04-05T20:17:52.426Z] [INFO] [REVIEW SAVED] /mnt/c/Developer/Review_AI/scraper_project/raw_data/banyo-ve-ev-gerecleri/646331136_reviews.json
[2026-04-05T20:17:52.450Z] [INFO] 
[REVIEW WORKER 9] starting banyo-ve-ev-gerecleri/703589683
[2026-04-05T20:17:52.910Z] [INFO] [review banyo-ve-ev-gerecleri/327020233] page=2 +8 reviews (unique=16)
[2026-04-05T20:17:53.126Z] [INFO] [review banyo-ve-ev-gerecleri/586209860] page=1 +8 reviews (unique=8)
[2026-04-05T20:17:53.283Z] [INFO] [review banyo-ve-ev-gerecleri/700856080] page=1 +8 reviews (unique=8)
[2026-04-05T20:17:54.089Z] [INFO] [review banyo-ve-ev-gerecleri/535374854] page=2 +8 reviews (unique=16)
[2026-04-05T20:17:54.122Z] [INFO] [review banyo-ve-ev-gerecleri/430269725] page=16 +8 reviews (unique=128)
[2026-04-05T20:17:54.197Z] [INFO] [review banyo-ve-ev-gerecleri/327020233] page=3 +5 reviews (unique=21)
[2026-04-05T20:17:54.262Z] [INFO] [REVIEW SAVED] /mnt/c/Developer/Review_AI/scraper_project/raw_data/banyo-ve-ev-gerecleri/327020233_reviews.json
[2026-04-05T20:17:54.299Z] [INFO] 
[REVIEW WORKER 3] starting banyo-ve-ev-gerecleri/719223776
[2026-04-05T20:17:54.544Z] [INFO] [review banyo-ve-ev-gerecleri/586209860] page=2 +8 reviews (unique=16)
[2026-04-05T20:17:54.946Z] [INFO] [review banyo-ve-ev-gerecleri/700856080] page=2 +2 reviews (unique=10)
[2026-04-05T20:17:55.058Z] [INFO] [REVIEW SAVED] /mnt/c/Developer/Review_AI/scraper_project/raw_data/banyo-ve-ev-gerecleri/700856080_reviews.json
[2026-04-05T20:17:55.166Z] [INFO] [review banyo-ve-ev-gerecleri/535374854] page=3 +8 reviews (unique=24)
[2026-04-05T20:17:55.294Z] [INFO] 
[REVIEW WORKER 7] starting banyo-ve-ev-gerecleri/470600594
[2026-04-05T20:17:55.584Z] [INFO] 
[START REVIEW] category=banyo-ve-ev-gerecleri productId=647232612 startPage=1
[2026-04-05T20:17:55.717Z] [INFO] [review banyo-ve-ev-gerecleri/586209860] page=3 +8 reviews (unique=24)
[2026-04-05T20:17:55.887Z] [INFO] 
[START REVIEW] category=banyo-ve-ev-gerecleri productId=416873294 startPage=1
[2026-04-05T20:17:56.137Z] [INFO] [review banyo-ve-ev-gerecleri/535374854] page=4 +8 reviews (unique=32)
[2026-04-05T20:17:56.229Z] [INFO] [review banyo-ve-ev-gerecleri/416873294] page=1 +8 reviews (unique=8)
[2026-04-05T20:17:56.496Z] [INFO] [review banyo-ve-ev-gerecleri/647232612] page=1 +4 reviews (unique=4)
[2026-04-05T20:17:56.585Z] [INFO] [REVIEW SAVED] /mnt/c/Developer/Review_AI/scraper_project/raw_data/banyo-ve-ev-gerecleri/647232612_reviews.json
[2026-04-05T20:17:56.656Z] [INFO] 
[REVIEW WORKER 1] starting banyo-ve-ev-gerecleri/577429653
[2026-04-05T20:17:56.720Z] [INFO] [review banyo-ve-ev-gerecleri/586209860] page=4 +8 reviews (unique=32)
[2026-04-05T20:17:56.938Z] [INFO] 
[START REVIEW] category=banyo-ve-ev-gerecleri productId=650606559 startPage=1
[2026-04-05T20:17:57.284Z] [INFO] [review banyo-ve-ev-gerecleri/535374854] page=5 +8 reviews (unique=40)
[2026-04-05T20:17:57.349Z] [INFO] [REVIEW PARTIAL SAVED] /mnt/c/Developer/Review_AI/scraper_project/raw_data/banyo-ve-ev-gerecleri/535374854_reviews.partial.json
[2026-04-05T20:17:57.365Z] [INFO] [review banyo-ve-ev-gerecleri/416873294] page=2 +8 reviews (unique=16)
[2026-04-05T20:17:57.504Z] [INFO] [review banyo-ve-ev-gerecleri/650606559] page=1 +1 reviews (unique=1)
[2026-04-05T20:17:57.568Z] [INFO] [REVIEW SAVED] /mnt/c/Developer/Review_AI/scraper_project/raw_data/banyo-ve-ev-gerecleri/650606559_reviews.json
[2026-04-05T20:17:57.603Z] [INFO] 
[REVIEW WORKER 5] starting banyo-ve-ev-gerecleri/644741869
[2026-04-05T20:17:57.695Z] [INFO] [review banyo-ve-ev-gerecleri/586209860] page=5 +8 reviews (unique=40)
[2026-04-05T20:17:57.710Z] [INFO] [REVIEW PARTIAL SAVED] /mnt/c/Developer/Review_AI/scraper_project/raw_data/banyo-ve-ev-gerecleri/586209860_reviews.partial.json
[2026-04-05T20:17:57.917Z] [INFO] [review banyo-ve-ev-gerecleri/430269725] page=17 +8 reviews (unique=136)
[2026-04-05T20:17:58.127Z] [INFO] [review banyo-ve-ev-gerecleri/535374854] page=6 +8 reviews (unique=48)
[2026-04-05T20:17:58.142Z] [INFO] [review banyo-ve-ev-gerecleri/416873294] page=3 +8 reviews (unique=24)
[2026-04-05T20:17:58.353Z] [INFO] [review banyo-ve-ev-gerecleri/586209860] page=6 +8 reviews (unique=48)
[2026-04-05T20:17:58.387Z] [INFO] 
[START REVIEW] category=banyo-ve-ev-gerecleri productId=735748192 startPage=1
[2026-04-05T20:17:58.600Z] [INFO] [review banyo-ve-ev-gerecleri/735748192] page=1 +1 reviews (unique=1)
[2026-04-05T20:17:58.625Z] [INFO] [REVIEW SAVED] /mnt/c/Developer/Review_AI/scraper_project/raw_data/banyo-ve-ev-gerecleri/735748192_reviews.json
[2026-04-05T20:17:58.641Z] [INFO] [review banyo-ve-ev-gerecleri/430269725] page=18 +4 reviews (unique=140)
[2026-04-05T20:17:58.680Z] [INFO] [REVIEW SAVED] /mnt/c/Developer/Review_AI/scraper_project/raw_data/banyo-ve-ev-gerecleri/430269725_reviews.json
[2026-04-05T20:17:58.688Z] [INFO] 
[REVIEW WORKER 8] starting banyo-ve-ev-gerecleri/570621313
[2026-04-05T20:17:58.712Z] [INFO] 
[REVIEW WORKER 4] starting banyo-ve-ev-gerecleri/704325278
[2026-04-05T20:17:58.780Z] [INFO] [review banyo-ve-ev-gerecleri/535374854] page=7 +3 reviews (unique=51)
[2026-04-05T20:17:58.811Z] [INFO] [REVIEW SAVED] /mnt/c/Developer/Review_AI/scraper_project/raw_data/banyo-ve-ev-gerecleri/535374854_reviews.json
[2026-04-05T20:17:58.892Z] [INFO] 
[REVIEW WORKER 10] starting banyo-ve-ev-gerecleri/461219672
[2026-04-05T20:17:59.047Z] [INFO] [review banyo-ve-ev-gerecleri/416873294] page=4 +8 reviews (unique=32)
[2026-04-05T20:17:59.146Z] [INFO] [review banyo-ve-ev-gerecleri/586209860] page=7 +8 reviews (unique=56)
[2026-04-05T20:17:59.263Z] [INFO] 
[START REVIEW] category=banyo-ve-ev-gerecleri productId=719223776 startPage=1
[2026-04-05T20:17:59.492Z] [INFO] 
[START REVIEW] category=banyo-ve-ev-gerecleri productId=703589683 startPage=1
[2026-04-05T20:17:59.500Z] [INFO] [review banyo-ve-ev-gerecleri/719223776] page=1 +1 reviews (unique=1)
[2026-04-05T20:17:59.528Z] [INFO] [REVIEW SAVED] /mnt/c/Developer/Review_AI/scraper_project/raw_data/banyo-ve-ev-gerecleri/719223776_reviews.json
[2026-04-05T20:17:59.565Z] [INFO] 
[REVIEW WORKER 3] starting banyo-ve-ev-gerecleri/732753862
[2026-04-05T20:17:59.701Z] [INFO] [review banyo-ve-ev-gerecleri/416873294] page=5 +8 reviews (unique=40)
[2026-04-05T20:17:59.719Z] [INFO] [REVIEW PARTIAL SAVED] /mnt/c/Developer/Review_AI/scraper_project/raw_data/banyo-ve-ev-gerecleri/416873294_reviews.partial.json
[2026-04-05T20:17:59.727Z] [INFO] [review banyo-ve-ev-gerecleri/703589683] page=1 +0 reviews (unique=0)
[2026-04-05T20:17:59.754Z] [INFO] [REVIEW SAVED] /mnt/c/Developer/Review_AI/scraper_project/raw_data/banyo-ve-ev-gerecleri/703589683_reviews.json
[2026-04-05T20:17:59.784Z] [INFO] 
[REVIEW WORKER 9] starting banyo-ve-ev-gerecleri/578807732
[2026-04-05T20:17:59.799Z] [INFO] [review banyo-ve-ev-gerecleri/586209860] page=8 +8 reviews (unique=64)
[2026-04-05T20:18:00.042Z] [INFO] 
[START REVIEW] category=banyo-ve-ev-gerecleri productId=470600594 startPage=1
[2026-04-05T20:18:00.323Z] [INFO] [review banyo-ve-ev-gerecleri/416873294] page=6 +8 reviews (unique=48)
[2026-04-05T20:18:00.357Z] [INFO] [review banyo-ve-ev-gerecleri/470600594] page=1 +8 reviews (unique=8)
[2026-04-05T20:18:00.521Z] [INFO] [review banyo-ve-ev-gerecleri/586209860] page=9 +8 reviews (unique=72)
[2026-04-05T20:18:00.955Z] [INFO] [review banyo-ve-ev-gerecleri/416873294] page=7 +8 reviews (unique=56)
[2026-04-05T20:18:01.050Z] [INFO] [review banyo-ve-ev-gerecleri/470600594] page=2 +8 reviews (unique=16)
[2026-04-05T20:18:01.221Z] [INFO] [review banyo-ve-ev-gerecleri/586209860] page=10 +8 reviews (unique=80)
[2026-04-05T20:18:01.237Z] [INFO] [REVIEW PARTIAL SAVED] /mnt/c/Developer/Review_AI/scraper_project/raw_data/banyo-ve-ev-gerecleri/586209860_reviews.partial.json
[2026-04-05T20:18:01.261Z] [INFO] [REVIEW SAVED] /mnt/c/Developer/Review_AI/scraper_project/raw_data/banyo-ve-ev-gerecleri/586209860_reviews.json
[2026-04-05T20:18:01.284Z] [INFO] 
[START REVIEW] category=banyo-ve-ev-gerecleri productId=577429653 startPage=1
[2026-04-05T20:18:01.326Z] [INFO] 
[REVIEW WORKER 2] starting banyo-ve-ev-gerecleri/646143055
[2026-04-05T20:18:01.664Z] [INFO] [review banyo-ve-ev-gerecleri/577429653] page=1 +4 reviews (unique=4)
[2026-04-05T20:18:01.711Z] [INFO] [REVIEW SAVED] /mnt/c/Developer/Review_AI/scraper_project/raw_data/banyo-ve-ev-gerecleri/577429653_reviews.json
[2026-04-05T20:18:01.772Z] [INFO] 
[REVIEW WORKER 1] starting banyo-ve-ev-gerecleri/631514697
[2026-04-05T20:18:01.903Z] [INFO] [review banyo-ve-ev-gerecleri/416873294] page=8 +1 reviews (unique=57)
[2026-04-05T20:18:01.966Z] [INFO] [REVIEW SAVED] /mnt/c/Developer/Review_AI/scraper_project/raw_data/banyo-ve-ev-gerecleri/416873294_reviews.json
[2026-04-05T20:18:01.990Z] [INFO] [review banyo-ve-ev-gerecleri/470600594] page=3 +8 reviews (unique=24)
[2026-04-05T20:18:02.037Z] [INFO] 
[START REVIEW] category=banyo-ve-ev-gerecleri productId=644741869 startPage=1
[2026-04-05T20:18:02.093Z] [INFO] 
[REVIEW WORKER 6] starting banyo-ve-ev-gerecleri/601106841
[2026-04-05T20:18:02.493Z] [INFO] [review banyo-ve-ev-gerecleri/644741869] page=1 +8 reviews (unique=8)
[2026-04-05T20:18:02.706Z] [INFO] [review banyo-ve-ev-gerecleri/470600594] page=4 +8 reviews (unique=32)
[2026-04-05T20:18:02.891Z] [INFO] 
[START REVIEW] category=banyo-ve-ev-gerecleri productId=461219672 startPage=1
[2026-04-05T20:18:03.380Z] [INFO] [review banyo-ve-ev-gerecleri/644741869] page=2 +2 reviews (unique=10)
[2026-04-05T20:18:03.468Z] [INFO] [REVIEW SAVED] /mnt/c/Developer/Review_AI/scraper_project/raw_data/banyo-ve-ev-gerecleri/644741869_reviews.json
[2026-04-05T20:18:03.510Z] [INFO] 
[START REVIEW] category=banyo-ve-ev-gerecleri productId=570621313 startPage=1
[2026-04-05T20:18:03.538Z] [INFO] 
[START REVIEW] category=banyo-ve-ev-gerecleri productId=704325278 startPage=1
[2026-04-05T20:18:03.571Z] [INFO] [review banyo-ve-ev-gerecleri/470600594] page=5 +2 reviews (unique=34)
[2026-04-05T20:18:03.608Z] [INFO] [REVIEW PARTIAL SAVED] /mnt/c/Developer/Review_AI/scraper_project/raw_data/banyo-ve-ev-gerecleri/470600594_reviews.partial.json
[2026-04-05T20:18:03.639Z] [INFO] [REVIEW SAVED] /mnt/c/Developer/Review_AI/scraper_project/raw_data/banyo-ve-ev-gerecleri/470600594_reviews.json
[2026-04-05T20:18:03.662Z] [INFO] 
[REVIEW WORKER 5] starting banyo-ve-ev-gerecleri/597386197
[2026-04-05T20:18:03.695Z] [INFO] 
[REVIEW WORKER 7] starting banyo-ve-ev-gerecleri/687869102
[2026-04-05T20:18:03.817Z] [INFO] [review banyo-ve-ev-gerecleri/461219672] page=1 +8 reviews (unique=8)
[2026-04-05T20:18:03.864Z] [INFO] [review banyo-ve-ev-gerecleri/704325278] page=1 +0 reviews (unique=0)
[2026-04-05T20:18:03.881Z] [INFO] [REVIEW SAVED] /mnt/c/Developer/Review_AI/scraper_project/raw_data/banyo-ve-ev-gerecleri/704325278_reviews.json
[2026-04-05T20:18:03.928Z] [INFO] 
[REVIEW WORKER 4] starting banyo-ve-ev-gerecleri/724787682
[2026-04-05T20:18:04.772Z] [INFO] 
[START REVIEW] category=banyo-ve-ev-gerecleri productId=578807732 startPage=1
[2026-04-05T20:18:04.902Z] [INFO] [review banyo-ve-ev-gerecleri/461219672] page=2 +8 reviews (unique=16)
[2026-04-05T20:18:04.928Z] [INFO] [REVIEW SAVED] /mnt/c/Developer/Review_AI/scraper_project/raw_data/banyo-ve-ev-gerecleri/461219672_reviews.json
[2026-04-05T20:18:04.954Z] [INFO] 
[REVIEW WORKER 10] starting banyo-ve-ev-gerecleri/559396902
[2026-04-05T20:18:05.422Z] [INFO] 
[START REVIEW] category=banyo-ve-ev-gerecleri productId=732753862 startPage=1
[2026-04-05T20:18:06.001Z] [INFO] [review banyo-ve-ev-gerecleri/570621313] page=1 +0 reviews (unique=0)
[2026-04-05T20:18:06.061Z] [INFO] [REVIEW SAVED] /mnt/c/Developer/Review_AI/scraper_project/raw_data/banyo-ve-ev-gerecleri/570621313_reviews.json
[2026-04-05T20:18:06.099Z] [INFO] 
[REVIEW WORKER 8] starting banyo-ve-ev-gerecleri/574914704
[2026-04-05T20:18:06.289Z] [INFO] [review banyo-ve-ev-gerecleri/732753862] page=1 +0 reviews (unique=0)
[2026-04-05T20:18:06.373Z] [INFO] [REVIEW SAVED] /mnt/c/Developer/Review_AI/scraper_project/raw_data/banyo-ve-ev-gerecleri/732753862_reviews.json
[2026-04-05T20:18:06.432Z] [INFO] 
[REVIEW WORKER 3] starting banyo-ve-ev-gerecleri/584980872
[2026-04-05T20:18:07.411Z] [INFO] 
[START REVIEW] category=banyo-ve-ev-gerecleri productId=631514697 startPage=1
[2026-04-05T20:18:07.494Z] [INFO] 
[START REVIEW] category=banyo-ve-ev-gerecleri productId=601106841 startPage=1
[2026-04-05T20:18:07.562Z] [INFO] 
[START REVIEW] category=banyo-ve-ev-gerecleri productId=646143055 startPage=1
[2026-04-05T20:18:07.858Z] [INFO] [review banyo-ve-ev-gerecleri/578807732] page=1 +8 reviews (unique=8)
[2026-04-05T20:18:08.468Z] [INFO] [review banyo-ve-ev-gerecleri/601106841] page=1 +8 reviews (unique=8)
[2026-04-05T20:18:08.542Z] [INFO] 
[START REVIEW] category=banyo-ve-ev-gerecleri productId=687869102 startPage=1
[2026-04-05T20:18:08.561Z] [INFO] [review banyo-ve-ev-gerecleri/631514697] page=1 +0 reviews (unique=0)
[2026-04-05T20:18:08.698Z] [INFO] [REVIEW SAVED] /mnt/c/Developer/Review_AI/scraper_project/raw_data/banyo-ve-ev-gerecleri/631514697_reviews.json
[2026-04-05T20:18:08.770Z] [INFO] 
[START REVIEW] category=banyo-ve-ev-gerecleri productId=597386197 startPage=1
[2026-04-05T20:18:08.880Z] [INFO] 
[REVIEW WORKER 1] starting banyo-ve-ev-gerecleri/547535167
[2026-04-05T20:18:08.946Z] [INFO] [review banyo-ve-ev-gerecleri/578807732] page=2 +8 reviews (unique=16)
[2026-04-05T20:18:09.322Z] [INFO] 
[START REVIEW] category=banyo-ve-ev-gerecleri productId=724787682 startPage=1
[2026-04-05T20:18:09.457Z] [INFO] [review banyo-ve-ev-gerecleri/601106841] page=2 +8 reviews (unique=16)
[2026-04-05T20:18:09.843Z] [INFO] [review banyo-ve-ev-gerecleri/724787682] page=1 +0 reviews (unique=0)
[2026-04-05T20:18:09.871Z] [INFO] [REVIEW SAVED] /mnt/c/Developer/Review_AI/scraper_project/raw_data/banyo-ve-ev-gerecleri/724787682_reviews.json
[2026-04-05T20:18:09.881Z] [INFO] [review banyo-ve-ev-gerecleri/687869102] page=1 +0 reviews (unique=0)
[2026-04-05T20:18:09.902Z] [INFO] [REVIEW SAVED] /mnt/c/Developer/Review_AI/scraper_project/raw_data/banyo-ve-ev-gerecleri/687869102_reviews.json
[2026-04-05T20:18:09.929Z] [INFO] 
[REVIEW WORKER 4] starting banyo-ve-ev-gerecleri/550540077
[2026-04-05T20:18:09.946Z] [INFO] 
[REVIEW WORKER 7] starting banyo-ve-ev-gerecleri/581597431
[2026-04-05T20:18:10.007Z] [INFO] [review banyo-ve-ev-gerecleri/646143055] page=1 +0 reviews (unique=0)
[2026-04-05T20:18:10.030Z] [INFO] [REVIEW SAVED] /mnt/c/Developer/Review_AI/scraper_project/raw_data/banyo-ve-ev-gerecleri/646143055_reviews.json
[2026-04-05T20:18:10.039Z] [INFO] [review banyo-ve-ev-gerecleri/578807732] page=3 +8 reviews (unique=24)
[2026-04-05T20:18:10.123Z] [INFO] 
[REVIEW WORKER 2] starting banyo-ve-ev-gerecleri/645954526
[2026-04-05T20:18:10.183Z] [INFO] [review banyo-ve-ev-gerecleri/597386197] page=1 +0 reviews (unique=0)
[2026-04-05T20:18:10.209Z] [INFO] [REVIEW SAVED] /mnt/c/Developer/Review_AI/scraper_project/raw_data/banyo-ve-ev-gerecleri/597386197_reviews.json
[2026-04-05T20:18:10.240Z] [INFO] 
[REVIEW WORKER 5] starting banyo-ve-ev-gerecleri/581432249
[2026-04-05T20:18:10.386Z] [INFO] [review banyo-ve-ev-gerecleri/601106841] page=3 +8 reviews (unique=24)
[2026-04-05T20:18:10.755Z] [INFO] [review banyo-ve-ev-gerecleri/578807732] page=4 +8 reviews (unique=32)
[2026-04-05T20:18:11.038Z] [INFO] 
[START REVIEW] category=banyo-ve-ev-gerecleri productId=559396902 startPage=1
[2026-04-05T20:18:11.158Z] [INFO] [review banyo-ve-ev-gerecleri/601106841] page=4 +8 reviews (unique=32)
[2026-04-05T20:18:11.360Z] [INFO] [review banyo-ve-ev-gerecleri/578807732] page=5 +8 reviews (unique=40)
[2026-04-05T20:18:11.375Z] [INFO] [REVIEW PARTIAL SAVED] /mnt/c/Developer/Review_AI/scraper_project/raw_data/banyo-ve-ev-gerecleri/578807732_reviews.partial.json
[2026-04-05T20:18:11.857Z] [INFO] 
[START REVIEW] category=banyo-ve-ev-gerecleri productId=584980872 startPage=1
[2026-04-05T20:18:11.889Z] [INFO] [review banyo-ve-ev-gerecleri/559396902] page=1 +8 reviews (unique=8)
[2026-04-05T20:18:11.912Z] [INFO] [review banyo-ve-ev-gerecleri/601106841] page=5 +3 reviews (unique=35)
[2026-04-05T20:18:11.946Z] [INFO] [REVIEW PARTIAL SAVED] /mnt/c/Developer/Review_AI/scraper_project/raw_data/banyo-ve-ev-gerecleri/601106841_reviews.partial.json
[2026-04-05T20:18:11.991Z] [INFO] [REVIEW SAVED] /mnt/c/Developer/Review_AI/scraper_project/raw_data/banyo-ve-ev-gerecleri/601106841_reviews.json
[2026-04-05T20:18:12.022Z] [INFO] 
[START REVIEW] category=banyo-ve-ev-gerecleri productId=574914704 startPage=1
[2026-04-05T20:18:12.050Z] [INFO] 
[REVIEW WORKER 6] starting banyo-ve-ev-gerecleri/449977042
[2026-04-05T20:18:12.100Z] [INFO] [review banyo-ve-ev-gerecleri/578807732] page=6 +8 reviews (unique=48)
[2026-04-05T20:18:12.176Z] [INFO] [REVIEW SAVED] /mnt/c/Developer/Review_AI/scraper_project/raw_data/banyo-ve-ev-gerecleri/578807732_reviews.json
[2026-04-05T20:18:12.297Z] [INFO] 
[REVIEW WORKER 9] starting banyo-ve-ev-gerecleri/555401082
[2026-04-05T20:18:12.326Z] [INFO] [review banyo-ve-ev-gerecleri/584980872] page=1 +8 reviews (unique=8)
[2026-04-05T20:18:12.529Z] [INFO] [review banyo-ve-ev-gerecleri/574914704] page=1 +8 reviews (unique=8)
[2026-04-05T20:18:12.679Z] [INFO] [review banyo-ve-ev-gerecleri/559396902] page=2 +8 reviews (unique=16)
[2026-04-05T20:18:13.655Z] [INFO] [review banyo-ve-ev-gerecleri/574914704] page=2 +8 reviews (unique=16)
[2026-04-05T20:18:14.286Z] [INFO] [review banyo-ve-ev-gerecleri/559396902] page=3 +8 reviews (unique=24)
[2026-04-05T20:18:14.767Z] [INFO] [review banyo-ve-ev-gerecleri/574914704] page=3 +8 reviews (unique=24)
[2026-04-05T20:18:15.574Z] [INFO] 
[START REVIEW] category=banyo-ve-ev-gerecleri productId=645954526 startPage=1
[2026-04-05T20:18:15.601Z] [INFO] 
[START REVIEW] category=banyo-ve-ev-gerecleri productId=547535167 startPage=1
[2026-04-05T20:18:15.612Z] [INFO] [review banyo-ve-ev-gerecleri/559396902] page=4 +8 reviews (unique=32)
[2026-04-05T20:18:15.686Z] [INFO] [review banyo-ve-ev-gerecleri/574914704] page=4 +8 reviews (unique=32)
[2026-04-05T20:18:15.899Z] [INFO] 
[START REVIEW] category=banyo-ve-ev-gerecleri productId=581597431 startPage=1
[2026-04-05T20:18:16.136Z] [INFO] [review banyo-ve-ev-gerecleri/547535167] page=1 +0 reviews (unique=0)
[2026-04-05T20:18:16.193Z] [INFO] [REVIEW SAVED] /mnt/c/Developer/Review_AI/scraper_project/raw_data/banyo-ve-ev-gerecleri/547535167_reviews.json
[2026-04-05T20:18:16.233Z] [INFO] 
[REVIEW WORKER 1] starting banyo-ve-ev-gerecleri/567704631
[2026-04-05T20:18:16.414Z] [INFO] [review banyo-ve-ev-gerecleri/645954526] page=1 +0 reviews (unique=0)
[2026-04-05T20:18:16.460Z] [INFO] [REVIEW SAVED] /mnt/c/Developer/Review_AI/scraper_project/raw_data/banyo-ve-ev-gerecleri/645954526_reviews.json
[2026-04-05T20:18:16.472Z] [INFO] [review banyo-ve-ev-gerecleri/574914704] page=5 +8 reviews (unique=40)
[2026-04-05T20:18:16.498Z] [INFO] [REVIEW PARTIAL SAVED] /mnt/c/Developer/Review_AI/scraper_project/raw_data/banyo-ve-ev-gerecleri/574914704_reviews.partial.json
[2026-04-05T20:18:16.531Z] [INFO] 
[REVIEW WORKER 2] starting banyo-ve-ev-gerecleri/735324501
[2026-04-05T20:18:16.633Z] [INFO] [review banyo-ve-ev-gerecleri/581597431] page=1 +8 reviews (unique=8)
[2026-04-05T20:18:16.833Z] [INFO] [REVIEW SAVED] /mnt/c/Developer/Review_AI/scraper_project/raw_data/banyo-ve-ev-gerecleri/581597431_reviews.json
[2026-04-05T20:18:16.863Z] [INFO] 
[START REVIEW] category=banyo-ve-ev-gerecleri productId=581432249 startPage=1
[2026-04-05T20:18:16.909Z] [INFO] 
[REVIEW WORKER 7] starting banyo-ve-ev-gerecleri/582718426
[2026-04-05T20:18:17.051Z] [INFO] 
[START REVIEW] category=banyo-ve-ev-gerecleri productId=550540077 startPage=1
[2026-04-05T20:18:17.172Z] [INFO] [review banyo-ve-ev-gerecleri/574914704] page=6 +5 reviews (unique=45)
[2026-04-05T20:18:17.226Z] [INFO] [REVIEW SAVED] /mnt/c/Developer/Review_AI/scraper_project/raw_data/banyo-ve-ev-gerecleri/574914704_reviews.json
[2026-04-05T20:18:17.267Z] [INFO] 
[REVIEW WORKER 8] starting banyo-ve-ev-gerecleri/628488855
[2026-04-05T20:18:17.380Z] [INFO] [review banyo-ve-ev-gerecleri/550540077] page=1 +6 reviews (unique=6)
[2026-04-05T20:18:17.463Z] [INFO] [REVIEW SAVED] /mnt/c/Developer/Review_AI/scraper_project/raw_data/banyo-ve-ev-gerecleri/550540077_reviews.json
[2026-04-05T20:18:17.483Z] [INFO] [review banyo-ve-ev-gerecleri/584980872] page=2 +8 reviews (unique=16)
[2026-04-05T20:18:17.545Z] [INFO] 
[REVIEW WORKER 4] starting banyo-ve-ev-gerecleri/679375644
[2026-04-05T20:18:17.743Z] [INFO] [review banyo-ve-ev-gerecleri/581432249] page=1 +8 reviews (unique=8)
[2026-04-05T20:18:18.128Z] [INFO] [review banyo-ve-ev-gerecleri/584980872] page=3 +2 reviews (unique=18)
[2026-04-05T20:18:18.147Z] [INFO] [REVIEW SAVED] /mnt/c/Developer/Review_AI/scraper_project/raw_data/banyo-ve-ev-gerecleri/584980872_reviews.json
[2026-04-05T20:18:18.179Z] [INFO] 
[REVIEW WORKER 3] starting banyo-ve-ev-gerecleri/651679473
[2026-04-05T20:18:18.539Z] [INFO] [review banyo-ve-ev-gerecleri/581432249] page=2 +8 reviews (unique=16)
[2026-04-05T20:18:18.796Z] [INFO] 
[START REVIEW] category=banyo-ve-ev-gerecleri productId=449977042 startPage=1
[2026-04-05T20:18:18.809Z] [INFO] 
[START REVIEW] category=banyo-ve-ev-gerecleri productId=555401082 startPage=1
[2026-04-05T20:18:19.229Z] [INFO] [review banyo-ve-ev-gerecleri/449977042] page=1 +2 reviews (unique=2)
[2026-04-05T20:18:19.260Z] [INFO] [REVIEW SAVED] /mnt/c/Developer/Review_AI/scraper_project/raw_data/banyo-ve-ev-gerecleri/449977042_reviews.json
[2026-04-05T20:18:19.278Z] [INFO] [review banyo-ve-ev-gerecleri/581432249] page=3 +8 reviews (unique=24)
[2026-04-05T20:18:19.302Z] [INFO] 
[REVIEW WORKER 6] starting banyo-ve-ev-gerecleri/630019018
[2026-04-05T20:18:19.484Z] [INFO] [review banyo-ve-ev-gerecleri/555401082] page=1 +5 reviews (unique=5)
[2026-04-05T20:18:19.529Z] [INFO] [REVIEW SAVED] /mnt/c/Developer/Review_AI/scraper_project/raw_data/banyo-ve-ev-gerecleri/555401082_reviews.json
[2026-04-05T20:18:19.593Z] [INFO] 
[REVIEW WORKER 9] starting banyo-ve-ev-gerecleri/687842200
[2026-04-05T20:18:20.329Z] [INFO] [review banyo-ve-ev-gerecleri/581432249] page=4 +8 reviews (unique=32)
[2026-04-05T20:18:20.676Z] [INFO] 
[START REVIEW] category=banyo-ve-ev-gerecleri productId=567704631 startPage=1
[2026-04-05T20:18:21.117Z] [INFO] 
[START REVIEW] category=banyo-ve-ev-gerecleri productId=735324501 startPage=1
[2026-04-05T20:18:21.164Z] [INFO] [review banyo-ve-ev-gerecleri/559396902] page=5 +8 reviews (unique=40)
[2026-04-05T20:18:21.190Z] [INFO] [REVIEW PARTIAL SAVED] /mnt/c/Developer/Review_AI/scraper_project/raw_data/banyo-ve-ev-gerecleri/559396902_reviews.partial.json
[2026-04-05T20:18:22.236Z] [INFO] 
[START REVIEW] category=banyo-ve-ev-gerecleri productId=582718426 startPage=1
[2026-04-05T20:18:22.381Z] [INFO] [review banyo-ve-ev-gerecleri/581432249] page=5 +8 reviews (unique=40)
[2026-04-05T20:18:22.405Z] [INFO] [REVIEW PARTIAL SAVED] /mnt/c/Developer/Review_AI/scraper_project/raw_data/banyo-ve-ev-gerecleri/581432249_reviews.partial.json
[2026-04-05T20:18:22.417Z] [INFO] [review banyo-ve-ev-gerecleri/567704631] page=1 +8 reviews (unique=8)
[2026-04-05T20:18:22.533Z] [INFO] [review banyo-ve-ev-gerecleri/735324501] page=1 +8 reviews (unique=8)
[2026-04-05T20:18:22.733Z] [INFO] [review banyo-ve-ev-gerecleri/559396902] page=6 +8 reviews (unique=48)
[2026-04-05T20:18:23.037Z] [INFO] [review banyo-ve-ev-gerecleri/581432249] page=6 +8 reviews (unique=48)
[2026-04-05T20:18:23.110Z] [INFO] [REVIEW SAVED] /mnt/c/Developer/Review_AI/scraper_project/raw_data/banyo-ve-ev-gerecleri/581432249_reviews.json
[2026-04-05T20:18:23.173Z] [INFO] 
[REVIEW WORKER 5] starting banyo-ve-ev-gerecleri/470600549
[2026-04-05T20:18:23.188Z] [INFO] [review banyo-ve-ev-gerecleri/582718426] page=1 +8 reviews (unique=8)
[2026-04-05T20:18:23.344Z] [INFO] [review banyo-ve-ev-gerecleri/735324501] page=2 +4 reviews (unique=12)
[2026-04-05T20:18:23.511Z] [INFO] [REVIEW SAVED] /mnt/c/Developer/Review_AI/scraper_project/raw_data/banyo-ve-ev-gerecleri/735324501_reviews.json
[2026-04-05T20:18:23.581Z] [INFO] [review banyo-ve-ev-gerecleri/567704631] page=2 +5 reviews (unique=13)
[2026-04-05T20:18:23.806Z] [INFO] [REVIEW SAVED] /mnt/c/Developer/Review_AI/scraper_project/raw_data/banyo-ve-ev-gerecleri/567704631_reviews.json
[2026-04-05T20:18:23.869Z] [INFO] 
[REVIEW WORKER 2] starting banyo-ve-ev-gerecleri/602484960
[2026-04-05T20:18:23.902Z] [INFO] [review banyo-ve-ev-gerecleri/559396902] page=7 +8 reviews (unique=56)
[2026-04-05T20:18:23.957Z] [INFO] 
[REVIEW WORKER 1] starting banyo-ve-ev-gerecleri/582334846
[2026-04-05T20:18:24.138Z] [INFO] 
[START REVIEW] category=banyo-ve-ev-gerecleri productId=628488855 startPage=1
[2026-04-05T20:18:24.309Z] [INFO] [review banyo-ve-ev-gerecleri/582718426] page=2 +8 reviews (unique=16)
[2026-04-05T20:18:24.432Z] [INFO] 
[START REVIEW] category=banyo-ve-ev-gerecleri productId=679375644 startPage=1
[2026-04-05T20:18:24.542Z] [INFO] [review banyo-ve-ev-gerecleri/628488855] page=1 +8 reviews (unique=8)
[2026-04-05T20:18:24.677Z] [INFO] [review banyo-ve-ev-gerecleri/679375644] page=1 +0 reviews (unique=0)
[2026-04-05T20:18:24.706Z] [INFO] [REVIEW SAVED] /mnt/c/Developer/Review_AI/scraper_project/raw_data/banyo-ve-ev-gerecleri/679375644_reviews.json
[2026-04-05T20:18:24.732Z] [INFO] 
[REVIEW WORKER 4] starting banyo-ve-ev-gerecleri/139054180
[2026-04-05T20:18:24.864Z] [INFO] [review banyo-ve-ev-gerecleri/559396902] page=8 +7 reviews (unique=63)
[2026-04-05T20:18:24.892Z] [INFO] [REVIEW SAVED] /mnt/c/Developer/Review_AI/scraper_project/raw_data/banyo-ve-ev-gerecleri/559396902_reviews.json
[2026-04-05T20:18:24.935Z] [INFO] 
[REVIEW WORKER 10] starting banyo-ve-ev-gerecleri/550372253
[2026-04-05T20:18:25.018Z] [INFO] [review banyo-ve-ev-gerecleri/582718426] page=3 +8 reviews (unique=24)
[2026-04-05T20:18:25.398Z] [INFO] 
[START REVIEW] category=banyo-ve-ev-gerecleri productId=651679473 startPage=1
[2026-04-05T20:18:25.493Z] [INFO] [review banyo-ve-ev-gerecleri/628488855] page=2 +2 reviews (unique=10)
[2026-04-05T20:18:25.521Z] [INFO] [REVIEW SAVED] /mnt/c/Developer/Review_AI/scraper_project/raw_data/banyo-ve-ev-gerecleri/628488855_reviews.json
[2026-04-05T20:18:25.558Z] [INFO] 
[REVIEW WORKER 8] starting banyo-ve-ev-gerecleri/653779778
[2026-04-05T20:18:25.885Z] [INFO] [review banyo-ve-ev-gerecleri/651679473] page=1 +2 reviews (unique=2)
[2026-04-05T20:18:25.919Z] [INFO] [REVIEW SAVED] /mnt/c/Developer/Review_AI/scraper_project/raw_data/banyo-ve-ev-gerecleri/651679473_reviews.json
[2026-04-05T20:18:25.935Z] [INFO] [review banyo-ve-ev-gerecleri/582718426] page=4 +8 reviews (unique=32)
[2026-04-05T20:18:25.968Z] [INFO] 
[START REVIEW] category=banyo-ve-ev-gerecleri productId=630019018 startPage=1
[2026-04-05T20:18:25.982Z] [INFO] 
[REVIEW WORKER 3] starting banyo-ve-ev-gerecleri/582042916
[2026-04-05T20:18:26.284Z] [INFO] 
[START REVIEW] category=banyo-ve-ev-gerecleri productId=687842200 startPage=1
[2026-04-05T20:18:26.959Z] [INFO] [review banyo-ve-ev-gerecleri/630019018] page=1 +8 reviews (unique=8)
[2026-04-05T20:18:26.991Z] [INFO] [review banyo-ve-ev-gerecleri/687842200] page=1 +8 reviews (unique=8)
[2026-04-05T20:18:27.112Z] [INFO] [review banyo-ve-ev-gerecleri/582718426] page=5 +8 reviews (unique=40)
[2026-04-05T20:18:27.145Z] [INFO] [REVIEW PARTIAL SAVED] /mnt/c/Developer/Review_AI/scraper_project/raw_data/banyo-ve-ev-gerecleri/582718426_reviews.partial.json
[2026-04-05T20:18:28.233Z] [INFO] [review banyo-ve-ev-gerecleri/630019018] page=2 +6 reviews (unique=14)
[2026-04-05T20:18:28.312Z] [INFO] [REVIEW SAVED] /mnt/c/Developer/Review_AI/scraper_project/raw_data/banyo-ve-ev-gerecleri/630019018_reviews.json
[2026-04-05T20:18:28.341Z] [INFO] [review banyo-ve-ev-gerecleri/582718426] page=6 +8 reviews (unique=48)
[2026-04-05T20:18:28.370Z] [INFO] [review banyo-ve-ev-gerecleri/687842200] page=2 +8 reviews (unique=16)
[2026-04-05T20:18:28.520Z] [INFO] 
[REVIEW WORKER 6] starting banyo-ve-ev-gerecleri/596710152
[2026-04-05T20:18:28.885Z] [INFO] 
[START REVIEW] category=banyo-ve-ev-gerecleri productId=470600549 startPage=1
[2026-04-05T20:18:29.464Z] [INFO] [review banyo-ve-ev-gerecleri/687842200] page=3 +8 reviews (unique=24)
[2026-04-05T20:18:29.640Z] [INFO] [review banyo-ve-ev-gerecleri/470600549] page=1 +8 reviews (unique=8)
[2026-04-05T20:18:29.679Z] [INFO] [review banyo-ve-ev-gerecleri/582718426] page=7 +8 reviews (unique=56)
[2026-04-05T20:18:29.913Z] [INFO] 
[START REVIEW] category=banyo-ve-ev-gerecleri productId=139054180 startPage=1
[2026-04-05T20:18:29.936Z] [INFO] 
[START REVIEW] category=banyo-ve-ev-gerecleri productId=582334846 startPage=1
[2026-04-05T20:18:29.964Z] [INFO] 
[START REVIEW] category=banyo-ve-ev-gerecleri productId=602484960 startPage=1
[2026-04-05T20:18:30.133Z] [INFO] [review banyo-ve-ev-gerecleri/687842200] page=4 +8 reviews (unique=32)
[2026-04-05T20:18:30.317Z] [INFO] [review banyo-ve-ev-gerecleri/582718426] page=8 +5 reviews (unique=61)
[2026-04-05T20:18:30.352Z] [INFO] [REVIEW SAVED] /mnt/c/Developer/Review_AI/scraper_project/raw_data/banyo-ve-ev-gerecleri/582718426_reviews.json
[2026-04-05T20:18:30.364Z] [INFO] [review banyo-ve-ev-gerecleri/470600549] page=2 +8 reviews (unique=16)
[2026-04-05T20:18:30.411Z] [INFO] 
[REVIEW WORKER 7] starting banyo-ve-ev-gerecleri/735923910
[2026-04-05T20:18:30.525Z] [INFO] [review banyo-ve-ev-gerecleri/139054180] page=1 +2 reviews (unique=2)
[2026-04-05T20:18:30.564Z] [INFO] [REVIEW SAVED] /mnt/c/Developer/Review_AI/scraper_project/raw_data/banyo-ve-ev-gerecleri/139054180_reviews.json
[2026-04-05T20:18:30.581Z] [INFO] 
[START REVIEW] category=banyo-ve-ev-gerecleri productId=550372253 startPage=1
[2026-04-05T20:18:30.590Z] [INFO] [review banyo-ve-ev-gerecleri/602484960] page=1 +8 reviews (unique=8)
[2026-04-05T20:18:30.615Z] [INFO] [review banyo-ve-ev-gerecleri/582334846] page=1 +8 reviews (unique=8)
[2026-04-05T20:18:30.646Z] [INFO] 
[REVIEW WORKER 4] starting banyo-ve-ev-gerecleri/588927684
[2026-04-05T20:18:30.948Z] [INFO] [review banyo-ve-ev-gerecleri/687842200] page=5 +8 reviews (unique=40)
[2026-04-05T20:18:30.964Z] [INFO] [REVIEW PARTIAL SAVED] /mnt/c/Developer/Review_AI/scraper_project/raw_data/banyo-ve-ev-gerecleri/687842200_reviews.partial.json
[2026-04-05T20:18:31.068Z] [INFO] [review banyo-ve-ev-gerecleri/470600549] page=3 +8 reviews (unique=24)
[2026-04-05T20:18:31.126Z] [INFO] [review banyo-ve-ev-gerecleri/550372253] page=1 +8 reviews (unique=8)
[2026-04-05T20:18:31.278Z] [INFO] [review banyo-ve-ev-gerecleri/602484960] page=2 +8 reviews (unique=16)
[2026-04-05T20:18:31.469Z] [INFO] 
[START REVIEW] category=banyo-ve-ev-gerecleri productId=653779778 startPage=1
[2026-04-05T20:18:31.674Z] [INFO] [review banyo-ve-ev-gerecleri/582334846] page=2 +8 reviews (unique=16)
[2026-04-05T20:18:31.769Z] [INFO] [review banyo-ve-ev-gerecleri/687842200] page=6 +8 reviews (unique=48)
[2026-04-05T20:18:31.834Z] [INFO] 
[START REVIEW] category=banyo-ve-ev-gerecleri productId=582042916 startPage=1
[2026-04-05T20:18:31.847Z] [INFO] [review banyo-ve-ev-gerecleri/470600549] page=4 +6 reviews (unique=30)
[2026-04-05T20:18:31.902Z] [INFO] [REVIEW SAVED] /mnt/c/Developer/Review_AI/scraper_project/raw_data/banyo-ve-ev-gerecleri/470600549_reviews.json
[2026-04-05T20:18:31.919Z] [INFO] [review banyo-ve-ev-gerecleri/550372253] page=2 +8 reviews (unique=16)
[2026-04-05T20:18:31.951Z] [INFO] 
[REVIEW WORKER 5] starting banyo-ve-ev-gerecleri/569161868
[2026-04-05T20:18:31.986Z] [INFO] [review banyo-ve-ev-gerecleri/653779778] page=1 +8 reviews (unique=8)
[2026-04-05T20:18:32.020Z] [INFO] [review banyo-ve-ev-gerecleri/602484960] page=3 +8 reviews (unique=24)
[2026-04-05T20:18:32.426Z] [INFO] [review banyo-ve-ev-gerecleri/687842200] page=7 +8 reviews (unique=56)
[2026-04-05T20:18:32.447Z] [INFO] [review banyo-ve-ev-gerecleri/582334846] page=3 +8 reviews (unique=24)
[2026-04-05T20:18:32.579Z] [INFO] [review banyo-ve-ev-gerecleri/550372253] page=3 +8 reviews (unique=24)
[2026-04-05T20:18:32.927Z] [INFO] [review banyo-ve-ev-gerecleri/602484960] page=4 +8 reviews (unique=32)
[2026-04-05T20:18:32.950Z] [INFO] [review banyo-ve-ev-gerecleri/582042916] page=1 +8 reviews (unique=8)
[2026-04-05T20:18:32.977Z] [INFO] [review banyo-ve-ev-gerecleri/653779778] page=2 +8 reviews (unique=16)
[2026-04-05T20:18:33.525Z] [INFO] [review banyo-ve-ev-gerecleri/687842200] page=8 +8 reviews (unique=64)
[2026-04-05T20:18:33.552Z] [INFO] [review banyo-ve-ev-gerecleri/582334846] page=4 +6 reviews (unique=30)
[2026-04-05T20:18:33.600Z] [INFO] [REVIEW SAVED] /mnt/c/Developer/Review_AI/scraper_project/raw_data/banyo-ve-ev-gerecleri/582334846_reviews.json
[2026-04-05T20:18:33.620Z] [INFO] [review banyo-ve-ev-gerecleri/550372253] page=4 +8 reviews (unique=32)
[2026-04-05T20:18:33.669Z] [INFO] [review banyo-ve-ev-gerecleri/582042916] page=2 +8 reviews (unique=16)
[2026-04-05T20:18:33.710Z] [INFO] [review banyo-ve-ev-gerecleri/653779778] page=3 +4 reviews (unique=20)
[2026-04-05T20:18:33.778Z] [INFO] [REVIEW SAVED] /mnt/c/Developer/Review_AI/scraper_project/raw_data/banyo-ve-ev-gerecleri/653779778_reviews.json
[2026-04-05T20:18:33.789Z] [INFO] [review banyo-ve-ev-gerecleri/602484960] page=5 +8 reviews (unique=40)
[2026-04-05T20:18:33.865Z] [INFO] [REVIEW PARTIAL SAVED] /mnt/c/Developer/Review_AI/scraper_project/raw_data/banyo-ve-ev-gerecleri/602484960_reviews.partial.json
[2026-04-05T20:18:33.903Z] [INFO] 
[REVIEW WORKER 1] starting banyo-ve-ev-gerecleri/586320400
[2026-04-05T20:18:33.960Z] [INFO] 
[REVIEW WORKER 8] starting banyo-ve-ev-gerecleri/584624059
[2026-04-05T20:18:34.230Z] [INFO] 
[START REVIEW] category=banyo-ve-ev-gerecleri productId=596710152 startPage=1
[2026-04-05T20:18:34.568Z] [INFO] [review banyo-ve-ev-gerecleri/687842200] page=9 +8 reviews (unique=72)
[2026-04-05T20:18:34.685Z] [INFO] [review banyo-ve-ev-gerecleri/550372253] page=5 +8 reviews (unique=40)
[2026-04-05T20:18:34.722Z] [INFO] [REVIEW PARTIAL SAVED] /mnt/c/Developer/Review_AI/scraper_project/raw_data/banyo-ve-ev-gerecleri/550372253_reviews.partial.json
[2026-04-05T20:18:34.743Z] [INFO] [review banyo-ve-ev-gerecleri/602484960] page=6 +8 reviews (unique=48)
[2026-04-05T20:18:34.862Z] [INFO] [review banyo-ve-ev-gerecleri/596710152] page=1 +8 reviews (unique=8)
[2026-04-05T20:18:34.916Z] [INFO] [review banyo-ve-ev-gerecleri/582042916] page=3 +8 reviews (unique=24)
[2026-04-05T20:18:35.258Z] [INFO] [review banyo-ve-ev-gerecleri/687842200] page=10 +8 reviews (unique=80)
[2026-04-05T20:18:35.287Z] [INFO] [REVIEW PARTIAL SAVED] /mnt/c/Developer/Review_AI/scraper_project/raw_data/banyo-ve-ev-gerecleri/687842200_reviews.partial.json
[2026-04-05T20:18:35.463Z] [INFO] [review banyo-ve-ev-gerecleri/550372253] page=6 +8 reviews (unique=48)
[2026-04-05T20:18:35.501Z] [INFO] [review banyo-ve-ev-gerecleri/602484960] page=7 +7 reviews (unique=55)
[2026-04-05T20:18:35.564Z] [INFO] [REVIEW SAVED] /mnt/c/Developer/Review_AI/scraper_project/raw_data/banyo-ve-ev-gerecleri/602484960_reviews.json
[2026-04-05T20:18:35.612Z] [INFO] 
[REVIEW WORKER 2] starting banyo-ve-ev-gerecleri/681523674
[2026-04-05T20:18:36.004Z] [INFO] [review banyo-ve-ev-gerecleri/582042916] page=4 +8 reviews (unique=32)
[2026-04-05T20:18:36.086Z] [INFO] [review banyo-ve-ev-gerecleri/687842200] page=11 +8 reviews (unique=88)
[2026-04-05T20:18:36.151Z] [INFO] 
[START REVIEW] category=banyo-ve-ev-gerecleri productId=588927684 startPage=1
[2026-04-05T20:18:36.177Z] [INFO] 
[START REVIEW] category=banyo-ve-ev-gerecleri productId=735923910 startPage=1
[2026-04-05T20:18:36.216Z] [INFO] [review banyo-ve-ev-gerecleri/596710152] page=2 +2 reviews (unique=10)
[2026-04-05T20:18:36.243Z] [INFO] [REVIEW SAVED] /mnt/c/Developer/Review_AI/scraper_project/raw_data/banyo-ve-ev-gerecleri/596710152_reviews.json
[2026-04-05T20:18:36.263Z] [INFO] 
[REVIEW WORKER 6] starting banyo-ve-ev-gerecleri/652939053
[2026-04-05T20:18:36.552Z] [INFO] [review banyo-ve-ev-gerecleri/550372253] page=7 +8 reviews (unique=56)
[2026-04-05T20:18:36.609Z] [INFO] [review banyo-ve-ev-gerecleri/582042916] page=5 +8 reviews (unique=40)
[2026-04-05T20:18:36.624Z] [INFO] [REVIEW PARTIAL SAVED] /mnt/c/Developer/Review_AI/scraper_project/raw_data/banyo-ve-ev-gerecleri/582042916_reviews.partial.json
[2026-04-05T20:18:36.735Z] [INFO] [review banyo-ve-ev-gerecleri/687842200] page=12 +8 reviews (unique=96)
[2026-04-05T20:18:36.785Z] [INFO] 
[START REVIEW] category=banyo-ve-ev-gerecleri productId=569161868 startPage=1
[2026-04-05T20:18:36.806Z] [INFO] [review banyo-ve-ev-gerecleri/735923910] page=1 +8 reviews (unique=8)
[2026-04-05T20:18:36.825Z] [INFO] [review banyo-ve-ev-gerecleri/588927684] page=1 +8 reviews (unique=8)
[2026-04-05T20:18:37.012Z] [INFO] [review banyo-ve-ev-gerecleri/569161868] page=1 +4 reviews (unique=4)
[2026-04-05T20:18:37.046Z] [INFO] [REVIEW SAVED] /mnt/c/Developer/Review_AI/scraper_project/raw_data/banyo-ve-ev-gerecleri/569161868_reviews.json
[2026-04-05T20:18:37.071Z] [INFO] 
[REVIEW WORKER 5] starting banyo-ve-ev-gerecleri/484464583
[2026-04-05T20:18:37.243Z] [INFO] [review banyo-ve-ev-gerecleri/550372253] page=8 +8 reviews (unique=64)
[2026-04-05T20:18:37.356Z] [INFO] [review banyo-ve-ev-gerecleri/687842200] page=13 +8 reviews (unique=104)
[2026-04-05T20:18:37.452Z] [INFO] [review banyo-ve-ev-gerecleri/735923910] page=2 +1 reviews (unique=9)
[2026-04-05T20:18:37.471Z] [INFO] [REVIEW SAVED] /mnt/c/Developer/Review_AI/scraper_project/raw_data/banyo-ve-ev-gerecleri/735923910_reviews.json
[2026-04-05T20:18:37.490Z] [INFO] 
[REVIEW WORKER 7] starting banyo-ve-ev-gerecleri/672760497
[2026-04-05T20:18:37.585Z] [INFO] [review banyo-ve-ev-gerecleri/588927684] page=2 +8 reviews (unique=16)
[2026-04-05T20:18:37.629Z] [INFO] [review banyo-ve-ev-gerecleri/582042916] page=6 +8 reviews (unique=48)
[2026-04-05T20:18:37.958Z] [INFO] [review banyo-ve-ev-gerecleri/687842200] page=14 +8 reviews (unique=112)
[2026-04-05T20:18:37.967Z] [INFO] [review banyo-ve-ev-gerecleri/550372253] page=9 +8 reviews (unique=72)
[2026-04-05T20:18:38.299Z] [INFO] [review banyo-ve-ev-gerecleri/588927684] page=3 +8 reviews (unique=24)
[2026-04-05T20:18:38.312Z] [INFO] [review banyo-ve-ev-gerecleri/582042916] page=7 +2 reviews (unique=50)
[2026-04-05T20:18:38.346Z] [INFO] [REVIEW SAVED] /mnt/c/Developer/Review_AI/scraper_project/raw_data/banyo-ve-ev-gerecleri/582042916_reviews.json
[2026-04-05T20:18:38.371Z] [INFO] 
[REVIEW WORKER 3] starting banyo-ve-ev-gerecleri/732666018
[2026-04-05T20:18:38.776Z] [INFO] 
[START REVIEW] category=banyo-ve-ev-gerecleri productId=584624059 startPage=1
[2026-04-05T20:18:38.809Z] [INFO] 
[START REVIEW] category=banyo-ve-ev-gerecleri productId=586320400 startPage=1
[2026-04-05T20:18:38.921Z] [INFO] [review banyo-ve-ev-gerecleri/550372253] page=10 +8 reviews (unique=80)
[2026-04-05T20:18:38.939Z] [INFO] [REVIEW PARTIAL SAVED] /mnt/c/Developer/Review_AI/scraper_project/raw_data/banyo-ve-ev-gerecleri/550372253_reviews.partial.json
[2026-04-05T20:18:38.945Z] [INFO] [review banyo-ve-ev-gerecleri/687842200] page=15 +8 reviews (unique=120)
[2026-04-05T20:18:38.966Z] [INFO] [REVIEW PARTIAL SAVED] /mnt/c/Developer/Review_AI/scraper_project/raw_data/banyo-ve-ev-gerecleri/687842200_reviews.partial.json
[2026-04-05T20:18:39.104Z] [INFO] [review banyo-ve-ev-gerecleri/588927684] page=4 +8 reviews (unique=32)
[2026-04-05T20:18:39.115Z] [INFO] [review banyo-ve-ev-gerecleri/584624059] page=1 +1 reviews (unique=1)
[2026-04-05T20:18:39.137Z] [INFO] [REVIEW SAVED] /mnt/c/Developer/Review_AI/scraper_project/raw_data/banyo-ve-ev-gerecleri/584624059_reviews.json
[2026-04-05T20:18:39.164Z] [INFO] 
[REVIEW WORKER 8] starting banyo-ve-ev-gerecleri/629348745
[2026-04-05T20:18:39.250Z] [INFO] [review banyo-ve-ev-gerecleri/586320400] page=1 +8 reviews (unique=8)
[2026-04-05T20:18:39.563Z] [INFO] [review banyo-ve-ev-gerecleri/550372253] page=11 +2 reviews (unique=82)
[2026-04-05T20:18:39.598Z] [INFO] [REVIEW SAVED] /mnt/c/Developer/Review_AI/scraper_project/raw_data/banyo-ve-ev-gerecleri/550372253_reviews.json
[2026-04-05T20:18:39.629Z] [INFO] 
[REVIEW WORKER 10] starting banyo-ve-ev-gerecleri/581584646
[2026-04-05T20:18:39.656Z] [INFO] [review banyo-ve-ev-gerecleri/687842200] page=16 +8 reviews (unique=128)
[2026-04-05T20:18:39.767Z] [INFO] 
[START REVIEW] category=banyo-ve-ev-gerecleri productId=681523674 startPage=1
[2026-04-05T20:18:39.798Z] [INFO] [review banyo-ve-ev-gerecleri/588927684] page=5 +8 reviews (unique=40)
[2026-04-05T20:18:39.823Z] [INFO] [REVIEW PARTIAL SAVED] /mnt/c/Developer/Review_AI/scraper_project/raw_data/banyo-ve-ev-gerecleri/588927684_reviews.partial.json
[2026-04-05T20:18:39.958Z] [INFO] [review banyo-ve-ev-gerecleri/586320400] page=2 +8 reviews (unique=16)
[2026-04-05T20:18:40.016Z] [INFO] [review banyo-ve-ev-gerecleri/681523674] page=1 +3 reviews (unique=3)
[2026-04-05T20:18:40.043Z] [INFO] [REVIEW SAVED] /mnt/c/Developer/Review_AI/scraper_project/raw_data/banyo-ve-ev-gerecleri/681523674_reviews.json
[2026-04-05T20:18:40.068Z] [INFO] 
[REVIEW WORKER 2] starting banyo-ve-ev-gerecleri/730010574
[2026-04-05T20:18:40.393Z] [INFO] [review banyo-ve-ev-gerecleri/687842200] page=17 +8 reviews (unique=136)
[2026-04-05T20:18:40.483Z] [INFO] [review banyo-ve-ev-gerecleri/588927684] page=6 +8 reviews (unique=48)
[2026-04-05T20:18:40.737Z] [INFO] 
[START REVIEW] category=banyo-ve-ev-gerecleri productId=652939053 startPage=1
[2026-04-05T20:18:40.799Z] [INFO] [review banyo-ve-ev-gerecleri/586320400] page=3 +8 reviews (unique=24)
[2026-04-05T20:18:41.146Z] [INFO] [review banyo-ve-ev-gerecleri/687842200] page=18 +8 reviews (unique=144)
[2026-04-05T20:18:41.174Z] [INFO] [review banyo-ve-ev-gerecleri/588927684] page=7 +8 reviews (unique=56)
[2026-04-05T20:18:41.255Z] [INFO] [review banyo-ve-ev-gerecleri/652939053] page=1 +8 reviews (unique=8)
[2026-04-05T20:18:41.341Z] [INFO] 
[START REVIEW] category=banyo-ve-ev-gerecleri productId=484464583 startPage=1
[2026-04-05T20:18:41.576Z] [INFO] [review banyo-ve-ev-gerecleri/586320400] page=4 +8 reviews (unique=32)
[2026-04-05T20:18:41.655Z] [INFO] [REVIEW SAVED] /mnt/c/Developer/Review_AI/scraper_project/raw_data/banyo-ve-ev-gerecleri/586320400_reviews.json
[2026-04-05T20:18:41.719Z] [INFO] 
[REVIEW WORKER 1] starting banyo-ve-ev-gerecleri/730822978
[2026-04-05T20:18:41.783Z] [INFO] [review banyo-ve-ev-gerecleri/484464583] page=1 +8 reviews (unique=8)
[2026-04-05T20:18:42.079Z] [INFO] [review banyo-ve-ev-gerecleri/588927684] page=8 +8 reviews (unique=64)
[2026-04-05T20:18:42.262Z] [INFO] [review banyo-ve-ev-gerecleri/687842200] page=19 +8 reviews (unique=152)
[2026-04-05T20:18:42.431Z] [INFO] [review banyo-ve-ev-gerecleri/652939053] page=2 +8 reviews (unique=16)
[2026-04-05T20:18:42.775Z] [INFO] [review banyo-ve-ev-gerecleri/484464583] page=2 +8 reviews (unique=16)
[2026-04-05T20:18:42.876Z] [INFO] [review banyo-ve-ev-gerecleri/588927684] page=9 +7 reviews (unique=71)
[2026-04-05T20:18:43.031Z] [INFO] [REVIEW SAVED] /mnt/c/Developer/Review_AI/scraper_project/raw_data/banyo-ve-ev-gerecleri/588927684_reviews.json
[2026-04-05T20:18:43.073Z] [INFO] [review banyo-ve-ev-gerecleri/687842200] page=20 +8 reviews (unique=160)
[2026-04-05T20:18:43.221Z] [INFO] [REVIEW PARTIAL SAVED] /mnt/c/Developer/Review_AI/scraper_project/raw_data/banyo-ve-ev-gerecleri/687842200_reviews.partial.json
[2026-04-05T20:18:43.303Z] [INFO] 
[START REVIEW] category=banyo-ve-ev-gerecleri productId=732666018 startPage=1
[2026-04-05T20:18:43.363Z] [INFO] [review banyo-ve-ev-gerecleri/652939053] page=3 +8 reviews (unique=24)
[2026-04-05T20:18:43.469Z] [INFO] 
[REVIEW WORKER 4] starting banyo-ve-ev-gerecleri/684972701
[2026-04-05T20:18:44.063Z] [INFO] [review banyo-ve-ev-gerecleri/687842200] page=21 +8 reviews (unique=168)
[2026-04-05T20:18:44.145Z] [INFO] 
[START REVIEW] category=banyo-ve-ev-gerecleri productId=672760497 startPage=1
[2026-04-05T20:18:44.214Z] [INFO] [review banyo-ve-ev-gerecleri/484464583] page=3 +8 reviews (unique=24)
[2026-04-05T20:18:44.289Z] [INFO] 
[START REVIEW] category=banyo-ve-ev-gerecleri productId=629348745 startPage=1
[2026-04-05T20:18:44.313Z] [INFO] [review banyo-ve-ev-gerecleri/652939053] page=4 +8 reviews (unique=32)
[2026-04-05T20:18:44.464Z] [INFO] [review banyo-ve-ev-gerecleri/732666018] page=1 +0 reviews (unique=0)
[2026-04-05T20:18:44.489Z] [INFO] [REVIEW SAVED] /mnt/c/Developer/Review_AI/scraper_project/raw_data/banyo-ve-ev-gerecleri/732666018_reviews.json
[2026-04-05T20:18:44.512Z] [INFO] 
[REVIEW WORKER 3] starting banyo-ve-ev-gerecleri/562694116
[2026-04-05T20:18:44.584Z] [INFO] [review banyo-ve-ev-gerecleri/672760497] page=1 +0 reviews (unique=0)
[2026-04-05T20:18:44.615Z] [INFO] [REVIEW SAVED] /mnt/c/Developer/Review_AI/scraper_project/raw_data/banyo-ve-ev-gerecleri/672760497_reviews.json
[2026-04-05T20:18:44.654Z] [INFO] 
[REVIEW WORKER 7] starting banyo-ve-ev-gerecleri/720990669
[2026-04-05T20:18:44.721Z] [INFO] [review banyo-ve-ev-gerecleri/687842200] page=22 +8 reviews (unique=176)
[2026-04-05T20:18:44.881Z] [INFO] 
[START REVIEW] category=banyo-ve-ev-gerecleri productId=581584646 startPage=1
[2026-04-05T20:18:44.919Z] [INFO] [review banyo-ve-ev-gerecleri/484464583] page=4 +2 reviews (unique=26)
[2026-04-05T20:18:44.948Z] [INFO] [REVIEW SAVED] /mnt/c/Developer/Review_AI/scraper_project/raw_data/banyo-ve-ev-gerecleri/484464583_reviews.json
[2026-04-05T20:18:44.990Z] [INFO] 
[REVIEW WORKER 5] starting banyo-ve-ev-gerecleri/580392256
[2026-04-05T20:18:45.034Z] [INFO] [review banyo-ve-ev-gerecleri/652939053] page=5 +7 reviews (unique=39)
[2026-04-05T20:18:45.060Z] [INFO] [REVIEW PARTIAL SAVED] /mnt/c/Developer/Review_AI/scraper_project/raw_data/banyo-ve-ev-gerecleri/652939053_reviews.partial.json
[2026-04-05T20:18:45.099Z] [INFO] [REVIEW SAVED] /mnt/c/Developer/Review_AI/scraper_project/raw_data/banyo-ve-ev-gerecleri/652939053_reviews.json
[2026-04-05T20:18:45.191Z] [INFO] 
[REVIEW WORKER 6] starting banyo-ve-ev-gerecleri/494424801
[2026-04-05T20:18:45.212Z] [INFO] 
[START REVIEW] category=banyo-ve-ev-gerecleri productId=730010574 startPage=1
[2026-04-05T20:18:45.228Z] [INFO] [review banyo-ve-ev-gerecleri/629348745] page=1 +8 reviews (unique=8)
[2026-04-05T20:18:45.361Z] [INFO] [review banyo-ve-ev-gerecleri/581584646] page=1 +8 reviews (unique=8)
[2026-04-05T20:18:45.443Z] [INFO] [review banyo-ve-ev-gerecleri/687842200] page=23 +8 reviews (unique=184)
[2026-04-05T20:18:45.853Z] [INFO] [review banyo-ve-ev-gerecleri/730010574] page=1 +0 reviews (unique=0)
[2026-04-05T20:18:45.882Z] [INFO] [REVIEW SAVED] /mnt/c/Developer/Review_AI/scraper_project/raw_data/banyo-ve-ev-gerecleri/730010574_reviews.json
[2026-04-05T20:18:45.922Z] [INFO] 
[REVIEW WORKER 2] starting banyo-ve-ev-gerecleri/636460822
[2026-04-05T20:18:46.041Z] [INFO] [review banyo-ve-ev-gerecleri/581584646] page=2 +8 reviews (unique=16)
[2026-04-05T20:18:46.137Z] [INFO] [review banyo-ve-ev-gerecleri/687842200] page=24 +8 reviews (unique=192)
[2026-04-05T20:18:46.920Z] [INFO] 
[START REVIEW] category=banyo-ve-ev-gerecleri productId=730822978 startPage=1
[2026-04-05T20:18:46.954Z] [INFO] [review banyo-ve-ev-gerecleri/581584646] page=3 +6 reviews (unique=22)
[2026-04-05T20:18:46.975Z] [INFO] [REVIEW SAVED] /mnt/c/Developer/Review_AI/scraper_project/raw_data/banyo-ve-ev-gerecleri/581584646_reviews.json
[2026-04-05T20:18:47.000Z] [INFO] 
[REVIEW WORKER 10] starting banyo-ve-ev-gerecleri/653836450
[2026-04-05T20:18:47.079Z] [INFO] [review banyo-ve-ev-gerecleri/687842200] page=25 +8 reviews (unique=200)
[2026-04-05T20:18:47.096Z] [INFO] [REVIEW PARTIAL SAVED] /mnt/c/Developer/Review_AI/scraper_project/raw_data/banyo-ve-ev-gerecleri/687842200_reviews.partial.json
[2026-04-05T20:18:47.136Z] [INFO] [review banyo-ve-ev-gerecleri/730822978] page=1 +0 reviews (unique=0)
[2026-04-05T20:18:47.160Z] [INFO] [REVIEW SAVED] /mnt/c/Developer/Review_AI/scraper_project/raw_data/banyo-ve-ev-gerecleri/730822978_reviews.json
[2026-04-05T20:18:47.204Z] [INFO] 
[REVIEW WORKER 1] starting banyo-ve-ev-gerecleri/629453439
[2026-04-05T20:18:47.796Z] [INFO] [review banyo-ve-ev-gerecleri/687842200] page=26 +8 reviews (unique=208)
[2026-04-05T20:18:48.438Z] [INFO] 
[START REVIEW] category=banyo-ve-ev-gerecleri productId=684972701 startPage=1
[2026-04-05T20:18:48.814Z] [INFO] [review banyo-ve-ev-gerecleri/687842200] page=27 +4 reviews (unique=212)
[2026-04-05T20:18:48.882Z] [INFO] [REVIEW SAVED] /mnt/c/Developer/Review_AI/scraper_project/raw_data/banyo-ve-ev-gerecleri/687842200_reviews.json
[2026-04-05T20:18:48.947Z] [INFO] 
[REVIEW WORKER 9] starting banyo-ve-ev-gerecleri/643001554
[2026-04-05T20:18:48.976Z] [INFO] [review banyo-ve-ev-gerecleri/684972701] page=1 +1 reviews (unique=1)
[2026-04-05T20:18:49.066Z] [INFO] [REVIEW SAVED] /mnt/c/Developer/Review_AI/scraper_project/raw_data/banyo-ve-ev-gerecleri/684972701_reviews.json
[2026-04-05T20:18:49.090Z] [INFO] 
[START REVIEW] category=banyo-ve-ev-gerecleri productId=562694116 startPage=1
[2026-04-05T20:18:49.244Z] [INFO] 
[REVIEW WORKER 4] starting banyo-ve-ev-gerecleri/684971856
[2026-04-05T20:18:49.334Z] [INFO] [review banyo-ve-ev-gerecleri/629348745] page=2 +8 reviews (unique=16)
[2026-04-05T20:18:49.369Z] [INFO] [review banyo-ve-ev-gerecleri/562694116] page=1 +0 reviews (unique=0)
[2026-04-05T20:18:49.424Z] [INFO] [REVIEW SAVED] /mnt/c/Developer/Review_AI/scraper_project/raw_data/banyo-ve-ev-gerecleri/562694116_reviews.json
[2026-04-05T20:18:49.522Z] [INFO] 
[START REVIEW] category=banyo-ve-ev-gerecleri productId=720990669 startPage=1
[2026-04-05T20:18:49.571Z] [INFO] 
[REVIEW WORKER 3] starting banyo-ve-ev-gerecleri/651763775
[2026-04-05T20:18:49.960Z] [INFO] [review banyo-ve-ev-gerecleri/720990669] page=1 +0 reviews (unique=0)
[2026-04-05T20:18:50.039Z] [INFO] [REVIEW SAVED] /mnt/c/Developer/Review_AI/scraper_project/raw_data/banyo-ve-ev-gerecleri/720990669_reviews.json
[2026-04-05T20:18:50.095Z] [INFO] 
[REVIEW WORKER 7] starting banyo-ve-ev-gerecleri/679375704
[2026-04-05T20:18:50.295Z] [INFO] [review banyo-ve-ev-gerecleri/629348745] page=3 +8 reviews (unique=24)
[2026-04-05T20:18:50.481Z] [INFO] 
[START REVIEW] category=banyo-ve-ev-gerecleri productId=580392256 startPage=1
[2026-04-05T20:18:50.493Z] [INFO] 
[START REVIEW] category=banyo-ve-ev-gerecleri productId=494424801 startPage=1
[2026-04-05T20:18:50.742Z] [INFO] [review banyo-ve-ev-gerecleri/494424801] page=1 +8 reviews (unique=8)
[2026-04-05T20:18:50.781Z] [INFO] [review banyo-ve-ev-gerecleri/580392256] page=1 +8 reviews (unique=8)
[2026-04-05T20:18:51.154Z] [INFO] [review banyo-ve-ev-gerecleri/629348745] page=4 +8 reviews (unique=32)
[2026-04-05T20:18:51.268Z] [INFO] 
[START REVIEW] category=banyo-ve-ev-gerecleri productId=636460822 startPage=1
[2026-04-05T20:18:52.062Z] [INFO] [review banyo-ve-ev-gerecleri/580392256] page=2 +8 reviews (unique=16)
[2026-04-05T20:18:52.157Z] [INFO] [review banyo-ve-ev-gerecleri/636460822] page=1 +8 reviews (unique=8)
[2026-04-05T20:18:52.222Z] [INFO] [review banyo-ve-ev-gerecleri/494424801] page=2 +8 reviews (unique=16)
[2026-04-05T20:18:52.244Z] [INFO] [REVIEW SAVED] /mnt/c/Developer/Review_AI/scraper_project/raw_data/banyo-ve-ev-gerecleri/494424801_reviews.json
[2026-04-05T20:18:52.253Z] [INFO] 
[START REVIEW] category=banyo-ve-ev-gerecleri productId=629453439 startPage=1
[2026-04-05T20:18:52.260Z] [INFO] 
[START REVIEW] category=banyo-ve-ev-gerecleri productId=653836450 startPage=1
[2026-04-05T20:18:52.267Z] [INFO] [review banyo-ve-ev-gerecleri/629348745] page=5 +8 reviews (unique=40)
[2026-04-05T20:18:52.280Z] [INFO] [REVIEW PARTIAL SAVED] /mnt/c/Developer/Review_AI/scraper_project/raw_data/banyo-ve-ev-gerecleri/629348745_reviews.partial.json
[2026-04-05T20:18:52.301Z] [INFO] 
[REVIEW WORKER 6] starting banyo-ve-ev-gerecleri/732115274
[2026-04-05T20:18:53.024Z] [INFO] [review banyo-ve-ev-gerecleri/580392256] page=3 +8 reviews (unique=24)
[2026-04-05T20:18:53.081Z] [INFO] [review banyo-ve-ev-gerecleri/629348745] page=6 +8 reviews (unique=48)
[2026-04-05T20:18:53.141Z] [INFO] [review banyo-ve-ev-gerecleri/653836450] page=1 +8 reviews (unique=8)
[2026-04-05T20:18:53.168Z] [INFO] [review banyo-ve-ev-gerecleri/629453439] page=1 +1 reviews (unique=1)
[2026-04-05T20:18:53.215Z] [INFO] [REVIEW SAVED] /mnt/c/Developer/Review_AI/scraper_project/raw_data/banyo-ve-ev-gerecleri/629453439_reviews.json
[2026-04-05T20:18:53.230Z] [INFO] [review banyo-ve-ev-gerecleri/636460822] page=2 +6 reviews (unique=14)
[2026-04-05T20:18:53.267Z] [INFO] [REVIEW SAVED] /mnt/c/Developer/Review_AI/scraper_project/raw_data/banyo-ve-ev-gerecleri/636460822_reviews.json
[2026-04-05T20:18:53.296Z] [INFO] 
[REVIEW WORKER 1] starting banyo-ve-ev-gerecleri/470600390
[2026-04-05T20:18:53.310Z] [INFO] 
[REVIEW WORKER 2] starting banyo-ve-ev-gerecleri/459004752
[2026-04-05T20:18:53.759Z] [INFO] [review banyo-ve-ev-gerecleri/580392256] page=4 +8 reviews (unique=32)
[2026-04-05T20:18:53.796Z] [INFO] [REVIEW SAVED] /mnt/c/Developer/Review_AI/scraper_project/raw_data/banyo-ve-ev-gerecleri/580392256_reviews.json
[2026-04-05T20:18:53.812Z] [INFO] [review banyo-ve-ev-gerecleri/629348745] page=7 +5 reviews (unique=53)
[2026-04-05T20:18:53.866Z] [INFO] [REVIEW SAVED] /mnt/c/Developer/Review_AI/scraper_project/raw_data/banyo-ve-ev-gerecleri/629348745_reviews.json
[2026-04-05T20:18:53.913Z] [INFO] 
[REVIEW WORKER 8] starting banyo-ve-ev-gerecleri/699465471
[2026-04-05T20:18:53.931Z] [INFO] 
[REVIEW WORKER 5] starting banyo-ve-ev-gerecleri/736864955
[2026-04-05T20:18:54.015Z] [INFO] [review banyo-ve-ev-gerecleri/653836450] page=2 +8 reviews (unique=16)
[2026-04-05T20:18:54.045Z] [INFO] [REVIEW SAVED] /mnt/c/Developer/Review_AI/scraper_project/raw_data/banyo-ve-ev-gerecleri/653836450_reviews.json
[2026-04-05T20:18:54.145Z] [INFO] 
[REVIEW WORKER 10] starting banyo-ve-ev-gerecleri/434232176
[2026-04-05T20:18:55.901Z] [INFO] 
[START REVIEW] category=banyo-ve-ev-gerecleri productId=643001554 startPage=1
[2026-04-05T20:18:55.916Z] [INFO] 
[START REVIEW] category=banyo-ve-ev-gerecleri productId=679375704 startPage=1
[2026-04-05T20:18:55.928Z] [INFO] 
[START REVIEW] category=banyo-ve-ev-gerecleri productId=684971856 startPage=1
[2026-04-05T20:18:55.942Z] [INFO] 
[START REVIEW] category=banyo-ve-ev-gerecleri productId=651763775 startPage=1
[2026-04-05T20:18:56.658Z] [INFO] [review banyo-ve-ev-gerecleri/651763775] page=1 +3 reviews (unique=3)
[2026-04-05T20:18:56.688Z] [INFO] [REVIEW SAVED] /mnt/c/Developer/Review_AI/scraper_project/raw_data/banyo-ve-ev-gerecleri/651763775_reviews.json
[2026-04-05T20:18:56.695Z] [INFO] [review banyo-ve-ev-gerecleri/684971856] page=1 +0 reviews (unique=0)
[2026-04-05T20:18:56.733Z] [INFO] [REVIEW SAVED] /mnt/c/Developer/Review_AI/scraper_project/raw_data/banyo-ve-ev-gerecleri/684971856_reviews.json
[2026-04-05T20:18:56.750Z] [INFO] [review banyo-ve-ev-gerecleri/643001554] page=1 +8 reviews (unique=8)
[2026-04-05T20:18:56.780Z] [INFO] 
[START REVIEW] category=banyo-ve-ev-gerecleri productId=732115274 startPage=1
[2026-04-05T20:18:56.831Z] [INFO] 
[REVIEW WORKER 3] starting banyo-ve-ev-gerecleri/726204411
[2026-04-05T20:18:56.858Z] [INFO] 
[REVIEW WORKER 4] starting banyo-ve-ev-gerecleri/666552396
[2026-04-05T20:18:57.428Z] [INFO] [review banyo-ve-ev-gerecleri/732115274] page=1 +8 reviews (unique=8)
[2026-04-05T20:18:57.525Z] [INFO] [review banyo-ve-ev-gerecleri/643001554] page=2 +8 reviews (unique=16)
[2026-04-05T20:18:58.447Z] [INFO] [review banyo-ve-ev-gerecleri/732115274] page=2 +8 reviews (unique=16)
[2026-04-05T20:18:58.694Z] [INFO] [review banyo-ve-ev-gerecleri/643001554] page=3 +7 reviews (unique=23)
[2026-04-05T20:18:58.721Z] [INFO] [REVIEW SAVED] /mnt/c/Developer/Review_AI/scraper_project/raw_data/banyo-ve-ev-gerecleri/643001554_reviews.json
[2026-04-05T20:18:58.754Z] [INFO] 
[REVIEW WORKER 9] starting banyo-ve-ev-gerecleri/587285785
[2026-04-05T20:18:58.816Z] [INFO] 
[START REVIEW] category=banyo-ve-ev-gerecleri productId=459004752 startPage=1
[2026-04-05T20:18:58.844Z] [INFO] 
[START REVIEW] category=banyo-ve-ev-gerecleri productId=470600390 startPage=1
[2026-04-05T20:18:59.017Z] [INFO] 
[START REVIEW] category=banyo-ve-ev-gerecleri productId=699465471 startPage=1
[2026-04-05T20:18:59.465Z] [INFO] [review banyo-ve-ev-gerecleri/732115274] page=3 +8 reviews (unique=24)
[2026-04-05T20:18:59.488Z] [INFO] [review banyo-ve-ev-gerecleri/459004752] page=1 +8 reviews (unique=8)
[2026-04-05T20:18:59.529Z] [INFO] [review banyo-ve-ev-gerecleri/699465471] page=1 +8 reviews (unique=8)
[2026-04-05T20:19:00.008Z] [INFO] 
[START REVIEW] category=banyo-ve-ev-gerecleri productId=434232176 startPage=1
[2026-04-05T20:19:00.063Z] [INFO] 
[START REVIEW] category=banyo-ve-ev-gerecleri productId=736864955 startPage=1
[2026-04-05T20:19:00.198Z] [INFO] [review banyo-ve-ev-gerecleri/679375704] page=1 +1 reviews (unique=1)
[2026-04-05T20:19:00.217Z] [INFO] [REVIEW SAVED] /mnt/c/Developer/Review_AI/scraper_project/raw_data/banyo-ve-ev-gerecleri/679375704_reviews.json
[2026-04-05T20:19:00.246Z] [INFO] 
[REVIEW WORKER 7] starting banyo-ve-ev-gerecleri/654808380
[2026-04-05T20:19:00.424Z] [INFO] [review banyo-ve-ev-gerecleri/732115274] page=4 +3 reviews (unique=27)
[2026-04-05T20:19:00.444Z] [INFO] [REVIEW SAVED] /mnt/c/Developer/Review_AI/scraper_project/raw_data/banyo-ve-ev-gerecleri/732115274_reviews.json
[2026-04-05T20:19:00.453Z] [INFO] [review banyo-ve-ev-gerecleri/699465471] page=2 +8 reviews (unique=16)
[2026-04-05T20:19:00.493Z] [INFO] 
[REVIEW WORKER 6] starting banyo-ve-ev-gerecleri/651548110
[2026-04-05T20:19:00.858Z] [INFO] [review banyo-ve-ev-gerecleri/470600390] page=1 +8 reviews (unique=8)
[2026-04-05T20:19:00.963Z] [INFO] [review banyo-ve-ev-gerecleri/736864955] page=1 +0 reviews (unique=0)
[2026-04-05T20:19:01.022Z] [INFO] [REVIEW SAVED] /mnt/c/Developer/Review_AI/scraper_project/raw_data/banyo-ve-ev-gerecleri/736864955_reviews.json
[2026-04-05T20:19:01.084Z] [INFO] 
[REVIEW WORKER 5] starting banyo-ve-ev-gerecleri/651484680
[2026-04-05T20:19:01.130Z] [INFO] [review banyo-ve-ev-gerecleri/459004752] page=2 +8 reviews (unique=16)
[2026-04-05T20:19:01.300Z] [INFO] [review banyo-ve-ev-gerecleri/699465471] page=3 +8 reviews (unique=24)
[2026-04-05T20:19:01.385Z] [INFO] [REVIEW SAVED] /mnt/c/Developer/Review_AI/scraper_project/raw_data/banyo-ve-ev-gerecleri/699465471_reviews.json
[2026-04-05T20:19:01.402Z] [INFO] [review banyo-ve-ev-gerecleri/434232176] page=1 +8 reviews (unique=8)
[2026-04-05T20:19:01.479Z] [INFO] 
[REVIEW WORKER 8] starting banyo-ve-ev-gerecleri/634587599
[2026-04-05T20:19:02.207Z] [INFO] [review banyo-ve-ev-gerecleri/459004752] page=3 +5 reviews (unique=21)
[2026-04-05T20:19:02.327Z] [INFO] [REVIEW SAVED] /mnt/c/Developer/Review_AI/scraper_project/raw_data/banyo-ve-ev-gerecleri/459004752_reviews.json
[2026-04-05T20:19:02.396Z] [INFO] 
[REVIEW WORKER 2] starting banyo-ve-ev-gerecleri/694943605
[2026-04-05T20:19:02.557Z] [INFO] [review banyo-ve-ev-gerecleri/470600390] page=2 +5 reviews (unique=13)
[2026-04-05T20:19:02.633Z] [INFO] [REVIEW SAVED] /mnt/c/Developer/Review_AI/scraper_project/raw_data/banyo-ve-ev-gerecleri/470600390_reviews.json
[2026-04-05T20:19:02.675Z] [INFO] 
[START REVIEW] category=banyo-ve-ev-gerecleri productId=726204411 startPage=1
[2026-04-05T20:19:02.684Z] [INFO] 
[REVIEW WORKER 1] starting banyo-ve-ev-gerecleri/641075305
[2026-04-05T20:19:02.689Z] [INFO] [review banyo-ve-ev-gerecleri/434232176] page=2 +8 reviews (unique=16)
[2026-04-05T20:19:02.868Z] [INFO] 
[START REVIEW] category=banyo-ve-ev-gerecleri productId=666552396 startPage=1
[2026-04-05T20:19:02.933Z] [INFO] [review banyo-ve-ev-gerecleri/726204411] page=1 +1 reviews (unique=1)
[2026-04-05T20:19:02.948Z] [INFO] [REVIEW SAVED] /mnt/c/Developer/Review_AI/scraper_project/raw_data/banyo-ve-ev-gerecleri/726204411_reviews.json
[2026-04-05T20:19:02.973Z] [INFO] 
[REVIEW WORKER 3] starting banyo-ve-ev-gerecleri/490309657
[2026-04-05T20:19:03.338Z] [INFO] [review banyo-ve-ev-gerecleri/666552396] page=1 +2 reviews (unique=2)
[2026-04-05T20:19:03.357Z] [INFO] [REVIEW SAVED] /mnt/c/Developer/Review_AI/scraper_project/raw_data/banyo-ve-ev-gerecleri/666552396_reviews.json
[2026-04-05T20:19:03.382Z] [INFO] 
[REVIEW WORKER 4] starting banyo-ve-ev-gerecleri/439541682
[2026-04-05T20:19:03.552Z] [INFO] [review banyo-ve-ev-gerecleri/434232176] page=3 +8 reviews (unique=24)
[2026-04-05T20:19:04.582Z] [INFO] [review banyo-ve-ev-gerecleri/434232176] page=4 +8 reviews (unique=32)
[2026-04-05T20:19:04.726Z] [INFO] 
[START REVIEW] category=banyo-ve-ev-gerecleri productId=587285785 startPage=1
[2026-04-05T20:19:05.094Z] [INFO] [review banyo-ve-ev-gerecleri/587285785] page=1 +1 reviews (unique=1)
[2026-04-05T20:19:05.168Z] [INFO] [REVIEW SAVED] /mnt/c/Developer/Review_AI/scraper_project/raw_data/banyo-ve-ev-gerecleri/587285785_reviews.json
[2026-04-05T20:19:05.232Z] [INFO] 
[REVIEW WORKER 9] starting banyo-ve-ev-gerecleri/663399496
[2026-04-05T20:19:05.384Z] [INFO] [review banyo-ve-ev-gerecleri/434232176] page=5 +8 reviews (unique=40)
[2026-04-05T20:19:05.423Z] [INFO] [REVIEW PARTIAL SAVED] /mnt/c/Developer/Review_AI/scraper_project/raw_data/banyo-ve-ev-gerecleri/434232176_reviews.partial.json
[2026-04-05T20:19:06.198Z] [INFO] 
[START REVIEW] category=banyo-ve-ev-gerecleri productId=651548110 startPage=1
[2026-04-05T20:19:06.282Z] [INFO] [review banyo-ve-ev-gerecleri/434232176] page=6 +8 reviews (unique=48)
[2026-04-05T20:19:06.535Z] [INFO] 
[START REVIEW] category=banyo-ve-ev-gerecleri productId=654808380 startPage=1
[2026-04-05T20:19:06.940Z] [INFO] 
[START REVIEW] category=banyo-ve-ev-gerecleri productId=634587599 startPage=1
[2026-04-05T20:19:06.960Z] [INFO] [review banyo-ve-ev-gerecleri/651548110] page=1 +8 reviews (unique=8)
[2026-04-05T20:19:07.147Z] [INFO] [review banyo-ve-ev-gerecleri/434232176] page=7 +2 reviews (unique=50)
[2026-04-05T20:19:07.238Z] [INFO] [REVIEW SAVED] /mnt/c/Developer/Review_AI/scraper_project/raw_data/banyo-ve-ev-gerecleri/434232176_reviews.json
[2026-04-05T20:19:07.344Z] [INFO] 
[REVIEW WORKER 10] starting banyo-ve-ev-gerecleri/693394934
[2026-04-05T20:19:07.543Z] [INFO] 
[START REVIEW] category=banyo-ve-ev-gerecleri productId=651484680 startPage=1
[2026-04-05T20:19:07.804Z] [INFO] [review banyo-ve-ev-gerecleri/654808380] page=1 +5 reviews (unique=5)
[2026-04-05T20:19:08.106Z] [INFO] [REVIEW SAVED] /mnt/c/Developer/Review_AI/scraper_project/raw_data/banyo-ve-ev-gerecleri/654808380_reviews.json
[2026-04-05T20:19:08.150Z] [INFO] [review banyo-ve-ev-gerecleri/651548110] page=2 +1 reviews (unique=9)
[2026-04-05T20:19:08.251Z] [INFO] [REVIEW SAVED] /mnt/c/Developer/Review_AI/scraper_project/raw_data/banyo-ve-ev-gerecleri/651548110_reviews.json
[2026-04-05T20:19:08.284Z] [INFO] 
[START REVIEW] category=banyo-ve-ev-gerecleri productId=694943605 startPage=1
[2026-04-05T20:19:08.324Z] [INFO] [review banyo-ve-ev-gerecleri/634587599] page=1 +8 reviews (unique=8)
[2026-04-05T20:19:08.387Z] [INFO] 
[REVIEW WORKER 7] starting banyo-ve-ev-gerecleri/601850875
[2026-04-05T20:19:08.478Z] [INFO] 
[REVIEW WORKER 6] starting banyo-ve-ev-gerecleri/702251198
[2026-04-05T20:19:09.038Z] [INFO] [review banyo-ve-ev-gerecleri/634587599] page=2 +8 reviews (unique=16)
[2026-04-05T20:19:09.325Z] [INFO] [review banyo-ve-ev-gerecleri/651484680] page=1 +8 reviews (unique=8)
[2026-04-05T20:19:09.471Z] [INFO] 
[START REVIEW] category=banyo-ve-ev-gerecleri productId=490309657 startPage=1
[2026-04-05T20:19:09.484Z] [INFO] 
[START REVIEW] category=banyo-ve-ev-gerecleri productId=439541682 startPage=1
[2026-04-05T20:19:09.580Z] [INFO] 
[START REVIEW] category=banyo-ve-ev-gerecleri productId=641075305 startPage=1
[2026-04-05T20:19:10.509Z] [INFO] [review banyo-ve-ev-gerecleri/439541682] page=1 +8 reviews (unique=8)
[2026-04-05T20:19:10.536Z] [INFO] [review banyo-ve-ev-gerecleri/634587599] page=3 +8 reviews (unique=24)
[2026-04-05T20:19:10.557Z] [INFO] [review banyo-ve-ev-gerecleri/651484680] page=2 +8 reviews (unique=16)
[2026-04-05T20:19:10.606Z] [INFO] [review banyo-ve-ev-gerecleri/490309657] page=1 +1 reviews (unique=1)
[2026-04-05T20:19:10.628Z] [INFO] [REVIEW SAVED] /mnt/c/Developer/Review_AI/scraper_project/raw_data/banyo-ve-ev-gerecleri/490309657_reviews.json
[2026-04-05T20:19:10.662Z] [INFO] 
[REVIEW WORKER 3] starting banyo-ve-ev-gerecleri/602041348
[2026-04-05T20:19:10.675Z] [INFO] [review banyo-ve-ev-gerecleri/641075305] page=1 +8 reviews (unique=8)
[2026-04-05T20:19:11.523Z] [INFO] 
[START REVIEW] category=banyo-ve-ev-gerecleri productId=663399496 startPage=1
[2026-04-05T20:19:11.737Z] [INFO] [review banyo-ve-ev-gerecleri/634587599] page=4 +8 reviews (unique=32)
[2026-04-05T20:19:11.768Z] [INFO] [review banyo-ve-ev-gerecleri/651484680] page=3 +8 reviews (unique=24)
[2026-04-05T20:19:12.151Z] [INFO] [review banyo-ve-ev-gerecleri/641075305] page=2 +7 reviews (unique=15)
[2026-04-05T20:19:12.212Z] [INFO] [REVIEW SAVED] /mnt/c/Developer/Review_AI/scraper_project/raw_data/banyo-ve-ev-gerecleri/641075305_reviews.json
[2026-04-05T20:19:12.235Z] [INFO] [review banyo-ve-ev-gerecleri/439541682] page=2 +8 reviews (unique=16)
[2026-04-05T20:19:12.281Z] [INFO] 
[REVIEW WORKER 1] starting banyo-ve-ev-gerecleri/734529184
[2026-04-05T20:19:12.329Z] [INFO] [review banyo-ve-ev-gerecleri/663399496] page=1 +0 reviews (unique=0)
[2026-04-05T20:19:12.371Z] [INFO] [REVIEW SAVED] /mnt/c/Developer/Review_AI/scraper_project/raw_data/banyo-ve-ev-gerecleri/663399496_reviews.json
[2026-04-05T20:19:12.424Z] [INFO] 
[REVIEW WORKER 9] starting banyo-ve-ev-gerecleri/573266435
[2026-04-05T20:19:12.596Z] [INFO] [review banyo-ve-ev-gerecleri/694943605] page=1 +5 reviews (unique=5)
[2026-04-05T20:19:12.635Z] [INFO] [REVIEW SAVED] /mnt/c/Developer/Review_AI/scraper_project/raw_data/banyo-ve-ev-gerecleri/694943605_reviews.json
[2026-04-05T20:19:12.653Z] [INFO] [review banyo-ve-ev-gerecleri/634587599] page=5 +8 reviews (unique=40)
[2026-04-05T20:19:12.680Z] [INFO] [REVIEW PARTIAL SAVED] /mnt/c/Developer/Review_AI/scraper_project/raw_data/banyo-ve-ev-gerecleri/634587599_reviews.partial.json
[2026-04-05T20:19:12.688Z] [INFO] [review banyo-ve-ev-gerecleri/651484680] page=4 +8 reviews (unique=32)
[2026-04-05T20:19:12.760Z] [INFO] 
[REVIEW WORKER 2] starting banyo-ve-ev-gerecleri/702093840
[2026-04-05T20:19:12.943Z] [INFO] [review banyo-ve-ev-gerecleri/439541682] page=3 +4 reviews (unique=20)
[2026-04-05T20:19:13.019Z] [INFO] [REVIEW SAVED] /mnt/c/Developer/Review_AI/scraper_project/raw_data/banyo-ve-ev-gerecleri/439541682_reviews.json
[2026-04-05T20:19:13.056Z] [INFO] 
[REVIEW WORKER 4] starting banyo-ve-ev-gerecleri/555562996
[2026-04-05T20:19:13.330Z] [INFO] [review banyo-ve-ev-gerecleri/651484680] page=5 +8 reviews (unique=40)
[2026-04-05T20:19:13.387Z] [INFO] [REVIEW PARTIAL SAVED] /mnt/c/Developer/Review_AI/scraper_project/raw_data/banyo-ve-ev-gerecleri/651484680_reviews.partial.json
[2026-04-05T20:19:13.422Z] [INFO] [review banyo-ve-ev-gerecleri/634587599] page=6 +8 reviews (unique=48)
[2026-04-05T20:19:14.106Z] [INFO] [review banyo-ve-ev-gerecleri/651484680] page=6 +3 reviews (unique=43)
[2026-04-05T20:19:14.175Z] [INFO] [REVIEW SAVED] /mnt/c/Developer/Review_AI/scraper_project/raw_data/banyo-ve-ev-gerecleri/651484680_reviews.json
[2026-04-05T20:19:14.226Z] [INFO] 
[REVIEW WORKER 5] starting banyo-ve-ev-gerecleri/727319379
[2026-04-05T20:19:14.347Z] [INFO] [review banyo-ve-ev-gerecleri/634587599] page=7 +8 reviews (unique=56)
[2026-04-05T20:19:14.620Z] [INFO] 
[START REVIEW] category=banyo-ve-ev-gerecleri productId=693394934 startPage=1
[2026-04-05T20:19:14.714Z] [INFO] 
[START REVIEW] category=banyo-ve-ev-gerecleri productId=702251198 startPage=1
[2026-04-05T20:19:15.020Z] [INFO] 
[START REVIEW] category=banyo-ve-ev-gerecleri productId=601850875 startPage=1
[2026-04-05T20:19:15.125Z] [INFO] [review banyo-ve-ev-gerecleri/693394934] page=1 +1 reviews (unique=1)
[2026-04-05T20:19:15.143Z] [INFO] [REVIEW SAVED] /mnt/c/Developer/Review_AI/scraper_project/raw_data/banyo-ve-ev-gerecleri/693394934_reviews.json
[2026-04-05T20:19:15.171Z] [INFO] 
[REVIEW WORKER 10] starting banyo-ve-ev-gerecleri/718810772
[2026-04-05T20:19:15.476Z] [INFO] [review banyo-ve-ev-gerecleri/634587599] page=8 +1 reviews (unique=57)
[2026-04-05T20:19:15.505Z] [INFO] [REVIEW SAVED] /mnt/c/Developer/Review_AI/scraper_project/raw_data/banyo-ve-ev-gerecleri/634587599_reviews.json
[2026-04-05T20:19:15.531Z] [INFO] 
[REVIEW WORKER 8] starting banyo-ve-ev-gerecleri/730548805
[2026-04-05T20:19:15.563Z] [INFO] [review banyo-ve-ev-gerecleri/702251198] page=1 +3 reviews (unique=3)
[2026-04-05T20:19:15.592Z] [INFO] [REVIEW SAVED] /mnt/c/Developer/Review_AI/scraper_project/raw_data/banyo-ve-ev-gerecleri/702251198_reviews.json
[2026-04-05T20:19:15.628Z] [INFO] 
[REVIEW WORKER 6] starting banyo-ve-ev-gerecleri/439542013
[2026-04-05T20:19:16.178Z] [INFO] 
[START REVIEW] category=banyo-ve-ev-gerecleri productId=602041348 startPage=1
[2026-04-05T20:19:16.460Z] [INFO] [review banyo-ve-ev-gerecleri/602041348] page=1 +1 reviews (unique=1)
[2026-04-05T20:19:16.481Z] [INFO] [REVIEW SAVED] /mnt/c/Developer/Review_AI/scraper_project/raw_data/banyo-ve-ev-gerecleri/602041348_reviews.json
[2026-04-05T20:19:16.522Z] [INFO] 
[REVIEW WORKER 3] starting banyo-ve-ev-gerecleri/453933406
[2026-04-05T20:19:17.660Z] [INFO] 
[START REVIEW] category=banyo-ve-ev-gerecleri productId=734529184 startPage=1
[2026-04-05T20:19:17.708Z] [INFO] 
[START REVIEW] category=banyo-ve-ev-gerecleri productId=573266435 startPage=1
[2026-04-05T20:19:17.842Z] [INFO] 
[START REVIEW] category=banyo-ve-ev-gerecleri productId=702093840 startPage=1
[2026-04-05T20:19:18.646Z] [INFO] 
[START REVIEW] category=banyo-ve-ev-gerecleri productId=555562996 startPage=1
[2026-04-05T20:19:18.869Z] [INFO] [review banyo-ve-ev-gerecleri/573266435] page=1 +8 reviews (unique=8)
[2026-04-05T20:19:18.892Z] [INFO] [review banyo-ve-ev-gerecleri/734529184] page=1 +1 reviews (unique=1)
[2026-04-05T20:19:18.945Z] [INFO] [REVIEW SAVED] /mnt/c/Developer/Review_AI/scraper_project/raw_data/banyo-ve-ev-gerecleri/734529184_reviews.json
[2026-04-05T20:19:18.974Z] [INFO] [review banyo-ve-ev-gerecleri/702093840] page=1 +7 reviews (unique=7)
[2026-04-05T20:19:19.047Z] [INFO] [REVIEW SAVED] /mnt/c/Developer/Review_AI/scraper_project/raw_data/banyo-ve-ev-gerecleri/702093840_reviews.json
[2026-04-05T20:19:19.073Z] [INFO] 
[REVIEW WORKER 1] starting banyo-ve-ev-gerecleri/631590065
[2026-04-05T20:19:19.106Z] [INFO] 
[REVIEW WORKER 2] starting banyo-ve-ev-gerecleri/372083736
[2026-04-05T20:19:19.425Z] [INFO] [review banyo-ve-ev-gerecleri/555562996] page=1 +2 reviews (unique=2)
[2026-04-05T20:19:19.482Z] [INFO] [REVIEW SAVED] /mnt/c/Developer/Review_AI/scraper_project/raw_data/banyo-ve-ev-gerecleri/555562996_reviews.json
[2026-04-05T20:19:19.540Z] [INFO] 
[REVIEW WORKER 4] starting banyo-ve-ev-gerecleri/717140069
[2026-04-05T20:19:19.731Z] [INFO] [review banyo-ve-ev-gerecleri/601850875] page=1 +8 reviews (unique=8)
[2026-04-05T20:19:19.772Z] [INFO] [review banyo-ve-ev-gerecleri/573266435] page=2 +2 reviews (unique=10)
[2026-04-05T20:19:20.011Z] [INFO] [REVIEW SAVED] /mnt/c/Developer/Review_AI/scraper_project/raw_data/banyo-ve-ev-gerecleri/573266435_reviews.json
[2026-04-05T20:19:20.138Z] [INFO] 
[REVIEW WORKER 9] starting banyo-ve-ev-gerecleri/637466210
[2026-04-05T20:19:20.570Z] [INFO] 
[START REVIEW] category=banyo-ve-ev-gerecleri productId=727319379 startPage=1
[2026-04-05T20:19:20.998Z] [INFO] [review banyo-ve-ev-gerecleri/727319379] page=1 +3 reviews (unique=3)
[2026-04-05T20:19:21.045Z] [INFO] [REVIEW SAVED] /mnt/c/Developer/Review_AI/scraper_project/raw_data/banyo-ve-ev-gerecleri/727319379_reviews.json
[2026-04-05T20:19:21.057Z] [INFO] [review banyo-ve-ev-gerecleri/601850875] page=2 +8 reviews (unique=16)
[2026-04-05T20:19:21.084Z] [INFO] 
[REVIEW WORKER 5] starting banyo-ve-ev-gerecleri/604339137
[2026-04-05T20:19:21.257Z] [INFO] 
[START REVIEW] category=banyo-ve-ev-gerecleri productId=730548805 startPage=1
[2026-04-05T20:19:21.275Z] [INFO] 
[START REVIEW] category=banyo-ve-ev-gerecleri productId=718810772 startPage=1
[2026-04-05T20:19:21.290Z] [INFO] 
[START REVIEW] category=banyo-ve-ev-gerecleri productId=439542013 startPage=1
[2026-04-05T20:19:21.989Z] [INFO] [review banyo-ve-ev-gerecleri/718810772] page=1 +8 reviews (unique=8)
[2026-04-05T20:19:21.999Z] [INFO] [review banyo-ve-ev-gerecleri/439542013] page=1 +3 reviews (unique=3)
[2026-04-05T20:19:22.018Z] [INFO] [REVIEW SAVED] /mnt/c/Developer/Review_AI/scraper_project/raw_data/banyo-ve-ev-gerecleri/439542013_reviews.json
[2026-04-05T20:19:22.042Z] [INFO] 
[REVIEW WORKER 6] starting banyo-ve-ev-gerecleri/661651607
[2026-04-05T20:19:22.145Z] [INFO] [review banyo-ve-ev-gerecleri/730548805] page=1 +3 reviews (unique=3)
[2026-04-05T20:19:22.165Z] [INFO] [REVIEW SAVED] /mnt/c/Developer/Review_AI/scraper_project/raw_data/banyo-ve-ev-gerecleri/730548805_reviews.json
[2026-04-05T20:19:22.182Z] [INFO] 
[REVIEW WORKER 8] starting banyo-ve-ev-gerecleri/707683461
[2026-04-05T20:19:22.299Z] [INFO] [review banyo-ve-ev-gerecleri/601850875] page=3 +8 reviews (unique=24)
[2026-04-05T20:19:22.316Z] [INFO] 
[START REVIEW] category=banyo-ve-ev-gerecleri productId=453933406 startPage=1
[2026-04-05T20:19:22.994Z] [INFO] [review banyo-ve-ev-gerecleri/718810772] page=2 +8 reviews (unique=16)
[2026-04-05T20:19:23.039Z] [INFO] [review banyo-ve-ev-gerecleri/601850875] page=4 +8 reviews (unique=32)
[2026-04-05T20:19:23.071Z] [INFO] [REVIEW SAVED] /mnt/c/Developer/Review_AI/scraper_project/raw_data/banyo-ve-ev-gerecleri/601850875_reviews.json
[2026-04-05T20:19:23.120Z] [INFO] 
[REVIEW WORKER 7] starting banyo-ve-ev-gerecleri/641394166
[2026-04-05T20:19:23.169Z] [INFO] [review banyo-ve-ev-gerecleri/453933406] page=1 +8 reviews (unique=8)
[2026-04-05T20:19:23.692Z] [INFO] [review banyo-ve-ev-gerecleri/718810772] page=3 +8 reviews (unique=24)
[2026-04-05T20:19:24.153Z] [INFO] [review banyo-ve-ev-gerecleri/453933406] page=2 +8 reviews (unique=16)
[2026-04-05T20:19:24.331Z] [INFO] [review banyo-ve-ev-gerecleri/718810772] page=4 +2 reviews (unique=26)
[2026-04-05T20:19:24.398Z] [INFO] [REVIEW SAVED] /mnt/c/Developer/Review_AI/scraper_project/raw_data/banyo-ve-ev-gerecleri/718810772_reviews.json
[2026-04-05T20:19:24.458Z] [INFO] 
[REVIEW WORKER 10] starting banyo-ve-ev-gerecleri/605067550
[2026-04-05T20:19:24.955Z] [INFO] 
[START REVIEW] category=banyo-ve-ev-gerecleri productId=631590065 startPage=1
[2026-04-05T20:19:25.124Z] [INFO] 
[START REVIEW] category=banyo-ve-ev-gerecleri productId=372083736 startPage=1
[2026-04-05T20:19:25.171Z] [INFO] [review banyo-ve-ev-gerecleri/453933406] page=3 +5 reviews (unique=21)
[2026-04-05T20:19:25.249Z] [INFO] [REVIEW SAVED] /mnt/c/Developer/Review_AI/scraper_project/raw_data/banyo-ve-ev-gerecleri/453933406_reviews.json
[2026-04-05T20:19:25.330Z] [INFO] 
[REVIEW WORKER 3] starting banyo-ve-ev-gerecleri/431842835
[2026-04-05T20:19:25.545Z] [INFO] [review banyo-ve-ev-gerecleri/631590065] page=1 +3 reviews (unique=3)
[2026-04-05T20:19:25.588Z] [INFO] [REVIEW SAVED] /mnt/c/Developer/Review_AI/scraper_project/raw_data/banyo-ve-ev-gerecleri/631590065_reviews.json
[2026-04-05T20:19:25.622Z] [INFO] 
[REVIEW WORKER 1] starting banyo-ve-ev-gerecleri/651645625
[2026-04-05T20:19:25.644Z] [INFO] 
[START REVIEW] category=banyo-ve-ev-gerecleri productId=717140069 startPage=1
[2026-04-05T20:19:25.673Z] [INFO] [review banyo-ve-ev-gerecleri/372083736] page=1 +8 reviews (unique=8)
[2026-04-05T20:19:26.135Z] [INFO] 
[START REVIEW] category=banyo-ve-ev-gerecleri productId=637466210 startPage=1
[2026-04-05T20:19:26.306Z] [INFO] [review banyo-ve-ev-gerecleri/717140069] page=1 +1 reviews (unique=1)
[2026-04-05T20:19:26.441Z] [INFO] [REVIEW SAVED] /mnt/c/Developer/Review_AI/scraper_project/raw_data/banyo-ve-ev-gerecleri/717140069_reviews.json
[2026-04-05T20:19:26.590Z] [INFO] 
[REVIEW WORKER 4] starting banyo-ve-ev-gerecleri/733025534
[2026-04-05T20:19:27.071Z] [INFO] [review banyo-ve-ev-gerecleri/372083736] page=2 +8 reviews (unique=16)
[2026-04-05T20:19:27.168Z] [INFO] [review banyo-ve-ev-gerecleri/637466210] page=1 +6 reviews (unique=6)
[2026-04-05T20:19:27.201Z] [INFO] [REVIEW SAVED] /mnt/c/Developer/Review_AI/scraper_project/raw_data/banyo-ve-ev-gerecleri/637466210_reviews.json
[2026-04-05T20:19:27.240Z] [INFO] 
[REVIEW WORKER 9] starting banyo-ve-ev-gerecleri/524922342
[2026-04-05T20:19:28.032Z] [INFO] 
[START REVIEW] category=banyo-ve-ev-gerecleri productId=707683461 startPage=1
[2026-04-05T20:19:28.073Z] [INFO] 
[START REVIEW] category=banyo-ve-ev-gerecleri productId=604339137 startPage=1
[2026-04-05T20:19:28.301Z] [INFO] [review banyo-ve-ev-gerecleri/707683461] page=1 +1 reviews (unique=1)
[2026-04-05T20:19:28.329Z] [INFO] [REVIEW SAVED] /mnt/c/Developer/Review_AI/scraper_project/raw_data/banyo-ve-ev-gerecleri/707683461_reviews.json
[2026-04-05T20:19:28.365Z] [INFO] 
[REVIEW WORKER 8] starting banyo-ve-ev-gerecleri/574641521
[2026-04-05T20:19:28.484Z] [INFO] [review banyo-ve-ev-gerecleri/604339137] page=1 +7 reviews (unique=7)
[2026-04-05T20:19:28.504Z] [INFO] [REVIEW SAVED] /mnt/c/Developer/Review_AI/scraper_project/raw_data/banyo-ve-ev-gerecleri/604339137_reviews.json
[2026-04-05T20:19:28.527Z] [INFO] 
[REVIEW WORKER 5] starting banyo-ve-ev-gerecleri/632964713
[2026-04-05T20:19:29.120Z] [INFO] 
[START REVIEW] category=banyo-ve-ev-gerecleri productId=661651607 startPage=1
[2026-04-05T20:19:29.142Z] [INFO] 
[START REVIEW] category=banyo-ve-ev-gerecleri productId=641394166 startPage=1
[2026-04-05T20:19:29.596Z] [INFO] 
[START REVIEW] category=banyo-ve-ev-gerecleri productId=605067550 startPage=1
[2026-04-05T20:19:29.789Z] [INFO] [review banyo-ve-ev-gerecleri/641394166] page=1 +7 reviews (unique=7)
[2026-04-05T20:19:29.891Z] [INFO] [REVIEW SAVED] /mnt/c/Developer/Review_AI/scraper_project/raw_data/banyo-ve-ev-gerecleri/641394166_reviews.json
[2026-04-05T20:19:29.940Z] [INFO] 
[REVIEW WORKER 7] starting banyo-ve-ev-gerecleri/555576873
[2026-04-05T20:19:30.153Z] [INFO] [review banyo-ve-ev-gerecleri/661651607] page=1 +2 reviews (unique=2)
[2026-04-05T20:19:30.299Z] [INFO] [REVIEW SAVED] /mnt/c/Developer/Review_AI/scraper_project/raw_data/banyo-ve-ev-gerecleri/661651607_reviews.json
[2026-04-05T20:19:30.427Z] [INFO] [review banyo-ve-ev-gerecleri/605067550] page=1 +8 reviews (unique=8)
[2026-04-05T20:19:30.758Z] [INFO] 
[START REVIEW] category=banyo-ve-ev-gerecleri productId=651645625 startPage=1
[2026-04-05T20:19:30.789Z] [INFO] 
[REVIEW WORKER 6] starting banyo-ve-ev-gerecleri/718073432
[2026-04-05T20:19:30.827Z] [INFO] 
[START REVIEW] category=banyo-ve-ev-gerecleri productId=431842835 startPage=1
[2026-04-05T20:19:31.020Z] [INFO] [review banyo-ve-ev-gerecleri/372083736] page=3 +8 reviews (unique=24)
[2026-04-05T20:19:31.419Z] [INFO] [review banyo-ve-ev-gerecleri/605067550] page=2 +3 reviews (unique=11)
[2026-04-05T20:19:31.460Z] [INFO] [REVIEW SAVED] /mnt/c/Developer/Review_AI/scraper_project/raw_data/banyo-ve-ev-gerecleri/605067550_reviews.json
[2026-04-05T20:19:31.474Z] [INFO] [review banyo-ve-ev-gerecleri/651645625] page=1 +7 reviews (unique=7)
[2026-04-05T20:19:31.521Z] [INFO] [REVIEW SAVED] /mnt/c/Developer/Review_AI/scraper_project/raw_data/banyo-ve-ev-gerecleri/651645625_reviews.json
[2026-04-05T20:19:31.531Z] [INFO] [review banyo-ve-ev-gerecleri/431842835] page=1 +8 reviews (unique=8)
[2026-04-05T20:19:31.566Z] [INFO] [REVIEW SAVED] /mnt/c/Developer/Review_AI/scraper_project/raw_data/banyo-ve-ev-gerecleri/431842835_reviews.json
[2026-04-05T20:19:31.576Z] [INFO] 
[REVIEW WORKER 1] starting banyo-ve-ev-gerecleri/522787676
[2026-04-05T20:19:31.582Z] [INFO] 
[REVIEW WORKER 10] starting banyo-ve-ev-gerecleri/725848853
[2026-04-05T20:19:31.609Z] [INFO] 
[REVIEW WORKER 3] starting banyo-ve-ev-gerecleri/602115637
[2026-04-05T20:19:31.839Z] [INFO] 
[START REVIEW] category=banyo-ve-ev-gerecleri productId=733025534 startPage=1
[2026-04-05T20:19:31.918Z] [INFO] [review banyo-ve-ev-gerecleri/372083736] page=4 +6 reviews (unique=30)
[2026-04-05T20:19:31.939Z] [INFO] [REVIEW SAVED] /mnt/c/Developer/Review_AI/scraper_project/raw_data/banyo-ve-ev-gerecleri/372083736_reviews.json
[2026-04-05T20:19:31.975Z] [INFO] 
[REVIEW WORKER 2] starting banyo-ve-ev-gerecleri/516736212
[2026-04-05T20:19:32.262Z] [INFO] [review banyo-ve-ev-gerecleri/733025534] page=1 +8 reviews (unique=8)
[2026-04-05T20:19:32.331Z] [INFO] 
[START REVIEW] category=banyo-ve-ev-gerecleri productId=524922342 startPage=1
[2026-04-05T20:19:32.846Z] [INFO] [review banyo-ve-ev-gerecleri/524922342] page=1 +4 reviews (unique=4)
[2026-04-05T20:19:32.863Z] [INFO] [REVIEW SAVED] /mnt/c/Developer/Review_AI/scraper_project/raw_data/banyo-ve-ev-gerecleri/524922342_reviews.json
[2026-04-05T20:19:32.890Z] [INFO] 
[REVIEW WORKER 9] starting banyo-ve-ev-gerecleri/629050054
[2026-04-05T20:19:32.995Z] [INFO] [review banyo-ve-ev-gerecleri/733025534] page=2 +8 reviews (unique=16)
[2026-04-05T20:19:33.689Z] [INFO] 
[START REVIEW] category=banyo-ve-ev-gerecleri productId=574641521 startPage=1
[2026-04-05T20:19:33.774Z] [INFO] [review banyo-ve-ev-gerecleri/733025534] page=3 +8 reviews (unique=24)
[2026-04-05T20:19:34.208Z] [INFO] [review banyo-ve-ev-gerecleri/574641521] page=1 +3 reviews (unique=3)
[2026-04-05T20:19:34.259Z] [INFO] [REVIEW SAVED] /mnt/c/Developer/Review_AI/scraper_project/raw_data/banyo-ve-ev-gerecleri/574641521_reviews.json
[2026-04-05T20:19:34.303Z] [INFO] 
[REVIEW WORKER 8] starting banyo-ve-ev-gerecleri/657786889
[2026-04-05T20:19:34.413Z] [INFO] 
[START REVIEW] category=banyo-ve-ev-gerecleri productId=632964713 startPage=1
[2026-04-05T20:19:34.595Z] [INFO] [review banyo-ve-ev-gerecleri/733025534] page=4 +8 reviews (unique=32)
[2026-04-05T20:19:35.156Z] [INFO] 
[START REVIEW] category=banyo-ve-ev-gerecleri productId=555576873 startPage=1
[2026-04-05T20:19:35.348Z] [INFO] [review banyo-ve-ev-gerecleri/733025534] page=5 +8 reviews (unique=40)
[2026-04-05T20:19:35.383Z] [INFO] [REVIEW PARTIAL SAVED] /mnt/c/Developer/Review_AI/scraper_project/raw_data/banyo-ve-ev-gerecleri/733025534_reviews.partial.json
[2026-04-05T20:19:35.400Z] [INFO] [review banyo-ve-ev-gerecleri/632964713] page=1 +8 reviews (unique=8)
[2026-04-05T20:19:35.684Z] [INFO] 
[START REVIEW] category=banyo-ve-ev-gerecleri productId=718073432 startPage=1
[2026-04-05T20:19:35.724Z] [INFO] [review banyo-ve-ev-gerecleri/555576873] page=1 +8 reviews (unique=8)
[2026-04-05T20:19:35.975Z] [INFO] [review banyo-ve-ev-gerecleri/718073432] page=1 +0 reviews (unique=0)
[2026-04-05T20:19:35.996Z] [INFO] [REVIEW SAVED] /mnt/c/Developer/Review_AI/scraper_project/raw_data/banyo-ve-ev-gerecleri/718073432_reviews.json
[2026-04-05T20:19:36.018Z] [INFO] 
[REVIEW WORKER 6] starting banyo-ve-ev-gerecleri/644740433
[2026-04-05T20:19:36.263Z] [INFO] [review banyo-ve-ev-gerecleri/733025534] page=6 +8 reviews (unique=48)
[2026-04-05T20:19:36.381Z] [INFO] 
[START REVIEW] category=banyo-ve-ev-gerecleri productId=522787676 startPage=1
[2026-04-05T20:19:36.573Z] [INFO] [review banyo-ve-ev-gerecleri/632964713] page=2 +6 reviews (unique=14)
[2026-04-05T20:19:36.588Z] [INFO] [REVIEW SAVED] /mnt/c/Developer/Review_AI/scraper_project/raw_data/banyo-ve-ev-gerecleri/632964713_reviews.json
[2026-04-05T20:19:36.631Z] [INFO] 
[START REVIEW] category=banyo-ve-ev-gerecleri productId=602115637 startPage=1
[2026-04-05T20:19:36.643Z] [INFO] 
[REVIEW WORKER 5] starting banyo-ve-ev-gerecleri/734989870
[2026-04-05T20:19:36.665Z] [INFO] 
[START REVIEW] category=banyo-ve-ev-gerecleri productId=725848853 startPage=1
[2026-04-05T20:19:36.854Z] [INFO] 
[START REVIEW] category=banyo-ve-ev-gerecleri productId=516736212 startPage=1
[2026-04-05T20:19:36.964Z] [INFO] [review banyo-ve-ev-gerecleri/555576873] page=2 +8 reviews (unique=16)
[2026-04-05T20:19:37.203Z] [INFO] [review banyo-ve-ev-gerecleri/522787676] page=1 +4 reviews (unique=4)
[2026-04-05T20:19:37.253Z] [INFO] [REVIEW SAVED] /mnt/c/Developer/Review_AI/scraper_project/raw_data/banyo-ve-ev-gerecleri/522787676_reviews.json
[2026-04-05T20:19:37.264Z] [INFO] [review banyo-ve-ev-gerecleri/725848853] page=1 +3 reviews (unique=3)
[2026-04-05T20:19:37.306Z] [INFO] [REVIEW SAVED] /mnt/c/Developer/Review_AI/scraper_project/raw_data/banyo-ve-ev-gerecleri/725848853_reviews.json
[2026-04-05T20:19:37.320Z] [INFO] [review banyo-ve-ev-gerecleri/733025534] page=7 +5 reviews (unique=53)
[2026-04-05T20:19:37.377Z] [INFO] [REVIEW SAVED] /mnt/c/Developer/Review_AI/scraper_project/raw_data/banyo-ve-ev-gerecleri/733025534_reviews.json
[2026-04-05T20:19:37.394Z] [INFO] [review banyo-ve-ev-gerecleri/516736212] page=1 +6 reviews (unique=6)
[2026-04-05T20:19:37.438Z] [INFO] [REVIEW SAVED] /mnt/c/Developer/Review_AI/scraper_project/raw_data/banyo-ve-ev-gerecleri/516736212_reviews.json
[2026-04-05T20:19:37.457Z] [INFO] [review banyo-ve-ev-gerecleri/602115637] page=1 +8 reviews (unique=8)
[2026-04-05T20:19:37.492Z] [INFO] 
[REVIEW WORKER 1] starting banyo-ve-ev-gerecleri/642870323
[2026-04-05T20:19:37.508Z] [INFO] 
[REVIEW WORKER 10] starting banyo-ve-ev-gerecleri/581166183
[2026-04-05T20:19:37.535Z] [INFO] 
[REVIEW WORKER 2] starting banyo-ve-ev-gerecleri/736315115
[2026-04-05T20:19:37.554Z] [INFO] 
[REVIEW WORKER 4] starting banyo-ve-ev-gerecleri/635506184
[2026-04-05T20:19:37.754Z] [INFO] [review banyo-ve-ev-gerecleri/555576873] page=3 +4 reviews (unique=20)
[2026-04-05T20:19:37.795Z] [INFO] [REVIEW SAVED] /mnt/c/Developer/Review_AI/scraper_project/raw_data/banyo-ve-ev-gerecleri/555576873_reviews.json
[2026-04-05T20:19:37.949Z] [INFO] 
[REVIEW WORKER 7] starting banyo-ve-ev-gerecleri/517365756
[2026-04-05T20:19:38.297Z] [INFO] [review banyo-ve-ev-gerecleri/602115637] page=2 +8 reviews (unique=16)
[2026-04-05T20:19:39.254Z] [INFO] 
[START REVIEW] category=banyo-ve-ev-gerecleri productId=629050054 startPage=1
[2026-04-05T20:19:39.266Z] [INFO] [review banyo-ve-ev-gerecleri/602115637] page=3 +1 reviews (unique=17)
[2026-04-05T20:19:39.288Z] [INFO] [REVIEW SAVED] /mnt/c/Developer/Review_AI/scraper_project/raw_data/banyo-ve-ev-gerecleri/602115637_reviews.json
[2026-04-05T20:19:39.315Z] [INFO] 
[REVIEW WORKER 3] starting banyo-ve-ev-gerecleri/736315113
[2026-04-05T20:19:39.468Z] [INFO] [review banyo-ve-ev-gerecleri/629050054] page=1 +2 reviews (unique=2)
[2026-04-05T20:19:39.497Z] [INFO] [REVIEW SAVED] /mnt/c/Developer/Review_AI/scraper_project/raw_data/banyo-ve-ev-gerecleri/629050054_reviews.json
[2026-04-05T20:19:39.520Z] [INFO] 
[REVIEW WORKER 9] starting banyo-ve-ev-gerecleri/547444874
[2026-04-05T20:19:39.731Z] [INFO] 
[START REVIEW] category=banyo-ve-ev-gerecleri productId=657786889 startPage=1
[2026-04-05T20:19:40.000Z] [INFO] [review banyo-ve-ev-gerecleri/657786889] page=1 +2 reviews (unique=2)
[2026-04-05T20:19:40.014Z] [INFO] [REVIEW SAVED] /mnt/c/Developer/Review_AI/scraper_project/raw_data/banyo-ve-ev-gerecleri/657786889_reviews.json
[2026-04-05T20:19:40.037Z] [INFO] 
[REVIEW WORKER 8] starting banyo-ve-ev-gerecleri/648610948
[2026-04-05T20:19:41.590Z] [INFO] 
[START REVIEW] category=banyo-ve-ev-gerecleri productId=644740433 startPage=1
[2026-04-05T20:19:43.042Z] [INFO] 
[START REVIEW] category=banyo-ve-ev-gerecleri productId=581166183 startPage=1
[2026-04-05T20:19:43.067Z] [INFO] 
[START REVIEW] category=banyo-ve-ev-gerecleri productId=635506184 startPage=1
[2026-04-05T20:19:43.088Z] [INFO] 
[START REVIEW] category=banyo-ve-ev-gerecleri productId=517365756 startPage=1
[2026-04-05T20:19:43.270Z] [INFO] [review banyo-ve-ev-gerecleri/644740433] page=1 +8 reviews (unique=8)
[2026-04-05T20:19:43.653Z] [INFO] 
[START REVIEW] category=banyo-ve-ev-gerecleri productId=642870323 startPage=1
[2026-04-05T20:19:43.693Z] [INFO] 
[START REVIEW] category=banyo-ve-ev-gerecleri productId=734989870 startPage=1
[2026-04-05T20:19:43.798Z] [INFO] [review banyo-ve-ev-gerecleri/635506184] page=1 +8 reviews (unique=8)
[2026-04-05T20:19:43.837Z] [INFO] [review banyo-ve-ev-gerecleri/517365756] page=1 +8 reviews (unique=8)
[2026-04-05T20:19:43.924Z] [INFO] [review banyo-ve-ev-gerecleri/581166183] page=1 +8 reviews (unique=8)
[2026-04-05T20:19:44.073Z] [INFO] 
[START REVIEW] category=banyo-ve-ev-gerecleri productId=736315115 startPage=1
[2026-04-05T20:19:44.168Z] [INFO] [review banyo-ve-ev-gerecleri/644740433] page=2 +8 reviews (unique=16)
[2026-04-05T20:19:44.747Z] [INFO] [review banyo-ve-ev-gerecleri/581166183] page=2 +8 reviews (unique=16)
[2026-04-05T20:19:44.803Z] [INFO] [review banyo-ve-ev-gerecleri/635506184] page=2 +8 reviews (unique=16)
[2026-04-05T20:19:44.930Z] [INFO] [review banyo-ve-ev-gerecleri/734989870] page=1 +0 reviews (unique=0)
[2026-04-05T20:19:45.079Z] [INFO] [REVIEW SAVED] /mnt/c/Developer/Review_AI/scraper_project/raw_data/banyo-ve-ev-gerecleri/734989870_reviews.json
[2026-04-05T20:19:45.109Z] [INFO] [review banyo-ve-ev-gerecleri/644740433] page=3 +8 reviews (unique=24)
[2026-04-05T20:19:45.183Z] [INFO] [review banyo-ve-ev-gerecleri/517365756] page=2 +2 reviews (unique=10)
[2026-04-05T20:19:45.308Z] [INFO] [REVIEW SAVED] /mnt/c/Developer/Review_AI/scraper_project/raw_data/banyo-ve-ev-gerecleri/517365756_reviews.json
[2026-04-05T20:19:45.328Z] [INFO] [review banyo-ve-ev-gerecleri/736315115] page=1 +0 reviews (unique=0)
[2026-04-05T20:19:45.380Z] [INFO] [REVIEW SAVED] /mnt/c/Developer/Review_AI/scraper_project/raw_data/banyo-ve-ev-gerecleri/736315115_reviews.json
[2026-04-05T20:19:45.409Z] [INFO] 
[REVIEW WORKER 5] starting banyo-ve-ev-gerecleri/731320922
[2026-04-05T20:19:45.449Z] [INFO] 
[REVIEW WORKER 7] starting banyo-ve-ev-gerecleri/733150973
[2026-04-05T20:19:45.471Z] [INFO] 
[REVIEW WORKER 2] starting banyo-ve-ev-gerecleri/707710365
[2026-04-05T20:19:45.704Z] [INFO] [review banyo-ve-ev-gerecleri/635506184] page=3 +4 reviews (unique=20)
[2026-04-05T20:19:45.736Z] [INFO] [REVIEW SAVED] /mnt/c/Developer/Review_AI/scraper_project/raw_data/banyo-ve-ev-gerecleri/635506184_reviews.json
[2026-04-05T20:19:45.761Z] [INFO] 
[REVIEW WORKER 4] starting banyo-ve-ev-gerecleri/733424963
[2026-04-05T20:19:45.770Z] [INFO] [review banyo-ve-ev-gerecleri/581166183] page=3 +8 reviews (unique=24)
[2026-04-05T20:19:45.892Z] [INFO] [review banyo-ve-ev-gerecleri/644740433] page=4 +8 reviews (unique=32)
[2026-04-05T20:19:46.449Z] [INFO] [review banyo-ve-ev-gerecleri/581166183] page=4 +8 reviews (unique=32)
[2026-04-05T20:19:46.500Z] [INFO] [review banyo-ve-ev-gerecleri/644740433] page=5 +8 reviews (unique=40)
[2026-04-05T20:19:46.511Z] [INFO] [REVIEW PARTIAL SAVED] /mnt/c/Developer/Review_AI/scraper_project/raw_data/banyo-ve-ev-gerecleri/644740433_reviews.partial.json
[2026-04-05T20:19:46.738Z] [INFO] 
[START REVIEW] category=banyo-ve-ev-gerecleri productId=736315113 startPage=1
[2026-04-05T20:19:46.900Z] [INFO] [review banyo-ve-ev-gerecleri/642870323] page=1 +8 reviews (unique=8)
[2026-04-05T20:19:46.931Z] [INFO] [REVIEW SAVED] /mnt/c/Developer/Review_AI/scraper_project/raw_data/banyo-ve-ev-gerecleri/642870323_reviews.json
[2026-04-05T20:19:46.953Z] [INFO] 
[REVIEW WORKER 1] starting banyo-ve-ev-gerecleri/736287546
[2026-04-05T20:19:47.134Z] [INFO] [review banyo-ve-ev-gerecleri/581166183] page=5 +3 reviews (unique=35)
[2026-04-05T20:19:47.148Z] [INFO] [REVIEW PARTIAL SAVED] /mnt/c/Developer/Review_AI/scraper_project/raw_data/banyo-ve-ev-gerecleri/581166183_reviews.partial.json
[2026-04-05T20:19:47.176Z] [INFO] [REVIEW SAVED] /mnt/c/Developer/Review_AI/scraper_project/raw_data/banyo-ve-ev-gerecleri/581166183_reviews.json
[2026-04-05T20:19:47.215Z] [INFO] 
[REVIEW WORKER 10] starting banyo-ve-ev-gerecleri/651996484
[2026-04-05T20:19:47.244Z] [INFO] [review banyo-ve-ev-gerecleri/644740433] page=6 +2 reviews (unique=42)
[2026-04-05T20:19:47.266Z] [INFO] [REVIEW SAVED] /mnt/c/Developer/Review_AI/scraper_project/raw_data/banyo-ve-ev-gerecleri/644740433_reviews.json
[2026-04-05T20:19:47.281Z] [INFO] [review banyo-ve-ev-gerecleri/736315113] page=1 +0 reviews (unique=0)
[2026-04-05T20:19:47.309Z] [INFO] [REVIEW SAVED] /mnt/c/Developer/Review_AI/scraper_project/raw_data/banyo-ve-ev-gerecleri/736315113_reviews.json
[2026-04-05T20:19:47.325Z] [INFO] 
[START REVIEW] category=banyo-ve-ev-gerecleri productId=547444874 startPage=1
[2026-04-05T20:19:47.337Z] [INFO] 
[START REVIEW] category=banyo-ve-ev-gerecleri productId=648610948 startPage=1
[2026-04-05T20:19:47.350Z] [INFO] 
[REVIEW WORKER 6] starting banyo-ve-ev-gerecleri/736287547
[2026-04-05T20:19:47.382Z] [INFO] 
[REVIEW WORKER 3] starting banyo-ve-ev-gerecleri/721760060
[2026-04-05T20:19:47.671Z] [INFO] [review banyo-ve-ev-gerecleri/547444874] page=1 +8 reviews (unique=8)
[2026-04-05T20:19:47.692Z] [INFO] [REVIEW SAVED] /mnt/c/Developer/Review_AI/scraper_project/raw_data/banyo-ve-ev-gerecleri/547444874_reviews.json
[2026-04-05T20:19:47.708Z] [INFO] 
[REVIEW WORKER 9] starting banyo-ve-ev-gerecleri/736287544
[2026-04-05T20:19:48.143Z] [INFO] [review banyo-ve-ev-gerecleri/648610948] page=1 +5 reviews (unique=5)
[2026-04-05T20:19:48.158Z] [INFO] [REVIEW SAVED] /mnt/c/Developer/Review_AI/scraper_project/raw_data/banyo-ve-ev-gerecleri/648610948_reviews.json
[2026-04-05T20:19:48.178Z] [INFO] 
[REVIEW WORKER 8] starting banyo-ve-ev-gerecleri/730466487
[2026-04-05T20:19:49.618Z] [INFO] 
[START REVIEW] category=banyo-ve-ev-gerecleri productId=733150973 startPage=1
[2026-04-05T20:19:49.856Z] [INFO] 
[START REVIEW] category=banyo-ve-ev-gerecleri productId=731320922 startPage=1
[2026-04-05T20:19:49.959Z] [INFO] 
[START REVIEW] category=banyo-ve-ev-gerecleri productId=707710365 startPage=1
[2026-04-05T20:19:50.272Z] [INFO] [review banyo-ve-ev-gerecleri/733150973] page=1 +8 reviews (unique=8)
[2026-04-05T20:19:50.320Z] [INFO] [REVIEW SAVED] /mnt/c/Developer/Review_AI/scraper_project/raw_data/banyo-ve-ev-gerecleri/733150973_reviews.json
[2026-04-05T20:19:50.348Z] [INFO] 
[REVIEW WORKER 7] starting banyo-ve-ev-gerecleri/736287549
[2026-04-05T20:19:50.631Z] [INFO] [review banyo-ve-ev-gerecleri/731320922] page=1 +0 reviews (unique=0)
[2026-04-05T20:19:50.685Z] [INFO] [REVIEW SAVED] /mnt/c/Developer/Review_AI/scraper_project/raw_data/banyo-ve-ev-gerecleri/731320922_reviews.json
[2026-04-05T20:19:50.702Z] [INFO] [review banyo-ve-ev-gerecleri/707710365] page=1 +3 reviews (unique=3)
[2026-04-05T20:19:50.754Z] [INFO] [REVIEW SAVED] /mnt/c/Developer/Review_AI/scraper_project/raw_data/banyo-ve-ev-gerecleri/707710365_reviews.json
[2026-04-05T20:19:50.802Z] [INFO] 
[REVIEW WORKER 2] starting banyo-ve-ev-gerecleri/582026352
[2026-04-05T20:19:50.843Z] [INFO] 
[REVIEW WORKER 5] starting banyo-ve-ev-gerecleri/679375548
[2026-04-05T20:19:51.191Z] [INFO] 
[START REVIEW] category=banyo-ve-ev-gerecleri productId=733424963 startPage=1
[2026-04-05T20:19:52.135Z] [INFO] [review banyo-ve-ev-gerecleri/733424963] page=1 +2 reviews (unique=2)
[2026-04-05T20:19:52.232Z] [INFO] [REVIEW SAVED] /mnt/c/Developer/Review_AI/scraper_project/raw_data/banyo-ve-ev-gerecleri/733424963_reviews.json
[2026-04-05T20:19:52.293Z] [INFO] 
[REVIEW WORKER 4] starting banyo-ve-ev-gerecleri/717418144
[2026-04-05T20:19:53.282Z] [INFO] 
[START REVIEW] category=banyo-ve-ev-gerecleri productId=721760060 startPage=1
[2026-04-05T20:19:53.308Z] [INFO] 
[START REVIEW] category=banyo-ve-ev-gerecleri productId=651996484 startPage=1
[2026-04-05T20:19:53.341Z] [INFO] 
[START REVIEW] category=banyo-ve-ev-gerecleri productId=736287546 startPage=1
[2026-04-05T20:19:54.000Z] [INFO] [review banyo-ve-ev-gerecleri/651996484] page=1 +8 reviews (unique=8)
[2026-04-05T20:19:54.026Z] [INFO] [review banyo-ve-ev-gerecleri/736287546] page=1 +0 reviews (unique=0)
[2026-04-05T20:19:54.045Z] [INFO] [REVIEW SAVED] /mnt/c/Developer/Review_AI/scraper_project/raw_data/banyo-ve-ev-gerecleri/736287546_reviews.json
[2026-04-05T20:19:54.064Z] [INFO] 
[REVIEW WORKER 1] starting banyo-ve-ev-gerecleri/601301458
[2026-04-05T20:19:54.094Z] [INFO] [review banyo-ve-ev-gerecleri/721760060] page=1 +3 reviews (unique=3)
[2026-04-05T20:19:54.119Z] [INFO] [REVIEW SAVED] /mnt/c/Developer/Review_AI/scraper_project/raw_data/banyo-ve-ev-gerecleri/721760060_reviews.json
[2026-04-05T20:19:54.181Z] [INFO] 
[REVIEW WORKER 3] starting banyo-ve-ev-gerecleri/718867676
[2026-04-05T20:19:54.205Z] [INFO] 
[START REVIEW] category=banyo-ve-ev-gerecleri productId=736287544 startPage=1
[2026-04-05T20:19:54.244Z] [INFO] 
[START REVIEW] category=banyo-ve-ev-gerecleri productId=736287547 startPage=1
[2026-04-05T20:19:54.641Z] [INFO] 
[START REVIEW] category=banyo-ve-ev-gerecleri productId=730466487 startPage=1
[2026-04-05T20:19:55.071Z] [INFO] [review banyo-ve-ev-gerecleri/736287544] page=1 +0 reviews (unique=0)
[2026-04-05T20:19:55.092Z] [INFO] [REVIEW SAVED] /mnt/c/Developer/Review_AI/scraper_project/raw_data/banyo-ve-ev-gerecleri/736287544_reviews.json
[2026-04-05T20:19:55.103Z] [INFO] [review banyo-ve-ev-gerecleri/736287547] page=1 +0 reviews (unique=0)
[2026-04-05T20:19:55.144Z] [INFO] [REVIEW SAVED] /mnt/c/Developer/Review_AI/scraper_project/raw_data/banyo-ve-ev-gerecleri/736287547_reviews.json
[2026-04-05T20:19:55.158Z] [INFO] 
[REVIEW WORKER 9] starting banyo-ve-ev-gerecleri/725848778
[2026-04-05T20:19:55.163Z] [INFO] [review banyo-ve-ev-gerecleri/651996484] page=2 +8 reviews (unique=16)
[2026-04-05T20:19:55.182Z] [INFO] [review banyo-ve-ev-gerecleri/730466487] page=1 +0 reviews (unique=0)
[2026-04-05T20:19:55.206Z] [INFO] [REVIEW SAVED] /mnt/c/Developer/Review_AI/scraper_project/raw_data/banyo-ve-ev-gerecleri/730466487_reviews.json
[2026-04-05T20:19:55.215Z] [INFO] 
[REVIEW WORKER 6] starting banyo-ve-ev-gerecleri/737560157
[2026-04-05T20:19:55.234Z] [INFO] 
[REVIEW WORKER 8] starting banyo-ve-ev-gerecleri/524674606
[2026-04-05T20:19:55.872Z] [INFO] [review banyo-ve-ev-gerecleri/651996484] page=3 +8 reviews (unique=24)
[2026-04-05T20:19:56.002Z] [INFO] 
[START REVIEW] category=banyo-ve-ev-gerecleri productId=736287549 startPage=1
[2026-04-05T20:19:56.235Z] [INFO] [review banyo-ve-ev-gerecleri/736287549] page=1 +0 reviews (unique=0)
[2026-04-05T20:19:56.285Z] [INFO] [REVIEW SAVED] /mnt/c/Developer/Review_AI/scraper_project/raw_data/banyo-ve-ev-gerecleri/736287549_reviews.json
[2026-04-05T20:19:56.326Z] [INFO] 
[REVIEW WORKER 7] starting banyo-ve-ev-gerecleri/487801727
[2026-04-05T20:19:56.609Z] [INFO] [review banyo-ve-ev-gerecleri/651996484] page=4 +8 reviews (unique=32)
[2026-04-05T20:19:57.090Z] [INFO] 
[START REVIEW] category=banyo-ve-ev-gerecleri productId=582026352 startPage=1
[2026-04-05T20:19:57.288Z] [INFO] 
[START REVIEW] category=banyo-ve-ev-gerecleri productId=679375548 startPage=1
[2026-04-05T20:19:57.589Z] [INFO] [review banyo-ve-ev-gerecleri/651996484] page=5 +8 reviews (unique=40)
[2026-04-05T20:19:57.655Z] [INFO] [REVIEW PARTIAL SAVED] /mnt/c/Developer/Review_AI/scraper_project/raw_data/banyo-ve-ev-gerecleri/651996484_reviews.partial.json
[2026-04-05T20:19:57.711Z] [INFO] 
[START REVIEW] category=banyo-ve-ev-gerecleri productId=717418144 startPage=1
[2026-04-05T20:19:57.723Z] [INFO] [review banyo-ve-ev-gerecleri/582026352] page=1 +8 reviews (unique=8)
[2026-04-05T20:19:57.797Z] [INFO] [review banyo-ve-ev-gerecleri/679375548] page=1 +1 reviews (unique=1)
[2026-04-05T20:19:57.890Z] [INFO] [REVIEW SAVED] /mnt/c/Developer/Review_AI/scraper_project/raw_data/banyo-ve-ev-gerecleri/679375548_reviews.json
[2026-04-05T20:19:57.951Z] [INFO] 
[REVIEW WORKER 5] starting banyo-ve-ev-gerecleri/719747979
[2026-04-05T20:19:58.642Z] [INFO] [review banyo-ve-ev-gerecleri/651996484] page=6 +8 reviews (unique=48)
[2026-04-05T20:19:59.083Z] [INFO] [review banyo-ve-ev-gerecleri/717418144] page=1 +8 reviews (unique=8)
[2026-04-05T20:19:59.409Z] [INFO] [review banyo-ve-ev-gerecleri/582026352] page=2 +8 reviews (unique=16)
[2026-04-05T20:19:59.583Z] [INFO] [review banyo-ve-ev-gerecleri/651996484] page=7 +2 reviews (unique=50)
[2026-04-05T20:19:59.623Z] [INFO] [REVIEW SAVED] /mnt/c/Developer/Review_AI/scraper_project/raw_data/banyo-ve-ev-gerecleri/651996484_reviews.json
[2026-04-05T20:19:59.673Z] [INFO] 
[REVIEW WORKER 10] starting banyo-ve-ev-gerecleri/721770250
[2026-04-05T20:19:59.980Z] [INFO] 
[START REVIEW] category=banyo-ve-ev-gerecleri productId=718867676 startPage=1
[2026-04-05T20:20:00.109Z] [INFO] [review banyo-ve-ev-gerecleri/717418144] page=2 +3 reviews (unique=11)
[2026-04-05T20:20:00.150Z] [INFO] [REVIEW SAVED] /mnt/c/Developer/Review_AI/scraper_project/raw_data/banyo-ve-ev-gerecleri/717418144_reviews.json
[2026-04-05T20:20:00.160Z] [INFO] [review banyo-ve-ev-gerecleri/582026352] page=3 +3 reviews (unique=19)
[2026-04-05T20:20:00.198Z] [INFO] [REVIEW SAVED] /mnt/c/Developer/Review_AI/scraper_project/raw_data/banyo-ve-ev-gerecleri/582026352_reviews.json
[2026-04-05T20:20:00.237Z] [INFO] 
[REVIEW WORKER 2] starting banyo-ve-ev-gerecleri/552512063
[2026-04-05T20:20:00.248Z] [INFO] 
[REVIEW WORKER 4] starting banyo-ve-ev-gerecleri/547434999
[2026-04-05T20:20:00.540Z] [INFO] [review banyo-ve-ev-gerecleri/718867676] page=1 +1 reviews (unique=1)
[2026-04-05T20:20:00.556Z] [INFO] [REVIEW SAVED] /mnt/c/Developer/Review_AI/scraper_project/raw_data/banyo-ve-ev-gerecleri/718867676_reviews.json
[2026-04-05T20:20:00.574Z] [INFO] 
[REVIEW WORKER 3] starting banyo-ve-ev-gerecleri/503954814
[2026-04-05T20:20:00.848Z] [INFO] 
[START REVIEW] category=banyo-ve-ev-gerecleri productId=524674606 startPage=1
[2026-04-05T20:20:00.857Z] [INFO] 
[START REVIEW] category=banyo-ve-ev-gerecleri productId=601301458 startPage=1
[2026-04-05T20:20:01.153Z] [INFO] 
[START REVIEW] category=banyo-ve-ev-gerecleri productId=725848778 startPage=1
[2026-04-05T20:20:01.177Z] [INFO] [review banyo-ve-ev-gerecleri/524674606] page=1 +8 reviews (unique=8)
[2026-04-05T20:20:01.278Z] [INFO] [review banyo-ve-ev-gerecleri/601301458] page=1 +6 reviews (unique=6)
[2026-04-05T20:20:01.308Z] [INFO] [REVIEW SAVED] /mnt/c/Developer/Review_AI/scraper_project/raw_data/banyo-ve-ev-gerecleri/601301458_reviews.json
[2026-04-05T20:20:01.342Z] [INFO] 
[REVIEW WORKER 1] starting banyo-ve-ev-gerecleri/717886706
[2026-04-05T20:20:01.436Z] [INFO] 
[START REVIEW] category=banyo-ve-ev-gerecleri productId=737560157 startPage=1
[2026-04-05T20:20:01.475Z] [INFO] 
[START REVIEW] category=banyo-ve-ev-gerecleri productId=487801727 startPage=1
[2026-04-05T20:20:01.679Z] [INFO] [review banyo-ve-ev-gerecleri/725848778] page=1 +8 reviews (unique=8)
[2026-04-05T20:20:01.734Z] [INFO] [REVIEW SAVED] /mnt/c/Developer/Review_AI/scraper_project/raw_data/banyo-ve-ev-gerecleri/725848778_reviews.json
[2026-04-05T20:20:01.785Z] [INFO] 
[REVIEW WORKER 9] starting banyo-ve-ev-gerecleri/725250786
[2026-04-05T20:20:02.042Z] [INFO] [review banyo-ve-ev-gerecleri/524674606] page=2 +8 reviews (unique=16)
[2026-04-05T20:20:02.497Z] [INFO] [review banyo-ve-ev-gerecleri/737560157] page=1 +0 reviews (unique=0)
[2026-04-05T20:20:02.590Z] [INFO] [REVIEW SAVED] /mnt/c/Developer/Review_AI/scraper_project/raw_data/banyo-ve-ev-gerecleri/737560157_reviews.json
[2026-04-05T20:20:02.616Z] [INFO] [review banyo-ve-ev-gerecleri/487801727] page=1 +8 reviews (unique=8)
[2026-04-05T20:20:02.678Z] [INFO] 
[REVIEW WORKER 6] starting banyo-ve-ev-gerecleri/654209799
[2026-04-05T20:20:02.786Z] [INFO] 
[START REVIEW] category=banyo-ve-ev-gerecleri productId=719747979 startPage=1
[2026-04-05T20:20:02.845Z] [INFO] [review banyo-ve-ev-gerecleri/524674606] page=3 +8 reviews (unique=24)
[2026-04-05T20:20:03.294Z] [INFO] [review banyo-ve-ev-gerecleri/719747979] page=1 +8 reviews (unique=8)
[2026-04-05T20:20:03.557Z] [INFO] [review banyo-ve-ev-gerecleri/487801727] page=2 +8 reviews (unique=16)
[2026-04-05T20:20:03.598Z] [INFO] [review banyo-ve-ev-gerecleri/524674606] page=4 +8 reviews (unique=32)
[2026-04-05T20:20:04.077Z] [INFO] [review banyo-ve-ev-gerecleri/719747979] page=2 +8 reviews (unique=16)
[2026-04-05T20:20:04.234Z] [INFO] [review banyo-ve-ev-gerecleri/524674606] page=5 +8 reviews (unique=40)
[2026-04-05T20:20:04.261Z] [INFO] [REVIEW PARTIAL SAVED] /mnt/c/Developer/Review_AI/scraper_project/raw_data/banyo-ve-ev-gerecleri/524674606_reviews.partial.json
[2026-04-05T20:20:04.291Z] [INFO] [REVIEW SAVED] /mnt/c/Developer/Review_AI/scraper_project/raw_data/banyo-ve-ev-gerecleri/524674606_reviews.json
[2026-04-05T20:20:04.306Z] [INFO] [review banyo-ve-ev-gerecleri/487801727] page=3 +5 reviews (unique=21)
[2026-04-05T20:20:04.339Z] [INFO] [REVIEW SAVED] /mnt/c/Developer/Review_AI/scraper_project/raw_data/banyo-ve-ev-gerecleri/487801727_reviews.json
[2026-04-05T20:20:04.354Z] [INFO] 
[REVIEW WORKER 8] starting banyo-ve-ev-gerecleri/651655853
[2026-04-05T20:20:04.435Z] [INFO] 
[REVIEW WORKER 7] starting banyo-ve-ev-gerecleri/587285786
[2026-04-05T20:20:04.707Z] [INFO] 
[START REVIEW] category=banyo-ve-ev-gerecleri productId=721770250 startPage=1
[2026-04-05T20:20:05.239Z] [INFO] [review banyo-ve-ev-gerecleri/721770250] page=1 +0 reviews (unique=0)
[2026-04-05T20:20:05.266Z] [INFO] [REVIEW SAVED] /mnt/c/Developer/Review_AI/scraper_project/raw_data/banyo-ve-ev-gerecleri/721770250_reviews.json
[2026-04-05T20:20:05.277Z] [INFO] [review banyo-ve-ev-gerecleri/719747979] page=3 +8 reviews (unique=24)
[2026-04-05T20:20:05.313Z] [INFO] 
[START REVIEW] category=banyo-ve-ev-gerecleri productId=503954814 startPage=1
[2026-04-05T20:20:05.328Z] [INFO] 
[REVIEW WORKER 10] starting banyo-ve-ev-gerecleri/496723488
[2026-04-05T20:20:05.653Z] [INFO] 
[START REVIEW] category=banyo-ve-ev-gerecleri productId=547434999 startPage=1
[2026-04-05T20:20:05.669Z] [INFO] 
[START REVIEW] category=banyo-ve-ev-gerecleri productId=552512063 startPage=1
[2026-04-05T20:20:06.072Z] [INFO] [review banyo-ve-ev-gerecleri/719747979] page=4 +8 reviews (unique=32)
[2026-04-05T20:20:06.147Z] [INFO] [review banyo-ve-ev-gerecleri/547434999] page=1 +8 reviews (unique=8)
[2026-04-05T20:20:06.247Z] [INFO] [review banyo-ve-ev-gerecleri/503954814] page=1 +2 reviews (unique=2)
[2026-04-05T20:20:06.304Z] [INFO] [REVIEW SAVED] /mnt/c/Developer/Review_AI/scraper_project/raw_data/banyo-ve-ev-gerecleri/503954814_reviews.json
[2026-04-05T20:20:06.349Z] [INFO] 
[REVIEW WORKER 3] starting banyo-ve-ev-gerecleri/678613299
[2026-04-05T20:20:06.521Z] [INFO] [review banyo-ve-ev-gerecleri/552512063] page=1 +8 reviews (unique=8)
[2026-04-05T20:20:06.926Z] [INFO] [review banyo-ve-ev-gerecleri/719747979] page=5 +8 reviews (unique=40)
[2026-04-05T20:20:07.140Z] [INFO] [REVIEW PARTIAL SAVED] /mnt/c/Developer/Review_AI/scraper_project/raw_data/banyo-ve-ev-gerecleri/719747979_reviews.partial.json
[2026-04-05T20:20:07.315Z] [INFO] 
[START REVIEW] category=banyo-ve-ev-gerecleri productId=725250786 startPage=1
[2026-04-05T20:20:07.565Z] [INFO] [review banyo-ve-ev-gerecleri/547434999] page=2 +8 reviews (unique=16)
[2026-04-05T20:20:07.841Z] [INFO] [review banyo-ve-ev-gerecleri/552512063] page=2 +8 reviews (unique=16)
[2026-04-05T20:20:07.892Z] [INFO] 
[START REVIEW] category=banyo-ve-ev-gerecleri productId=717886706 startPage=1
[2026-04-05T20:20:07.982Z] [INFO] [review banyo-ve-ev-gerecleri/719747979] page=6 +8 reviews (unique=48)
[2026-04-05T20:20:08.038Z] [INFO] [review banyo-ve-ev-gerecleri/725250786] page=1 +0 reviews (unique=0)
[2026-04-05T20:20:08.071Z] [INFO] [REVIEW SAVED] /mnt/c/Developer/Review_AI/scraper_project/raw_data/banyo-ve-ev-gerecleri/725250786_reviews.json
[2026-04-05T20:20:08.100Z] [INFO] 
[REVIEW WORKER 9] starting banyo-ve-ev-gerecleri/636023403
[2026-04-05T20:20:08.214Z] [INFO] [review banyo-ve-ev-gerecleri/547434999] page=3 +2 reviews (unique=18)
[2026-04-05T20:20:08.236Z] [INFO] [REVIEW SAVED] /mnt/c/Developer/Review_AI/scraper_project/raw_data/banyo-ve-ev-gerecleri/547434999_reviews.json
[2026-04-05T20:20:08.293Z] [INFO] 
[REVIEW WORKER 4] starting banyo-ve-ev-gerecleri/725848775
[2026-04-05T20:20:08.535Z] [INFO] [review banyo-ve-ev-gerecleri/552512063] page=3 +3 reviews (unique=19)
[2026-04-05T20:20:08.564Z] [INFO] [REVIEW SAVED] /mnt/c/Developer/Review_AI/scraper_project/raw_data/banyo-ve-ev-gerecleri/552512063_reviews.json
[2026-04-05T20:20:08.611Z] [INFO] 
[REVIEW WORKER 2] starting banyo-ve-ev-gerecleri/581585678
[2026-04-05T20:20:08.789Z] [INFO] [review banyo-ve-ev-gerecleri/719747979] page=7 +8 reviews (unique=56)
[2026-04-05T20:20:08.822Z] [INFO] [review banyo-ve-ev-gerecleri/717886706] page=1 +3 reviews (unique=3)
[2026-04-05T20:20:08.861Z] [INFO] [REVIEW SAVED] /mnt/c/Developer/Review_AI/scraper_project/raw_data/banyo-ve-ev-gerecleri/717886706_reviews.json
[2026-04-05T20:20:08.890Z] [INFO] 
[REVIEW WORKER 1] starting banyo-ve-ev-gerecleri/598369647
[2026-04-05T20:20:09.065Z] [INFO] 
[START REVIEW] category=banyo-ve-ev-gerecleri productId=654209799 startPage=1
[2026-04-05T20:20:09.300Z] [INFO] [review banyo-ve-ev-gerecleri/654209799] page=1 +7 reviews (unique=7)
[2026-04-05T20:20:09.324Z] [INFO] [REVIEW SAVED] /mnt/c/Developer/Review_AI/scraper_project/raw_data/banyo-ve-ev-gerecleri/654209799_reviews.json
[2026-04-05T20:20:09.356Z] [INFO] 
[REVIEW WORKER 6] starting banyo-ve-ev-gerecleri/647803828
[2026-04-05T20:20:09.447Z] [INFO] [review banyo-ve-ev-gerecleri/719747979] page=8 +8 reviews (unique=64)
[2026-04-05T20:20:09.463Z] [INFO] 
[START REVIEW] category=banyo-ve-ev-gerecleri productId=587285786 startPage=1
[2026-04-05T20:20:09.746Z] [INFO] [review banyo-ve-ev-gerecleri/587285786] page=1 +2 reviews (unique=2)
[2026-04-05T20:20:09.769Z] [INFO] [REVIEW SAVED] /mnt/c/Developer/Review_AI/scraper_project/raw_data/banyo-ve-ev-gerecleri/587285786_reviews.json
[2026-04-05T20:20:09.801Z] [INFO] 
[REVIEW WORKER 7] starting banyo-ve-ev-gerecleri/681484372
[2026-04-05T20:20:09.824Z] [INFO] 
[START REVIEW] category=banyo-ve-ev-gerecleri productId=651655853 startPage=1
[2026-04-05T20:20:10.172Z] [INFO] [review banyo-ve-ev-gerecleri/651655853] page=1 +8 reviews (unique=8)
[2026-04-05T20:20:10.183Z] [INFO] [review banyo-ve-ev-gerecleri/719747979] page=9 +8 reviews (unique=72)
[2026-04-05T20:20:10.324Z] [INFO] 
[START REVIEW] category=banyo-ve-ev-gerecleri productId=496723488 startPage=1
[2026-04-05T20:20:10.572Z] [INFO] [review banyo-ve-ev-gerecleri/496723488] page=1 +8 reviews (unique=8)
[2026-04-05T20:20:10.865Z] [INFO] [review banyo-ve-ev-gerecleri/651655853] page=2 +8 reviews (unique=16)
[2026-04-05T20:20:10.923Z] [INFO] [review banyo-ve-ev-gerecleri/719747979] page=10 +8 reviews (unique=80)
[2026-04-05T20:20:10.945Z] [INFO] [REVIEW PARTIAL SAVED] /mnt/c/Developer/Review_AI/scraper_project/raw_data/banyo-ve-ev-gerecleri/719747979_reviews.partial.json
[2026-04-05T20:20:11.643Z] [INFO] [review banyo-ve-ev-gerecleri/496723488] page=2 +8 reviews (unique=16)
[2026-04-05T20:20:11.670Z] [INFO] 
[START REVIEW] category=banyo-ve-ev-gerecleri productId=678613299 startPage=1
[2026-04-05T20:20:11.682Z] [INFO] [review banyo-ve-ev-gerecleri/651655853] page=3 +8 reviews (unique=24)
[2026-04-05T20:20:11.985Z] [INFO] [review banyo-ve-ev-gerecleri/719747979] page=11 +8 reviews (unique=88)
[2026-04-05T20:20:12.176Z] [INFO] [review banyo-ve-ev-gerecleri/678613299] page=1 +0 reviews (unique=0)
[2026-04-05T20:20:12.224Z] [INFO] [REVIEW SAVED] /mnt/c/Developer/Review_AI/scraper_project/raw_data/banyo-ve-ev-gerecleri/678613299_reviews.json
[2026-04-05T20:20:12.273Z] [INFO] 
[REVIEW WORKER 3] starting banyo-ve-ev-gerecleri/708854796
[2026-04-05T20:20:12.324Z] [INFO] [review banyo-ve-ev-gerecleri/496723488] page=3 +8 reviews (unique=24)
[2026-04-05T20:20:12.540Z] [INFO] 
[START REVIEW] category=banyo-ve-ev-gerecleri productId=636023403 startPage=1
[2026-04-05T20:20:12.574Z] [INFO] 
[START REVIEW] category=banyo-ve-ev-gerecleri productId=581585678 startPage=1
[2026-04-05T20:20:12.586Z] [INFO] [review banyo-ve-ev-gerecleri/651655853] page=4 +8 reviews (unique=32)
[2026-04-05T20:20:12.767Z] [INFO] [review banyo-ve-ev-gerecleri/719747979] page=12 +7 reviews (unique=95)
[2026-04-05T20:20:13.002Z] [INFO] [REVIEW SAVED] /mnt/c/Developer/Review_AI/scraper_project/raw_data/banyo-ve-ev-gerecleri/719747979_reviews.json
[2026-04-05T20:20:13.106Z] [INFO] 
[START REVIEW] category=banyo-ve-ev-gerecleri productId=725848775 startPage=1
[2026-04-05T20:20:13.374Z] [INFO] 
[REVIEW WORKER 5] starting banyo-ve-ev-gerecleri/650746439
[2026-04-05T20:20:13.651Z] [INFO] [review banyo-ve-ev-gerecleri/636023403] page=1 +8 reviews (unique=8)
[2026-04-05T20:20:13.695Z] [INFO] [review banyo-ve-ev-gerecleri/496723488] page=4 +6 reviews (unique=30)
[2026-04-05T20:20:13.805Z] [INFO] [REVIEW SAVED] /mnt/c/Developer/Review_AI/scraper_project/raw_data/banyo-ve-ev-gerecleri/496723488_reviews.json
[2026-04-05T20:20:13.819Z] [INFO] [review banyo-ve-ev-gerecleri/651655853] page=5 +8 reviews (unique=40)
[2026-04-05T20:20:13.878Z] [INFO] [REVIEW PARTIAL SAVED] /mnt/c/Developer/Review_AI/scraper_project/raw_data/banyo-ve-ev-gerecleri/651655853_reviews.partial.json
[2026-04-05T20:20:13.898Z] [INFO] [review banyo-ve-ev-gerecleri/581585678] page=1 +8 reviews (unique=8)
[2026-04-05T20:20:13.957Z] [INFO] [review banyo-ve-ev-gerecleri/725848775] page=1 +4 reviews (unique=4)
[2026-04-05T20:20:14.019Z] [INFO] [REVIEW SAVED] /mnt/c/Developer/Review_AI/scraper_project/raw_data/banyo-ve-ev-gerecleri/725848775_reviews.json
[2026-04-05T20:20:14.084Z] [INFO] 
[REVIEW WORKER 4] starting banyo-ve-ev-gerecleri/657257180
[2026-04-05T20:20:14.125Z] [INFO] 
[REVIEW WORKER 10] starting banyo-ve-ev-gerecleri/733480553
[2026-04-05T20:20:14.551Z] [INFO] 
[START REVIEW] category=banyo-ve-ev-gerecleri productId=598369647 startPage=1
[2026-04-05T20:20:14.647Z] [INFO] 
[START REVIEW] category=banyo-ve-ev-gerecleri productId=681484372 startPage=1
[2026-04-05T20:20:14.739Z] [INFO] 
[START REVIEW] category=banyo-ve-ev-gerecleri productId=647803828 startPage=1
[2026-04-05T20:20:14.765Z] [INFO] [review banyo-ve-ev-gerecleri/636023403] page=2 +8 reviews (unique=16)
[2026-04-05T20:20:14.928Z] [INFO] [review banyo-ve-ev-gerecleri/651655853] page=6 +8 reviews (unique=48)
[2026-04-05T20:20:15.004Z] [INFO] [review banyo-ve-ev-gerecleri/581585678] page=2 +8 reviews (unique=16)
[2026-04-05T20:20:15.209Z] [INFO] [review banyo-ve-ev-gerecleri/598369647] page=1 +8 reviews (unique=8)
[2026-04-05T20:20:15.252Z] [INFO] [review banyo-ve-ev-gerecleri/647803828] page=1 +8 reviews (unique=8)
[2026-04-05T20:20:15.306Z] [INFO] [review banyo-ve-ev-gerecleri/681484372] page=1 +8 reviews (unique=8)
[2026-04-05T20:20:15.623Z] [INFO] [review banyo-ve-ev-gerecleri/636023403] page=3 +8 reviews (unique=24)
[2026-04-05T20:20:15.686Z] [INFO] [review banyo-ve-ev-gerecleri/651655853] page=7 +8 reviews (unique=56)
[2026-04-05T20:20:15.714Z] [INFO] [review banyo-ve-ev-gerecleri/581585678] page=3 +1 reviews (unique=17)
[2026-04-05T20:20:15.740Z] [INFO] [REVIEW SAVED] /mnt/c/Developer/Review_AI/scraper_project/raw_data/banyo-ve-ev-gerecleri/581585678_reviews.json
[2026-04-05T20:20:15.765Z] [INFO] 
[REVIEW WORKER 2] starting banyo-ve-ev-gerecleri/604751192
[2026-04-05T20:20:16.160Z] [INFO] [review banyo-ve-ev-gerecleri/598369647] page=2 +8 reviews (unique=16)
[2026-04-05T20:20:16.260Z] [INFO] [review banyo-ve-ev-gerecleri/647803828] page=2 +8 reviews (unique=16)
[2026-04-05T20:20:16.283Z] [INFO] [review banyo-ve-ev-gerecleri/636023403] page=4 +8 reviews (unique=32)
[2026-04-05T20:20:16.410Z] [INFO] [review banyo-ve-ev-gerecleri/651655853] page=8 +8 reviews (unique=64)
[2026-04-05T20:20:16.430Z] [INFO] [review banyo-ve-ev-gerecleri/681484372] page=2 +8 reviews (unique=16)
[2026-04-05T20:20:16.863Z] [INFO] [review banyo-ve-ev-gerecleri/598369647] page=3 +8 reviews (unique=24)
[2026-04-05T20:20:16.940Z] [INFO] [review banyo-ve-ev-gerecleri/647803828] page=3 +8 reviews (unique=24)
[2026-04-05T20:20:16.973Z] [INFO] [review banyo-ve-ev-gerecleri/636023403] page=5 +8 reviews (unique=40)
[2026-04-05T20:20:16.989Z] [INFO] [REVIEW PARTIAL SAVED] /mnt/c/Developer/Review_AI/scraper_project/raw_data/banyo-ve-ev-gerecleri/636023403_reviews.partial.json
[2026-04-05T20:20:17.081Z] [INFO] [review banyo-ve-ev-gerecleri/651655853] page=9 +8 reviews (unique=72)
[2026-04-05T20:20:17.131Z] [INFO] [review banyo-ve-ev-gerecleri/681484372] page=3 +8 reviews (unique=24)
[2026-04-05T20:20:17.542Z] [INFO] 
[START REVIEW] category=banyo-ve-ev-gerecleri productId=708854796 startPage=1
[2026-04-05T20:20:17.749Z] [INFO] [review banyo-ve-ev-gerecleri/598369647] page=4 +8 reviews (unique=32)
[2026-04-05T20:20:17.794Z] [INFO] [review banyo-ve-ev-gerecleri/647803828] page=4 +8 reviews (unique=32)
[2026-04-05T20:20:17.839Z] [INFO] [review banyo-ve-ev-gerecleri/651655853] page=10 +8 reviews (unique=80)
[2026-04-05T20:20:17.864Z] [INFO] [REVIEW PARTIAL SAVED] /mnt/c/Developer/Review_AI/scraper_project/raw_data/banyo-ve-ev-gerecleri/651655853_reviews.partial.json
[2026-04-05T20:20:17.879Z] [INFO] [review banyo-ve-ev-gerecleri/681484372] page=4 +8 reviews (unique=32)
[2026-04-05T20:20:18.232Z] [INFO] [review banyo-ve-ev-gerecleri/636023403] page=6 +8 reviews (unique=48)
[2026-04-05T20:20:18.481Z] [INFO] [review banyo-ve-ev-gerecleri/598369647] page=5 +8 reviews (unique=40)
[2026-04-05T20:20:18.513Z] [INFO] [REVIEW PARTIAL SAVED] /mnt/c/Developer/Review_AI/scraper_project/raw_data/banyo-ve-ev-gerecleri/598369647_reviews.partial.json
[2026-04-05T20:20:18.574Z] [INFO] [review banyo-ve-ev-gerecleri/647803828] page=5 +8 reviews (unique=40)
[2026-04-05T20:20:18.618Z] [INFO] [REVIEW PARTIAL SAVED] /mnt/c/Developer/Review_AI/scraper_project/raw_data/banyo-ve-ev-gerecleri/647803828_reviews.partial.json
[2026-04-05T20:20:18.660Z] [INFO] [review banyo-ve-ev-gerecleri/651655853] page=11 +4 reviews (unique=84)
[2026-04-05T20:20:18.782Z] [INFO] [REVIEW SAVED] /mnt/c/Developer/Review_AI/scraper_project/raw_data/banyo-ve-ev-gerecleri/651655853_reviews.json
[2026-04-05T20:20:18.894Z] [INFO] 
[START REVIEW] category=banyo-ve-ev-gerecleri productId=650746439 startPage=1
[2026-04-05T20:20:18.928Z] [INFO] [review banyo-ve-ev-gerecleri/681484372] page=5 +8 reviews (unique=40)
[2026-04-05T20:20:19.026Z] [INFO] [REVIEW PARTIAL SAVED] /mnt/c/Developer/Review_AI/scraper_project/raw_data/banyo-ve-ev-gerecleri/681484372_reviews.partial.json
[2026-04-05T20:20:19.057Z] [INFO] [review banyo-ve-ev-gerecleri/708854796] page=1 +3 reviews (unique=3)
[2026-04-05T20:20:19.336Z] [INFO] [REVIEW SAVED] /mnt/c/Developer/Review_AI/scraper_project/raw_data/banyo-ve-ev-gerecleri/708854796_reviews.json
[2026-04-05T20:20:19.403Z] [INFO] 
[START REVIEW] category=banyo-ve-ev-gerecleri productId=657257180 startPage=1
[2026-04-05T20:20:19.478Z] [INFO] [review banyo-ve-ev-gerecleri/636023403] page=7 +4 reviews (unique=52)
[2026-04-05T20:20:19.630Z] [INFO] [REVIEW SAVED] /mnt/c/Developer/Review_AI/scraper_project/raw_data/banyo-ve-ev-gerecleri/636023403_reviews.json
[2026-04-05T20:20:19.679Z] [INFO] 
[REVIEW WORKER 8] starting banyo-ve-ev-gerecleri/470600313
[2026-04-05T20:20:19.702Z] [INFO] [review banyo-ve-ev-gerecleri/598369647] page=6 +8 reviews (unique=48)
[2026-04-05T20:20:19.746Z] [INFO] 
[REVIEW WORKER 3] starting banyo-ve-ev-gerecleri/733029161
[2026-04-05T20:20:19.780Z] [INFO] 
[REVIEW WORKER 9] starting banyo-ve-ev-gerecleri/647396623
[2026-04-05T20:20:19.817Z] [INFO] [review banyo-ve-ev-gerecleri/647803828] page=6 +8 reviews (unique=48)
[2026-04-05T20:20:19.870Z] [INFO] 
[START REVIEW] category=banyo-ve-ev-gerecleri productId=733480553 startPage=1
[2026-04-05T20:20:19.993Z] [INFO] [review banyo-ve-ev-gerecleri/681484372] page=6 +8 reviews (unique=48)
[2026-04-05T20:20:20.075Z] [INFO] [review banyo-ve-ev-gerecleri/650746439] page=1 +2 reviews (unique=2)
[2026-04-05T20:20:20.104Z] [INFO] [REVIEW SAVED] /mnt/c/Developer/Review_AI/scraper_project/raw_data/banyo-ve-ev-gerecleri/650746439_reviews.json
[2026-04-05T20:20:20.125Z] [INFO] 
[REVIEW WORKER 5] starting banyo-ve-ev-gerecleri/725848666
[2026-04-05T20:20:20.186Z] [INFO] [review banyo-ve-ev-gerecleri/657257180] page=1 +3 reviews (unique=3)
[2026-04-05T20:20:20.211Z] [INFO] [REVIEW SAVED] /mnt/c/Developer/Review_AI/scraper_project/raw_data/banyo-ve-ev-gerecleri/657257180_reviews.json
[2026-04-05T20:20:20.233Z] [INFO] 
[REVIEW WORKER 4] starting banyo-ve-ev-gerecleri/416878083
[2026-04-05T20:20:20.375Z] [INFO] [review banyo-ve-ev-gerecleri/733480553] page=1 +0 reviews (unique=0)
[2026-04-05T20:20:20.393Z] [INFO] [REVIEW SAVED] /mnt/c/Developer/Review_AI/scraper_project/raw_data/banyo-ve-ev-gerecleri/733480553_reviews.json
[2026-04-05T20:20:20.413Z] [INFO] 
[REVIEW WORKER 10] starting banyo-ve-ev-gerecleri/607444207
[2026-04-05T20:20:20.548Z] [INFO] [review banyo-ve-ev-gerecleri/647803828] page=7 +8 reviews (unique=56)
[2026-04-05T20:20:20.562Z] [INFO] [review banyo-ve-ev-gerecleri/598369647] page=7 +8 reviews (unique=56)
[2026-04-05T20:20:20.668Z] [INFO] [review banyo-ve-ev-gerecleri/681484372] page=7 +8 reviews (unique=56)
[2026-04-05T20:20:20.861Z] [INFO] 
[START REVIEW] category=banyo-ve-ev-gerecleri productId=604751192 startPage=1
[2026-04-05T20:20:21.102Z] [INFO] [review banyo-ve-ev-gerecleri/604751192] page=1 +1 reviews (unique=1)
[2026-04-05T20:20:21.116Z] [INFO] [REVIEW SAVED] /mnt/c/Developer/Review_AI/scraper_project/raw_data/banyo-ve-ev-gerecleri/604751192_reviews.json
[2026-04-05T20:20:21.147Z] [INFO] 
[REVIEW WORKER 2] starting banyo-ve-ev-gerecleri/689082799
[2026-04-05T20:20:21.209Z] [INFO] [review banyo-ve-ev-gerecleri/598369647] page=8 +1 reviews (unique=57)
[2026-04-05T20:20:21.225Z] [INFO] [REVIEW SAVED] /mnt/c/Developer/Review_AI/scraper_project/raw_data/banyo-ve-ev-gerecleri/598369647_reviews.json
[2026-04-05T20:20:21.240Z] [INFO] [review banyo-ve-ev-gerecleri/647803828] page=8 +8 reviews (unique=64)
[2026-04-05T20:20:21.262Z] [INFO] 
[REVIEW WORKER 1] starting banyo-ve-ev-gerecleri/643353447
[2026-04-05T20:20:21.281Z] [INFO] [review banyo-ve-ev-gerecleri/681484372] page=8 +8 reviews (unique=64)
[2026-04-05T20:20:21.838Z] [INFO] [review banyo-ve-ev-gerecleri/647803828] page=9 +8 reviews (unique=72)
[2026-04-05T20:20:21.902Z] [INFO] [review banyo-ve-ev-gerecleri/681484372] page=9 +8 reviews (unique=72)
[2026-04-05T20:20:22.572Z] [INFO] [review banyo-ve-ev-gerecleri/647803828] page=10 +8 reviews (unique=80)
[2026-04-05T20:20:22.599Z] [INFO] [REVIEW PARTIAL SAVED] /mnt/c/Developer/Review_AI/scraper_project/raw_data/banyo-ve-ev-gerecleri/647803828_reviews.partial.json
[2026-04-05T20:20:22.696Z] [INFO] [review banyo-ve-ev-gerecleri/681484372] page=10 +8 reviews (unique=80)
[2026-04-05T20:20:22.711Z] [INFO] [REVIEW PARTIAL SAVED] /mnt/c/Developer/Review_AI/scraper_project/raw_data/banyo-ve-ev-gerecleri/681484372_reviews.partial.json
[2026-04-05T20:20:23.508Z] [INFO] [review banyo-ve-ev-gerecleri/647803828] page=11 +8 reviews (unique=88)
[2026-04-05T20:20:23.538Z] [INFO] [review banyo-ve-ev-gerecleri/681484372] page=11 +8 reviews (unique=88)
[2026-04-05T20:20:23.754Z] [INFO] 
[START REVIEW] category=banyo-ve-ev-gerecleri productId=470600313 startPage=1
[2026-04-05T20:20:24.032Z] [INFO] [review banyo-ve-ev-gerecleri/470600313] page=1 +8 reviews (unique=8)
[2026-04-05T20:20:24.072Z] [INFO] 
[START REVIEW] category=banyo-ve-ev-gerecleri productId=733029161 startPage=1
[2026-04-05T20:20:24.195Z] [INFO] [review banyo-ve-ev-gerecleri/647803828] page=12 +8 reviews (unique=96)
[2026-04-05T20:20:24.260Z] [INFO] [review banyo-ve-ev-gerecleri/681484372] page=12 +8 reviews (unique=96)
[2026-04-05T20:20:24.354Z] [INFO] 
[START REVIEW] category=banyo-ve-ev-gerecleri productId=416878083 startPage=1
[2026-04-05T20:20:24.787Z] [INFO] [review banyo-ve-ev-gerecleri/470600313] page=2 +8 reviews (unique=16)
[2026-04-05T20:20:24.828Z] [INFO] 
[START REVIEW] category=banyo-ve-ev-gerecleri productId=725848666 startPage=1
[2026-04-05T20:20:24.837Z] [INFO] [review banyo-ve-ev-gerecleri/416878083] page=1 +8 reviews (unique=8)
[2026-04-05T20:20:24.864Z] [INFO] 
[START REVIEW] category=banyo-ve-ev-gerecleri productId=647396623 startPage=1
[2026-04-05T20:20:24.971Z] [INFO] [review banyo-ve-ev-gerecleri/681484372] page=13 +8 reviews (unique=104)
[2026-04-05T20:20:25.011Z] [INFO] [review banyo-ve-ev-gerecleri/647803828] page=13 +8 reviews (unique=104)
[2026-04-05T20:20:25.125Z] [INFO] [review banyo-ve-ev-gerecleri/725848666] page=1 +0 reviews (unique=0)
[2026-04-05T20:20:25.163Z] [INFO] [REVIEW SAVED] /mnt/c/Developer/Review_AI/scraper_project/raw_data/banyo-ve-ev-gerecleri/725848666_reviews.json
[2026-04-05T20:20:25.189Z] [INFO] 
[REVIEW WORKER 5] starting banyo-ve-ev-gerecleri/651463381
[2026-04-05T20:20:25.297Z] [INFO] 
[START REVIEW] category=banyo-ve-ev-gerecleri productId=607444207 startPage=1
[2026-04-05T20:20:25.747Z] [INFO] 
[START REVIEW] category=banyo-ve-ev-gerecleri productId=689082799 startPage=1
[2026-04-05T20:20:25.879Z] [INFO] 
[START REVIEW] category=banyo-ve-ev-gerecleri productId=643353447 startPage=1
[2026-04-05T20:20:26.039Z] [INFO] [review banyo-ve-ev-gerecleri/470600313] page=3 +8 reviews (unique=24)
[2026-04-05T20:20:26.141Z] [INFO] [review banyo-ve-ev-gerecleri/416878083] page=2 +8 reviews (unique=16)
[2026-04-05T20:20:26.176Z] [INFO] [review banyo-ve-ev-gerecleri/647803828] page=14 +8 reviews (unique=112)
[2026-04-05T20:20:26.218Z] [INFO] [review banyo-ve-ev-gerecleri/681484372] page=14 +8 reviews (unique=112)
[2026-04-05T20:20:26.352Z] [INFO] [review banyo-ve-ev-gerecleri/607444207] page=1 +8 reviews (unique=8)
[2026-04-05T20:20:26.595Z] [INFO] [review banyo-ve-ev-gerecleri/643353447] page=1 +8 reviews (unique=8)
[2026-04-05T20:20:26.765Z] [INFO] [review banyo-ve-ev-gerecleri/689082799] page=1 +1 reviews (unique=1)
[2026-04-05T20:20:26.835Z] [INFO] [REVIEW SAVED] /mnt/c/Developer/Review_AI/scraper_project/raw_data/banyo-ve-ev-gerecleri/689082799_reviews.json
[2026-04-05T20:20:26.895Z] [INFO] 
[REVIEW WORKER 2] starting banyo-ve-ev-gerecleri/735166869
[2026-04-05T20:20:26.932Z] [INFO] [review banyo-ve-ev-gerecleri/470600313] page=4 +8 reviews (unique=32)
[2026-04-05T20:20:26.959Z] [INFO] [review banyo-ve-ev-gerecleri/647803828] page=15 +8 reviews (unique=120)
[2026-04-05T20:20:26.995Z] [INFO] [REVIEW PARTIAL SAVED] /mnt/c/Developer/Review_AI/scraper_project/raw_data/banyo-ve-ev-gerecleri/647803828_reviews.partial.json
[2026-04-05T20:20:27.023Z] [INFO] [review banyo-ve-ev-gerecleri/416878083] page=3 +8 reviews (unique=24)
[2026-04-05T20:20:27.050Z] [INFO] [review banyo-ve-ev-gerecleri/681484372] page=15 +8 reviews (unique=120)
[2026-04-05T20:20:27.095Z] [INFO] [REVIEW PARTIAL SAVED] /mnt/c/Developer/Review_AI/scraper_project/raw_data/banyo-ve-ev-gerecleri/681484372_reviews.partial.json
[2026-04-05T20:20:27.266Z] [INFO] [review banyo-ve-ev-gerecleri/607444207] page=2 +8 reviews (unique=16)
[2026-04-05T20:20:27.674Z] [INFO] [review banyo-ve-ev-gerecleri/643353447] page=2 +7 reviews (unique=15)
[2026-04-05T20:20:27.758Z] [INFO] [REVIEW SAVED] /mnt/c/Developer/Review_AI/scraper_project/raw_data/banyo-ve-ev-gerecleri/643353447_reviews.json
[2026-04-05T20:20:27.821Z] [INFO] [review banyo-ve-ev-gerecleri/470600313] page=5 +8 reviews (unique=40)
[2026-04-05T20:20:27.876Z] [INFO] [REVIEW PARTIAL SAVED] /mnt/c/Developer/Review_AI/scraper_project/raw_data/banyo-ve-ev-gerecleri/470600313_reviews.partial.json
[2026-04-05T20:20:27.892Z] [INFO] [review banyo-ve-ev-gerecleri/647803828] page=16 +8 reviews (unique=128)
[2026-04-05T20:20:27.919Z] [INFO] [review banyo-ve-ev-gerecleri/647396623] page=1 +0 reviews (unique=0)
[2026-04-05T20:20:28.007Z] [INFO] [REVIEW SAVED] /mnt/c/Developer/Review_AI/scraper_project/raw_data/banyo-ve-ev-gerecleri/647396623_reviews.json
[2026-04-05T20:20:28.020Z] [INFO] [review banyo-ve-ev-gerecleri/416878083] page=4 +8 reviews (unique=32)
[2026-04-05T20:20:28.070Z] [INFO] [review banyo-ve-ev-gerecleri/733029161] page=1 +8 reviews (unique=8)
[2026-04-05T20:20:28.140Z] [INFO] [review banyo-ve-ev-gerecleri/681484372] page=16 +8 reviews (unique=128)
[2026-04-05T20:20:28.200Z] [INFO] 
[REVIEW WORKER 1] starting banyo-ve-ev-gerecleri/681158239
[2026-04-05T20:20:28.373Z] [INFO] 
[REVIEW WORKER 9] starting banyo-ve-ev-gerecleri/661666774
[2026-04-05T20:20:28.395Z] [INFO] [review banyo-ve-ev-gerecleri/607444207] page=3 +8 reviews (unique=24)
[2026-04-05T20:20:28.603Z] [INFO] [review banyo-ve-ev-gerecleri/647803828] page=17 +1 reviews (unique=129)
[2026-04-05T20:20:28.729Z] [INFO] [REVIEW SAVED] /mnt/c/Developer/Review_AI/scraper_project/raw_data/banyo-ve-ev-gerecleri/647803828_reviews.json
[2026-04-05T20:20:28.740Z] [INFO] [review banyo-ve-ev-gerecleri/470600313] page=6 +8 reviews (unique=48)
[2026-04-05T20:20:28.753Z] [INFO] [review banyo-ve-ev-gerecleri/416878083] page=5 +8 reviews (unique=40)
[2026-04-05T20:20:28.776Z] [INFO] [REVIEW PARTIAL SAVED] /mnt/c/Developer/Review_AI/scraper_project/raw_data/banyo-ve-ev-gerecleri/416878083_reviews.partial.json
[2026-04-05T20:20:28.801Z] [INFO] 
[REVIEW WORKER 6] starting banyo-ve-ev-gerecleri/725729287
[2026-04-05T20:20:28.853Z] [INFO] [review banyo-ve-ev-gerecleri/681484372] page=17 +8 reviews (unique=136)
[2026-04-05T20:20:29.070Z] [INFO] [review banyo-ve-ev-gerecleri/733029161] page=2 +8 reviews (unique=16)
[2026-04-05T20:20:29.153Z] [INFO] [review banyo-ve-ev-gerecleri/607444207] page=4 +8 reviews (unique=32)
[2026-04-05T20:20:29.408Z] [INFO] [review banyo-ve-ev-gerecleri/416878083] page=6 +3 reviews (unique=43)
[2026-04-05T20:20:29.457Z] [INFO] [REVIEW SAVED] /mnt/c/Developer/Review_AI/scraper_project/raw_data/banyo-ve-ev-gerecleri/416878083_reviews.json
[2026-04-05T20:20:29.468Z] [INFO] [review banyo-ve-ev-gerecleri/470600313] page=7 +8 reviews (unique=56)
[2026-04-05T20:20:29.523Z] [INFO] 
[REVIEW WORKER 4] starting banyo-ve-ev-gerecleri/737072424
[2026-04-05T20:20:29.619Z] [INFO] [review banyo-ve-ev-gerecleri/681484372] page=18 +8 reviews (unique=144)
[2026-04-05T20:20:29.857Z] [INFO] [review banyo-ve-ev-gerecleri/733029161] page=3 +8 reviews (unique=24)
[2026-04-05T20:20:29.870Z] [INFO] [review banyo-ve-ev-gerecleri/607444207] page=5 +8 reviews (unique=40)
[2026-04-05T20:20:29.885Z] [INFO] [REVIEW PARTIAL SAVED] /mnt/c/Developer/Review_AI/scraper_project/raw_data/banyo-ve-ev-gerecleri/607444207_reviews.partial.json
[2026-04-05T20:20:30.209Z] [INFO] [review banyo-ve-ev-gerecleri/470600313] page=8 +8 reviews (unique=64)
[2026-04-05T20:20:30.221Z] [INFO] [review banyo-ve-ev-gerecleri/681484372] page=19 +6 reviews (unique=150)
[2026-04-05T20:20:30.249Z] [INFO] [REVIEW SAVED] /mnt/c/Developer/Review_AI/scraper_project/raw_data/banyo-ve-ev-gerecleri/681484372_reviews.json
[2026-04-05T20:20:30.269Z] [INFO] 
[REVIEW WORKER 7] starting banyo-ve-ev-gerecleri/640837850
[2026-04-05T20:20:30.597Z] [INFO] 
[START REVIEW] category=banyo-ve-ev-gerecleri productId=651463381 startPage=1
[2026-04-05T20:20:30.610Z] [INFO] [review banyo-ve-ev-gerecleri/733029161] page=4 +6 reviews (unique=30)
[2026-04-05T20:20:30.645Z] [INFO] [REVIEW SAVED] /mnt/c/Developer/Review_AI/scraper_project/raw_data/banyo-ve-ev-gerecleri/733029161_reviews.json
[2026-04-05T20:20:30.663Z] [INFO] [review banyo-ve-ev-gerecleri/607444207] page=6 +8 reviews (unique=48)
[2026-04-05T20:20:30.701Z] [INFO] 
[REVIEW WORKER 3] starting banyo-ve-ev-gerecleri/674173319
[2026-04-05T20:20:30.941Z] [INFO] [review banyo-ve-ev-gerecleri/651463381] page=1 +7 reviews (unique=7)
[2026-04-05T20:20:30.969Z] [INFO] [REVIEW SAVED] /mnt/c/Developer/Review_AI/scraper_project/raw_data/banyo-ve-ev-gerecleri/651463381_reviews.json
[2026-04-05T20:20:30.994Z] [INFO] 
[REVIEW WORKER 5] starting banyo-ve-ev-gerecleri/689390238
[2026-04-05T20:20:31.002Z] [INFO] [review banyo-ve-ev-gerecleri/470600313] page=9 +8 reviews (unique=72)
[2026-04-05T20:20:31.293Z] [INFO] 
[START REVIEW] category=banyo-ve-ev-gerecleri productId=735166869 startPage=1
[2026-04-05T20:20:31.369Z] [INFO] [review banyo-ve-ev-gerecleri/607444207] page=7 +8 reviews (unique=56)
[2026-04-05T20:20:31.662Z] [INFO] [review banyo-ve-ev-gerecleri/735166869] page=1 +0 reviews (unique=0)
[2026-04-05T20:20:31.688Z] [INFO] [REVIEW SAVED] /mnt/c/Developer/Review_AI/scraper_project/raw_data/banyo-ve-ev-gerecleri/735166869_reviews.json
[2026-04-05T20:20:31.732Z] [INFO] 
[REVIEW WORKER 2] starting banyo-ve-ev-gerecleri/540254937
[2026-04-05T20:20:31.783Z] [INFO] [review banyo-ve-ev-gerecleri/470600313] page=10 +8 reviews (unique=80)
[2026-04-05T20:20:31.801Z] [INFO] [REVIEW PARTIAL SAVED] /mnt/c/Developer/Review_AI/scraper_project/raw_data/banyo-ve-ev-gerecleri/470600313_reviews.partial.json
[2026-04-05T20:20:32.216Z] [INFO] [review banyo-ve-ev-gerecleri/607444207] page=8 +8 reviews (unique=64)
[2026-04-05T20:20:32.635Z] [INFO] 
[START REVIEW] category=banyo-ve-ev-gerecleri productId=681158239 startPage=1
[2026-04-05T20:20:32.653Z] [INFO] [review banyo-ve-ev-gerecleri/470600313] page=11 +8 reviews (unique=88)
[2026-04-05T20:20:33.056Z] [INFO] 
[START REVIEW] category=banyo-ve-ev-gerecleri productId=661666774 startPage=1
[2026-04-05T20:20:33.080Z] [INFO] [review banyo-ve-ev-gerecleri/607444207] page=9 +8 reviews (unique=72)
[2026-04-05T20:20:33.124Z] [INFO] [review banyo-ve-ev-gerecleri/681158239] page=1 +2 reviews (unique=2)
[2026-04-05T20:20:33.269Z] [INFO] [REVIEW SAVED] /mnt/c/Developer/Review_AI/scraper_project/raw_data/banyo-ve-ev-gerecleri/681158239_reviews.json
[2026-04-05T20:20:33.425Z] [INFO] 
[REVIEW WORKER 1] starting banyo-ve-ev-gerecleri/652721260
[2026-04-05T20:20:33.489Z] [INFO] 
[START REVIEW] category=banyo-ve-ev-gerecleri productId=725729287 startPage=1
[2026-04-05T20:20:33.896Z] [INFO] [review banyo-ve-ev-gerecleri/661666774] page=1 +0 reviews (unique=0)
[2026-04-05T20:20:33.963Z] [INFO] [REVIEW SAVED] /mnt/c/Developer/Review_AI/scraper_project/raw_data/banyo-ve-ev-gerecleri/661666774_reviews.json
[2026-04-05T20:20:33.981Z] [INFO] [review banyo-ve-ev-gerecleri/470600313] page=12 +8 reviews (unique=96)
[2026-04-05T20:20:34.104Z] [INFO] 
[REVIEW WORKER 9] starting banyo-ve-ev-gerecleri/569161831
[2026-04-05T20:20:34.144Z] [INFO] 
[START REVIEW] category=banyo-ve-ev-gerecleri productId=737072424 startPage=1
[2026-04-05T20:20:34.226Z] [INFO] [review banyo-ve-ev-gerecleri/725729287] page=1 +8 reviews (unique=8)
[2026-04-05T20:20:34.870Z] [INFO] [review banyo-ve-ev-gerecleri/470600313] page=13 +8 reviews (unique=104)
[2026-04-05T20:20:35.279Z] [INFO] 
[START REVIEW] category=banyo-ve-ev-gerecleri productId=640837850 startPage=1
[2026-04-05T20:20:35.328Z] [INFO] [review banyo-ve-ev-gerecleri/737072424] page=1 +0 reviews (unique=0)
[2026-04-05T20:20:35.345Z] [INFO] [REVIEW SAVED] /mnt/c/Developer/Review_AI/scraper_project/raw_data/banyo-ve-ev-gerecleri/737072424_reviews.json
[2026-04-05T20:20:35.358Z] [INFO] 
[REVIEW WORKER 4] starting banyo-ve-ev-gerecleri/483923412
[2026-04-05T20:20:35.477Z] [INFO] [review banyo-ve-ev-gerecleri/725729287] page=2 +8 reviews (unique=16)
[2026-04-05T20:20:35.661Z] [INFO] [review banyo-ve-ev-gerecleri/640837850] page=1 +8 reviews (unique=8)
[2026-04-05T20:20:35.679Z] [INFO] [review banyo-ve-ev-gerecleri/470600313] page=14 +8 reviews (unique=112)
[2026-04-05T20:20:36.127Z] [INFO] 
[START REVIEW] category=banyo-ve-ev-gerecleri productId=674173319 startPage=1
[2026-04-05T20:20:36.175Z] [INFO] [review banyo-ve-ev-gerecleri/725729287] page=3 +5 reviews (unique=21)
[2026-04-05T20:20:36.201Z] [INFO] [REVIEW SAVED] /mnt/c/Developer/Review_AI/scraper_project/raw_data/banyo-ve-ev-gerecleri/725729287_reviews.json
[2026-04-05T20:20:36.237Z] [INFO] 
[REVIEW WORKER 6] starting banyo-ve-ev-gerecleri/737568794
[2026-04-05T20:20:36.564Z] [INFO] [review banyo-ve-ev-gerecleri/640837850] page=2 +4 reviews (unique=12)
[2026-04-05T20:20:36.593Z] [INFO] [REVIEW SAVED] /mnt/c/Developer/Review_AI/scraper_project/raw_data/banyo-ve-ev-gerecleri/640837850_reviews.json
[2026-04-05T20:20:36.607Z] [INFO] [review banyo-ve-ev-gerecleri/470600313] page=15 +8 reviews (unique=120)
[2026-04-05T20:20:36.628Z] [INFO] [REVIEW PARTIAL SAVED] /mnt/c/Developer/Review_AI/scraper_project/raw_data/banyo-ve-ev-gerecleri/470600313_reviews.partial.json
[2026-04-05T20:20:36.649Z] [INFO] 
[REVIEW WORKER 7] starting banyo-ve-ev-gerecleri/496319704
[2026-04-05T20:20:36.769Z] [INFO] [review banyo-ve-ev-gerecleri/674173319] page=1 +5 reviews (unique=5)
[2026-04-05T20:20:36.791Z] [INFO] [REVIEW SAVED] /mnt/c/Developer/Review_AI/scraper_project/raw_data/banyo-ve-ev-gerecleri/674173319_reviews.json
[2026-04-05T20:20:36.805Z] [INFO] 
[REVIEW WORKER 3] starting banyo-ve-ev-gerecleri/693132030
[2026-04-05T20:20:37.241Z] [INFO] [review banyo-ve-ev-gerecleri/470600313] page=16 +8 reviews (unique=128)
[2026-04-05T20:20:37.448Z] [INFO] 
[START REVIEW] category=banyo-ve-ev-gerecleri productId=689390238 startPage=1
[2026-04-05T20:20:37.682Z] [INFO] [review banyo-ve-ev-gerecleri/689390238] page=1 +3 reviews (unique=3)
[2026-04-05T20:20:37.696Z] [INFO] [REVIEW SAVED] /mnt/c/Developer/Review_AI/scraper_project/raw_data/banyo-ve-ev-gerecleri/689390238_reviews.json
[2026-04-05T20:20:37.711Z] [INFO] 
[REVIEW WORKER 5] starting banyo-ve-ev-gerecleri/676108099
[2026-04-05T20:20:37.941Z] [INFO] [review banyo-ve-ev-gerecleri/470600313] page=17 +8 reviews (unique=136)
[2026-04-05T20:20:38.221Z] [INFO] 
[START REVIEW] category=banyo-ve-ev-gerecleri productId=540254937 startPage=1
[2026-04-05T20:20:38.300Z] [INFO] [review banyo-ve-ev-gerecleri/607444207] page=10 +8 reviews (unique=80)
[2026-04-05T20:20:38.319Z] [INFO] [REVIEW PARTIAL SAVED] /mnt/c/Developer/Review_AI/scraper_project/raw_data/banyo-ve-ev-gerecleri/607444207_reviews.partial.json
[2026-04-05T20:20:38.518Z] [INFO] [review banyo-ve-ev-gerecleri/540254937] page=1 +8 reviews (unique=8)
[2026-04-05T20:20:38.618Z] [INFO] [review banyo-ve-ev-gerecleri/470600313] page=18 +8 reviews (unique=144)
[2026-04-05T20:20:39.278Z] [INFO] [review banyo-ve-ev-gerecleri/607444207] page=11 +8 reviews (unique=88)
[2026-04-05T20:20:39.363Z] [INFO] 
[START REVIEW] category=banyo-ve-ev-gerecleri productId=652721260 startPage=1
[2026-04-05T20:20:39.504Z] [INFO] [review banyo-ve-ev-gerecleri/470600313] page=19 +8 reviews (unique=152)
[2026-04-05T20:20:39.721Z] [INFO] [review banyo-ve-ev-gerecleri/540254937] page=2 +2 reviews (unique=10)
[2026-04-05T20:20:39.828Z] [INFO] [REVIEW SAVED] /mnt/c/Developer/Review_AI/scraper_project/raw_data/banyo-ve-ev-gerecleri/540254937_reviews.json
[2026-04-05T20:20:39.878Z] [INFO] 
[START REVIEW] category=banyo-ve-ev-gerecleri productId=569161831 startPage=1
[2026-04-05T20:20:39.910Z] [INFO] [review banyo-ve-ev-gerecleri/652721260] page=1 +8 reviews (unique=8)
[2026-04-05T20:20:39.989Z] [INFO] 
[START REVIEW] category=banyo-ve-ev-gerecleri productId=483923412 startPage=1
[2026-04-05T20:20:40.050Z] [INFO] 
[REVIEW WORKER 2] starting banyo-ve-ev-gerecleri/672759819
[2026-04-05T20:20:40.715Z] [INFO] [review banyo-ve-ev-gerecleri/470600313] page=20 +8 reviews (unique=160)
[2026-04-05T20:20:40.828Z] [INFO] [REVIEW PARTIAL SAVED] /mnt/c/Developer/Review_AI/scraper_project/raw_data/banyo-ve-ev-gerecleri/470600313_reviews.partial.json
[2026-04-05T20:20:40.842Z] [INFO] [review banyo-ve-ev-gerecleri/607444207] page=12 +8 reviews (unique=96)
[2026-04-05T20:20:40.986Z] [INFO] [review banyo-ve-ev-gerecleri/483923412] page=1 +8 reviews (unique=8)
[2026-04-05T20:20:41.028Z] [INFO] [review banyo-ve-ev-gerecleri/569161831] page=1 +8 reviews (unique=8)
[2026-04-05T20:20:41.264Z] [INFO] [review banyo-ve-ev-gerecleri/652721260] page=2 +1 reviews (unique=9)
[2026-04-05T20:20:41.383Z] [INFO] [REVIEW SAVED] /mnt/c/Developer/Review_AI/scraper_project/raw_data/banyo-ve-ev-gerecleri/652721260_reviews.json
[2026-04-05T20:20:41.452Z] [INFO] 
[REVIEW WORKER 1] starting banyo-ve-ev-gerecleri/651788386
[2026-04-05T20:20:41.739Z] [INFO] [review banyo-ve-ev-gerecleri/569161831] page=2 +4 reviews (unique=12)
[2026-04-05T20:20:41.959Z] [INFO] [REVIEW SAVED] /mnt/c/Developer/Review_AI/scraper_project/raw_data/banyo-ve-ev-gerecleri/569161831_reviews.json
[2026-04-05T20:20:42.018Z] [INFO] [review banyo-ve-ev-gerecleri/607444207] page=13 +8 reviews (unique=104)
[2026-04-05T20:20:42.091Z] [INFO] 
[REVIEW WORKER 9] starting banyo-ve-ev-gerecleri/737693892
[2026-04-05T20:20:42.100Z] [INFO] [review banyo-ve-ev-gerecleri/470600313] page=21 +8 reviews (unique=168)
[2026-04-05T20:20:42.171Z] [INFO] 
[START REVIEW] category=banyo-ve-ev-gerecleri productId=737568794 startPage=1
[2026-04-05T20:20:42.201Z] [INFO] 
[START REVIEW] category=banyo-ve-ev-gerecleri productId=693132030 startPage=1
[2026-04-05T20:20:42.219Z] [INFO] 
[START REVIEW] category=banyo-ve-ev-gerecleri productId=496319704 startPage=1
[2026-04-05T20:20:42.229Z] [INFO] [review banyo-ve-ev-gerecleri/483923412] page=2 +5 reviews (unique=13)
[2026-04-05T20:20:42.274Z] [INFO] [REVIEW SAVED] /mnt/c/Developer/Review_AI/scraper_project/raw_data/banyo-ve-ev-gerecleri/483923412_reviews.json
[2026-04-05T20:20:42.303Z] [INFO] 
[REVIEW WORKER 4] starting banyo-ve-ev-gerecleri/672744411
[2026-04-05T20:20:42.708Z] [INFO] [review banyo-ve-ev-gerecleri/607444207] page=14 +8 reviews (unique=112)
[2026-04-05T20:20:42.722Z] [INFO] [review banyo-ve-ev-gerecleri/496319704] page=1 +2 reviews (unique=2)
[2026-04-05T20:20:42.770Z] [INFO] [REVIEW SAVED] /mnt/c/Developer/Review_AI/scraper_project/raw_data/banyo-ve-ev-gerecleri/496319704_reviews.json
[2026-04-05T20:20:42.783Z] [INFO] [review banyo-ve-ev-gerecleri/693132030] page=1 +8 reviews (unique=8)
[2026-04-05T20:20:42.805Z] [INFO] [review banyo-ve-ev-gerecleri/470600313] page=22 +8 reviews (unique=176)
[2026-04-05T20:20:42.820Z] [INFO] 
[REVIEW WORKER 7] starting banyo-ve-ev-gerecleri/565814140
[2026-04-05T20:20:42.828Z] [INFO] [review banyo-ve-ev-gerecleri/737568794] page=1 +8 reviews (unique=8)
[2026-04-05T20:20:43.267Z] [INFO] 
[START REVIEW] category=banyo-ve-ev-gerecleri productId=676108099 startPage=1
[2026-04-05T20:20:43.429Z] [INFO] [review banyo-ve-ev-gerecleri/607444207] page=15 +8 reviews (unique=120)
[2026-04-05T20:20:43.444Z] [INFO] [REVIEW PARTIAL SAVED] /mnt/c/Developer/Review_AI/scraper_project/raw_data/banyo-ve-ev-gerecleri/607444207_reviews.partial.json
[2026-04-05T20:20:43.451Z] [INFO] [review banyo-ve-ev-gerecleri/693132030] page=2 +1 reviews (unique=9)
[2026-04-05T20:20:43.477Z] [INFO] [REVIEW SAVED] /mnt/c/Developer/Review_AI/scraper_project/raw_data/banyo-ve-ev-gerecleri/693132030_reviews.json
[2026-04-05T20:20:43.502Z] [INFO] 
[REVIEW WORKER 3] starting banyo-ve-ev-gerecleri/654976748
[2026-04-05T20:20:43.572Z] [INFO] [review banyo-ve-ev-gerecleri/737568794] page=2 +8 reviews (unique=16)
[2026-04-05T20:20:43.611Z] [INFO] [review banyo-ve-ev-gerecleri/676108099] page=1 +8 reviews (unique=8)
[2026-04-05T20:20:43.626Z] [INFO] [review banyo-ve-ev-gerecleri/470600313] page=23 +8 reviews (unique=184)
[2026-04-05T20:20:44.097Z] [INFO] [review banyo-ve-ev-gerecleri/607444207] page=16 +8 reviews (unique=128)
[2026-04-05T20:20:44.256Z] [INFO] [review banyo-ve-ev-gerecleri/737568794] page=3 +8 reviews (unique=24)
[2026-04-05T20:20:44.292Z] [INFO] [review banyo-ve-ev-gerecleri/676108099] page=2 +8 reviews (unique=16)
[2026-04-05T20:20:44.314Z] [INFO] [review banyo-ve-ev-gerecleri/470600313] page=24 +8 reviews (unique=192)
[2026-04-05T20:20:45.051Z] [INFO] [review banyo-ve-ev-gerecleri/607444207] page=17 +4 reviews (unique=132)
[2026-04-05T20:20:45.077Z] [INFO] [REVIEW SAVED] /mnt/c/Developer/Review_AI/scraper_project/raw_data/banyo-ve-ev-gerecleri/607444207_reviews.json
[2026-04-05T20:20:45.101Z] [INFO] 
[REVIEW WORKER 10] starting banyo-ve-ev-gerecleri/601452977
[2026-04-05T20:20:45.199Z] [INFO] [review banyo-ve-ev-gerecleri/676108099] page=3 +8 reviews (unique=24)
[2026-04-05T20:20:45.232Z] [INFO] [review banyo-ve-ev-gerecleri/737568794] page=4 +8 reviews (unique=32)
[2026-04-05T20:20:45.275Z] [INFO] [review banyo-ve-ev-gerecleri/470600313] page=25 +8 reviews (unique=200)
[2026-04-05T20:20:45.296Z] [INFO] [REVIEW PARTIAL SAVED] /mnt/c/Developer/Review_AI/scraper_project/raw_data/banyo-ve-ev-gerecleri/470600313_reviews.partial.json
[2026-04-05T20:20:45.310Z] [INFO] 
[START REVIEW] category=banyo-ve-ev-gerecleri productId=672759819 startPage=1
[2026-04-05T20:20:46.046Z] [INFO] [review banyo-ve-ev-gerecleri/737568794] page=5 +8 reviews (unique=40)
[2026-04-05T20:20:46.065Z] [INFO] [REVIEW PARTIAL SAVED] /mnt/c/Developer/Review_AI/scraper_project/raw_data/banyo-ve-ev-gerecleri/737568794_reviews.partial.json
[2026-04-05T20:20:46.074Z] [INFO] [review banyo-ve-ev-gerecleri/676108099] page=4 +5 reviews (unique=29)
[2026-04-05T20:20:46.115Z] [INFO] [REVIEW SAVED] /mnt/c/Developer/Review_AI/scraper_project/raw_data/banyo-ve-ev-gerecleri/676108099_reviews.json
[2026-04-05T20:20:46.123Z] [INFO] [review banyo-ve-ev-gerecleri/470600313] page=26 +8 reviews (unique=208)
[2026-04-05T20:20:46.167Z] [INFO] 
[REVIEW WORKER 5] starting banyo-ve-ev-gerecleri/574070527
[2026-04-05T20:20:46.213Z] [INFO] [review banyo-ve-ev-gerecleri/672759819] page=1 +0 reviews (unique=0)
[2026-04-05T20:20:46.238Z] [INFO] [REVIEW SAVED] /mnt/c/Developer/Review_AI/scraper_project/raw_data/banyo-ve-ev-gerecleri/672759819_reviews.json
[2026-04-05T20:20:46.272Z] [INFO] 
[REVIEW WORKER 2] starting banyo-ve-ev-gerecleri/729933259
[2026-04-05T20:20:46.400Z] [INFO] 
[START REVIEW] category=banyo-ve-ev-gerecleri productId=672744411 startPage=1
[2026-04-05T20:20:46.418Z] [INFO] 
[START REVIEW] category=banyo-ve-ev-gerecleri productId=651788386 startPage=1
[2026-04-05T20:20:46.826Z] [INFO] [review banyo-ve-ev-gerecleri/737568794] page=6 +8 reviews (unique=48)
[2026-04-05T20:20:46.918Z] [INFO] [review banyo-ve-ev-gerecleri/470600313] page=27 +8 reviews (unique=216)
[2026-04-05T20:20:46.972Z] [INFO] [review banyo-ve-ev-gerecleri/672744411] page=1 +8 reviews (unique=8)
[2026-04-05T20:20:47.137Z] [INFO] [review banyo-ve-ev-gerecleri/651788386] page=1 +8 reviews (unique=8)
[2026-04-05T20:20:47.814Z] [INFO] 
[START REVIEW] category=banyo-ve-ev-gerecleri productId=737693892 startPage=1
[2026-04-05T20:20:47.839Z] [INFO] [review banyo-ve-ev-gerecleri/470600313] page=28 +8 reviews (unique=224)
[2026-04-05T20:20:48.017Z] [INFO] 
[START REVIEW] category=banyo-ve-ev-gerecleri productId=565814140 startPage=1
[2026-04-05T20:20:48.050Z] [INFO] [review banyo-ve-ev-gerecleri/737568794] page=7 +8 reviews (unique=56)
[2026-04-05T20:20:48.069Z] [INFO] [review banyo-ve-ev-gerecleri/672744411] page=2 +1 reviews (unique=9)
[2026-04-05T20:20:48.177Z] [INFO] [REVIEW SAVED] /mnt/c/Developer/Review_AI/scraper_project/raw_data/banyo-ve-ev-gerecleri/672744411_reviews.json
[2026-04-05T20:20:48.235Z] [INFO] [review banyo-ve-ev-gerecleri/651788386] page=2 +8 reviews (unique=16)
[2026-04-05T20:20:48.292Z] [INFO] 
[REVIEW WORKER 4] starting banyo-ve-ev-gerecleri/651678780
[2026-04-05T20:20:48.548Z] [INFO] [review banyo-ve-ev-gerecleri/737693892] page=1 +0 reviews (unique=0)
[2026-04-05T20:20:48.610Z] [INFO] [REVIEW SAVED] /mnt/c/Developer/Review_AI/scraper_project/raw_data/banyo-ve-ev-gerecleri/737693892_reviews.json
[2026-04-05T20:20:48.659Z] [INFO] [review banyo-ve-ev-gerecleri/470600313] page=29 +8 reviews (unique=232)
[2026-04-05T20:20:48.806Z] [INFO] [review banyo-ve-ev-gerecleri/737568794] page=8 +8 reviews (unique=64)
[2026-04-05T20:20:48.943Z] [INFO] 
[REVIEW WORKER 9] starting banyo-ve-ev-gerecleri/707556929
[2026-04-05T20:20:49.041Z] [INFO] [review banyo-ve-ev-gerecleri/565814140] page=1 +2 reviews (unique=2)
[2026-04-05T20:20:49.179Z] [INFO] [REVIEW SAVED] /mnt/c/Developer/Review_AI/scraper_project/raw_data/banyo-ve-ev-gerecleri/565814140_reviews.json
[2026-04-05T20:20:49.427Z] [INFO] 
[REVIEW WORKER 7] starting banyo-ve-ev-gerecleri/684971965
[2026-04-05T20:20:49.463Z] [INFO] 
[START REVIEW] category=banyo-ve-ev-gerecleri productId=654976748 startPage=1
[2026-04-05T20:20:49.512Z] [INFO] [review banyo-ve-ev-gerecleri/651788386] page=3 +3 reviews (unique=19)
[2026-04-05T20:20:49.610Z] [INFO] [REVIEW SAVED] /mnt/c/Developer/Review_AI/scraper_project/raw_data/banyo-ve-ev-gerecleri/651788386_reviews.json
[2026-04-05T20:20:49.753Z] [INFO] 
[REVIEW WORKER 1] starting banyo-ve-ev-gerecleri/725212009
[2026-04-05T20:20:49.869Z] [INFO] [review banyo-ve-ev-gerecleri/470600313] page=30 +8 reviews (unique=240)
[2026-04-05T20:20:49.930Z] [INFO] [REVIEW PARTIAL SAVED] /mnt/c/Developer/Review_AI/scraper_project/raw_data/banyo-ve-ev-gerecleri/470600313_reviews.partial.json
[2026-04-05T20:20:50.011Z] [INFO] [review banyo-ve-ev-gerecleri/737568794] page=9 +8 reviews (unique=72)
[2026-04-05T20:20:50.163Z] [INFO] [review banyo-ve-ev-gerecleri/654976748] page=1 +0 reviews (unique=0)
[2026-04-05T20:20:50.210Z] [INFO] [REVIEW SAVED] /mnt/c/Developer/Review_AI/scraper_project/raw_data/banyo-ve-ev-gerecleri/654976748_reviews.json
[2026-04-05T20:20:50.236Z] [INFO] 
[REVIEW WORKER 3] starting banyo-ve-ev-gerecleri/633189357
[2026-04-05T20:20:50.536Z] [INFO] [review banyo-ve-ev-gerecleri/470600313] page=31 +8 reviews (unique=248)
[2026-04-05T20:20:50.707Z] [INFO] [review banyo-ve-ev-gerecleri/737568794] page=10 +6 reviews (unique=78)
[2026-04-05T20:20:50.721Z] [INFO] [REVIEW PARTIAL SAVED] /mnt/c/Developer/Review_AI/scraper_project/raw_data/banyo-ve-ev-gerecleri/737568794_reviews.partial.json
[2026-04-05T20:20:50.743Z] [INFO] [REVIEW SAVED] /mnt/c/Developer/Review_AI/scraper_project/raw_data/banyo-ve-ev-gerecleri/737568794_reviews.json
[2026-04-05T20:20:50.773Z] [INFO] 
[REVIEW WORKER 6] starting banyo-ve-ev-gerecleri/734317524
[2026-04-05T20:20:51.157Z] [INFO] 
[START REVIEW] category=banyo-ve-ev-gerecleri productId=601452977 startPage=1
[2026-04-05T20:20:51.214Z] [INFO] [review banyo-ve-ev-gerecleri/470600313] page=32 +8 reviews (unique=256)
[2026-04-05T20:20:51.392Z] [INFO] [review banyo-ve-ev-gerecleri/601452977] page=1 +8 reviews (unique=8)
[2026-04-05T20:20:51.672Z] [INFO] 
[START REVIEW] category=banyo-ve-ev-gerecleri productId=729933259 startPage=1
[2026-04-05T20:20:51.902Z] [INFO] [review banyo-ve-ev-gerecleri/470600313] page=33 +8 reviews (unique=264)
[2026-04-05T20:20:51.965Z] [INFO] 
[START REVIEW] category=banyo-ve-ev-gerecleri productId=574070527 startPage=1
[2026-04-05T20:20:52.057Z] [INFO] [review banyo-ve-ev-gerecleri/729933259] page=1 +0 reviews (unique=0)
[2026-04-05T20:20:52.106Z] [INFO] [REVIEW SAVED] /mnt/c/Developer/Review_AI/scraper_project/raw_data/banyo-ve-ev-gerecleri/729933259_reviews.json
[2026-04-05T20:20:52.118Z] [INFO] [review banyo-ve-ev-gerecleri/601452977] page=2 +8 reviews (unique=16)
[2026-04-05T20:20:52.155Z] [INFO] 
[REVIEW WORKER 2] starting banyo-ve-ev-gerecleri/734825981
[2026-04-05T20:20:52.616Z] [INFO] [review banyo-ve-ev-gerecleri/574070527] page=1 +6 reviews (unique=6)
[2026-04-05T20:20:52.671Z] [INFO] [REVIEW SAVED] /mnt/c/Developer/Review_AI/scraper_project/raw_data/banyo-ve-ev-gerecleri/574070527_reviews.json
[2026-04-05T20:20:52.697Z] [INFO] [review banyo-ve-ev-gerecleri/470600313] page=34 +8 reviews (unique=272)
[2026-04-05T20:20:52.759Z] [INFO] 
[REVIEW WORKER 5] starting banyo-ve-ev-gerecleri/723783702
[2026-04-05T20:20:52.904Z] [INFO] [review banyo-ve-ev-gerecleri/601452977] page=3 +8 reviews (unique=24)
[2026-04-05T20:20:53.367Z] [INFO] 
[START REVIEW] category=banyo-ve-ev-gerecleri productId=651678780 startPage=1
[2026-04-05T20:20:53.752Z] [INFO] [review banyo-ve-ev-gerecleri/470600313] page=35 +8 reviews (unique=280)
[2026-04-05T20:20:53.876Z] [INFO] [REVIEW PARTIAL SAVED] /mnt/c/Developer/Review_AI/scraper_project/raw_data/banyo-ve-ev-gerecleri/470600313_reviews.partial.json
[2026-04-05T20:20:54.028Z] [INFO] 
[START REVIEW] category=banyo-ve-ev-gerecleri productId=707556929 startPage=1
[2026-04-05T20:20:54.152Z] [INFO] [review banyo-ve-ev-gerecleri/601452977] page=4 +2 reviews (unique=26)
[2026-04-05T20:20:54.202Z] [INFO] [REVIEW SAVED] /mnt/c/Developer/Review_AI/scraper_project/raw_data/banyo-ve-ev-gerecleri/601452977_reviews.json
[2026-04-05T20:20:54.222Z] [INFO] [review banyo-ve-ev-gerecleri/651678780] page=1 +8 reviews (unique=8)
[2026-04-05T20:20:54.285Z] [INFO] 
[REVIEW WORKER 10] starting banyo-ve-ev-gerecleri/555584297
[2026-04-05T20:20:54.527Z] [INFO] [review banyo-ve-ev-gerecleri/707556929] page=1 +1 reviews (unique=1)
[2026-04-05T20:20:54.562Z] [INFO] [REVIEW SAVED] /mnt/c/Developer/Review_AI/scraper_project/raw_data/banyo-ve-ev-gerecleri/707556929_reviews.json
[2026-04-05T20:20:54.594Z] [INFO] 
[REVIEW WORKER 9] starting banyo-ve-ev-gerecleri/735189061
[2026-04-05T20:20:54.674Z] [INFO] 
[START REVIEW] category=banyo-ve-ev-gerecleri productId=725212009 startPage=1
[2026-04-05T20:20:54.697Z] [INFO] [review banyo-ve-ev-gerecleri/470600313] page=36 +8 reviews (unique=288)
[2026-04-05T20:20:54.923Z] [INFO] [review banyo-ve-ev-gerecleri/651678780] page=2 +8 reviews (unique=16)
[2026-04-05T20:20:54.970Z] [INFO] [review banyo-ve-ev-gerecleri/725212009] page=1 +0 reviews (unique=0)
[2026-04-05T20:20:54.995Z] [INFO] [REVIEW SAVED] /mnt/c/Developer/Review_AI/scraper_project/raw_data/banyo-ve-ev-gerecleri/725212009_reviews.json
[2026-04-05T20:20:55.019Z] [INFO] 
[REVIEW WORKER 1] starting banyo-ve-ev-gerecleri/681794712
[2026-04-05T20:20:55.333Z] [INFO] [review banyo-ve-ev-gerecleri/470600313] page=37 +8 reviews (unique=296)
[2026-04-05T20:20:55.454Z] [INFO] 
[START REVIEW] category=banyo-ve-ev-gerecleri productId=633189357 startPage=1
[2026-04-05T20:20:55.582Z] [INFO] [review banyo-ve-ev-gerecleri/651678780] page=3 +1 reviews (unique=17)
[2026-04-05T20:20:55.613Z] [INFO] [REVIEW SAVED] /mnt/c/Developer/Review_AI/scraper_project/raw_data/banyo-ve-ev-gerecleri/651678780_reviews.json
[2026-04-05T20:20:55.638Z] [INFO] 
[REVIEW WORKER 4] starting banyo-ve-ev-gerecleri/728025119
[2026-04-05T20:20:55.668Z] [INFO] 
[START REVIEW] category=banyo-ve-ev-gerecleri productId=734317524 startPage=1
[2026-04-05T20:20:55.721Z] [INFO] [review banyo-ve-ev-gerecleri/633189357] page=1 +8 reviews (unique=8)
[2026-04-05T20:20:56.015Z] [INFO] [review banyo-ve-ev-gerecleri/470600313] page=38 +8 reviews (unique=304)
[2026-04-05T20:20:56.057Z] [INFO] [review banyo-ve-ev-gerecleri/734317524] page=1 +0 reviews (unique=0)
[2026-04-05T20:20:56.092Z] [INFO] [REVIEW SAVED] /mnt/c/Developer/Review_AI/scraper_project/raw_data/banyo-ve-ev-gerecleri/734317524_reviews.json
[2026-04-05T20:20:56.116Z] [INFO] 
[REVIEW WORKER 6] starting banyo-ve-ev-gerecleri/650287358
[2026-04-05T20:20:56.406Z] [INFO] [review banyo-ve-ev-gerecleri/633189357] page=2 +8 reviews (unique=16)
[2026-04-05T20:20:56.937Z] [INFO] 
[START REVIEW] category=banyo-ve-ev-gerecleri productId=734825981 startPage=1
[2026-04-05T20:20:56.958Z] [INFO] [review banyo-ve-ev-gerecleri/470600313] page=39 +8 reviews (unique=312)
[2026-04-05T20:20:57.047Z] [INFO] 
[START REVIEW] category=banyo-ve-ev-gerecleri productId=723783702 startPage=1
[2026-04-05T20:20:57.093Z] [INFO] [review banyo-ve-ev-gerecleri/633189357] page=3 +1 reviews (unique=17)
[2026-04-05T20:20:57.157Z] [INFO] [REVIEW SAVED] /mnt/c/Developer/Review_AI/scraper_project/raw_data/banyo-ve-ev-gerecleri/633189357_reviews.json
[2026-04-05T20:20:57.237Z] [INFO] 
[REVIEW WORKER 3] starting banyo-ve-ev-gerecleri/547736955
[2026-04-05T20:20:57.618Z] [INFO] 
[START REVIEW] category=banyo-ve-ev-gerecleri productId=684971965 startPage=1
[2026-04-05T20:20:57.894Z] [INFO] [review banyo-ve-ev-gerecleri/470600313] page=40 +8 reviews (unique=320)
[2026-04-05T20:20:58.135Z] [INFO] [REVIEW PARTIAL SAVED] /mnt/c/Developer/Review_AI/scraper_project/raw_data/banyo-ve-ev-gerecleri/470600313_reviews.partial.json
[2026-04-05T20:20:58.270Z] [INFO] [review banyo-ve-ev-gerecleri/734825981] page=1 +1 reviews (unique=1)
[2026-04-05T20:20:58.341Z] [INFO] [REVIEW SAVED] /mnt/c/Developer/Review_AI/scraper_project/raw_data/banyo-ve-ev-gerecleri/734825981_reviews.json
[2026-04-05T20:20:58.364Z] [INFO] [review banyo-ve-ev-gerecleri/723783702] page=1 +5 reviews (unique=5)
[2026-04-05T20:20:58.412Z] [INFO] [REVIEW SAVED] /mnt/c/Developer/Review_AI/scraper_project/raw_data/banyo-ve-ev-gerecleri/723783702_reviews.json
[2026-04-05T20:20:58.431Z] [INFO] 
[REVIEW WORKER 2] starting banyo-ve-ev-gerecleri/400380413
[2026-04-05T20:20:58.450Z] [INFO] 
[REVIEW WORKER 5] starting banyo-ve-ev-gerecleri/482296319
[2026-04-05T20:20:58.587Z] [INFO] [review banyo-ve-ev-gerecleri/684971965] page=1 +2 reviews (unique=2)
[2026-04-05T20:20:58.623Z] [INFO] [REVIEW SAVED] /mnt/c/Developer/Review_AI/scraper_project/raw_data/banyo-ve-ev-gerecleri/684971965_reviews.json
[2026-04-05T20:20:58.643Z] [INFO] 
[REVIEW WORKER 7] starting banyo-ve-ev-gerecleri/561585848
[2026-04-05T20:20:58.818Z] [INFO] [review banyo-ve-ev-gerecleri/470600313] page=41 +8 reviews (unique=328)
[2026-04-05T20:20:58.856Z] [INFO] [REVIEW SAVED] /mnt/c/Developer/Review_AI/scraper_project/raw_data/banyo-ve-ev-gerecleri/470600313_reviews.json
[2026-04-05T20:20:58.891Z] [INFO] 
[REVIEW WORKER 8] starting banyo-ve-ev-gerecleri/470600521
[2026-04-05T20:20:59.428Z] [INFO] 
[START REVIEW] category=banyo-ve-ev-gerecleri productId=555584297 startPage=1
[2026-04-05T20:20:59.644Z] [INFO] 
[START REVIEW] category=banyo-ve-ev-gerecleri productId=735189061 startPage=1
[2026-04-05T20:20:59.774Z] [INFO] 
[START REVIEW] category=banyo-ve-ev-gerecleri productId=681794712 startPage=1
[2026-04-05T20:20:59.997Z] [INFO] [review banyo-ve-ev-gerecleri/555584297] page=1 +8 reviews (unique=8)
[2026-04-05T20:21:00.366Z] [INFO] [review banyo-ve-ev-gerecleri/735189061] page=1 +0 reviews (unique=0)
[2026-04-05T20:21:00.420Z] [INFO] [REVIEW SAVED] /mnt/c/Developer/Review_AI/scraper_project/raw_data/banyo-ve-ev-gerecleri/735189061_reviews.json
[2026-04-05T20:21:00.471Z] [INFO] 
[REVIEW WORKER 9] starting banyo-ve-ev-gerecleri/664739738
[2026-04-05T20:21:00.761Z] [INFO] 
[START REVIEW] category=banyo-ve-ev-gerecleri productId=728025119 startPage=1
[2026-04-05T20:21:00.774Z] [INFO] [review banyo-ve-ev-gerecleri/681794712] page=1 +1 reviews (unique=1)
[2026-04-05T20:21:00.879Z] [INFO] [REVIEW SAVED] /mnt/c/Developer/Review_AI/scraper_project/raw_data/banyo-ve-ev-gerecleri/681794712_reviews.json
[2026-04-05T20:21:00.924Z] [INFO] [review banyo-ve-ev-gerecleri/555584297] page=2 +3 reviews (unique=11)
[2026-04-05T20:21:00.997Z] [INFO] [REVIEW SAVED] /mnt/c/Developer/Review_AI/scraper_project/raw_data/banyo-ve-ev-gerecleri/555584297_reviews.json
[2026-04-05T20:21:01.024Z] [INFO] 
[REVIEW WORKER 1] starting banyo-ve-ev-gerecleri/733801174
[2026-04-05T20:21:01.082Z] [INFO] 
[REVIEW WORKER 10] starting banyo-ve-ev-gerecleri/579248941
[2026-04-05T20:21:01.556Z] [INFO] 
[START REVIEW] category=banyo-ve-ev-gerecleri productId=650287358 startPage=1
[2026-04-05T20:21:01.586Z] [INFO] [review banyo-ve-ev-gerecleri/728025119] page=1 +8 reviews (unique=8)
[2026-04-05T20:21:01.734Z] [INFO] [REVIEW SAVED] /mnt/c/Developer/Review_AI/scraper_project/raw_data/banyo-ve-ev-gerecleri/728025119_reviews.json
[2026-04-05T20:21:01.903Z] [INFO] 
[REVIEW WORKER 4] starting banyo-ve-ev-gerecleri/440499791
[2026-04-05T20:21:02.168Z] [INFO] 
[START REVIEW] category=banyo-ve-ev-gerecleri productId=547736955 startPage=1
[2026-04-05T20:21:02.473Z] [INFO] [review banyo-ve-ev-gerecleri/650287358] page=1 +8 reviews (unique=8)
[2026-04-05T20:21:02.927Z] [INFO] [review banyo-ve-ev-gerecleri/547736955] page=1 +2 reviews (unique=2)
[2026-04-05T20:21:02.954Z] [INFO] [REVIEW SAVED] /mnt/c/Developer/Review_AI/scraper_project/raw_data/banyo-ve-ev-gerecleri/547736955_reviews.json
[2026-04-05T20:21:02.979Z] [INFO] 
[REVIEW WORKER 3] starting banyo-ve-ev-gerecleri/546366911
[2026-04-05T20:21:03.392Z] [INFO] [review banyo-ve-ev-gerecleri/650287358] page=2 +8 reviews (unique=16)
[2026-04-05T20:21:03.670Z] [INFO] 
[START REVIEW] category=banyo-ve-ev-gerecleri productId=400380413 startPage=1
[2026-04-05T20:21:03.702Z] [INFO] 
[START REVIEW] category=banyo-ve-ev-gerecleri productId=482296319 startPage=1
[2026-04-05T20:21:04.107Z] [INFO] [review banyo-ve-ev-gerecleri/400380413] page=1 +0 reviews (unique=0)
[2026-04-05T20:21:04.155Z] [INFO] [REVIEW SAVED] /mnt/c/Developer/Review_AI/scraper_project/raw_data/banyo-ve-ev-gerecleri/400380413_reviews.json
[2026-04-05T20:21:04.183Z] [INFO] 
[START REVIEW] category=banyo-ve-ev-gerecleri productId=470600521 startPage=1
[2026-04-05T20:21:04.192Z] [INFO] [review banyo-ve-ev-gerecleri/482296319] page=1 +8 reviews (unique=8)
[2026-04-05T20:21:04.216Z] [INFO] [review banyo-ve-ev-gerecleri/650287358] page=3 +8 reviews (unique=24)
[2026-04-05T20:21:04.237Z] [INFO] 
[REVIEW WORKER 2] starting banyo-ve-ev-gerecleri/439543906
[2026-04-05T20:21:04.504Z] [INFO] [review banyo-ve-ev-gerecleri/470600521] page=1 +8 reviews (unique=8)
[2026-04-05T20:21:04.757Z] [INFO] 
[START REVIEW] category=banyo-ve-ev-gerecleri productId=561585848 startPage=1
[2026-04-05T20:21:04.923Z] [INFO] [review banyo-ve-ev-gerecleri/650287358] page=4 +8 reviews (unique=32)
[2026-04-05T20:21:05.000Z] [INFO] [REVIEW SAVED] /mnt/c/Developer/Review_AI/scraper_project/raw_data/banyo-ve-ev-gerecleri/650287358_reviews.json
[2026-04-05T20:21:05.065Z] [INFO] 
[REVIEW WORKER 6] starting banyo-ve-ev-gerecleri/732666846
[2026-04-05T20:21:05.265Z] [INFO] [review banyo-ve-ev-gerecleri/482296319] page=2 +2 reviews (unique=10)
[2026-04-05T20:21:05.332Z] [INFO] [REVIEW SAVED] /mnt/c/Developer/Review_AI/scraper_project/raw_data/banyo-ve-ev-gerecleri/482296319_reviews.json
[2026-04-05T20:21:05.353Z] [INFO] [review banyo-ve-ev-gerecleri/470600521] page=2 +8 reviews (unique=16)
[2026-04-05T20:21:05.393Z] [INFO] [review banyo-ve-ev-gerecleri/561585848] page=1 +1 reviews (unique=1)
[2026-04-05T20:21:05.439Z] [INFO] [REVIEW SAVED] /mnt/c/Developer/Review_AI/scraper_project/raw_data/banyo-ve-ev-gerecleri/561585848_reviews.json
[2026-04-05T20:21:05.468Z] [INFO] 
[REVIEW WORKER 5] starting banyo-ve-ev-gerecleri/718295109
[2026-04-05T20:21:05.618Z] [INFO] 
[REVIEW WORKER 7] starting banyo-ve-ev-gerecleri/592847459
[2026-04-05T20:21:06.125Z] [INFO] 
[START REVIEW] category=banyo-ve-ev-gerecleri productId=664739738 startPage=1
[2026-04-05T20:21:06.547Z] [INFO] [review banyo-ve-ev-gerecleri/470600521] page=3 +8 reviews (unique=24)
[2026-04-05T20:21:07.003Z] [INFO] [review banyo-ve-ev-gerecleri/664739738] page=1 +1 reviews (unique=1)
[2026-04-05T20:21:07.108Z] [INFO] [REVIEW SAVED] /mnt/c/Developer/Review_AI/scraper_project/raw_data/banyo-ve-ev-gerecleri/664739738_reviews.json
[2026-04-05T20:21:07.154Z] [INFO] 
[REVIEW WORKER 9] starting banyo-ve-ev-gerecleri/649772099
[2026-04-05T20:21:07.246Z] [INFO] 
[START REVIEW] category=banyo-ve-ev-gerecleri productId=579248941 startPage=1
[2026-04-05T20:21:07.291Z] [INFO] 
[START REVIEW] category=banyo-ve-ev-gerecleri productId=733801174 startPage=1
[2026-04-05T20:21:07.351Z] [INFO] [review banyo-ve-ev-gerecleri/470600521] page=4 +3 reviews (unique=27)
[2026-04-05T20:21:07.515Z] [INFO] [REVIEW SAVED] /mnt/c/Developer/Review_AI/scraper_project/raw_data/banyo-ve-ev-gerecleri/470600521_reviews.json
[2026-04-05T20:21:07.721Z] [INFO] 
[REVIEW WORKER 8] starting banyo-ve-ev-gerecleri/440499803
[2026-04-05T20:21:07.921Z] [INFO] 
[START REVIEW] category=banyo-ve-ev-gerecleri productId=440499791 startPage=1
[2026-04-05T20:21:08.462Z] [INFO] [review banyo-ve-ev-gerecleri/579248941] page=1 +8 reviews (unique=8)
[2026-04-05T20:21:08.486Z] [INFO] [review banyo-ve-ev-gerecleri/733801174] page=1 +0 reviews (unique=0)
[2026-04-05T20:21:08.522Z] [INFO] [REVIEW SAVED] /mnt/c/Developer/Review_AI/scraper_project/raw_data/banyo-ve-ev-gerecleri/733801174_reviews.json
[2026-04-05T20:21:08.548Z] [INFO] 
[REVIEW WORKER 1] starting banyo-ve-ev-gerecleri/300334781
[2026-04-05T20:21:08.798Z] [INFO] [review banyo-ve-ev-gerecleri/440499791] page=1 +3 reviews (unique=3)
[2026-04-05T20:21:08.827Z] [INFO] [REVIEW SAVED] /mnt/c/Developer/Review_AI/scraper_project/raw_data/banyo-ve-ev-gerecleri/440499791_reviews.json
[2026-04-05T20:21:08.858Z] [INFO] 
[REVIEW WORKER 4] starting banyo-ve-ev-gerecleri/640142074
[2026-04-05T20:21:09.176Z] [INFO] [review banyo-ve-ev-gerecleri/579248941] page=2 +8 reviews (unique=16)
[2026-04-05T20:21:09.830Z] [INFO] 
[START REVIEW] category=banyo-ve-ev-gerecleri productId=546366911 startPage=1
[2026-04-05T20:21:10.044Z] [INFO] 
[START REVIEW] category=banyo-ve-ev-gerecleri productId=439543906 startPage=1
[2026-04-05T20:21:11.013Z] [INFO] [review banyo-ve-ev-gerecleri/579248941] page=3 +8 reviews (unique=24)
[2026-04-05T20:21:11.201Z] [INFO] [review banyo-ve-ev-gerecleri/546366911] page=1 +8 reviews (unique=8)
[2026-04-05T20:21:11.326Z] [INFO] [review banyo-ve-ev-gerecleri/439543906] page=1 +8 reviews (unique=8)
[2026-04-05T20:21:12.429Z] [INFO] [review banyo-ve-ev-gerecleri/579248941] page=4 +8 reviews (unique=32)
[2026-04-05T20:21:12.495Z] [INFO] 
[START REVIEW] category=banyo-ve-ev-gerecleri productId=732666846 startPage=1
[2026-04-05T20:21:12.514Z] [INFO] [review banyo-ve-ev-gerecleri/546366911] page=2 +8 reviews (unique=16)
[2026-04-05T20:21:12.550Z] [INFO] [review banyo-ve-ev-gerecleri/439543906] page=2 +8 reviews (unique=16)
[2026-04-05T20:21:12.613Z] [INFO] 
[START REVIEW] category=banyo-ve-ev-gerecleri productId=592847459 startPage=1
[2026-04-05T20:21:13.277Z] [INFO] [review banyo-ve-ev-gerecleri/579248941] page=5 +8 reviews (unique=40)
[2026-04-05T20:21:13.330Z] [INFO] [REVIEW PARTIAL SAVED] /mnt/c/Developer/Review_AI/scraper_project/raw_data/banyo-ve-ev-gerecleri/579248941_reviews.partial.json
[2026-04-05T20:21:13.603Z] [INFO] 
[START REVIEW] category=banyo-ve-ev-gerecleri productId=718295109 startPage=1
[2026-04-05T20:21:13.811Z] [INFO] [review banyo-ve-ev-gerecleri/592847459] page=1 +8 reviews (unique=8)
[2026-04-05T20:21:14.047Z] [INFO] [review banyo-ve-ev-gerecleri/732666846] page=1 +3 reviews (unique=3)
[2026-04-05T20:21:14.353Z] [INFO] [REVIEW SAVED] /mnt/c/Developer/Review_AI/scraper_project/raw_data/banyo-ve-ev-gerecleri/732666846_reviews.json
[2026-04-05T20:21:14.404Z] [INFO] [review banyo-ve-ev-gerecleri/439543906] page=3 +8 reviews (unique=24)
[2026-04-05T20:21:14.455Z] [INFO] [review banyo-ve-ev-gerecleri/546366911] page=3 +1 reviews (unique=17)
[2026-04-05T20:21:14.501Z] [INFO] [REVIEW SAVED] /mnt/c/Developer/Review_AI/scraper_project/raw_data/banyo-ve-ev-gerecleri/546366911_reviews.json
[2026-04-05T20:21:14.528Z] [INFO] [review banyo-ve-ev-gerecleri/579248941] page=6 +8 reviews (unique=48)
[2026-04-05T20:21:14.547Z] [INFO] [review banyo-ve-ev-gerecleri/718295109] page=1 +0 reviews (unique=0)
[2026-04-05T20:21:14.579Z] [INFO] [REVIEW SAVED] /mnt/c/Developer/Review_AI/scraper_project/raw_data/banyo-ve-ev-gerecleri/718295109_reviews.json
[2026-04-05T20:21:14.590Z] [INFO] 
[REVIEW WORKER 6] starting banyo-ve-ev-gerecleri/724326994
[2026-04-05T20:21:14.616Z] [INFO] 
[REVIEW WORKER 3] starting banyo-ve-ev-gerecleri/709516916
[2026-04-05T20:21:14.642Z] [INFO] 
[REVIEW WORKER 5] starting banyo-ve-ev-gerecleri/529932745
[2026-04-05T20:21:15.150Z] [INFO] [review banyo-ve-ev-gerecleri/439543906] page=4 +8 reviews (unique=32)
[2026-04-05T20:21:15.183Z] [INFO] [review banyo-ve-ev-gerecleri/579248941] page=7 +8 reviews (unique=56)
[2026-04-05T20:21:15.659Z] [INFO] 
[START REVIEW] category=banyo-ve-ev-gerecleri productId=649772099 startPage=1
[2026-04-05T20:21:15.804Z] [INFO] 
[START REVIEW] category=banyo-ve-ev-gerecleri productId=440499803 startPage=1
[2026-04-05T20:21:16.373Z] [INFO] [review banyo-ve-ev-gerecleri/439543906] page=5 +8 reviews (unique=40)
[2026-04-05T20:21:16.389Z] [INFO] [REVIEW PARTIAL SAVED] /mnt/c/Developer/Review_AI/scraper_project/raw_data/banyo-ve-ev-gerecleri/439543906_reviews.partial.json
[2026-04-05T20:21:16.398Z] [INFO] [review banyo-ve-ev-gerecleri/649772099] page=1 +8 reviews (unique=8)
[2026-04-05T20:21:16.410Z] [INFO] [review banyo-ve-ev-gerecleri/579248941] page=8 +8 reviews (unique=64)
[2026-04-05T20:21:16.447Z] [INFO] 
[START REVIEW] category=banyo-ve-ev-gerecleri productId=300334781 startPage=1
[2026-04-05T20:21:16.464Z] [INFO] 
[START REVIEW] category=banyo-ve-ev-gerecleri productId=640142074 startPage=1
[2026-04-05T20:21:16.545Z] [INFO] [review banyo-ve-ev-gerecleri/440499803] page=1 +4 reviews (unique=4)
[2026-04-05T20:21:16.571Z] [INFO] [REVIEW SAVED] /mnt/c/Developer/Review_AI/scraper_project/raw_data/banyo-ve-ev-gerecleri/440499803_reviews.json
[2026-04-05T20:21:16.600Z] [INFO] 
[REVIEW WORKER 8] starting banyo-ve-ev-gerecleri/321238309
[2026-04-05T20:21:17.080Z] [INFO] [review banyo-ve-ev-gerecleri/439543906] page=6 +8 reviews (unique=48)
[2026-04-05T20:21:17.118Z] [INFO] [review banyo-ve-ev-gerecleri/579248941] page=9 +8 reviews (unique=72)
[2026-04-05T20:21:17.320Z] [INFO] [review banyo-ve-ev-gerecleri/649772099] page=2 +5 reviews (unique=13)
[2026-04-05T20:21:17.387Z] [INFO] [REVIEW SAVED] /mnt/c/Developer/Review_AI/scraper_project/raw_data/banyo-ve-ev-gerecleri/649772099_reviews.json
[2026-04-05T20:21:17.425Z] [INFO] 
[REVIEW WORKER 9] starting banyo-ve-ev-gerecleri/574808131
[2026-04-05T20:21:17.468Z] [INFO] [review banyo-ve-ev-gerecleri/640142074] page=1 +8 reviews (unique=8)
[2026-04-05T20:21:17.551Z] [INFO] [review banyo-ve-ev-gerecleri/300334781] page=1 +8 reviews (unique=8)
[2026-04-05T20:21:17.821Z] [INFO] [review banyo-ve-ev-gerecleri/579248941] page=10 +8 reviews (unique=80)
[2026-04-05T20:21:17.854Z] [INFO] [REVIEW PARTIAL SAVED] /mnt/c/Developer/Review_AI/scraper_project/raw_data/banyo-ve-ev-gerecleri/579248941_reviews.partial.json
[2026-04-05T20:21:18.369Z] [INFO] [review banyo-ve-ev-gerecleri/300334781] page=2 +8 reviews (unique=16)
[2026-04-05T20:21:18.408Z] [INFO] [review banyo-ve-ev-gerecleri/640142074] page=2 +8 reviews (unique=16)
[2026-04-05T20:21:18.570Z] [INFO] [review banyo-ve-ev-gerecleri/579248941] page=11 +8 reviews (unique=88)
[2026-04-05T20:21:18.605Z] [INFO] [review banyo-ve-ev-gerecleri/439543906] page=7 +8 reviews (unique=56)
[2026-04-05T20:21:18.924Z] [INFO] [review banyo-ve-ev-gerecleri/592847459] page=2 +6 reviews (unique=14)
[2026-04-05T20:21:18.947Z] [INFO] [REVIEW SAVED] /mnt/c/Developer/Review_AI/scraper_project/raw_data/banyo-ve-ev-gerecleri/592847459_reviews.json
[2026-04-05T20:21:18.971Z] [INFO] 
[REVIEW WORKER 7] starting banyo-ve-ev-gerecleri/650970572
[2026-04-05T20:21:19.099Z] [INFO] [review banyo-ve-ev-gerecleri/640142074] page=3 +8 reviews (unique=24)
[2026-04-05T20:21:19.278Z] [INFO] [review banyo-ve-ev-gerecleri/439543906] page=8 +8 reviews (unique=64)
[2026-04-05T20:21:19.299Z] [INFO] [review banyo-ve-ev-gerecleri/300334781] page=3 +8 reviews (unique=24)
[2026-04-05T20:21:19.309Z] [INFO] [review banyo-ve-ev-gerecleri/579248941] page=12 +8 reviews (unique=96)
[2026-04-05T20:21:19.919Z] [INFO] 
[START REVIEW] category=banyo-ve-ev-gerecleri productId=529932745 startPage=1
[2026-04-05T20:21:19.936Z] [INFO] 
[START REVIEW] category=banyo-ve-ev-gerecleri productId=709516916 startPage=1
[2026-04-05T20:21:19.948Z] [INFO] 
[START REVIEW] category=banyo-ve-ev-gerecleri productId=724326994 startPage=1
[2026-04-05T20:21:20.309Z] [INFO] [review banyo-ve-ev-gerecleri/640142074] page=4 +8 reviews (unique=32)
[2026-04-05T20:21:20.650Z] [INFO] [review banyo-ve-ev-gerecleri/439543906] page=9 +8 reviews (unique=72)
[2026-04-05T20:21:20.691Z] [INFO] [review banyo-ve-ev-gerecleri/579248941] page=13 +8 reviews (unique=104)
[2026-04-05T20:21:20.704Z] [INFO] [review banyo-ve-ev-gerecleri/300334781] page=4 +8 reviews (unique=32)
[2026-04-05T20:21:20.830Z] [INFO] [review banyo-ve-ev-gerecleri/529932745] page=1 +8 reviews (unique=8)
[2026-04-05T20:21:20.836Z] [INFO] [review banyo-ve-ev-gerecleri/724326994] page=1 +8 reviews (unique=8)
[2026-04-05T20:21:21.030Z] [INFO] [review banyo-ve-ev-gerecleri/709516916] page=1 +0 reviews (unique=0)
[2026-04-05T20:21:21.047Z] [INFO] [REVIEW SAVED] /mnt/c/Developer/Review_AI/scraper_project/raw_data/banyo-ve-ev-gerecleri/709516916_reviews.json
[2026-04-05T20:21:21.063Z] [INFO] 
[REVIEW WORKER 3] starting banyo-ve-ev-gerecleri/734313863
[2026-04-05T20:21:21.592Z] [INFO] [review banyo-ve-ev-gerecleri/640142074] page=5 +1 reviews (unique=33)
[2026-04-05T20:21:21.615Z] [INFO] [REVIEW PARTIAL SAVED] /mnt/c/Developer/Review_AI/scraper_project/raw_data/banyo-ve-ev-gerecleri/640142074_reviews.partial.json
[2026-04-05T20:21:21.652Z] [INFO] [REVIEW SAVED] /mnt/c/Developer/Review_AI/scraper_project/raw_data/banyo-ve-ev-gerecleri/640142074_reviews.json
[2026-04-05T20:21:21.669Z] [INFO] 
[START REVIEW] category=banyo-ve-ev-gerecleri productId=321238309 startPage=1
[2026-04-05T20:21:21.711Z] [INFO] 
[REVIEW WORKER 4] starting banyo-ve-ev-gerecleri/737783036
[2026-04-05T20:21:21.723Z] [INFO] [review banyo-ve-ev-gerecleri/579248941] page=14 +8 reviews (unique=112)
[2026-04-05T20:21:21.738Z] [INFO] [review banyo-ve-ev-gerecleri/439543906] page=10 +8 reviews (unique=80)
[2026-04-05T20:21:21.760Z] [INFO] [REVIEW PARTIAL SAVED] /mnt/c/Developer/Review_AI/scraper_project/raw_data/banyo-ve-ev-gerecleri/439543906_reviews.partial.json
[2026-04-05T20:21:21.767Z] [INFO] [review banyo-ve-ev-gerecleri/300334781] page=5 +4 reviews (unique=36)
[2026-04-05T20:21:21.787Z] [INFO] [REVIEW PARTIAL SAVED] /mnt/c/Developer/Review_AI/scraper_project/raw_data/banyo-ve-ev-gerecleri/300334781_reviews.partial.json
[2026-04-05T20:21:21.818Z] [INFO] [REVIEW SAVED] /mnt/c/Developer/Review_AI/scraper_project/raw_data/banyo-ve-ev-gerecleri/300334781_reviews.json
[2026-04-05T20:21:21.837Z] [INFO] [review banyo-ve-ev-gerecleri/529932745] page=2 +1 reviews (unique=9)
[2026-04-05T20:21:21.872Z] [INFO] [REVIEW SAVED] /mnt/c/Developer/Review_AI/scraper_project/raw_data/banyo-ve-ev-gerecleri/529932745_reviews.json
[2026-04-05T20:21:21.880Z] [INFO] [review banyo-ve-ev-gerecleri/724326994] page=2 +8 reviews (unique=16)
[2026-04-05T20:21:21.994Z] [INFO] 
[REVIEW WORKER 5] starting banyo-ve-ev-gerecleri/546799920
[2026-04-05T20:21:22.015Z] [INFO] 
[REVIEW WORKER 1] starting banyo-ve-ev-gerecleri/728410951
[2026-04-05T20:21:22.419Z] [INFO] [review banyo-ve-ev-gerecleri/321238309] page=1 +8 reviews (unique=8)
[2026-04-05T20:21:22.519Z] [INFO] [review banyo-ve-ev-gerecleri/439543906] page=11 +8 reviews (unique=88)
[2026-04-05T20:21:22.666Z] [INFO] [review banyo-ve-ev-gerecleri/579248941] page=15 +8 reviews (unique=120)
[2026-04-05T20:21:22.692Z] [INFO] [REVIEW PARTIAL SAVED] /mnt/c/Developer/Review_AI/scraper_project/raw_data/banyo-ve-ev-gerecleri/579248941_reviews.partial.json
[2026-04-05T20:21:22.789Z] [INFO] [review banyo-ve-ev-gerecleri/724326994] page=3 +8 reviews (unique=24)
[2026-04-05T20:21:23.130Z] [INFO] [review banyo-ve-ev-gerecleri/321238309] page=2 +8 reviews (unique=16)
[2026-04-05T20:21:23.244Z] [INFO] [review banyo-ve-ev-gerecleri/439543906] page=12 +8 reviews (unique=96)
[2026-04-05T20:21:23.281Z] [INFO] [REVIEW SAVED] /mnt/c/Developer/Review_AI/scraper_project/raw_data/banyo-ve-ev-gerecleri/439543906_reviews.json
[2026-04-05T20:21:23.291Z] [INFO] 
[START REVIEW] category=banyo-ve-ev-gerecleri productId=574808131 startPage=1
[2026-04-05T20:21:23.333Z] [INFO] 
[REVIEW WORKER 2] starting banyo-ve-ev-gerecleri/597938062
[2026-04-05T20:21:23.403Z] [INFO] [review banyo-ve-ev-gerecleri/579248941] page=16 +6 reviews (unique=126)
[2026-04-05T20:21:23.429Z] [INFO] [REVIEW SAVED] /mnt/c/Developer/Review_AI/scraper_project/raw_data/banyo-ve-ev-gerecleri/579248941_reviews.json
[2026-04-05T20:21:23.456Z] [INFO] 
[REVIEW WORKER 10] starting banyo-ve-ev-gerecleri/639928842
[2026-04-05T20:21:23.480Z] [INFO] [review banyo-ve-ev-gerecleri/724326994] page=4 +6 reviews (unique=30)
[2026-04-05T20:21:23.508Z] [INFO] [REVIEW SAVED] /mnt/c/Developer/Review_AI/scraper_project/raw_data/banyo-ve-ev-gerecleri/724326994_reviews.json
[2026-04-05T20:21:23.562Z] [INFO] 
[REVIEW WORKER 6] starting banyo-ve-ev-gerecleri/688915584
[2026-04-05T20:21:23.595Z] [INFO] [review banyo-ve-ev-gerecleri/574808131] page=1 +8 reviews (unique=8)
[2026-04-05T20:21:23.968Z] [INFO] [review banyo-ve-ev-gerecleri/321238309] page=3 +1 reviews (unique=17)
[2026-04-05T20:21:23.990Z] [INFO] [REVIEW SAVED] /mnt/c/Developer/Review_AI/scraper_project/raw_data/banyo-ve-ev-gerecleri/321238309_reviews.json
[2026-04-05T20:21:24.019Z] [INFO] 
[REVIEW WORKER 8] starting banyo-ve-ev-gerecleri/678625602
[2026-04-05T20:21:24.441Z] [INFO] [review banyo-ve-ev-gerecleri/574808131] page=2 +4 reviews (unique=12)
[2026-04-05T20:21:24.483Z] [INFO] [REVIEW SAVED] /mnt/c/Developer/Review_AI/scraper_project/raw_data/banyo-ve-ev-gerecleri/574808131_reviews.json
[2026-04-05T20:21:24.513Z] [INFO] 
[REVIEW WORKER 9] starting banyo-ve-ev-gerecleri/679375755
[2026-04-05T20:21:24.945Z] [INFO] 
[START REVIEW] category=banyo-ve-ev-gerecleri productId=650970572 startPage=1
[2026-04-05T20:21:25.629Z] [INFO] [review banyo-ve-ev-gerecleri/650970572] page=1 +8 reviews (unique=8)
[2026-04-05T20:21:26.301Z] [INFO] [review banyo-ve-ev-gerecleri/650970572] page=2 +4 reviews (unique=12)
[2026-04-05T20:21:26.333Z] [INFO] [REVIEW SAVED] /mnt/c/Developer/Review_AI/scraper_project/raw_data/banyo-ve-ev-gerecleri/650970572_reviews.json
[2026-04-05T20:21:26.363Z] [INFO] 
[REVIEW WORKER 7] starting banyo-ve-ev-gerecleri/734986967
[2026-04-05T20:21:26.612Z] [INFO] 
[START REVIEW] category=banyo-ve-ev-gerecleri productId=737783036 startPage=1
[2026-04-05T20:21:26.640Z] [INFO] 
[START REVIEW] category=banyo-ve-ev-gerecleri productId=734313863 startPage=1
[2026-04-05T20:21:26.822Z] [INFO] [review banyo-ve-ev-gerecleri/737783036] page=1 +0 reviews (unique=0)
[2026-04-05T20:21:26.858Z] [INFO] [REVIEW SAVED] /mnt/c/Developer/Review_AI/scraper_project/raw_data/banyo-ve-ev-gerecleri/737783036_reviews.json
[2026-04-05T20:21:26.902Z] [INFO] 
[REVIEW WORKER 4] starting banyo-ve-ev-gerecleri/576559364
[2026-04-05T20:21:27.084Z] [INFO] [review banyo-ve-ev-gerecleri/734313863] page=1 +6 reviews (unique=6)
[2026-04-05T20:21:27.118Z] [INFO] [REVIEW SAVED] /mnt/c/Developer/Review_AI/scraper_project/raw_data/banyo-ve-ev-gerecleri/734313863_reviews.json
[2026-04-05T20:21:27.147Z] [INFO] 
[START REVIEW] category=banyo-ve-ev-gerecleri productId=728410951 startPage=1
[2026-04-05T20:21:27.162Z] [INFO] 
[REVIEW WORKER 3] starting banyo-ve-ev-gerecleri/464867503
[2026-04-05T20:21:27.424Z] [INFO] [review banyo-ve-ev-gerecleri/728410951] page=1 +0 reviews (unique=0)
[2026-04-05T20:21:27.462Z] [INFO] [REVIEW SAVED] /mnt/c/Developer/Review_AI/scraper_project/raw_data/banyo-ve-ev-gerecleri/728410951_reviews.json
[2026-04-05T20:21:27.501Z] [INFO] 
[REVIEW WORKER 1] starting banyo-ve-ev-gerecleri/733150793
[2026-04-05T20:21:27.610Z] [INFO] 
[START REVIEW] category=banyo-ve-ev-gerecleri productId=546799920 startPage=1
[2026-04-05T20:21:28.582Z] [INFO] 
[START REVIEW] category=banyo-ve-ev-gerecleri productId=597938062 startPage=1
[2026-04-05T20:21:28.675Z] [INFO] [review banyo-ve-ev-gerecleri/546799920] page=1 +8 reviews (unique=8)
[2026-04-05T20:21:28.912Z] [INFO] 
[START REVIEW] category=banyo-ve-ev-gerecleri productId=688915584 startPage=1
[2026-04-05T20:21:28.976Z] [INFO] 
[START REVIEW] category=banyo-ve-ev-gerecleri productId=639928842 startPage=1
[2026-04-05T20:21:29.559Z] [INFO] 
[START REVIEW] category=banyo-ve-ev-gerecleri productId=679375755 startPage=1
[2026-04-05T20:21:29.600Z] [INFO] 
[START REVIEW] category=banyo-ve-ev-gerecleri productId=678625602 startPage=1
[2026-04-05T20:21:29.722Z] [INFO] [review banyo-ve-ev-gerecleri/546799920] page=2 +8 reviews (unique=16)
[2026-04-05T20:21:29.798Z] [INFO] [review banyo-ve-ev-gerecleri/688915584] page=1 +8 reviews (unique=8)
[2026-04-05T20:21:30.569Z] [INFO] [review banyo-ve-ev-gerecleri/639928842] page=1 +4 reviews (unique=4)
[2026-04-05T20:21:30.767Z] [INFO] [REVIEW SAVED] /mnt/c/Developer/Review_AI/scraper_project/raw_data/banyo-ve-ev-gerecleri/639928842_reviews.json
[2026-04-05T20:21:30.800Z] [INFO] [review banyo-ve-ev-gerecleri/546799920] page=3 +3 reviews (unique=19)
[2026-04-05T20:21:30.900Z] [INFO] [REVIEW SAVED] /mnt/c/Developer/Review_AI/scraper_project/raw_data/banyo-ve-ev-gerecleri/546799920_reviews.json
[2026-04-05T20:21:30.954Z] [INFO] 
[REVIEW WORKER 10] starting banyo-ve-ev-gerecleri/642241852
[2026-04-05T20:21:30.997Z] [INFO] 
[REVIEW WORKER 5] starting banyo-ve-ev-gerecleri/591069153
[2026-04-05T20:21:31.026Z] [INFO] [review banyo-ve-ev-gerecleri/679375755] page=1 +1 reviews (unique=1)
[2026-04-05T20:21:31.051Z] [INFO] [REVIEW SAVED] /mnt/c/Developer/Review_AI/scraper_project/raw_data/banyo-ve-ev-gerecleri/679375755_reviews.json
[2026-04-05T20:21:31.068Z] [INFO] [review banyo-ve-ev-gerecleri/597938062] page=1 +8 reviews (unique=8)
[2026-04-05T20:21:31.101Z] [INFO] 
[REVIEW WORKER 9] starting banyo-ve-ev-gerecleri/470600567
[2026-04-05T20:21:31.191Z] [INFO] [review banyo-ve-ev-gerecleri/688915584] page=2 +8 reviews (unique=16)
[2026-04-05T20:21:31.835Z] [INFO] [review banyo-ve-ev-gerecleri/597938062] page=2 +8 reviews (unique=16)
[2026-04-05T20:21:31.857Z] [INFO] [REVIEW SAVED] /mnt/c/Developer/Review_AI/scraper_project/raw_data/banyo-ve-ev-gerecleri/597938062_reviews.json
[2026-04-05T20:21:31.872Z] [INFO] [review banyo-ve-ev-gerecleri/688915584] page=3 +8 reviews (unique=24)
[2026-04-05T20:21:31.893Z] [INFO] 
[REVIEW WORKER 2] starting banyo-ve-ev-gerecleri/594416110
[2026-04-05T20:21:32.653Z] [INFO] [review banyo-ve-ev-gerecleri/688915584] page=4 +8 reviews (unique=32)
[2026-04-05T20:21:33.209Z] [INFO] 
[START REVIEW] category=banyo-ve-ev-gerecleri productId=464867503 startPage=1
[2026-04-05T20:21:33.232Z] [INFO] 
[START REVIEW] category=banyo-ve-ev-gerecleri productId=576559364 startPage=1
[2026-04-05T20:21:33.253Z] [INFO] 
[START REVIEW] category=banyo-ve-ev-gerecleri productId=734986967 startPage=1
[2026-04-05T20:21:33.336Z] [INFO] 
[START REVIEW] category=banyo-ve-ev-gerecleri productId=733150793 startPage=1
[2026-04-05T20:21:33.858Z] [INFO] [review banyo-ve-ev-gerecleri/688915584] page=5 +8 reviews (unique=40)
[2026-04-05T20:21:33.881Z] [INFO] [REVIEW PARTIAL SAVED] /mnt/c/Developer/Review_AI/scraper_project/raw_data/banyo-ve-ev-gerecleri/688915584_reviews.partial.json
[2026-04-05T20:21:33.893Z] [INFO] [review banyo-ve-ev-gerecleri/464867503] page=1 +1 reviews (unique=1)
[2026-04-05T20:21:33.946Z] [INFO] [REVIEW SAVED] /mnt/c/Developer/Review_AI/scraper_project/raw_data/banyo-ve-ev-gerecleri/464867503_reviews.json
[2026-04-05T20:21:33.953Z] [INFO] [review banyo-ve-ev-gerecleri/734986967] page=1 +0 reviews (unique=0)
[2026-04-05T20:21:34.010Z] [INFO] [REVIEW SAVED] /mnt/c/Developer/Review_AI/scraper_project/raw_data/banyo-ve-ev-gerecleri/734986967_reviews.json
[2026-04-05T20:21:34.048Z] [INFO] 
[REVIEW WORKER 3] starting banyo-ve-ev-gerecleri/632143311
[2026-04-05T20:21:34.067Z] [INFO] 
[REVIEW WORKER 7] starting banyo-ve-ev-gerecleri/692110437
[2026-04-05T20:21:34.142Z] [INFO] [review banyo-ve-ev-gerecleri/576559364] page=1 +6 reviews (unique=6)
[2026-04-05T20:21:34.177Z] [INFO] [REVIEW SAVED] /mnt/c/Developer/Review_AI/scraper_project/raw_data/banyo-ve-ev-gerecleri/576559364_reviews.json
[2026-04-05T20:21:34.232Z] [INFO] 
[REVIEW WORKER 4] starting banyo-ve-ev-gerecleri/732657933
[2026-04-05T20:21:34.329Z] [INFO] [review banyo-ve-ev-gerecleri/678625602] page=1 +1 reviews (unique=1)
[2026-04-05T20:21:34.378Z] [INFO] [REVIEW SAVED] /mnt/c/Developer/Review_AI/scraper_project/raw_data/banyo-ve-ev-gerecleri/678625602_reviews.json
[2026-04-05T20:21:34.536Z] [INFO] 
[REVIEW WORKER 8] starting banyo-ve-ev-gerecleri/642738823
[2026-04-05T20:21:34.684Z] [INFO] [review banyo-ve-ev-gerecleri/688915584] page=6 +8 reviews (unique=48)
[2026-04-05T20:21:35.346Z] [INFO] [review banyo-ve-ev-gerecleri/688915584] page=7 +1 reviews (unique=49)
[2026-04-05T20:21:35.398Z] [INFO] [REVIEW SAVED] /mnt/c/Developer/Review_AI/scraper_project/raw_data/banyo-ve-ev-gerecleri/688915584_reviews.json
[2026-04-05T20:21:35.443Z] [INFO] 
[REVIEW WORKER 6] starting banyo-ve-ev-gerecleri/451029547
[2026-04-05T20:21:36.682Z] [INFO] 
[START REVIEW] category=banyo-ve-ev-gerecleri productId=470600567 startPage=1
[2026-04-05T20:21:36.846Z] [INFO] 
[START REVIEW] category=banyo-ve-ev-gerecleri productId=642241852 startPage=1
[2026-04-05T20:21:36.879Z] [INFO] 
[START REVIEW] category=banyo-ve-ev-gerecleri productId=591069153 startPage=1
[2026-04-05T20:21:36.939Z] [INFO] [review banyo-ve-ev-gerecleri/733150793] page=1 +3 reviews (unique=3)
[2026-04-05T20:21:36.988Z] [INFO] [REVIEW SAVED] /mnt/c/Developer/Review_AI/scraper_project/raw_data/banyo-ve-ev-gerecleri/733150793_reviews.json
[2026-04-05T20:21:37.033Z] [INFO] 
[START REVIEW] category=banyo-ve-ev-gerecleri productId=594416110 startPage=1
[2026-04-05T20:21:37.063Z] [INFO] 
[REVIEW WORKER 1] starting banyo-ve-ev-gerecleri/590105505
[2026-04-05T20:21:37.525Z] [INFO] [review banyo-ve-ev-gerecleri/470600567] page=1 +8 reviews (unique=8)
[2026-04-05T20:21:38.112Z] [INFO] [review banyo-ve-ev-gerecleri/591069153] page=1 +5 reviews (unique=5)
[2026-04-05T20:21:38.179Z] [INFO] [REVIEW SAVED] /mnt/c/Developer/Review_AI/scraper_project/raw_data/banyo-ve-ev-gerecleri/591069153_reviews.json
[2026-04-05T20:21:38.208Z] [INFO] [review banyo-ve-ev-gerecleri/642241852] page=1 +0 reviews (unique=0)
[2026-04-05T20:21:38.296Z] [INFO] [REVIEW SAVED] /mnt/c/Developer/Review_AI/scraper_project/raw_data/banyo-ve-ev-gerecleri/642241852_reviews.json
[2026-04-05T20:21:38.349Z] [INFO] [review banyo-ve-ev-gerecleri/594416110] page=1 +8 reviews (unique=8)
[2026-04-05T20:21:38.411Z] [INFO] 
[REVIEW WORKER 5] starting banyo-ve-ev-gerecleri/732917312
[2026-04-05T20:21:38.497Z] [INFO] 
[REVIEW WORKER 10] starting banyo-ve-ev-gerecleri/567927318
[2026-04-05T20:21:38.931Z] [INFO] [review banyo-ve-ev-gerecleri/470600567] page=2 +8 reviews (unique=16)
[2026-04-05T20:21:39.268Z] [INFO] [review banyo-ve-ev-gerecleri/594416110] page=2 +2 reviews (unique=10)
[2026-04-05T20:21:39.302Z] [INFO] [REVIEW SAVED] /mnt/c/Developer/Review_AI/scraper_project/raw_data/banyo-ve-ev-gerecleri/594416110_reviews.json
[2026-04-05T20:21:39.339Z] [INFO] 
[REVIEW WORKER 2] starting banyo-ve-ev-gerecleri/729856241
[2026-04-05T20:21:39.557Z] [INFO] 
[START REVIEW] category=banyo-ve-ev-gerecleri productId=732657933 startPage=1
[2026-04-05T20:21:39.691Z] [INFO] [review banyo-ve-ev-gerecleri/470600567] page=3 +8 reviews (unique=24)
[2026-04-05T20:21:39.854Z] [INFO] 
[START REVIEW] category=banyo-ve-ev-gerecleri productId=642738823 startPage=1
[2026-04-05T20:21:39.954Z] [INFO] [review banyo-ve-ev-gerecleri/732657933] page=1 +1 reviews (unique=1)
[2026-04-05T20:21:39.983Z] [INFO] [REVIEW SAVED] /mnt/c/Developer/Review_AI/scraper_project/raw_data/banyo-ve-ev-gerecleri/732657933_reviews.json
[2026-04-05T20:21:40.014Z] [INFO] 
[REVIEW WORKER 4] starting banyo-ve-ev-gerecleri/289044169
[2026-04-05T20:21:40.096Z] [INFO] [review banyo-ve-ev-gerecleri/642738823] page=1 +1 reviews (unique=1)
[2026-04-05T20:21:40.116Z] [INFO] [REVIEW SAVED] /mnt/c/Developer/Review_AI/scraper_project/raw_data/banyo-ve-ev-gerecleri/642738823_reviews.json
[2026-04-05T20:21:40.145Z] [INFO] 
[REVIEW WORKER 8] starting banyo-ve-ev-gerecleri/733029764
[2026-04-05T20:21:40.246Z] [INFO] 
[START REVIEW] category=banyo-ve-ev-gerecleri productId=632143311 startPage=1
[2026-04-05T20:21:40.260Z] [INFO] 
[START REVIEW] category=banyo-ve-ev-gerecleri productId=692110437 startPage=1
[2026-04-05T20:21:40.407Z] [INFO] [review banyo-ve-ev-gerecleri/470600567] page=4 +8 reviews (unique=32)
[2026-04-05T20:21:40.494Z] [INFO] [review banyo-ve-ev-gerecleri/632143311] page=1 +0 reviews (unique=0)
[2026-04-05T20:21:40.528Z] [INFO] [REVIEW SAVED] /mnt/c/Developer/Review_AI/scraper_project/raw_data/banyo-ve-ev-gerecleri/632143311_reviews.json
[2026-04-05T20:21:40.541Z] [INFO] [review banyo-ve-ev-gerecleri/692110437] page=1 +3 reviews (unique=3)
[2026-04-05T20:21:40.567Z] [INFO] [REVIEW SAVED] /mnt/c/Developer/Review_AI/scraper_project/raw_data/banyo-ve-ev-gerecleri/692110437_reviews.json
[2026-04-05T20:21:40.574Z] [INFO] 
[REVIEW WORKER 3] starting banyo-ve-ev-gerecleri/731321537
[2026-04-05T20:21:40.602Z] [INFO] 
[REVIEW WORKER 7] starting banyo-ve-ev-gerecleri/733425167
[2026-04-05T20:21:41.073Z] [INFO] [review banyo-ve-ev-gerecleri/470600567] page=5 +8 reviews (unique=40)
[2026-04-05T20:21:41.091Z] [INFO] [REVIEW PARTIAL SAVED] /mnt/c/Developer/Review_AI/scraper_project/raw_data/banyo-ve-ev-gerecleri/470600567_reviews.partial.json
[2026-04-05T20:21:41.250Z] [INFO] 
[START REVIEW] category=banyo-ve-ev-gerecleri productId=451029547 startPage=1
[2026-04-05T20:21:41.883Z] [INFO] 
[START REVIEW] category=banyo-ve-ev-gerecleri productId=590105505 startPage=1
[2026-04-05T20:21:41.908Z] [INFO] [review banyo-ve-ev-gerecleri/470600567] page=6 +1 reviews (unique=41)
[2026-04-05T20:21:41.968Z] [INFO] [REVIEW SAVED] /mnt/c/Developer/Review_AI/scraper_project/raw_data/banyo-ve-ev-gerecleri/470600567_reviews.json
[2026-04-05T20:21:42.021Z] [INFO] 
[REVIEW WORKER 9] starting banyo-ve-ev-gerecleri/547158150
[2026-04-05T20:21:42.231Z] [INFO] [review banyo-ve-ev-gerecleri/451029547] page=1 +8 reviews (unique=8)
[2026-04-05T20:21:42.485Z] [INFO] [review banyo-ve-ev-gerecleri/590105505] page=1 +4 reviews (unique=4)
[2026-04-05T20:21:42.582Z] [INFO] [REVIEW SAVED] /mnt/c/Developer/Review_AI/scraper_project/raw_data/banyo-ve-ev-gerecleri/590105505_reviews.json
[2026-04-05T20:21:42.673Z] [INFO] 
[REVIEW WORKER 1] starting banyo-ve-ev-gerecleri/558823700
[2026-04-05T20:21:43.134Z] [INFO] [review banyo-ve-ev-gerecleri/451029547] page=2 +4 reviews (unique=12)
[2026-04-05T20:21:43.321Z] [INFO] [REVIEW SAVED] /mnt/c/Developer/Review_AI/scraper_project/raw_data/banyo-ve-ev-gerecleri/451029547_reviews.json
[2026-04-05T20:21:43.427Z] [INFO] 
[START REVIEW] category=banyo-ve-ev-gerecleri productId=732917312 startPage=1
[2026-04-05T20:21:43.507Z] [INFO] 
[REVIEW WORKER 6] starting banyo-ve-ev-gerecleri/659954541
[2026-04-05T20:21:44.580Z] [INFO] [review banyo-ve-ev-gerecleri/732917312] page=1 +0 reviews (unique=0)
[2026-04-05T20:21:44.633Z] [INFO] [REVIEW SAVED] /mnt/c/Developer/Review_AI/scraper_project/raw_data/banyo-ve-ev-gerecleri/732917312_reviews.json
[2026-04-05T20:21:44.687Z] [INFO] 
[REVIEW WORKER 5] starting banyo-ve-ev-gerecleri/602339482
[2026-04-05T20:21:45.004Z] [INFO] 
[START REVIEW] category=banyo-ve-ev-gerecleri productId=567927318 startPage=1
[2026-04-05T20:21:45.039Z] [INFO] 
[START REVIEW] category=banyo-ve-ev-gerecleri productId=729856241 startPage=1
[2026-04-05T20:21:45.971Z] [INFO] [review banyo-ve-ev-gerecleri/567927318] page=1 +6 reviews (unique=6)
[2026-04-05T20:21:46.005Z] [INFO] [REVIEW SAVED] /mnt/c/Developer/Review_AI/scraper_project/raw_data/banyo-ve-ev-gerecleri/567927318_reviews.json
[2026-04-05T20:21:46.021Z] [INFO] [review banyo-ve-ev-gerecleri/729856241] page=1 +2 reviews (unique=2)
[2026-04-05T20:21:46.048Z] [INFO] [REVIEW SAVED] /mnt/c/Developer/Review_AI/scraper_project/raw_data/banyo-ve-ev-gerecleri/729856241_reviews.json
[2026-04-05T20:21:46.086Z] [INFO] 
[REVIEW WORKER 10] starting banyo-ve-ev-gerecleri/728018681
[2026-04-05T20:21:46.095Z] [INFO] 
[REVIEW WORKER 2] starting banyo-ve-ev-gerecleri/457889877
[2026-04-05T20:21:46.257Z] [INFO] 
[START REVIEW] category=banyo-ve-ev-gerecleri productId=733029764 startPage=1
[2026-04-05T20:21:46.401Z] [INFO] 
[START REVIEW] category=banyo-ve-ev-gerecleri productId=731321537 startPage=1
[2026-04-05T20:21:46.418Z] [INFO] 
[START REVIEW] category=banyo-ve-ev-gerecleri productId=289044169 startPage=1
[2026-04-05T20:21:46.438Z] [INFO] 
[START REVIEW] category=banyo-ve-ev-gerecleri productId=733425167 startPage=1
[2026-04-05T20:21:46.702Z] [INFO] [review banyo-ve-ev-gerecleri/733029764] page=1 +5 reviews (unique=5)
[2026-04-05T20:21:46.733Z] [INFO] [REVIEW SAVED] /mnt/c/Developer/Review_AI/scraper_project/raw_data/banyo-ve-ev-gerecleri/733029764_reviews.json
[2026-04-05T20:21:46.767Z] [INFO] 
[REVIEW WORKER 8] starting banyo-ve-ev-gerecleri/605556474
[2026-04-05T20:21:46.797Z] [INFO] [review banyo-ve-ev-gerecleri/289044169] page=1 +8 reviews (unique=8)
[2026-04-05T20:21:46.808Z] [INFO] [review banyo-ve-ev-gerecleri/731321537] page=1 +0 reviews (unique=0)
[2026-04-05T20:21:46.827Z] [INFO] [REVIEW SAVED] /mnt/c/Developer/Review_AI/scraper_project/raw_data/banyo-ve-ev-gerecleri/731321537_reviews.json
[2026-04-05T20:21:46.894Z] [INFO] 
[REVIEW WORKER 3] starting banyo-ve-ev-gerecleri/514513966
[2026-04-05T20:21:47.055Z] [INFO] [review banyo-ve-ev-gerecleri/733425167] page=1 +6 reviews (unique=6)
[2026-04-05T20:21:47.090Z] [INFO] [REVIEW SAVED] /mnt/c/Developer/Review_AI/scraper_project/raw_data/banyo-ve-ev-gerecleri/733425167_reviews.json
[2026-04-05T20:21:47.147Z] [INFO] 
[REVIEW WORKER 7] starting banyo-ve-ev-gerecleri/465071997
[2026-04-05T20:21:47.506Z] [INFO] [review banyo-ve-ev-gerecleri/289044169] page=2 +4 reviews (unique=12)
[2026-04-05T20:21:47.566Z] [INFO] [REVIEW SAVED] /mnt/c/Developer/Review_AI/scraper_project/raw_data/banyo-ve-ev-gerecleri/289044169_reviews.json
[2026-04-05T20:21:47.619Z] [INFO] 
[REVIEW WORKER 4] starting banyo-ve-ev-gerecleri/727001458
[2026-04-05T20:21:48.390Z] [INFO] 
[START REVIEW] category=banyo-ve-ev-gerecleri productId=547158150 startPage=1
[2026-04-05T20:21:48.855Z] [INFO] [review banyo-ve-ev-gerecleri/547158150] page=1 +7 reviews (unique=7)
[2026-04-05T20:21:48.916Z] [INFO] [REVIEW SAVED] /mnt/c/Developer/Review_AI/scraper_project/raw_data/banyo-ve-ev-gerecleri/547158150_reviews.json
[2026-04-05T20:21:48.959Z] [INFO] 
[REVIEW WORKER 9] starting banyo-ve-ev-gerecleri/316252190
[2026-04-05T20:21:49.171Z] [INFO] 
[START REVIEW] category=banyo-ve-ev-gerecleri productId=659954541 startPage=1
[2026-04-05T20:21:49.358Z] [INFO] 
[START REVIEW] category=banyo-ve-ev-gerecleri productId=558823700 startPage=1
[2026-04-05T20:21:50.840Z] [INFO] 
[START REVIEW] category=banyo-ve-ev-gerecleri productId=602339482 startPage=1
[2026-04-05T20:21:50.896Z] [INFO] [review banyo-ve-ev-gerecleri/558823700] page=1 +8 reviews (unique=8)
[2026-04-05T20:21:50.955Z] [INFO] [review banyo-ve-ev-gerecleri/659954541] page=1 +6 reviews (unique=6)
[2026-04-05T20:21:51.064Z] [INFO] [REVIEW SAVED] /mnt/c/Developer/Review_AI/scraper_project/raw_data/banyo-ve-ev-gerecleri/659954541_reviews.json
[2026-04-05T20:21:51.164Z] [INFO] 
[REVIEW WORKER 6] starting banyo-ve-ev-gerecleri/639609686
[2026-04-05T20:21:51.226Z] [INFO] 
[START REVIEW] category=banyo-ve-ev-gerecleri productId=457889877 startPage=1
[2026-04-05T20:21:51.518Z] [INFO] [review banyo-ve-ev-gerecleri/602339482] page=1 +1 reviews (unique=1)
[2026-04-05T20:21:51.540Z] [INFO] [REVIEW SAVED] /mnt/c/Developer/Review_AI/scraper_project/raw_data/banyo-ve-ev-gerecleri/602339482_reviews.json
[2026-04-05T20:21:51.551Z] [INFO] [review banyo-ve-ev-gerecleri/457889877] page=1 +3 reviews (unique=3)
[2026-04-05T20:21:51.583Z] [INFO] [REVIEW SAVED] /mnt/c/Developer/Review_AI/scraper_project/raw_data/banyo-ve-ev-gerecleri/457889877_reviews.json
[2026-04-05T20:21:51.604Z] [INFO] 
[REVIEW WORKER 5] starting banyo-ve-ev-gerecleri/481880817
[2026-04-05T20:21:51.619Z] [INFO] 
[REVIEW WORKER 2] starting banyo-ve-ev-gerecleri/729856298
[2026-04-05T20:21:52.071Z] [INFO] [review banyo-ve-ev-gerecleri/558823700] page=2 +8 reviews (unique=16)
[2026-04-05T20:21:52.451Z] [INFO] 
[START REVIEW] category=banyo-ve-ev-gerecleri productId=514513966 startPage=1
[2026-04-05T20:21:52.485Z] [INFO] 
[START REVIEW] category=banyo-ve-ev-gerecleri productId=605556474 startPage=1
[2026-04-05T20:21:52.518Z] [INFO] 
[START REVIEW] category=banyo-ve-ev-gerecleri productId=728018681 startPage=1
[2026-04-05T20:21:52.797Z] [INFO] [review banyo-ve-ev-gerecleri/558823700] page=3 +8 reviews (unique=24)
[2026-04-05T20:21:53.052Z] [INFO] [review banyo-ve-ev-gerecleri/514513966] page=1 +5 reviews (unique=5)
[2026-04-05T20:21:53.093Z] [INFO] [REVIEW SAVED] /mnt/c/Developer/Review_AI/scraper_project/raw_data/banyo-ve-ev-gerecleri/514513966_reviews.json
[2026-04-05T20:21:53.129Z] [INFO] 
[REVIEW WORKER 3] starting banyo-ve-ev-gerecleri/732392843
[2026-04-05T20:21:53.236Z] [INFO] [review banyo-ve-ev-gerecleri/605556474] page=1 +4 reviews (unique=4)
[2026-04-05T20:21:53.303Z] [INFO] [REVIEW SAVED] /mnt/c/Developer/Review_AI/scraper_project/raw_data/banyo-ve-ev-gerecleri/605556474_reviews.json
[2026-04-05T20:21:53.318Z] [INFO] [review banyo-ve-ev-gerecleri/728018681] page=1 +0 reviews (unique=0)
[2026-04-05T20:21:53.352Z] [INFO] [REVIEW SAVED] /mnt/c/Developer/Review_AI/scraper_project/raw_data/banyo-ve-ev-gerecleri/728018681_reviews.json
[2026-04-05T20:21:53.378Z] [INFO] 
[START REVIEW] category=banyo-ve-ev-gerecleri productId=465071997 startPage=1
[2026-04-05T20:21:53.412Z] [INFO] 
[REVIEW WORKER 8] starting banyo-ve-ev-gerecleri/736531818
[2026-04-05T20:21:53.432Z] [INFO] 
[REVIEW WORKER 10] starting banyo-ve-ev-gerecleri/546802330
[2026-04-05T20:21:53.629Z] [INFO] [review banyo-ve-ev-gerecleri/558823700] page=4 +8 reviews (unique=32)
[2026-04-05T20:21:53.703Z] [INFO] [review banyo-ve-ev-gerecleri/465071997] page=1 +0 reviews (unique=0)
[2026-04-05T20:21:53.741Z] [INFO] [REVIEW SAVED] /mnt/c/Developer/Review_AI/scraper_project/raw_data/banyo-ve-ev-gerecleri/465071997_reviews.json
[2026-04-05T20:21:53.779Z] [INFO] 
[REVIEW WORKER 7] starting banyo-ve-ev-gerecleri/739112323
[2026-04-05T20:21:53.964Z] [INFO] 
[START REVIEW] category=banyo-ve-ev-gerecleri productId=727001458 startPage=1
[2026-04-05T20:21:54.279Z] [INFO] [review banyo-ve-ev-gerecleri/558823700] page=5 +4 reviews (unique=36)
[2026-04-05T20:21:54.310Z] [INFO] [REVIEW PARTIAL SAVED] /mnt/c/Developer/Review_AI/scraper_project/raw_data/banyo-ve-ev-gerecleri/558823700_reviews.partial.json
[2026-04-05T20:21:54.355Z] [INFO] [REVIEW SAVED] /mnt/c/Developer/Review_AI/scraper_project/raw_data/banyo-ve-ev-gerecleri/558823700_reviews.json
[2026-04-05T20:21:54.432Z] [INFO] 
[REVIEW WORKER 1] starting banyo-ve-ev-gerecleri/670760012
[2026-04-05T20:21:54.495Z] [INFO] [review banyo-ve-ev-gerecleri/727001458] page=1 +0 reviews (unique=0)
[2026-04-05T20:21:54.557Z] [INFO] [REVIEW SAVED] /mnt/c/Developer/Review_AI/scraper_project/raw_data/banyo-ve-ev-gerecleri/727001458_reviews.json
[2026-04-05T20:21:54.659Z] [INFO] 
[REVIEW WORKER 4] starting banyo-ve-ev-gerecleri/405236496
[2026-04-05T20:21:54.991Z] [INFO] 
[START REVIEW] category=banyo-ve-ev-gerecleri productId=316252190 startPage=1
[2026-04-05T20:21:55.687Z] [INFO] [review banyo-ve-ev-gerecleri/316252190] page=1 +8 reviews (unique=8)
[2026-04-05T20:21:56.447Z] [INFO] 
[START REVIEW] category=banyo-ve-ev-gerecleri productId=639609686 startPage=1
[2026-04-05T20:21:56.540Z] [INFO] 
[START REVIEW] category=banyo-ve-ev-gerecleri productId=481880817 startPage=1
[2026-04-05T20:21:57.261Z] [INFO] [review banyo-ve-ev-gerecleri/316252190] page=2 +8 reviews (unique=16)
[2026-04-05T20:21:57.579Z] [INFO] [review banyo-ve-ev-gerecleri/639609686] page=1 +2 reviews (unique=2)
[2026-04-05T20:21:57.609Z] [INFO] [REVIEW SAVED] /mnt/c/Developer/Review_AI/scraper_project/raw_data/banyo-ve-ev-gerecleri/639609686_reviews.json
[2026-04-05T20:21:57.635Z] [INFO] 
[REVIEW WORKER 6] starting banyo-ve-ev-gerecleri/642948581
[2026-04-05T20:21:57.654Z] [INFO] [review banyo-ve-ev-gerecleri/481880817] page=1 +8 reviews (unique=8)
[2026-04-05T20:21:58.301Z] [INFO] [review banyo-ve-ev-gerecleri/316252190] page=3 +8 reviews (unique=24)
[2026-04-05T20:21:58.417Z] [INFO] 
[START REVIEW] category=banyo-ve-ev-gerecleri productId=732392843 startPage=1
[2026-04-05T20:21:58.485Z] [INFO] 
[START REVIEW] category=banyo-ve-ev-gerecleri productId=729856298 startPage=1
[2026-04-05T20:21:58.632Z] [INFO] [review banyo-ve-ev-gerecleri/481880817] page=2 +8 reviews (unique=16)
[2026-04-05T20:21:58.932Z] [INFO] [review banyo-ve-ev-gerecleri/732392843] page=1 +6 reviews (unique=6)
[2026-04-05T20:21:58.947Z] [INFO] [REVIEW SAVED] /mnt/c/Developer/Review_AI/scraper_project/raw_data/banyo-ve-ev-gerecleri/732392843_reviews.json
[2026-04-05T20:21:58.967Z] [INFO] 
[START REVIEW] category=banyo-ve-ev-gerecleri productId=739112323 startPage=1
[2026-04-05T20:21:58.977Z] [INFO] 
[START REVIEW] category=banyo-ve-ev-gerecleri productId=546802330 startPage=1
[2026-04-05T20:21:58.986Z] [INFO] 
[START REVIEW] category=banyo-ve-ev-gerecleri productId=736531818 startPage=1
[2026-04-05T20:21:58.992Z] [INFO] 
[REVIEW WORKER 3] starting banyo-ve-ev-gerecleri/647234220
[2026-04-05T20:21:58.997Z] [INFO] [review banyo-ve-ev-gerecleri/729856298] page=1 +1 reviews (unique=1)
[2026-04-05T20:21:59.015Z] [INFO] [REVIEW SAVED] /mnt/c/Developer/Review_AI/scraper_project/raw_data/banyo-ve-ev-gerecleri/729856298_reviews.json
[2026-04-05T20:21:59.037Z] [INFO] 
[REVIEW WORKER 2] starting banyo-ve-ev-gerecleri/657306036
[2026-04-05T20:21:59.239Z] [INFO] [review banyo-ve-ev-gerecleri/316252190] page=4 +8 reviews (unique=32)
[2026-04-05T20:21:59.540Z] [INFO] [review banyo-ve-ev-gerecleri/481880817] page=3 +8 reviews (unique=24)
[2026-04-05T20:21:59.739Z] [INFO] [review banyo-ve-ev-gerecleri/546802330] page=1 +8 reviews (unique=8)
[2026-04-05T20:21:59.779Z] [INFO] [review banyo-ve-ev-gerecleri/739112323] page=1 +8 reviews (unique=8)
[2026-04-05T20:21:59.957Z] [INFO] [review banyo-ve-ev-gerecleri/316252190] page=5 +8 reviews (unique=40)
[2026-04-05T20:22:00.002Z] [INFO] [REVIEW PARTIAL SAVED] /mnt/c/Developer/Review_AI/scraper_project/raw_data/banyo-ve-ev-gerecleri/316252190_reviews.partial.json
[2026-04-05T20:22:00.058Z] [INFO] [review banyo-ve-ev-gerecleri/736531818] page=1 +7 reviews (unique=7)
[2026-04-05T20:22:00.105Z] [INFO] [REVIEW SAVED] /mnt/c/Developer/Review_AI/scraper_project/raw_data/banyo-ve-ev-gerecleri/736531818_reviews.json
[2026-04-05T20:22:00.170Z] [INFO] 
[REVIEW WORKER 8] starting banyo-ve-ev-gerecleri/730869257
[2026-04-05T20:22:00.352Z] [INFO] [review banyo-ve-ev-gerecleri/481880817] page=4 +8 reviews (unique=32)
[2026-04-05T20:22:00.570Z] [INFO] [review banyo-ve-ev-gerecleri/546802330] page=2 +8 reviews (unique=16)
[2026-04-05T20:22:00.741Z] [INFO] [review banyo-ve-ev-gerecleri/316252190] page=6 +8 reviews (unique=48)
[2026-04-05T20:22:00.897Z] [INFO] [review banyo-ve-ev-gerecleri/739112323] page=2 +8 reviews (unique=16)
[2026-04-05T20:22:01.180Z] [INFO] [review banyo-ve-ev-gerecleri/481880817] page=5 +8 reviews (unique=40)
[2026-04-05T20:22:01.241Z] [INFO] [REVIEW PARTIAL SAVED] /mnt/c/Developer/Review_AI/scraper_project/raw_data/banyo-ve-ev-gerecleri/481880817_reviews.partial.json
[2026-04-05T20:22:01.306Z] [INFO] 
[START REVIEW] category=banyo-ve-ev-gerecleri productId=670760012 startPage=1
[2026-04-05T20:22:01.399Z] [INFO] 
[START REVIEW] category=banyo-ve-ev-gerecleri productId=405236496 startPage=1
[2026-04-05T20:22:01.485Z] [INFO] [review banyo-ve-ev-gerecleri/316252190] page=7 +8 reviews (unique=56)
[2026-04-05T20:22:01.584Z] [INFO] [review banyo-ve-ev-gerecleri/670760012] page=1 +4 reviews (unique=4)
[2026-04-05T20:22:01.607Z] [INFO] [REVIEW SAVED] /mnt/c/Developer/Review_AI/scraper_project/raw_data/banyo-ve-ev-gerecleri/670760012_reviews.json
[2026-04-05T20:22:01.622Z] [INFO] [review banyo-ve-ev-gerecleri/546802330] page=3 +8 reviews (unique=24)
[2026-04-05T20:22:01.650Z] [INFO] 
[REVIEW WORKER 1] starting banyo-ve-ev-gerecleri/599479426
[2026-04-05T20:22:01.673Z] [INFO] [review banyo-ve-ev-gerecleri/739112323] page=3 +4 reviews (unique=20)
[2026-04-05T20:22:01.697Z] [INFO] [REVIEW SAVED] /mnt/c/Developer/Review_AI/scraper_project/raw_data/banyo-ve-ev-gerecleri/739112323_reviews.json
[2026-04-05T20:22:01.760Z] [INFO] 
[REVIEW WORKER 7] starting banyo-ve-ev-gerecleri/678638095
[2026-04-05T20:22:01.766Z] [INFO] [review banyo-ve-ev-gerecleri/405236496] page=1 +8 reviews (unique=8)
[2026-04-05T20:22:01.951Z] [INFO] [review banyo-ve-ev-gerecleri/481880817] page=6 +7 reviews (unique=47)
[2026-04-05T20:22:01.974Z] [INFO] [REVIEW SAVED] /mnt/c/Developer/Review_AI/scraper_project/raw_data/banyo-ve-ev-gerecleri/481880817_reviews.json
[2026-04-05T20:22:02.008Z] [INFO] 
[REVIEW WORKER 5] starting banyo-ve-ev-gerecleri/724209418
[2026-04-05T20:22:02.133Z] [INFO] [review banyo-ve-ev-gerecleri/316252190] page=8 +3 reviews (unique=59)
[2026-04-05T20:22:02.174Z] [INFO] [REVIEW SAVED] /mnt/c/Developer/Review_AI/scraper_project/raw_data/banyo-ve-ev-gerecleri/316252190_reviews.json
[2026-04-05T20:22:02.208Z] [INFO] 
[REVIEW WORKER 9] starting banyo-ve-ev-gerecleri/730214404
[2026-04-05T20:22:02.370Z] [INFO] [review banyo-ve-ev-gerecleri/546802330] page=4 +8 reviews (unique=32)
[2026-04-05T20:22:02.661Z] [INFO] [review banyo-ve-ev-gerecleri/405236496] page=2 +8 reviews (unique=16)
[2026-04-05T20:22:02.916Z] [INFO] 
[START REVIEW] category=banyo-ve-ev-gerecleri productId=642948581 startPage=1
[2026-04-05T20:22:03.006Z] [INFO] [review banyo-ve-ev-gerecleri/546802330] page=5 +8 reviews (unique=40)
[2026-04-05T20:22:03.023Z] [INFO] [REVIEW PARTIAL SAVED] /mnt/c/Developer/Review_AI/scraper_project/raw_data/banyo-ve-ev-gerecleri/546802330_reviews.partial.json
[2026-04-05T20:22:03.347Z] [INFO] [review banyo-ve-ev-gerecleri/405236496] page=3 +1 reviews (unique=17)
[2026-04-05T20:22:03.400Z] [INFO] [REVIEW SAVED] /mnt/c/Developer/Review_AI/scraper_project/raw_data/banyo-ve-ev-gerecleri/405236496_reviews.json
[2026-04-05T20:22:03.424Z] [INFO] [review banyo-ve-ev-gerecleri/642948581] page=1 +8 reviews (unique=8)
[2026-04-05T20:22:03.465Z] [INFO] 
[REVIEW WORKER 4] starting banyo-ve-ev-gerecleri/544045641
[2026-04-05T20:22:03.886Z] [INFO] [review banyo-ve-ev-gerecleri/546802330] page=6 +8 reviews (unique=48)
[2026-04-05T20:22:04.147Z] [INFO] 
[START REVIEW] category=banyo-ve-ev-gerecleri productId=657306036 startPage=1
[2026-04-05T20:22:04.208Z] [INFO] 
[START REVIEW] category=banyo-ve-ev-gerecleri productId=647234220 startPage=1
[2026-04-05T20:22:04.226Z] [INFO] [review banyo-ve-ev-gerecleri/642948581] page=2 +8 reviews (unique=16)
[2026-04-05T20:22:04.720Z] [INFO] [review banyo-ve-ev-gerecleri/546802330] page=7 +1 reviews (unique=49)
[2026-04-05T20:22:04.863Z] [INFO] [REVIEW SAVED] /mnt/c/Developer/Review_AI/scraper_project/raw_data/banyo-ve-ev-gerecleri/546802330_reviews.json
[2026-04-05T20:22:04.908Z] [INFO] 
[START REVIEW] category=banyo-ve-ev-gerecleri productId=730869257 startPage=1
[2026-04-05T20:22:04.990Z] [INFO] [review banyo-ve-ev-gerecleri/657306036] page=1 +5 reviews (unique=5)
[2026-04-05T20:22:05.221Z] [INFO] [REVIEW SAVED] /mnt/c/Developer/Review_AI/scraper_project/raw_data/banyo-ve-ev-gerecleri/657306036_reviews.json
[2026-04-05T20:22:05.264Z] [INFO] [review banyo-ve-ev-gerecleri/647234220] page=1 +8 reviews (unique=8)
[2026-04-05T20:22:05.339Z] [INFO] [REVIEW SAVED] /mnt/c/Developer/Review_AI/scraper_project/raw_data/banyo-ve-ev-gerecleri/647234220_reviews.json
[2026-04-05T20:22:05.401Z] [INFO] 
[REVIEW WORKER 10] starting banyo-ve-ev-gerecleri/714820253
[2026-04-05T20:22:05.434Z] [INFO] 
[REVIEW WORKER 3] starting banyo-ve-ev-gerecleri/577429827
[2026-04-05T20:22:05.465Z] [INFO] 
[REVIEW WORKER 2] starting banyo-ve-ev-gerecleri/709686405
[2026-04-05T20:22:05.483Z] [INFO] [review banyo-ve-ev-gerecleri/642948581] page=3 +8 reviews (unique=24)
[2026-04-05T20:22:05.724Z] [INFO] [review banyo-ve-ev-gerecleri/730869257] page=1 +0 reviews (unique=0)
[2026-04-05T20:22:05.753Z] [INFO] [REVIEW SAVED] /mnt/c/Developer/Review_AI/scraper_project/raw_data/banyo-ve-ev-gerecleri/730869257_reviews.json
[2026-04-05T20:22:05.834Z] [INFO] 
[REVIEW WORKER 8] starting banyo-ve-ev-gerecleri/719467400
[2026-04-05T20:22:06.271Z] [INFO] [review banyo-ve-ev-gerecleri/642948581] page=4 +8 reviews (unique=32)
[2026-04-05T20:22:06.896Z] [INFO] 
[START REVIEW] category=banyo-ve-ev-gerecleri productId=678638095 startPage=1
[2026-04-05T20:22:06.955Z] [INFO] [review banyo-ve-ev-gerecleri/642948581] page=5 +8 reviews (unique=40)
[2026-04-05T20:22:06.973Z] [INFO] [REVIEW PARTIAL SAVED] /mnt/c/Developer/Review_AI/scraper_project/raw_data/banyo-ve-ev-gerecleri/642948581_reviews.partial.json
[2026-04-05T20:22:07.087Z] [INFO] 
[START REVIEW] category=banyo-ve-ev-gerecleri productId=599479426 startPage=1
[2026-04-05T20:22:07.163Z] [INFO] 
[START REVIEW] category=banyo-ve-ev-gerecleri productId=724209418 startPage=1
[2026-04-05T20:22:07.607Z] [INFO] [review banyo-ve-ev-gerecleri/724209418] page=1 +0 reviews (unique=0)
[2026-04-05T20:22:07.657Z] [INFO] [REVIEW SAVED] /mnt/c/Developer/Review_AI/scraper_project/raw_data/banyo-ve-ev-gerecleri/724209418_reviews.json
[2026-04-05T20:22:07.696Z] [INFO] 
[REVIEW WORKER 5] starting banyo-ve-ev-gerecleri/395829789
[2026-04-05T20:22:07.720Z] [INFO] 
[START REVIEW] category=banyo-ve-ev-gerecleri productId=730214404 startPage=1
[2026-04-05T20:22:07.741Z] [INFO] [review banyo-ve-ev-gerecleri/642948581] page=6 +5 reviews (unique=45)
[2026-04-05T20:22:07.831Z] [INFO] [REVIEW SAVED] /mnt/c/Developer/Review_AI/scraper_project/raw_data/banyo-ve-ev-gerecleri/642948581_reviews.json
[2026-04-05T20:22:07.846Z] [INFO] [review banyo-ve-ev-gerecleri/599479426] page=1 +1 reviews (unique=1)
[2026-04-05T20:22:07.921Z] [INFO] [REVIEW SAVED] /mnt/c/Developer/Review_AI/scraper_project/raw_data/banyo-ve-ev-gerecleri/599479426_reviews.json
[2026-04-05T20:22:07.936Z] [INFO] [review banyo-ve-ev-gerecleri/678638095] page=1 +1 reviews (unique=1)
[2026-04-05T20:22:08.009Z] [INFO] [REVIEW SAVED] /mnt/c/Developer/Review_AI/scraper_project/raw_data/banyo-ve-ev-gerecleri/678638095_reviews.json
[2026-04-05T20:22:08.142Z] [INFO] 
[REVIEW WORKER 1] starting banyo-ve-ev-gerecleri/597934382
[2026-04-05T20:22:08.171Z] [INFO] 
[REVIEW WORKER 6] starting banyo-ve-ev-gerecleri/459375662
[2026-04-05T20:22:08.213Z] [INFO] 
[REVIEW WORKER 7] starting banyo-ve-ev-gerecleri/634778596
[2026-04-05T20:22:08.297Z] [INFO] 
[START REVIEW] category=banyo-ve-ev-gerecleri productId=544045641 startPage=1
[2026-04-05T20:22:08.601Z] [INFO] [review banyo-ve-ev-gerecleri/730214404] page=1 +8 reviews (unique=8)
[2026-04-05T20:22:09.147Z] [INFO] [review banyo-ve-ev-gerecleri/544045641] page=1 +8 reviews (unique=8)
[2026-04-05T20:22:09.708Z] [INFO] [review banyo-ve-ev-gerecleri/730214404] page=2 +8 reviews (unique=16)
[2026-04-05T20:22:09.953Z] [INFO] [review banyo-ve-ev-gerecleri/544045641] page=2 +6 reviews (unique=14)
[2026-04-05T20:22:09.977Z] [INFO] [REVIEW SAVED] /mnt/c/Developer/Review_AI/scraper_project/raw_data/banyo-ve-ev-gerecleri/544045641_reviews.json
[2026-04-05T20:22:10.016Z] [INFO] 
[REVIEW WORKER 4] starting banyo-ve-ev-gerecleri/733670440
[2026-04-05T20:22:10.496Z] [INFO] [review banyo-ve-ev-gerecleri/730214404] page=3 +8 reviews (unique=24)
[2026-04-05T20:22:11.005Z] [INFO] 
[START REVIEW] category=banyo-ve-ev-gerecleri productId=714820253 startPage=1
[2026-04-05T20:22:11.226Z] [INFO] [review banyo-ve-ev-gerecleri/730214404] page=4 +8 reviews (unique=32)
[2026-04-05T20:22:11.267Z] [INFO] 
[START REVIEW] category=banyo-ve-ev-gerecleri productId=577429827 startPage=1
[2026-04-05T20:22:11.345Z] [INFO] [review banyo-ve-ev-gerecleri/714820253] page=1 +7 reviews (unique=7)
[2026-04-05T20:22:11.360Z] [INFO] [REVIEW SAVED] /mnt/c/Developer/Review_AI/scraper_project/raw_data/banyo-ve-ev-gerecleri/714820253_reviews.json
[2026-04-05T20:22:11.386Z] [INFO] 
[REVIEW WORKER 10] starting banyo-ve-ev-gerecleri/726204380
[2026-04-05T20:22:11.515Z] [INFO] 
[START REVIEW] category=banyo-ve-ev-gerecleri productId=719467400 startPage=1
[2026-04-05T20:22:11.532Z] [INFO] 
[START REVIEW] category=banyo-ve-ev-gerecleri productId=709686405 startPage=1
[2026-04-05T20:22:11.538Z] [INFO] [review banyo-ve-ev-gerecleri/577429827] page=1 +8 reviews (unique=8)
[2026-04-05T20:22:11.822Z] [INFO] [review banyo-ve-ev-gerecleri/709686405] page=1 +8 reviews (unique=8)
[2026-04-05T20:22:11.843Z] [INFO] [review banyo-ve-ev-gerecleri/719467400] page=1 +1 reviews (unique=1)
[2026-04-05T20:22:11.879Z] [INFO] [REVIEW SAVED] /mnt/c/Developer/Review_AI/scraper_project/raw_data/banyo-ve-ev-gerecleri/719467400_reviews.json
[2026-04-05T20:22:11.919Z] [INFO] 
[REVIEW WORKER 8] starting banyo-ve-ev-gerecleri/599375181
[2026-04-05T20:22:12.074Z] [INFO] [review banyo-ve-ev-gerecleri/730214404] page=5 +8 reviews (unique=40)
[2026-04-05T20:22:12.114Z] [INFO] [REVIEW PARTIAL SAVED] /mnt/c/Developer/Review_AI/scraper_project/raw_data/banyo-ve-ev-gerecleri/730214404_reviews.partial.json
[2026-04-05T20:22:12.580Z] [INFO] [review banyo-ve-ev-gerecleri/577429827] page=2 +6 reviews (unique=14)
[2026-04-05T20:22:12.658Z] [INFO] [REVIEW SAVED] /mnt/c/Developer/Review_AI/scraper_project/raw_data/banyo-ve-ev-gerecleri/577429827_reviews.json
[2026-04-05T20:22:12.683Z] [INFO] [review banyo-ve-ev-gerecleri/709686405] page=2 +6 reviews (unique=14)
[2026-04-05T20:22:12.747Z] [INFO] [REVIEW SAVED] /mnt/c/Developer/Review_AI/scraper_project/raw_data/banyo-ve-ev-gerecleri/709686405_reviews.json
[2026-04-05T20:22:12.776Z] [INFO] 
[REVIEW WORKER 3] starting banyo-ve-ev-gerecleri/728018608
[2026-04-05T20:22:12.824Z] [INFO] 
[REVIEW WORKER 2] starting banyo-ve-ev-gerecleri/577720474
[2026-04-05T20:22:13.289Z] [INFO] [review banyo-ve-ev-gerecleri/730214404] page=6 +8 reviews (unique=48)
[2026-04-05T20:22:13.430Z] [INFO] 
[START REVIEW] category=banyo-ve-ev-gerecleri productId=634778596 startPage=1
[2026-04-05T20:22:13.514Z] [INFO] 
[START REVIEW] category=banyo-ve-ev-gerecleri productId=597934382 startPage=1
[2026-04-05T20:22:13.560Z] [INFO] 
[START REVIEW] category=banyo-ve-ev-gerecleri productId=459375662 startPage=1
[2026-04-05T20:22:13.636Z] [INFO] 
[START REVIEW] category=banyo-ve-ev-gerecleri productId=395829789 startPage=1
[2026-04-05T20:22:14.004Z] [INFO] [review banyo-ve-ev-gerecleri/730214404] page=7 +8 reviews (unique=56)
[2026-04-05T20:22:14.176Z] [INFO] [review banyo-ve-ev-gerecleri/395829789] page=1 +8 reviews (unique=8)
[2026-04-05T20:22:14.207Z] [INFO] [REVIEW SAVED] /mnt/c/Developer/Review_AI/scraper_project/raw_data/banyo-ve-ev-gerecleri/395829789_reviews.json
[2026-04-05T20:22:14.240Z] [INFO] 
[REVIEW WORKER 5] starting banyo-ve-ev-gerecleri/678655333
[2026-04-05T20:22:14.280Z] [INFO] [review banyo-ve-ev-gerecleri/634778596] page=1 +0 reviews (unique=0)
[2026-04-05T20:22:14.314Z] [INFO] [REVIEW SAVED] /mnt/c/Developer/Review_AI/scraper_project/raw_data/banyo-ve-ev-gerecleri/634778596_reviews.json
[2026-04-05T20:22:14.319Z] [INFO] [review banyo-ve-ev-gerecleri/459375662] page=1 +2 reviews (unique=2)
[2026-04-05T20:22:14.336Z] [INFO] [REVIEW SAVED] /mnt/c/Developer/Review_AI/scraper_project/raw_data/banyo-ve-ev-gerecleri/459375662_reviews.json
[2026-04-05T20:22:14.349Z] [INFO] [review banyo-ve-ev-gerecleri/597934382] page=1 +8 reviews (unique=8)
[2026-04-05T20:22:14.417Z] [INFO] [REVIEW SAVED] /mnt/c/Developer/Review_AI/scraper_project/raw_data/banyo-ve-ev-gerecleri/597934382_reviews.json
[2026-04-05T20:22:14.429Z] [INFO] 
[REVIEW WORKER 7] starting banyo-ve-ev-gerecleri/643310337
[2026-04-05T20:22:14.441Z] [INFO] 
[REVIEW WORKER 6] starting banyo-ve-ev-gerecleri/692855094
[2026-04-05T20:22:14.471Z] [INFO] 
[REVIEW WORKER 1] starting banyo-ve-ev-gerecleri/471007529
[2026-04-05T20:22:14.680Z] [INFO] [review banyo-ve-ev-gerecleri/730214404] page=8 +8 reviews (unique=64)
[2026-04-05T20:22:14.940Z] [INFO] 
[START REVIEW] category=banyo-ve-ev-gerecleri productId=733670440 startPage=1
[2026-04-05T20:22:15.233Z] [INFO] [review banyo-ve-ev-gerecleri/733670440] page=1 +1 reviews (unique=1)
[2026-04-05T20:22:15.248Z] [INFO] [REVIEW SAVED] /mnt/c/Developer/Review_AI/scraper_project/raw_data/banyo-ve-ev-gerecleri/733670440_reviews.json
[2026-04-05T20:22:15.268Z] [INFO] 
[REVIEW WORKER 4] starting banyo-ve-ev-gerecleri/698736455
[2026-04-05T20:22:15.420Z] [INFO] [review banyo-ve-ev-gerecleri/730214404] page=9 +8 reviews (unique=72)
[2026-04-05T20:22:16.043Z] [INFO] [review banyo-ve-ev-gerecleri/730214404] page=10 +8 reviews (unique=80)
[2026-04-05T20:22:16.068Z] [INFO] [REVIEW PARTIAL SAVED] /mnt/c/Developer/Review_AI/scraper_project/raw_data/banyo-ve-ev-gerecleri/730214404_reviews.partial.json
[2026-04-05T20:22:16.229Z] [INFO] 
[START REVIEW] category=banyo-ve-ev-gerecleri productId=726204380 startPage=1
[2026-04-05T20:22:16.814Z] [INFO] [review banyo-ve-ev-gerecleri/726204380] page=1 +1 reviews (unique=1)
[2026-04-05T20:22:16.880Z] [INFO] [REVIEW SAVED] /mnt/c/Developer/Review_AI/scraper_project/raw_data/banyo-ve-ev-gerecleri/726204380_reviews.json
[2026-04-05T20:22:16.900Z] [INFO] [review banyo-ve-ev-gerecleri/730214404] page=11 +8 reviews (unique=88)
[2026-04-05T20:22:16.961Z] [INFO] 
[REVIEW WORKER 10] starting banyo-ve-ev-gerecleri/676323018
[2026-04-05T20:22:17.474Z] [INFO] 
[START REVIEW] category=banyo-ve-ev-gerecleri productId=599375181 startPage=1
[2026-04-05T20:22:18.191Z] [INFO] [review banyo-ve-ev-gerecleri/730214404] page=12 +8 reviews (unique=96)
[2026-04-05T20:22:18.316Z] [INFO] 
[START REVIEW] category=banyo-ve-ev-gerecleri productId=577720474 startPage=1
[2026-04-05T20:22:18.780Z] [INFO] [review banyo-ve-ev-gerecleri/599375181] page=1 +8 reviews (unique=8)
[2026-04-05T20:22:18.874Z] [INFO] [REVIEW SAVED] /mnt/c/Developer/Review_AI/scraper_project/raw_data/banyo-ve-ev-gerecleri/599375181_reviews.json
[2026-04-05T20:22:18.926Z] [INFO] 
[REVIEW WORKER 8] starting banyo-ve-ev-gerecleri/641843687
[2026-04-05T20:22:19.012Z] [INFO] 
[START REVIEW] category=banyo-ve-ev-gerecleri productId=728018608 startPage=1
[2026-04-05T20:22:19.204Z] [INFO] [review banyo-ve-ev-gerecleri/577720474] page=1 +2 reviews (unique=2)
[2026-04-05T20:22:19.333Z] [INFO] [REVIEW SAVED] /mnt/c/Developer/Review_AI/scraper_project/raw_data/banyo-ve-ev-gerecleri/577720474_reviews.json
[2026-04-05T20:22:19.415Z] [INFO] 
[REVIEW WORKER 2] starting banyo-ve-ev-gerecleri/674960444
[2026-04-05T20:22:19.636Z] [INFO] [review banyo-ve-ev-gerecleri/730214404] page=13 +8 reviews (unique=104)
[2026-04-05T20:22:20.127Z] [INFO] [review banyo-ve-ev-gerecleri/728018608] page=1 +5 reviews (unique=5)
[2026-04-05T20:22:20.164Z] [INFO] [REVIEW SAVED] /mnt/c/Developer/Review_AI/scraper_project/raw_data/banyo-ve-ev-gerecleri/728018608_reviews.json
[2026-04-05T20:22:20.204Z] [INFO] 
[REVIEW WORKER 3] starting banyo-ve-ev-gerecleri/674881297
[2026-04-05T20:22:20.354Z] [INFO] [review banyo-ve-ev-gerecleri/730214404] page=14 +8 reviews (unique=112)
[2026-04-05T20:22:21.202Z] [INFO] 
[START REVIEW] category=banyo-ve-ev-gerecleri productId=643310337 startPage=1
[2026-04-05T20:22:21.363Z] [INFO] [review banyo-ve-ev-gerecleri/730214404] page=15 +8 reviews (unique=120)
[2026-04-05T20:22:21.386Z] [INFO] [REVIEW PARTIAL SAVED] /mnt/c/Developer/Review_AI/scraper_project/raw_data/banyo-ve-ev-gerecleri/730214404_reviews.partial.json
[2026-04-05T20:22:21.479Z] [INFO] [review banyo-ve-ev-gerecleri/643310337] page=1 +8 reviews (unique=8)
[2026-04-05T20:22:21.530Z] [INFO] 
[START REVIEW] category=banyo-ve-ev-gerecleri productId=692855094 startPage=1
[2026-04-05T20:22:21.582Z] [INFO] 
[START REVIEW] category=banyo-ve-ev-gerecleri productId=471007529 startPage=1
[2026-04-05T20:22:21.635Z] [INFO] 
[START REVIEW] category=banyo-ve-ev-gerecleri productId=678655333 startPage=1
[2026-04-05T20:22:21.939Z] [INFO] 
[START REVIEW] category=banyo-ve-ev-gerecleri productId=698736455 startPage=1
[2026-04-05T20:22:21.969Z] [INFO] [review banyo-ve-ev-gerecleri/471007529] page=1 +2 reviews (unique=2)
[2026-04-05T20:22:22.011Z] [INFO] [REVIEW SAVED] /mnt/c/Developer/Review_AI/scraper_project/raw_data/banyo-ve-ev-gerecleri/471007529_reviews.json
[2026-04-05T20:22:22.072Z] [INFO] 
[REVIEW WORKER 1] starting banyo-ve-ev-gerecleri/644752482
[2026-04-05T20:22:22.182Z] [INFO] [review banyo-ve-ev-gerecleri/678655333] page=1 +0 reviews (unique=0)
[2026-04-05T20:22:22.228Z] [INFO] [REVIEW SAVED] /mnt/c/Developer/Review_AI/scraper_project/raw_data/banyo-ve-ev-gerecleri/678655333_reviews.json
[2026-04-05T20:22:22.242Z] [INFO] [review banyo-ve-ev-gerecleri/692855094] page=1 +2 reviews (unique=2)
[2026-04-05T20:22:22.311Z] [INFO] [REVIEW SAVED] /mnt/c/Developer/Review_AI/scraper_project/raw_data/banyo-ve-ev-gerecleri/692855094_reviews.json
[2026-04-05T20:22:22.369Z] [INFO] 
[REVIEW WORKER 5] starting banyo-ve-ev-gerecleri/577314405
[2026-04-05T20:22:22.390Z] [INFO] 
[REVIEW WORKER 6] starting banyo-ve-ev-gerecleri/525845817
[2026-04-05T20:22:22.448Z] [INFO] [review banyo-ve-ev-gerecleri/730214404] page=16 +8 reviews (unique=128)
[2026-04-05T20:22:22.546Z] [INFO] [review banyo-ve-ev-gerecleri/698736455] page=1 +8 reviews (unique=8)
[2026-04-05T20:22:22.608Z] [INFO] [review banyo-ve-ev-gerecleri/643310337] page=2 +3 reviews (unique=11)
[2026-04-05T20:22:22.658Z] [INFO] [REVIEW SAVED] /mnt/c/Developer/Review_AI/scraper_project/raw_data/banyo-ve-ev-gerecleri/643310337_reviews.json
[2026-04-05T20:22:22.721Z] [INFO] 
[REVIEW WORKER 7] starting banyo-ve-ev-gerecleri/587445491
[2026-04-05T20:22:23.022Z] [INFO] 
[START REVIEW] category=banyo-ve-ev-gerecleri productId=676323018 startPage=1
[2026-04-05T20:22:23.169Z] [INFO] [review banyo-ve-ev-gerecleri/730214404] page=17 +8 reviews (unique=136)
[2026-04-05T20:22:23.857Z] [INFO] [review banyo-ve-ev-gerecleri/698736455] page=2 +8 reviews (unique=16)
[2026-04-05T20:22:23.883Z] [INFO] [review banyo-ve-ev-gerecleri/676323018] page=1 +3 reviews (unique=3)
[2026-04-05T20:22:23.924Z] [INFO] [REVIEW SAVED] /mnt/c/Developer/Review_AI/scraper_project/raw_data/banyo-ve-ev-gerecleri/676323018_reviews.json
[2026-04-05T20:22:23.961Z] [INFO] 
[REVIEW WORKER 10] starting banyo-ve-ev-gerecleri/730455480
[2026-04-05T20:22:24.223Z] [INFO] [review banyo-ve-ev-gerecleri/730214404] page=18 +8 reviews (unique=144)
[2026-04-05T20:22:24.429Z] [INFO] 
[START REVIEW] category=banyo-ve-ev-gerecleri productId=641843687 startPage=1
[2026-04-05T20:22:24.872Z] [INFO] [review banyo-ve-ev-gerecleri/641843687] page=1 +8 reviews (unique=8)
[2026-04-05T20:22:24.909Z] [INFO] [review banyo-ve-ev-gerecleri/698736455] page=3 +1 reviews (unique=17)
[2026-04-05T20:22:24.933Z] [INFO] [REVIEW SAVED] /mnt/c/Developer/Review_AI/scraper_project/raw_data/banyo-ve-ev-gerecleri/698736455_reviews.json
[2026-04-05T20:22:24.949Z] [INFO] 
[REVIEW WORKER 4] starting banyo-ve-ev-gerecleri/569082234
[2026-04-05T20:22:25.042Z] [INFO] [review banyo-ve-ev-gerecleri/730214404] page=19 +8 reviews (unique=152)
[2026-04-05T20:22:25.480Z] [INFO] 
[START REVIEW] category=banyo-ve-ev-gerecleri productId=674960444 startPage=1
[2026-04-05T20:22:25.524Z] [INFO] 
[START REVIEW] category=banyo-ve-ev-gerecleri productId=674881297 startPage=1
[2026-04-05T20:22:25.533Z] [INFO] [review banyo-ve-ev-gerecleri/641843687] page=2 +8 reviews (unique=16)
[2026-04-05T20:22:25.834Z] [INFO] [review banyo-ve-ev-gerecleri/674881297] page=1 +1 reviews (unique=1)
[2026-04-05T20:22:25.871Z] [INFO] [REVIEW SAVED] /mnt/c/Developer/Review_AI/scraper_project/raw_data/banyo-ve-ev-gerecleri/674881297_reviews.json
[2026-04-05T20:22:25.891Z] [INFO] [review banyo-ve-ev-gerecleri/674960444] page=1 +8 reviews (unique=8)
[2026-04-05T20:22:25.921Z] [INFO] 
[REVIEW WORKER 3] starting banyo-ve-ev-gerecleri/730794012
[2026-04-05T20:22:26.481Z] [INFO] [review banyo-ve-ev-gerecleri/641843687] page=3 +8 reviews (unique=24)
[2026-04-05T20:22:26.518Z] [INFO] [REVIEW SAVED] /mnt/c/Developer/Review_AI/scraper_project/raw_data/banyo-ve-ev-gerecleri/641843687_reviews.json
[2026-04-05T20:22:26.563Z] [INFO] 
[REVIEW WORKER 8] starting banyo-ve-ev-gerecleri/723819920
[2026-04-05T20:22:26.848Z] [INFO] [review banyo-ve-ev-gerecleri/674960444] page=2 +8 reviews (unique=16)
[2026-04-05T20:22:27.114Z] [INFO] 
[START REVIEW] category=banyo-ve-ev-gerecleri productId=587445491 startPage=1
[2026-04-05T20:22:27.157Z] [INFO] 
[START REVIEW] category=banyo-ve-ev-gerecleri productId=577314405 startPage=1
[2026-04-05T20:22:27.308Z] [INFO] 
[START REVIEW] category=banyo-ve-ev-gerecleri productId=644752482 startPage=1
[2026-04-05T20:22:27.473Z] [INFO] 
[START REVIEW] category=banyo-ve-ev-gerecleri productId=525845817 startPage=1
[2026-04-05T20:22:27.716Z] [INFO] [review banyo-ve-ev-gerecleri/674960444] page=3 +8 reviews (unique=24)
[2026-04-05T20:22:28.182Z] [INFO] [review banyo-ve-ev-gerecleri/577314405] page=1 +2 reviews (unique=2)
[2026-04-05T20:22:28.207Z] [INFO] [REVIEW SAVED] /mnt/c/Developer/Review_AI/scraper_project/raw_data/banyo-ve-ev-gerecleri/577314405_reviews.json
[2026-04-05T20:22:28.233Z] [INFO] 
[REVIEW WORKER 5] starting banyo-ve-ev-gerecleri/557767910
[2026-04-05T20:22:28.244Z] [INFO] [review banyo-ve-ev-gerecleri/587445491] page=1 +7 reviews (unique=7)
[2026-04-05T20:22:28.288Z] [INFO] [REVIEW SAVED] /mnt/c/Developer/Review_AI/scraper_project/raw_data/banyo-ve-ev-gerecleri/587445491_reviews.json
[2026-04-05T20:22:28.329Z] [INFO] 
[REVIEW WORKER 7] starting banyo-ve-ev-gerecleri/586827011
[2026-04-05T20:22:28.400Z] [INFO] [review banyo-ve-ev-gerecleri/525845817] page=1 +2 reviews (unique=2)
[2026-04-05T20:22:28.452Z] [INFO] [REVIEW SAVED] /mnt/c/Developer/Review_AI/scraper_project/raw_data/banyo-ve-ev-gerecleri/525845817_reviews.json
[2026-04-05T20:22:28.464Z] [INFO] [review banyo-ve-ev-gerecleri/644752482] page=1 +8 reviews (unique=8)
[2026-04-05T20:22:28.480Z] [INFO] [review banyo-ve-ev-gerecleri/674960444] page=4 +8 reviews (unique=32)
[2026-04-05T20:22:28.500Z] [INFO] 
[REVIEW WORKER 6] starting banyo-ve-ev-gerecleri/729933272
[2026-04-05T20:22:29.147Z] [INFO] [review banyo-ve-ev-gerecleri/644752482] page=2 +8 reviews (unique=16)
[2026-04-05T20:22:29.161Z] [INFO] [REVIEW SAVED] /mnt/c/Developer/Review_AI/scraper_project/raw_data/banyo-ve-ev-gerecleri/644752482_reviews.json
[2026-04-05T20:22:29.166Z] [INFO] [review banyo-ve-ev-gerecleri/674960444] page=5 +8 reviews (unique=40)
[2026-04-05T20:22:29.185Z] [INFO] [REVIEW PARTIAL SAVED] /mnt/c/Developer/Review_AI/scraper_project/raw_data/banyo-ve-ev-gerecleri/674960444_reviews.partial.json
[2026-04-05T20:22:29.205Z] [INFO] 
[REVIEW WORKER 1] starting banyo-ve-ev-gerecleri/596382992
[2026-04-05T20:22:29.299Z] [INFO] [review banyo-ve-ev-gerecleri/730214404] page=20 +8 reviews (unique=160)
[2026-04-05T20:22:29.320Z] [INFO] [REVIEW PARTIAL SAVED] /mnt/c/Developer/Review_AI/scraper_project/raw_data/banyo-ve-ev-gerecleri/730214404_reviews.partial.json
[2026-04-05T20:22:29.706Z] [INFO] 
[START REVIEW] category=banyo-ve-ev-gerecleri productId=730455480 startPage=1
[2026-04-05T20:22:30.135Z] [INFO] [review banyo-ve-ev-gerecleri/730214404] page=21 +8 reviews (unique=168)
[2026-04-05T20:22:30.164Z] [INFO] 
[START REVIEW] category=banyo-ve-ev-gerecleri productId=569082234 startPage=1
[2026-04-05T20:22:30.247Z] [INFO] [review banyo-ve-ev-gerecleri/730455480] page=1 +1 reviews (unique=1)
[2026-04-05T20:22:30.299Z] [INFO] [REVIEW SAVED] /mnt/c/Developer/Review_AI/scraper_project/raw_data/banyo-ve-ev-gerecleri/730455480_reviews.json
[2026-04-05T20:22:30.335Z] [INFO] 
[REVIEW WORKER 10] starting banyo-ve-ev-gerecleri/731065102
[2026-04-05T20:22:30.438Z] [INFO] [review banyo-ve-ev-gerecleri/674960444] page=6 +8 reviews (unique=48)
[2026-04-05T20:22:30.805Z] [INFO] [review banyo-ve-ev-gerecleri/730214404] page=22 +8 reviews (unique=176)
[2026-04-05T20:22:31.104Z] [INFO] [review banyo-ve-ev-gerecleri/569082234] page=1 +8 reviews (unique=8)
[2026-04-05T20:22:31.165Z] [INFO] [review banyo-ve-ev-gerecleri/674960444] page=7 +8 reviews (unique=56)
[2026-04-05T20:22:31.429Z] [INFO] 
[START REVIEW] category=banyo-ve-ev-gerecleri productId=730794012 startPage=1
[2026-04-05T20:22:31.746Z] [INFO] [review banyo-ve-ev-gerecleri/730214404] page=23 +8 reviews (unique=184)
[2026-04-05T20:22:32.038Z] [INFO] [review banyo-ve-ev-gerecleri/674960444] page=8 +8 reviews (unique=64)
[2026-04-05T20:22:32.098Z] [INFO] [review banyo-ve-ev-gerecleri/569082234] page=2 +8 reviews (unique=16)
[2026-04-05T20:22:32.144Z] [INFO] 
[START REVIEW] category=banyo-ve-ev-gerecleri productId=723819920 startPage=1
[2026-04-05T20:22:32.344Z] [INFO] [review banyo-ve-ev-gerecleri/730794012] page=1 +0 reviews (unique=0)
[2026-04-05T20:22:32.370Z] [INFO] [REVIEW SAVED] /mnt/c/Developer/Review_AI/scraper_project/raw_data/banyo-ve-ev-gerecleri/730794012_reviews.json
[2026-04-05T20:22:32.411Z] [INFO] 
[REVIEW WORKER 3] starting banyo-ve-ev-gerecleri/440499775
[2026-04-05T20:22:32.581Z] [INFO] [review banyo-ve-ev-gerecleri/723819920] page=1 +8 reviews (unique=8)
[2026-04-05T20:22:32.631Z] [INFO] [review banyo-ve-ev-gerecleri/730214404] page=24 +8 reviews (unique=192)
[2026-04-05T20:22:32.826Z] [INFO] [review banyo-ve-ev-gerecleri/674960444] page=9 +8 reviews (unique=72)
[2026-04-05T20:22:32.911Z] [INFO] [review banyo-ve-ev-gerecleri/569082234] page=3 +6 reviews (unique=22)
[2026-04-05T20:22:32.960Z] [INFO] [REVIEW SAVED] /mnt/c/Developer/Review_AI/scraper_project/raw_data/banyo-ve-ev-gerecleri/569082234_reviews.json
[2026-04-05T20:22:32.996Z] [INFO] 
[REVIEW WORKER 4] starting banyo-ve-ev-gerecleri/571317042
[2026-04-05T20:22:33.189Z] [INFO] 
[START REVIEW] category=banyo-ve-ev-gerecleri productId=586827011 startPage=1
[2026-04-05T20:22:33.217Z] [INFO] [review banyo-ve-ev-gerecleri/723819920] page=2 +5 reviews (unique=13)
[2026-04-05T20:22:33.242Z] [INFO] [REVIEW SAVED] /mnt/c/Developer/Review_AI/scraper_project/raw_data/banyo-ve-ev-gerecleri/723819920_reviews.json
[2026-04-05T20:22:33.282Z] [INFO] 
[START REVIEW] category=banyo-ve-ev-gerecleri productId=557767910 startPage=1
[2026-04-05T20:22:33.289Z] [INFO] 
[REVIEW WORKER 8] starting banyo-ve-ev-gerecleri/678637266
[2026-04-05T20:22:33.363Z] [INFO] 
[START REVIEW] category=banyo-ve-ev-gerecleri productId=729933272 startPage=1
[2026-04-05T20:22:33.391Z] [INFO] [review banyo-ve-ev-gerecleri/730214404] page=25 +8 reviews (unique=200)
[2026-04-05T20:22:33.442Z] [INFO] [REVIEW PARTIAL SAVED] /mnt/c/Developer/Review_AI/scraper_project/raw_data/banyo-ve-ev-gerecleri/730214404_reviews.partial.json
[2026-04-05T20:22:33.495Z] [INFO] [review banyo-ve-ev-gerecleri/586827011] page=1 +5 reviews (unique=5)
[2026-04-05T20:22:33.523Z] [INFO] [REVIEW SAVED] /mnt/c/Developer/Review_AI/scraper_project/raw_data/banyo-ve-ev-gerecleri/586827011_reviews.json
[2026-04-05T20:22:33.549Z] [INFO] 
[REVIEW WORKER 7] starting banyo-ve-ev-gerecleri/318249530
[2026-04-05T20:22:33.560Z] [INFO] [review banyo-ve-ev-gerecleri/674960444] page=10 +8 reviews (unique=80)
[2026-04-05T20:22:33.577Z] [INFO] [REVIEW PARTIAL SAVED] /mnt/c/Developer/Review_AI/scraper_project/raw_data/banyo-ve-ev-gerecleri/674960444_reviews.partial.json
[2026-04-05T20:22:33.587Z] [INFO] [review banyo-ve-ev-gerecleri/557767910] page=1 +8 reviews (unique=8)
[2026-04-05T20:22:33.650Z] [INFO] [review banyo-ve-ev-gerecleri/729933272] page=1 +1 reviews (unique=1)
[2026-04-05T20:22:33.679Z] [INFO] [REVIEW SAVED] /mnt/c/Developer/Review_AI/scraper_project/raw_data/banyo-ve-ev-gerecleri/729933272_reviews.json
[2026-04-05T20:22:33.718Z] [INFO] 
[REVIEW WORKER 6] starting banyo-ve-ev-gerecleri/590269933
[2026-04-05T20:22:34.177Z] [INFO] [review banyo-ve-ev-gerecleri/730214404] page=26 +8 reviews (unique=208)
[2026-04-05T20:22:34.198Z] [INFO] [review banyo-ve-ev-gerecleri/674960444] page=11 +2 reviews (unique=82)
[2026-04-05T20:22:34.238Z] [INFO] [REVIEW SAVED] /mnt/c/Developer/Review_AI/scraper_project/raw_data/banyo-ve-ev-gerecleri/674960444_reviews.json
[2026-04-05T20:22:34.285Z] [INFO] 
[REVIEW WORKER 2] starting banyo-ve-ev-gerecleri/732485389
[2026-04-05T20:22:34.325Z] [INFO] 
[START REVIEW] category=banyo-ve-ev-gerecleri productId=596382992 startPage=1
[2026-04-05T20:22:34.349Z] [INFO] [review banyo-ve-ev-gerecleri/557767910] page=2 +8 reviews (unique=16)
[2026-04-05T20:22:34.789Z] [INFO] [review banyo-ve-ev-gerecleri/596382992] page=1 +1 reviews (unique=1)
[2026-04-05T20:22:34.872Z] [INFO] [REVIEW SAVED] /mnt/c/Developer/Review_AI/scraper_project/raw_data/banyo-ve-ev-gerecleri/596382992_reviews.json
[2026-04-05T20:22:34.899Z] [INFO] [review banyo-ve-ev-gerecleri/730214404] page=27 +8 reviews (unique=216)
[2026-04-05T20:22:34.936Z] [INFO] 
[REVIEW WORKER 1] starting banyo-ve-ev-gerecleri/643863111
[2026-04-05T20:22:35.148Z] [INFO] [review banyo-ve-ev-gerecleri/557767910] page=3 +8 reviews (unique=24)
[2026-04-05T20:22:35.335Z] [INFO] 
[START REVIEW] category=banyo-ve-ev-gerecleri productId=731065102 startPage=1
[2026-04-05T20:22:35.704Z] [INFO] [review banyo-ve-ev-gerecleri/730214404] page=28 +8 reviews (unique=224)
[2026-04-05T20:22:35.905Z] [INFO] [review banyo-ve-ev-gerecleri/557767910] page=4 +7 reviews (unique=31)
[2026-04-05T20:22:36.032Z] [INFO] [REVIEW SAVED] /mnt/c/Developer/Review_AI/scraper_project/raw_data/banyo-ve-ev-gerecleri/557767910_reviews.json
[2026-04-05T20:22:36.059Z] [INFO] [review banyo-ve-ev-gerecleri/731065102] page=1 +1 reviews (unique=1)
[2026-04-05T20:22:36.126Z] [INFO] [REVIEW SAVED] /mnt/c/Developer/Review_AI/scraper_project/raw_data/banyo-ve-ev-gerecleri/731065102_reviews.json
[2026-04-05T20:22:36.158Z] [INFO] 
[REVIEW WORKER 5] starting banyo-ve-ev-gerecleri/564212682
[2026-04-05T20:22:36.213Z] [INFO] 
[REVIEW WORKER 10] starting banyo-ve-ev-gerecleri/639566387
[2026-04-05T20:22:36.598Z] [INFO] [review banyo-ve-ev-gerecleri/730214404] page=29 +8 reviews (unique=232)
[2026-04-05T20:22:37.370Z] [INFO] [review banyo-ve-ev-gerecleri/730214404] page=30 +8 reviews (unique=240)
[2026-04-05T20:22:37.414Z] [INFO] [REVIEW PARTIAL SAVED] /mnt/c/Developer/Review_AI/scraper_project/raw_data/banyo-ve-ev-gerecleri/730214404_reviews.partial.json
[2026-04-05T20:22:37.441Z] [INFO] 
[START REVIEW] category=banyo-ve-ev-gerecleri productId=440499775 startPage=1
[2026-04-05T20:22:37.803Z] [INFO] [review banyo-ve-ev-gerecleri/440499775] page=1 +8 reviews (unique=8)
[2026-04-05T20:22:38.159Z] [INFO] [review banyo-ve-ev-gerecleri/730214404] page=31 +8 reviews (unique=248)
[2026-04-05T20:22:38.329Z] [INFO] 
[START REVIEW] category=banyo-ve-ev-gerecleri productId=571317042 startPage=1
[2026-04-05T20:22:38.349Z] [INFO] 
[START REVIEW] category=banyo-ve-ev-gerecleri productId=678637266 startPage=1
[2026-04-05T20:22:38.408Z] [INFO] 
[START REVIEW] category=banyo-ve-ev-gerecleri productId=318249530 startPage=1
[2026-04-05T20:22:38.511Z] [INFO] 
[START REVIEW] category=banyo-ve-ev-gerecleri productId=590269933 startPage=1
[2026-04-05T20:22:38.750Z] [INFO] [review banyo-ve-ev-gerecleri/440499775] page=2 +3 reviews (unique=11)
[2026-04-05T20:22:38.791Z] [INFO] [REVIEW SAVED] /mnt/c/Developer/Review_AI/scraper_project/raw_data/banyo-ve-ev-gerecleri/440499775_reviews.json
[2026-04-05T20:22:38.811Z] [INFO] [review banyo-ve-ev-gerecleri/571317042] page=1 +8 reviews (unique=8)
[2026-04-05T20:22:38.845Z] [INFO] [review banyo-ve-ev-gerecleri/318249530] page=1 +7 reviews (unique=7)
[2026-04-05T20:22:38.895Z] [INFO] [REVIEW SAVED] /mnt/c/Developer/Review_AI/scraper_project/raw_data/banyo-ve-ev-gerecleri/318249530_reviews.json
[2026-04-05T20:22:38.916Z] [INFO] [review banyo-ve-ev-gerecleri/730214404] page=32 +8 reviews (unique=256)
[2026-04-05T20:22:38.938Z] [INFO] 
[REVIEW WORKER 3] starting banyo-ve-ev-gerecleri/459661364
[2026-04-05T20:22:38.993Z] [INFO] 
[REVIEW WORKER 7] starting banyo-ve-ev-gerecleri/734098352
[2026-04-05T20:22:39.108Z] [INFO] [review banyo-ve-ev-gerecleri/678637266] page=1 +2 reviews (unique=2)
[2026-04-05T20:22:39.174Z] [INFO] [REVIEW SAVED] /mnt/c/Developer/Review_AI/scraper_project/raw_data/banyo-ve-ev-gerecleri/678637266_reviews.json
[2026-04-05T20:22:39.235Z] [INFO] 
[START REVIEW] category=banyo-ve-ev-gerecleri productId=732485389 startPage=1
[2026-04-05T20:22:39.370Z] [INFO] 
[REVIEW WORKER 8] starting banyo-ve-ev-gerecleri/586252579
[2026-04-05T20:22:39.729Z] [INFO] [review banyo-ve-ev-gerecleri/730214404] page=33 +8 reviews (unique=264)
[2026-04-05T20:22:39.845Z] [INFO] [review banyo-ve-ev-gerecleri/571317042] page=2 +8 reviews (unique=16)
[2026-04-05T20:22:40.355Z] [INFO] [review banyo-ve-ev-gerecleri/732485389] page=1 +4 reviews (unique=4)
[2026-04-05T20:22:40.380Z] [INFO] [REVIEW SAVED] /mnt/c/Developer/Review_AI/scraper_project/raw_data/banyo-ve-ev-gerecleri/732485389_reviews.json
[2026-04-05T20:22:40.398Z] [INFO] 
[REVIEW WORKER 2] starting banyo-ve-ev-gerecleri/732666617
[2026-04-05T20:22:40.409Z] [INFO] 
[START REVIEW] category=banyo-ve-ev-gerecleri productId=643863111 startPage=1
[2026-04-05T20:22:40.498Z] [INFO] [review banyo-ve-ev-gerecleri/730214404] page=34 +8 reviews (unique=272)
[2026-04-05T20:22:40.728Z] [INFO] [review banyo-ve-ev-gerecleri/643863111] page=1 +8 reviews (unique=8)
[2026-04-05T20:22:41.236Z] [INFO] [review banyo-ve-ev-gerecleri/730214404] page=35 +8 reviews (unique=280)
[2026-04-05T20:22:41.255Z] [INFO] [REVIEW PARTIAL SAVED] /mnt/c/Developer/Review_AI/scraper_project/raw_data/banyo-ve-ev-gerecleri/730214404_reviews.partial.json
[2026-04-05T20:22:41.507Z] [INFO] 
[START REVIEW] category=banyo-ve-ev-gerecleri productId=564212682 startPage=1
[2026-04-05T20:22:41.598Z] [INFO] [review banyo-ve-ev-gerecleri/643863111] page=2 +4 reviews (unique=12)
[2026-04-05T20:22:41.618Z] [INFO] [REVIEW SAVED] /mnt/c/Developer/Review_AI/scraper_project/raw_data/banyo-ve-ev-gerecleri/643863111_reviews.json
[2026-04-05T20:22:41.654Z] [INFO] 
[REVIEW WORKER 1] starting banyo-ve-ev-gerecleri/439541857
[2026-04-05T20:22:41.778Z] [INFO] [review banyo-ve-ev-gerecleri/564212682] page=1 +8 reviews (unique=8)
[2026-04-05T20:22:41.980Z] [INFO] 
[START REVIEW] category=banyo-ve-ev-gerecleri productId=639566387 startPage=1
[2026-04-05T20:22:42.262Z] [INFO] [review banyo-ve-ev-gerecleri/730214404] page=36 +8 reviews (unique=288)
[2026-04-05T20:22:42.623Z] [INFO] [review banyo-ve-ev-gerecleri/639566387] page=1 +7 reviews (unique=7)
[2026-04-05T20:22:42.668Z] [INFO] [REVIEW SAVED] /mnt/c/Developer/Review_AI/scraper_project/raw_data/banyo-ve-ev-gerecleri/639566387_reviews.json
[2026-04-05T20:22:42.683Z] [INFO] [review banyo-ve-ev-gerecleri/564212682] page=2 +8 reviews (unique=16)
[2026-04-05T20:22:42.718Z] [INFO] 
[REVIEW WORKER 10] starting banyo-ve-ev-gerecleri/502646086
[2026-04-05T20:22:42.987Z] [INFO] [review banyo-ve-ev-gerecleri/730214404] page=37 +8 reviews (unique=296)
[2026-04-05T20:22:43.604Z] [INFO] [review banyo-ve-ev-gerecleri/564212682] page=3 +8 reviews (unique=24)
[2026-04-05T20:22:43.797Z] [INFO] [review banyo-ve-ev-gerecleri/730214404] page=38 +8 reviews (unique=304)
[2026-04-05T20:22:44.204Z] [INFO] [review banyo-ve-ev-gerecleri/571317042] page=3 +8 reviews (unique=24)
[2026-04-05T20:22:44.358Z] [INFO] [review banyo-ve-ev-gerecleri/590269933] page=1 +8 reviews (unique=8)
[2026-04-05T20:22:44.620Z] [INFO] [review banyo-ve-ev-gerecleri/564212682] page=4 +6 reviews (unique=30)
[2026-04-05T20:22:44.699Z] [INFO] [REVIEW SAVED] /mnt/c/Developer/Review_AI/scraper_project/raw_data/banyo-ve-ev-gerecleri/564212682_reviews.json
[2026-04-05T20:22:44.820Z] [INFO] 
[REVIEW WORKER 5] starting banyo-ve-ev-gerecleri/729073889
[2026-04-05T20:22:44.999Z] [INFO] [review banyo-ve-ev-gerecleri/730214404] page=39 +8 reviews (unique=312)
[2026-04-05T20:22:45.072Z] [INFO] 
[START REVIEW] category=banyo-ve-ev-gerecleri productId=586252579 startPage=1
[2026-04-05T20:22:45.126Z] [INFO] 
[START REVIEW] category=banyo-ve-ev-gerecleri productId=734098352 startPage=1
[2026-04-05T20:22:45.149Z] [INFO] [review banyo-ve-ev-gerecleri/571317042] page=4 +8 reviews (unique=32)
[2026-04-05T20:22:45.234Z] [INFO] [review banyo-ve-ev-gerecleri/590269933] page=2 +8 reviews (unique=16)
[2026-04-05T20:22:45.803Z] [INFO] 
[START REVIEW] category=banyo-ve-ev-gerecleri productId=459661364 startPage=1
[2026-04-05T20:22:45.956Z] [INFO] 
[START REVIEW] category=banyo-ve-ev-gerecleri productId=732666617 startPage=1
[2026-04-05T20:22:46.000Z] [INFO] [review banyo-ve-ev-gerecleri/730214404] page=40 +8 reviews (unique=320)
[2026-04-05T20:22:46.058Z] [INFO] [REVIEW PARTIAL SAVED] /mnt/c/Developer/Review_AI/scraper_project/raw_data/banyo-ve-ev-gerecleri/730214404_reviews.partial.json
[2026-04-05T20:22:46.129Z] [INFO] [review banyo-ve-ev-gerecleri/571317042] page=5 +8 reviews (unique=40)
[2026-04-05T20:22:46.168Z] [INFO] [REVIEW PARTIAL SAVED] /mnt/c/Developer/Review_AI/scraper_project/raw_data/banyo-ve-ev-gerecleri/571317042_reviews.partial.json
[2026-04-05T20:22:46.187Z] [INFO] [review banyo-ve-ev-gerecleri/590269933] page=3 +8 reviews (unique=24)
[2026-04-05T20:22:46.689Z] [INFO] [review banyo-ve-ev-gerecleri/586252579] page=1 +8 reviews (unique=8)
[2026-04-05T20:22:46.711Z] [INFO] [REVIEW SAVED] /mnt/c/Developer/Review_AI/scraper_project/raw_data/banyo-ve-ev-gerecleri/586252579_reviews.json
[2026-04-05T20:22:46.720Z] [INFO] [review banyo-ve-ev-gerecleri/730214404] page=41 +8 reviews (unique=328)
[2026-04-05T20:22:46.750Z] [INFO] 
[REVIEW WORKER 8] starting banyo-ve-ev-gerecleri/634476329
[2026-04-05T20:22:46.758Z] [INFO] [review banyo-ve-ev-gerecleri/459661364] page=1 +4 reviews (unique=4)
[2026-04-05T20:22:46.777Z] [INFO] [REVIEW SAVED] /mnt/c/Developer/Review_AI/scraper_project/raw_data/banyo-ve-ev-gerecleri/459661364_reviews.json
[2026-04-05T20:22:46.783Z] [INFO] [review banyo-ve-ev-gerecleri/734098352] page=1 +0 reviews (unique=0)
[2026-04-05T20:22:46.800Z] [INFO] [REVIEW SAVED] /mnt/c/Developer/Review_AI/scraper_project/raw_data/banyo-ve-ev-gerecleri/734098352_reviews.json
[2026-04-05T20:22:46.803Z] [INFO] [review banyo-ve-ev-gerecleri/732666617] page=1 +0 reviews (unique=0)
[2026-04-05T20:22:46.820Z] [INFO] [REVIEW SAVED] /mnt/c/Developer/Review_AI/scraper_project/raw_data/banyo-ve-ev-gerecleri/732666617_reviews.json
[2026-04-05T20:22:46.846Z] [INFO] 
[REVIEW WORKER 3] starting banyo-ve-ev-gerecleri/550369617
[2026-04-05T20:22:46.923Z] [INFO] 
[REVIEW WORKER 7] starting banyo-ve-ev-gerecleri/702651453
[2026-04-05T20:22:46.934Z] [INFO] 
[REVIEW WORKER 2] starting banyo-ve-ev-gerecleri/734316697
[2026-04-05T20:22:46.945Z] [INFO] [review banyo-ve-ev-gerecleri/571317042] page=6 +8 reviews (unique=48)
[2026-04-05T20:22:46.957Z] [INFO] [review banyo-ve-ev-gerecleri/590269933] page=4 +8 reviews (unique=32)
[2026-04-05T20:22:47.418Z] [INFO] [review banyo-ve-ev-gerecleri/730214404] page=42 +8 reviews (unique=336)
[2026-04-05T20:22:47.520Z] [INFO] 
[START REVIEW] category=banyo-ve-ev-gerecleri productId=502646086 startPage=1
[2026-04-05T20:22:47.536Z] [INFO] 
[START REVIEW] category=banyo-ve-ev-gerecleri productId=439541857 startPage=1
[2026-04-05T20:22:47.646Z] [INFO] [review banyo-ve-ev-gerecleri/590269933] page=5 +8 reviews (unique=40)
[2026-04-05T20:22:47.657Z] [INFO] [REVIEW PARTIAL SAVED] /mnt/c/Developer/Review_AI/scraper_project/raw_data/banyo-ve-ev-gerecleri/590269933_reviews.partial.json
[2026-04-05T20:22:47.732Z] [INFO] [review banyo-ve-ev-gerecleri/571317042] page=7 +8 reviews (unique=56)
[2026-04-05T20:22:47.993Z] [INFO] [review banyo-ve-ev-gerecleri/502646086] page=1 +3 reviews (unique=3)
[2026-04-05T20:22:48.010Z] [INFO] [REVIEW SAVED] /mnt/c/Developer/Review_AI/scraper_project/raw_data/banyo-ve-ev-gerecleri/502646086_reviews.json
[2026-04-05T20:22:48.027Z] [INFO] 
[REVIEW WORKER 10] starting banyo-ve-ev-gerecleri/631652953
[2026-04-05T20:22:48.140Z] [INFO] [review banyo-ve-ev-gerecleri/730214404] page=43 +8 reviews (unique=344)
[2026-04-05T20:22:48.159Z] [INFO] [review banyo-ve-ev-gerecleri/439541857] page=1 +8 reviews (unique=8)
[2026-04-05T20:22:48.349Z] [INFO] [review banyo-ve-ev-gerecleri/590269933] page=6 +8 reviews (unique=48)
[2026-04-05T20:22:48.496Z] [INFO] [review banyo-ve-ev-gerecleri/571317042] page=8 +8 reviews (unique=64)
[2026-04-05T20:22:48.775Z] [INFO] [review banyo-ve-ev-gerecleri/439541857] page=2 +4 reviews (unique=12)
[2026-04-05T20:22:48.795Z] [INFO] [REVIEW SAVED] /mnt/c/Developer/Review_AI/scraper_project/raw_data/banyo-ve-ev-gerecleri/439541857_reviews.json
[2026-04-05T20:22:48.812Z] [INFO] 
[REVIEW WORKER 1] starting banyo-ve-ev-gerecleri/220850070
[2026-04-05T20:22:48.878Z] [INFO] [review banyo-ve-ev-gerecleri/730214404] page=44 +8 reviews (unique=352)
[2026-04-05T20:22:49.132Z] [INFO] [review banyo-ve-ev-gerecleri/590269933] page=7 +8 reviews (unique=56)
[2026-04-05T20:22:49.170Z] [INFO] [review banyo-ve-ev-gerecleri/571317042] page=9 +8 reviews (unique=72)
[2026-04-05T20:22:49.219Z] [INFO] 
[START REVIEW] category=banyo-ve-ev-gerecleri productId=729073889 startPage=1
[2026-04-05T20:22:49.487Z] [INFO] [review banyo-ve-ev-gerecleri/729073889] page=1 +0 reviews (unique=0)
[2026-04-05T20:22:49.511Z] [INFO] [REVIEW SAVED] /mnt/c/Developer/Review_AI/scraper_project/raw_data/banyo-ve-ev-gerecleri/729073889_reviews.json
[2026-04-05T20:22:49.527Z] [INFO] 
[REVIEW WORKER 5] starting banyo-ve-ev-gerecleri/679375579
[2026-04-05T20:22:49.670Z] [INFO] [review banyo-ve-ev-gerecleri/730214404] page=45 +8 reviews (unique=360)
[2026-04-05T20:22:49.696Z] [INFO] [REVIEW PARTIAL SAVED] /mnt/c/Developer/Review_AI/scraper_project/raw_data/banyo-ve-ev-gerecleri/730214404_reviews.partial.json
[2026-04-05T20:22:50.007Z] [INFO] [review banyo-ve-ev-gerecleri/590269933] page=8 +8 reviews (unique=64)
[2026-04-05T20:22:50.089Z] [INFO] [review banyo-ve-ev-gerecleri/571317042] page=10 +8 reviews (unique=80)
[2026-04-05T20:22:50.110Z] [INFO] [REVIEW PARTIAL SAVED] /mnt/c/Developer/Review_AI/scraper_project/raw_data/banyo-ve-ev-gerecleri/571317042_reviews.partial.json
[2026-04-05T20:22:50.425Z] [INFO] [review banyo-ve-ev-gerecleri/730214404] page=46 +8 reviews (unique=368)
[2026-04-05T20:22:50.691Z] [INFO] [review banyo-ve-ev-gerecleri/590269933] page=9 +8 reviews (unique=72)
[2026-04-05T20:22:50.834Z] [INFO] [review banyo-ve-ev-gerecleri/571317042] page=11 +8 reviews (unique=88)
[2026-04-05T20:22:51.184Z] [INFO] [review banyo-ve-ev-gerecleri/730214404] page=47 +4 reviews (unique=372)
[2026-04-05T20:22:51.276Z] [INFO] [REVIEW SAVED] /mnt/c/Developer/Review_AI/scraper_project/raw_data/banyo-ve-ev-gerecleri/730214404_reviews.json
[2026-04-05T20:22:51.336Z] [INFO] 
[REVIEW WORKER 9] starting banyo-ve-ev-gerecleri/733151318
[2026-04-05T20:22:51.379Z] [INFO] 
[START REVIEW] category=banyo-ve-ev-gerecleri productId=550369617 startPage=1
[2026-04-05T20:22:51.418Z] [INFO] [review banyo-ve-ev-gerecleri/590269933] page=10 +8 reviews (unique=80)
[2026-04-05T20:22:51.479Z] [INFO] [REVIEW PARTIAL SAVED] /mnt/c/Developer/Review_AI/scraper_project/raw_data/banyo-ve-ev-gerecleri/590269933_reviews.partial.json
[2026-04-05T20:22:51.519Z] [INFO] 
[START REVIEW] category=banyo-ve-ev-gerecleri productId=734316697 startPage=1
[2026-04-05T20:22:51.562Z] [INFO] 
[START REVIEW] category=banyo-ve-ev-gerecleri productId=702651453 startPage=1
[2026-04-05T20:22:51.608Z] [INFO] 
[START REVIEW] category=banyo-ve-ev-gerecleri productId=634476329 startPage=1
[2026-04-05T20:22:51.684Z] [INFO] [review banyo-ve-ev-gerecleri/571317042] page=12 +8 reviews (unique=96)
[2026-04-05T20:22:52.155Z] [INFO] [review banyo-ve-ev-gerecleri/550369617] page=1 +6 reviews (unique=6)
[2026-04-05T20:22:52.267Z] [INFO] [REVIEW SAVED] /mnt/c/Developer/Review_AI/scraper_project/raw_data/banyo-ve-ev-gerecleri/550369617_reviews.json
[2026-04-05T20:22:52.318Z] [INFO] [review banyo-ve-ev-gerecleri/702651453] page=1 +0 reviews (unique=0)
[2026-04-05T20:22:52.400Z] [INFO] [REVIEW SAVED] /mnt/c/Developer/Review_AI/scraper_project/raw_data/banyo-ve-ev-gerecleri/702651453_reviews.json
[2026-04-05T20:22:52.434Z] [INFO] [review banyo-ve-ev-gerecleri/634476329] page=1 +8 reviews (unique=8)
[2026-04-05T20:22:52.492Z] [INFO] 
[REVIEW WORKER 3] starting banyo-ve-ev-gerecleri/707683208
[2026-04-05T20:22:52.523Z] [INFO] 
[START REVIEW] category=banyo-ve-ev-gerecleri productId=631652953 startPage=1
[2026-04-05T20:22:52.533Z] [INFO] [review banyo-ve-ev-gerecleri/734316697] page=1 +0 reviews (unique=0)
[2026-04-05T20:22:52.577Z] [INFO] [REVIEW SAVED] /mnt/c/Developer/Review_AI/scraper_project/raw_data/banyo-ve-ev-gerecleri/734316697_reviews.json
[2026-04-05T20:22:52.599Z] [INFO] 
[REVIEW WORKER 7] starting banyo-ve-ev-gerecleri/644802216
[2026-04-05T20:22:52.634Z] [INFO] [review banyo-ve-ev-gerecleri/590269933] page=11 +8 reviews (unique=88)
[2026-04-05T20:22:52.759Z] [INFO] 
[REVIEW WORKER 2] starting banyo-ve-ev-gerecleri/719708354
[2026-04-05T20:22:52.923Z] [INFO] [review banyo-ve-ev-gerecleri/571317042] page=13 +8 reviews (unique=104)
[2026-04-05T20:22:53.288Z] [INFO] [review banyo-ve-ev-gerecleri/634476329] page=2 +8 reviews (unique=16)
[2026-04-05T20:22:53.487Z] [INFO] [review banyo-ve-ev-gerecleri/631652953] page=1 +8 reviews (unique=8)
[2026-04-05T20:22:53.555Z] [INFO] [review banyo-ve-ev-gerecleri/590269933] page=12 +8 reviews (unique=96)
[2026-04-05T20:22:53.657Z] [INFO] 
[START REVIEW] category=banyo-ve-ev-gerecleri productId=220850070 startPage=1
[2026-04-05T20:22:53.995Z] [INFO] [review banyo-ve-ev-gerecleri/571317042] page=14 +8 reviews (unique=112)
[2026-04-05T20:22:54.223Z] [INFO] [review banyo-ve-ev-gerecleri/634476329] page=3 +8 reviews (unique=24)
[2026-04-05T20:22:54.413Z] [INFO] [review banyo-ve-ev-gerecleri/220850070] page=1 +8 reviews (unique=8)
[2026-04-05T20:22:54.459Z] [INFO] [review banyo-ve-ev-gerecleri/590269933] page=13 +8 reviews (unique=104)
[2026-04-05T20:22:54.573Z] [INFO] [review banyo-ve-ev-gerecleri/631652953] page=2 +8 reviews (unique=16)
[2026-04-05T20:22:54.672Z] [INFO] [review banyo-ve-ev-gerecleri/571317042] page=15 +8 reviews (unique=120)
[2026-04-05T20:22:54.688Z] [INFO] [REVIEW PARTIAL SAVED] /mnt/c/Developer/Review_AI/scraper_project/raw_data/banyo-ve-ev-gerecleri/571317042_reviews.partial.json
[2026-04-05T20:22:54.933Z] [INFO] [review banyo-ve-ev-gerecleri/634476329] page=4 +8 reviews (unique=32)
[2026-04-05T20:22:55.132Z] [INFO] [review banyo-ve-ev-gerecleri/590269933] page=14 +8 reviews (unique=112)
[2026-04-05T20:22:55.217Z] [INFO] [review banyo-ve-ev-gerecleri/631652953] page=3 +8 reviews (unique=24)
[2026-04-05T20:22:55.312Z] [INFO] [review banyo-ve-ev-gerecleri/571317042] page=16 +6 reviews (unique=126)
[2026-04-05T20:22:55.341Z] [INFO] [REVIEW SAVED] /mnt/c/Developer/Review_AI/scraper_project/raw_data/banyo-ve-ev-gerecleri/571317042_reviews.json
[2026-04-05T20:22:55.349Z] [INFO] 
[START REVIEW] category=banyo-ve-ev-gerecleri productId=679375579 startPage=1
[2026-04-05T20:22:55.383Z] [INFO] 
[REVIEW WORKER 4] starting banyo-ve-ev-gerecleri/654037148
[2026-04-05T20:22:55.595Z] [INFO] [review banyo-ve-ev-gerecleri/679375579] page=1 +0 reviews (unique=0)
[2026-04-05T20:22:55.631Z] [INFO] [REVIEW SAVED] /mnt/c/Developer/Review_AI/scraper_project/raw_data/banyo-ve-ev-gerecleri/679375579_reviews.json
[2026-04-05T20:22:55.666Z] [INFO] 
[REVIEW WORKER 5] starting banyo-ve-ev-gerecleri/582026777
[2026-04-05T20:22:55.765Z] [INFO] [review banyo-ve-ev-gerecleri/634476329] page=5 +8 reviews (unique=40)
[2026-04-05T20:22:55.789Z] [INFO] [REVIEW PARTIAL SAVED] /mnt/c/Developer/Review_AI/scraper_project/raw_data/banyo-ve-ev-gerecleri/634476329_reviews.partial.json
[2026-04-05T20:22:55.830Z] [INFO] [review banyo-ve-ev-gerecleri/590269933] page=15 +8 reviews (unique=120)
[2026-04-05T20:22:55.853Z] [INFO] [REVIEW PARTIAL SAVED] /mnt/c/Developer/Review_AI/scraper_project/raw_data/banyo-ve-ev-gerecleri/590269933_reviews.partial.json
[2026-04-05T20:22:55.965Z] [INFO] [review banyo-ve-ev-gerecleri/631652953] page=4 +8 reviews (unique=32)
[2026-04-05T20:22:56.532Z] [INFO] [review banyo-ve-ev-gerecleri/590269933] page=16 +8 reviews (unique=128)
[2026-04-05T20:22:56.586Z] [INFO] [review banyo-ve-ev-gerecleri/634476329] page=6 +8 reviews (unique=48)
[2026-04-05T20:22:56.675Z] [INFO] [review banyo-ve-ev-gerecleri/631652953] page=5 +8 reviews (unique=40)
[2026-04-05T20:22:56.709Z] [INFO] [REVIEW PARTIAL SAVED] /mnt/c/Developer/Review_AI/scraper_project/raw_data/banyo-ve-ev-gerecleri/631652953_reviews.partial.json
[2026-04-05T20:22:56.730Z] [INFO] 
[START REVIEW] category=banyo-ve-ev-gerecleri productId=733151318 startPage=1
[2026-04-05T20:22:57.110Z] [INFO] [review banyo-ve-ev-gerecleri/733151318] page=1 +8 reviews (unique=8)
[2026-04-05T20:22:57.237Z] [INFO] [review banyo-ve-ev-gerecleri/590269933] page=17 +8 reviews (unique=136)
[2026-04-05T20:22:57.284Z] [INFO] 
[START REVIEW] category=banyo-ve-ev-gerecleri productId=707683208 startPage=1
[2026-04-05T20:22:57.310Z] [INFO] [review banyo-ve-ev-gerecleri/634476329] page=7 +5 reviews (unique=53)
[2026-04-05T20:22:57.382Z] [INFO] [REVIEW SAVED] /mnt/c/Developer/Review_AI/scraper_project/raw_data/banyo-ve-ev-gerecleri/634476329_reviews.json
[2026-04-05T20:22:57.432Z] [INFO] 
[START REVIEW] category=banyo-ve-ev-gerecleri productId=719708354 startPage=1
[2026-04-05T20:22:57.463Z] [INFO] [review banyo-ve-ev-gerecleri/631652953] page=6 +8 reviews (unique=48)
[2026-04-05T20:22:57.519Z] [INFO] 
[REVIEW WORKER 8] starting banyo-ve-ev-gerecleri/698072466
[2026-04-05T20:22:57.692Z] [INFO] [review banyo-ve-ev-gerecleri/707683208] page=1 +0 reviews (unique=0)
[2026-04-05T20:22:57.842Z] [INFO] [REVIEW SAVED] /mnt/c/Developer/Review_AI/scraper_project/raw_data/banyo-ve-ev-gerecleri/707683208_reviews.json
[2026-04-05T20:22:58.062Z] [INFO] 
[START REVIEW] category=banyo-ve-ev-gerecleri productId=644802216 startPage=1
[2026-04-05T20:22:58.095Z] [INFO] 
[REVIEW WORKER 3] starting banyo-ve-ev-gerecleri/589895717
[2026-04-05T20:22:58.115Z] [INFO] [review banyo-ve-ev-gerecleri/590269933] page=18 +8 reviews (unique=144)
[2026-04-05T20:22:58.142Z] [INFO] [review banyo-ve-ev-gerecleri/733151318] page=2 +8 reviews (unique=16)
[2026-04-05T20:22:58.196Z] [INFO] [review banyo-ve-ev-gerecleri/631652953] page=7 +8 reviews (unique=56)
[2026-04-05T20:22:58.463Z] [INFO] [review banyo-ve-ev-gerecleri/644802216] page=1 +1 reviews (unique=1)
[2026-04-05T20:22:58.482Z] [INFO] [REVIEW SAVED] /mnt/c/Developer/Review_AI/scraper_project/raw_data/banyo-ve-ev-gerecleri/644802216_reviews.json
[2026-04-05T20:22:58.503Z] [INFO] 
[REVIEW WORKER 7] starting banyo-ve-ev-gerecleri/499460427
[2026-04-05T20:22:58.808Z] [INFO] [review banyo-ve-ev-gerecleri/631652953] page=8 +3 reviews (unique=59)
[2026-04-05T20:22:58.819Z] [INFO] [REVIEW SAVED] /mnt/c/Developer/Review_AI/scraper_project/raw_data/banyo-ve-ev-gerecleri/631652953_reviews.json
[2026-04-05T20:22:58.835Z] [INFO] 
[REVIEW WORKER 10] starting banyo-ve-ev-gerecleri/717152462
[2026-04-05T20:22:58.892Z] [INFO] [review banyo-ve-ev-gerecleri/590269933] page=19 +8 reviews (unique=152)
[2026-04-05T20:22:58.910Z] [INFO] [review banyo-ve-ev-gerecleri/733151318] page=3 +7 reviews (unique=23)
[2026-04-05T20:22:58.925Z] [INFO] [REVIEW SAVED] /mnt/c/Developer/Review_AI/scraper_project/raw_data/banyo-ve-ev-gerecleri/733151318_reviews.json
[2026-04-05T20:22:58.956Z] [INFO] 
[REVIEW WORKER 9] starting banyo-ve-ev-gerecleri/562889533
[2026-04-05T20:22:59.546Z] [INFO] [review banyo-ve-ev-gerecleri/590269933] page=20 +8 reviews (unique=160)
[2026-04-05T20:22:59.556Z] [INFO] [REVIEW PARTIAL SAVED] /mnt/c/Developer/Review_AI/scraper_project/raw_data/banyo-ve-ev-gerecleri/590269933_reviews.partial.json
[2026-04-05T20:23:00.211Z] [INFO] 
[START REVIEW] category=banyo-ve-ev-gerecleri productId=582026777 startPage=1
[2026-04-05T20:23:00.278Z] [INFO] [review banyo-ve-ev-gerecleri/590269933] page=21 +8 reviews (unique=168)
[2026-04-05T20:23:00.439Z] [INFO] [review banyo-ve-ev-gerecleri/719708354] page=1 +0 reviews (unique=0)
[2026-04-05T20:23:00.462Z] [INFO] [REVIEW SAVED] /mnt/c/Developer/Review_AI/scraper_project/raw_data/banyo-ve-ev-gerecleri/719708354_reviews.json
[2026-04-05T20:23:00.482Z] [INFO] 
[REVIEW WORKER 2] starting banyo-ve-ev-gerecleri/555562924
[2026-04-05T20:23:00.538Z] [INFO] [review banyo-ve-ev-gerecleri/582026777] page=1 +8 reviews (unique=8)
[2026-04-05T20:23:01.441Z] [INFO] [review banyo-ve-ev-gerecleri/590269933] page=22 +8 reviews (unique=176)
[2026-04-05T20:23:01.600Z] [INFO] [review banyo-ve-ev-gerecleri/220850070] page=2 +8 reviews (unique=16)
[2026-04-05T20:23:01.625Z] [INFO] [review banyo-ve-ev-gerecleri/582026777] page=2 +2 reviews (unique=10)
[2026-04-05T20:23:01.674Z] [INFO] [REVIEW SAVED] /mnt/c/Developer/Review_AI/scraper_project/raw_data/banyo-ve-ev-gerecleri/582026777_reviews.json
[2026-04-05T20:23:01.714Z] [INFO] 
[REVIEW WORKER 5] starting banyo-ve-ev-gerecleri/722039256
[2026-04-05T20:23:02.109Z] [INFO] [review banyo-ve-ev-gerecleri/590269933] page=23 +8 reviews (unique=184)
[2026-04-05T20:23:02.334Z] [INFO] [review banyo-ve-ev-gerecleri/220850070] page=3 +7 reviews (unique=23)
[2026-04-05T20:23:02.409Z] [INFO] [REVIEW SAVED] /mnt/c/Developer/Review_AI/scraper_project/raw_data/banyo-ve-ev-gerecleri/220850070_reviews.json
[2026-04-05T20:23:02.455Z] [INFO] 
[REVIEW WORKER 1] starting banyo-ve-ev-gerecleri/582042884
[2026-04-05T20:23:02.830Z] [INFO] [review banyo-ve-ev-gerecleri/590269933] page=24 +8 reviews (unique=192)
[2026-04-05T20:23:03.043Z] [INFO] 
[START REVIEW] category=banyo-ve-ev-gerecleri productId=589895717 startPage=1
[2026-04-05T20:23:03.213Z] [INFO] 
[START REVIEW] category=banyo-ve-ev-gerecleri productId=698072466 startPage=1
[2026-04-05T20:23:03.356Z] [INFO] [review banyo-ve-ev-gerecleri/589895717] page=1 +2 reviews (unique=2)
[2026-04-05T20:23:03.374Z] [INFO] [REVIEW SAVED] /mnt/c/Developer/Review_AI/scraper_project/raw_data/banyo-ve-ev-gerecleri/589895717_reviews.json
[2026-04-05T20:23:03.401Z] [INFO] 
[REVIEW WORKER 3] starting banyo-ve-ev-gerecleri/729936921
[2026-04-05T20:23:03.474Z] [INFO] [review banyo-ve-ev-gerecleri/698072466] page=1 +2 reviews (unique=2)
[2026-04-05T20:23:03.494Z] [INFO] [REVIEW SAVED] /mnt/c/Developer/Review_AI/scraper_project/raw_data/banyo-ve-ev-gerecleri/698072466_reviews.json
[2026-04-05T20:23:03.522Z] [INFO] 
[REVIEW WORKER 8] starting banyo-ve-ev-gerecleri/707442003
[2026-04-05T20:23:03.596Z] [INFO] [review banyo-ve-ev-gerecleri/590269933] page=25 +8 reviews (unique=200)
[2026-04-05T20:23:03.610Z] [INFO] [REVIEW PARTIAL SAVED] /mnt/c/Developer/Review_AI/scraper_project/raw_data/banyo-ve-ev-gerecleri/590269933_reviews.partial.json
[2026-04-05T20:23:03.840Z] [INFO] 
[START REVIEW] category=banyo-ve-ev-gerecleri productId=562889533 startPage=1
[2026-04-05T20:23:04.158Z] [INFO] 
[START REVIEW] category=banyo-ve-ev-gerecleri productId=717152462 startPage=1
[2026-04-05T20:23:04.175Z] [INFO] 
[START REVIEW] category=banyo-ve-ev-gerecleri productId=499460427 startPage=1
[2026-04-05T20:23:04.290Z] [INFO] 
[START REVIEW] category=banyo-ve-ev-gerecleri productId=654037148 startPage=1
[2026-04-05T20:23:04.507Z] [INFO] [review banyo-ve-ev-gerecleri/590269933] page=26 +8 reviews (unique=208)
[2026-04-05T20:23:04.661Z] [INFO] [review banyo-ve-ev-gerecleri/562889533] page=1 +1 reviews (unique=1)
[2026-04-05T20:23:04.724Z] [INFO] [REVIEW SAVED] /mnt/c/Developer/Review_AI/scraper_project/raw_data/banyo-ve-ev-gerecleri/562889533_reviews.json
[2026-04-05T20:23:04.790Z] [INFO] 
[REVIEW WORKER 9] starting banyo-ve-ev-gerecleri/463667705
[2026-04-05T20:23:04.809Z] [INFO] [review banyo-ve-ev-gerecleri/654037148] page=1 +1 reviews (unique=1)
[2026-04-05T20:23:04.865Z] [INFO] [REVIEW SAVED] /mnt/c/Developer/Review_AI/scraper_project/raw_data/banyo-ve-ev-gerecleri/654037148_reviews.json
[2026-04-05T20:23:04.880Z] [INFO] [review banyo-ve-ev-gerecleri/499460427] page=1 +0 reviews (unique=0)
[2026-04-05T20:23:04.918Z] [INFO] [REVIEW SAVED] /mnt/c/Developer/Review_AI/scraper_project/raw_data/banyo-ve-ev-gerecleri/499460427_reviews.json
[2026-04-05T20:23:04.957Z] [INFO] 
[REVIEW WORKER 4] starting banyo-ve-ev-gerecleri/733813635
[2026-04-05T20:23:05.052Z] [INFO] 
[REVIEW WORKER 7] starting banyo-ve-ev-gerecleri/686350007
[2026-04-05T20:23:05.084Z] [INFO] [review banyo-ve-ev-gerecleri/717152462] page=1 +0 reviews (unique=0)
[2026-04-05T20:23:05.127Z] [INFO] [REVIEW SAVED] /mnt/c/Developer/Review_AI/scraper_project/raw_data/banyo-ve-ev-gerecleri/717152462_reviews.json
[2026-04-05T20:23:05.171Z] [INFO] 
[REVIEW WORKER 10] starting banyo-ve-ev-gerecleri/547419233
[2026-04-05T20:23:05.449Z] [INFO] [review banyo-ve-ev-gerecleri/590269933] page=27 +8 reviews (unique=216)
[2026-04-05T20:23:06.391Z] [INFO] 
[START REVIEW] category=banyo-ve-ev-gerecleri productId=555562924 startPage=1
[2026-04-05T20:23:06.636Z] [INFO] [review banyo-ve-ev-gerecleri/590269933] page=28 +8 reviews (unique=224)
[2026-04-05T20:23:07.141Z] [INFO] 
[START REVIEW] category=banyo-ve-ev-gerecleri productId=722039256 startPage=1
[2026-04-05T20:23:07.235Z] [INFO] [review banyo-ve-ev-gerecleri/555562924] page=1 +8 reviews (unique=8)
[2026-04-05T20:23:07.322Z] [INFO] 
[START REVIEW] category=banyo-ve-ev-gerecleri productId=582042884 startPage=1
[2026-04-05T20:23:08.454Z] [INFO] [review banyo-ve-ev-gerecleri/590269933] page=29 +4 reviews (unique=228)
[2026-04-05T20:23:08.485Z] [INFO] [REVIEW SAVED] /mnt/c/Developer/Review_AI/scraper_project/raw_data/banyo-ve-ev-gerecleri/590269933_reviews.json
[2026-04-05T20:23:08.517Z] [INFO] 
[REVIEW WORKER 6] starting banyo-ve-ev-gerecleri/732667464
[2026-04-05T20:23:08.599Z] [INFO] [review banyo-ve-ev-gerecleri/555562924] page=2 +8 reviews (unique=16)
[2026-04-05T20:23:09.152Z] [INFO] 
[START REVIEW] category=banyo-ve-ev-gerecleri productId=729936921 startPage=1
[2026-04-05T20:23:09.215Z] [INFO] [review banyo-ve-ev-gerecleri/582042884] page=1 +8 reviews (unique=8)
[2026-04-05T20:23:09.232Z] [INFO] [review banyo-ve-ev-gerecleri/722039256] page=1 +0 reviews (unique=0)
[2026-04-05T20:23:09.264Z] [INFO] [REVIEW SAVED] /mnt/c/Developer/Review_AI/scraper_project/raw_data/banyo-ve-ev-gerecleri/722039256_reviews.json
[2026-04-05T20:23:09.308Z] [INFO] 
[REVIEW WORKER 5] starting banyo-ve-ev-gerecleri/733801210
[2026-04-05T20:23:09.393Z] [INFO] 
[START REVIEW] category=banyo-ve-ev-gerecleri productId=707442003 startPage=1
[2026-04-05T20:23:09.496Z] [INFO] [review banyo-ve-ev-gerecleri/555562924] page=3 +8 reviews (unique=24)
[2026-04-05T20:23:09.683Z] [INFO] [review banyo-ve-ev-gerecleri/729936921] page=1 +0 reviews (unique=0)
[2026-04-05T20:23:09.718Z] [INFO] [REVIEW SAVED] /mnt/c/Developer/Review_AI/scraper_project/raw_data/banyo-ve-ev-gerecleri/729936921_reviews.json
[2026-04-05T20:23:09.754Z] [INFO] 
[REVIEW WORKER 3] starting banyo-ve-ev-gerecleri/662239763
[2026-04-05T20:23:09.784Z] [INFO] [review banyo-ve-ev-gerecleri/707442003] page=1 +1 reviews (unique=1)
[2026-04-05T20:23:09.828Z] [INFO] [REVIEW SAVED] /mnt/c/Developer/Review_AI/scraper_project/raw_data/banyo-ve-ev-gerecleri/707442003_reviews.json
[2026-04-05T20:23:09.866Z] [INFO] 
[REVIEW WORKER 8] starting banyo-ve-ev-gerecleri/503949669
[2026-04-05T20:23:10.192Z] [INFO] [review banyo-ve-ev-gerecleri/582042884] page=2 +1 reviews (unique=9)
[2026-04-05T20:23:10.304Z] [INFO] [REVIEW SAVED] /mnt/c/Developer/Review_AI/scraper_project/raw_data/banyo-ve-ev-gerecleri/582042884_reviews.json
[2026-04-05T20:23:10.347Z] [INFO] [review banyo-ve-ev-gerecleri/555562924] page=4 +8 reviews (unique=32)
[2026-04-05T20:23:10.513Z] [INFO] 
[REVIEW WORKER 1] starting banyo-ve-ev-gerecleri/677663945
[2026-04-05T20:23:11.133Z] [INFO] [review banyo-ve-ev-gerecleri/555562924] page=5 +8 reviews (unique=40)
[2026-04-05T20:23:11.144Z] [INFO] [REVIEW PARTIAL SAVED] /mnt/c/Developer/Review_AI/scraper_project/raw_data/banyo-ve-ev-gerecleri/555562924_reviews.partial.json
[2026-04-05T20:23:11.892Z] [INFO] [review banyo-ve-ev-gerecleri/555562924] page=6 +8 reviews (unique=48)
[2026-04-05T20:23:11.921Z] [INFO] [REVIEW SAVED] /mnt/c/Developer/Review_AI/scraper_project/raw_data/banyo-ve-ev-gerecleri/555562924_reviews.json
[2026-04-05T20:23:11.939Z] [INFO] 
[START REVIEW] category=banyo-ve-ev-gerecleri productId=463667705 startPage=1
[2026-04-05T20:23:11.954Z] [INFO] 
[START REVIEW] category=banyo-ve-ev-gerecleri productId=686350007 startPage=1
[2026-04-05T20:23:11.993Z] [INFO] 
[REVIEW WORKER 2] starting banyo-ve-ev-gerecleri/591964839
[2026-04-05T20:23:12.071Z] [INFO] 
[START REVIEW] category=banyo-ve-ev-gerecleri productId=733813635 startPage=1
[2026-04-05T20:23:12.263Z] [INFO] 
[START REVIEW] category=banyo-ve-ev-gerecleri productId=547419233 startPage=1
[2026-04-05T20:23:12.497Z] [INFO] [review banyo-ve-ev-gerecleri/733813635] page=1 +0 reviews (unique=0)
[2026-04-05T20:23:12.538Z] [INFO] [REVIEW SAVED] /mnt/c/Developer/Review_AI/scraper_project/raw_data/banyo-ve-ev-gerecleri/733813635_reviews.json
[2026-04-05T20:23:12.590Z] [INFO] 
[REVIEW WORKER 4] starting banyo-ve-ev-gerecleri/597439859
[2026-04-05T20:23:12.614Z] [INFO] [review banyo-ve-ev-gerecleri/686350007] page=1 +7 reviews (unique=7)
[2026-04-05T20:23:12.662Z] [INFO] [REVIEW SAVED] /mnt/c/Developer/Review_AI/scraper_project/raw_data/banyo-ve-ev-gerecleri/686350007_reviews.json
[2026-04-05T20:23:12.702Z] [INFO] 
[REVIEW WORKER 7] starting banyo-ve-ev-gerecleri/583240625
[2026-04-05T20:23:13.086Z] [INFO] [review banyo-ve-ev-gerecleri/547419233] page=1 +0 reviews (unique=0)
[2026-04-05T20:23:13.136Z] [INFO] [REVIEW SAVED] /mnt/c/Developer/Review_AI/scraper_project/raw_data/banyo-ve-ev-gerecleri/547419233_reviews.json
[2026-04-05T20:23:13.188Z] [INFO] 
[REVIEW WORKER 10] starting banyo-ve-ev-gerecleri/412732042
[2026-04-05T20:23:14.058Z] [INFO] 
[START REVIEW] category=banyo-ve-ev-gerecleri productId=732667464 startPage=1
[2026-04-05T20:23:14.579Z] [INFO] 
[START REVIEW] category=banyo-ve-ev-gerecleri productId=733801210 startPage=1
[2026-04-05T20:23:14.612Z] [INFO] [review banyo-ve-ev-gerecleri/732667464] page=1 +0 reviews (unique=0)
[2026-04-05T20:23:14.726Z] [INFO] [REVIEW SAVED] /mnt/c/Developer/Review_AI/scraper_project/raw_data/banyo-ve-ev-gerecleri/732667464_reviews.json
[2026-04-05T20:23:14.775Z] [INFO] 
[REVIEW WORKER 6] starting banyo-ve-ev-gerecleri/527523106
[2026-04-05T20:23:14.844Z] [INFO] 
[START REVIEW] category=banyo-ve-ev-gerecleri productId=662239763 startPage=1
[2026-04-05T20:23:15.237Z] [INFO] 
[START REVIEW] category=banyo-ve-ev-gerecleri productId=677663945 startPage=1
[2026-04-05T20:23:15.248Z] [INFO] [review banyo-ve-ev-gerecleri/733801210] page=1 +1 reviews (unique=1)
[2026-04-05T20:23:15.332Z] [INFO] [REVIEW SAVED] /mnt/c/Developer/Review_AI/scraper_project/raw_data/banyo-ve-ev-gerecleri/733801210_reviews.json
[2026-04-05T20:23:15.372Z] [INFO] 
[START REVIEW] category=banyo-ve-ev-gerecleri productId=503949669 startPage=1
[2026-04-05T20:23:15.397Z] [INFO] [review banyo-ve-ev-gerecleri/662239763] page=1 +3 reviews (unique=3)
[2026-04-05T20:23:15.480Z] [INFO] [REVIEW SAVED] /mnt/c/Developer/Review_AI/scraper_project/raw_data/banyo-ve-ev-gerecleri/662239763_reviews.json
[2026-04-05T20:23:15.561Z] [INFO] 
[REVIEW WORKER 5] starting banyo-ve-ev-gerecleri/632939882
[2026-04-05T20:23:15.609Z] [INFO] 
[REVIEW WORKER 3] starting banyo-ve-ev-gerecleri/454306496
[2026-04-05T20:23:16.514Z] [INFO] [review banyo-ve-ev-gerecleri/677663945] page=1 +0 reviews (unique=0)
[2026-04-05T20:23:16.602Z] [INFO] [REVIEW SAVED] /mnt/c/Developer/Review_AI/scraper_project/raw_data/banyo-ve-ev-gerecleri/677663945_reviews.json
[2026-04-05T20:23:16.643Z] [INFO] [review banyo-ve-ev-gerecleri/503949669] page=1 +8 reviews (unique=8)
[2026-04-05T20:23:16.688Z] [INFO] [review banyo-ve-ev-gerecleri/463667705] page=1 +8 reviews (unique=8)
[2026-04-05T20:23:16.777Z] [INFO] [REVIEW SAVED] /mnt/c/Developer/Review_AI/scraper_project/raw_data/banyo-ve-ev-gerecleri/463667705_reviews.json
[2026-04-05T20:23:16.832Z] [INFO] 
[REVIEW WORKER 1] starting banyo-ve-ev-gerecleri/732646398
[2026-04-05T20:23:16.863Z] [INFO] 
[REVIEW WORKER 9] starting banyo-ve-ev-gerecleri/570017550
[2026-04-05T20:23:17.448Z] [INFO] [review banyo-ve-ev-gerecleri/503949669] page=2 +8 reviews (unique=16)
[2026-04-05T20:23:17.474Z] [INFO] [REVIEW SAVED] /mnt/c/Developer/Review_AI/scraper_project/raw_data/banyo-ve-ev-gerecleri/503949669_reviews.json
[2026-04-05T20:23:17.520Z] [INFO] 
[START REVIEW] category=banyo-ve-ev-gerecleri productId=591964839 startPage=1
[2026-04-05T20:23:17.528Z] [INFO] 
[REVIEW WORKER 8] starting banyo-ve-ev-gerecleri/672744384
[2026-04-05T20:23:18.073Z] [INFO] [review banyo-ve-ev-gerecleri/591964839] page=1 +8 reviews (unique=8)
[2026-04-05T20:23:18.293Z] [INFO] 
[START REVIEW] category=banyo-ve-ev-gerecleri productId=583240625 startPage=1
[2026-04-05T20:23:18.306Z] [INFO] 
[START REVIEW] category=banyo-ve-ev-gerecleri productId=597439859 startPage=1
[2026-04-05T20:23:18.324Z] [INFO] 
[START REVIEW] category=banyo-ve-ev-gerecleri productId=412732042 startPage=1
[2026-04-05T20:23:18.787Z] [INFO] [review banyo-ve-ev-gerecleri/583240625] page=1 +3 reviews (unique=3)
[2026-04-05T20:23:18.822Z] [INFO] [REVIEW SAVED] /mnt/c/Developer/Review_AI/scraper_project/raw_data/banyo-ve-ev-gerecleri/583240625_reviews.json
[2026-04-05T20:23:18.854Z] [INFO] 
[REVIEW WORKER 7] starting banyo-ve-ev-gerecleri/79115341
[2026-04-05T20:23:19.372Z] [INFO] [review banyo-ve-ev-gerecleri/591964839] page=2 +8 reviews (unique=16)
[2026-04-05T20:23:19.429Z] [INFO] [review banyo-ve-ev-gerecleri/412732042] page=1 +7 reviews (unique=7)
[2026-04-05T20:23:19.516Z] [INFO] [REVIEW SAVED] /mnt/c/Developer/Review_AI/scraper_project/raw_data/banyo-ve-ev-gerecleri/412732042_reviews.json
[2026-04-05T20:23:19.539Z] [INFO] [review banyo-ve-ev-gerecleri/597439859] page=1 +8 reviews (unique=8)
[2026-04-05T20:23:19.591Z] [INFO] 
[REVIEW WORKER 10] starting banyo-ve-ev-gerecleri/664770468
[2026-04-05T20:23:20.200Z] [INFO] [review banyo-ve-ev-gerecleri/591964839] page=3 +8 reviews (unique=24)
[2026-04-05T20:23:20.290Z] [INFO] 
[START REVIEW] category=banyo-ve-ev-gerecleri productId=527523106 startPage=1
[2026-04-05T20:23:20.341Z] [INFO] [review banyo-ve-ev-gerecleri/597439859] page=2 +8 reviews (unique=16)
[2026-04-05T20:23:21.043Z] [INFO] [review banyo-ve-ev-gerecleri/527523106] page=1 +7 reviews (unique=7)
[2026-04-05T20:23:21.079Z] [INFO] [REVIEW SAVED] /mnt/c/Developer/Review_AI/scraper_project/raw_data/banyo-ve-ev-gerecleri/527523106_reviews.json
[2026-04-05T20:23:21.094Z] [INFO] [review banyo-ve-ev-gerecleri/591964839] page=4 +8 reviews (unique=32)
[2026-04-05T20:23:21.115Z] [INFO] [review banyo-ve-ev-gerecleri/597439859] page=3 +8 reviews (unique=24)
[2026-04-05T20:23:21.139Z] [INFO] 
[REVIEW WORKER 6] starting banyo-ve-ev-gerecleri/587540152
[2026-04-05T20:23:21.780Z] [INFO] 
[START REVIEW] category=banyo-ve-ev-gerecleri productId=632939882 startPage=1
[2026-04-05T20:23:21.936Z] [INFO] [review banyo-ve-ev-gerecleri/591964839] page=5 +8 reviews (unique=40)
[2026-04-05T20:23:21.950Z] [INFO] [REVIEW PARTIAL SAVED] /mnt/c/Developer/Review_AI/scraper_project/raw_data/banyo-ve-ev-gerecleri/591964839_reviews.partial.json
[2026-04-05T20:23:22.057Z] [INFO] 
[START REVIEW] category=banyo-ve-ev-gerecleri productId=454306496 startPage=1
[2026-04-05T20:23:22.355Z] [INFO] [review banyo-ve-ev-gerecleri/597439859] page=4 +8 reviews (unique=32)
[2026-04-05T20:23:22.377Z] [INFO] 
[START REVIEW] category=banyo-ve-ev-gerecleri productId=732646398 startPage=1
[2026-04-05T20:23:22.388Z] [INFO] 
[START REVIEW] category=banyo-ve-ev-gerecleri productId=570017550 startPage=1
[2026-04-05T20:23:22.628Z] [INFO] [review banyo-ve-ev-gerecleri/632939882] page=1 +8 reviews (unique=8)
[2026-04-05T20:23:22.838Z] [INFO] [review banyo-ve-ev-gerecleri/454306496] page=1 +1 reviews (unique=1)
[2026-04-05T20:23:22.867Z] [INFO] [REVIEW SAVED] /mnt/c/Developer/Review_AI/scraper_project/raw_data/banyo-ve-ev-gerecleri/454306496_reviews.json
[2026-04-05T20:23:22.895Z] [INFO] [review banyo-ve-ev-gerecleri/591964839] page=6 +1 reviews (unique=41)
[2026-04-05T20:23:22.931Z] [INFO] [REVIEW SAVED] /mnt/c/Developer/Review_AI/scraper_project/raw_data/banyo-ve-ev-gerecleri/591964839_reviews.json
[2026-04-05T20:23:22.948Z] [INFO] 
[REVIEW WORKER 3] starting banyo-ve-ev-gerecleri/652155456
[2026-04-05T20:23:22.952Z] [INFO] [review banyo-ve-ev-gerecleri/570017550] page=1 +6 reviews (unique=6)
[2026-04-05T20:23:22.988Z] [INFO] [REVIEW SAVED] /mnt/c/Developer/Review_AI/scraper_project/raw_data/banyo-ve-ev-gerecleri/570017550_reviews.json
[2026-04-05T20:23:22.994Z] [INFO] [review banyo-ve-ev-gerecleri/732646398] page=1 +0 reviews (unique=0)
[2026-04-05T20:23:23.030Z] [INFO] [REVIEW SAVED] /mnt/c/Developer/Review_AI/scraper_project/raw_data/banyo-ve-ev-gerecleri/732646398_reviews.json
[2026-04-05T20:23:23.076Z] [INFO] 
[REVIEW WORKER 9] starting banyo-ve-ev-gerecleri/431531610
[2026-04-05T20:23:23.095Z] [INFO] 
[REVIEW WORKER 1] starting banyo-ve-ev-gerecleri/722314863
[2026-04-05T20:23:23.106Z] [INFO] 
[REVIEW WORKER 2] starting banyo-ve-ev-gerecleri/546366867
[2026-04-05T20:23:23.458Z] [INFO] [review banyo-ve-ev-gerecleri/597439859] page=5 +8 reviews (unique=40)
[2026-04-05T20:23:23.512Z] [INFO] [REVIEW PARTIAL SAVED] /mnt/c/Developer/Review_AI/scraper_project/raw_data/banyo-ve-ev-gerecleri/597439859_reviews.partial.json
[2026-04-05T20:23:23.749Z] [INFO] [review banyo-ve-ev-gerecleri/632939882] page=2 +8 reviews (unique=16)
[2026-04-05T20:23:23.993Z] [INFO] 
[START REVIEW] category=banyo-ve-ev-gerecleri productId=672744384 startPage=1
[2026-04-05T20:23:24.251Z] [INFO] [review banyo-ve-ev-gerecleri/597439859] page=6 +8 reviews (unique=48)
[2026-04-05T20:23:24.300Z] [INFO] [review banyo-ve-ev-gerecleri/672744384] page=1 +5 reviews (unique=5)
[2026-04-05T20:23:24.388Z] [INFO] [REVIEW SAVED] /mnt/c/Developer/Review_AI/scraper_project/raw_data/banyo-ve-ev-gerecleri/672744384_reviews.json
[2026-04-05T20:23:24.476Z] [INFO] 
[REVIEW WORKER 8] starting banyo-ve-ev-gerecleri/602796929
[2026-04-05T20:23:24.813Z] [INFO] 
[START REVIEW] category=banyo-ve-ev-gerecleri productId=79115341 startPage=1
[2026-04-05T20:23:24.946Z] [INFO] [review banyo-ve-ev-gerecleri/632939882] page=3 +8 reviews (unique=24)
[2026-04-05T20:23:25.254Z] [INFO] 
[START REVIEW] category=banyo-ve-ev-gerecleri productId=664770468 startPage=1
[2026-04-05T20:23:25.321Z] [INFO] [review banyo-ve-ev-gerecleri/79115341] page=1 +8 reviews (unique=8)
[2026-04-05T20:23:25.515Z] [INFO] [review banyo-ve-ev-gerecleri/664770468] page=1 +0 reviews (unique=0)
[2026-04-05T20:23:25.529Z] [INFO] [REVIEW SAVED] /mnt/c/Developer/Review_AI/scraper_project/raw_data/banyo-ve-ev-gerecleri/664770468_reviews.json
[2026-04-05T20:23:25.550Z] [INFO] 
[REVIEW WORKER 10] starting banyo-ve-ev-gerecleri/606357992
[2026-04-05T20:23:25.648Z] [INFO] [review banyo-ve-ev-gerecleri/632939882] page=4 +8 reviews (unique=32)
[2026-04-05T20:23:26.274Z] [INFO] [review banyo-ve-ev-gerecleri/79115341] page=2 +8 reviews (unique=16)
[2026-04-05T20:23:26.346Z] [INFO] [review banyo-ve-ev-gerecleri/632939882] page=5 +8 reviews (unique=40)
[2026-04-05T20:23:26.363Z] [INFO] [REVIEW PARTIAL SAVED] /mnt/c/Developer/Review_AI/scraper_project/raw_data/banyo-ve-ev-gerecleri/632939882_reviews.partial.json
[2026-04-05T20:23:26.578Z] [INFO] 
[START REVIEW] category=banyo-ve-ev-gerecleri productId=587540152 startPage=1
[2026-04-05T20:23:26.963Z] [INFO] [review banyo-ve-ev-gerecleri/587540152] page=1 +8 reviews (unique=8)
[2026-04-05T20:23:26.987Z] [INFO] [review banyo-ve-ev-gerecleri/79115341] page=3 +8 reviews (unique=24)
[2026-04-05T20:23:27.077Z] [INFO] [review banyo-ve-ev-gerecleri/632939882] page=6 +8 reviews (unique=48)
[2026-04-05T20:23:27.656Z] [INFO] [review banyo-ve-ev-gerecleri/79115341] page=4 +8 reviews (unique=32)
[2026-04-05T20:23:27.703Z] [INFO] [review banyo-ve-ev-gerecleri/587540152] page=2 +8 reviews (unique=16)
[2026-04-05T20:23:27.730Z] [INFO] [review banyo-ve-ev-gerecleri/632939882] page=7 +8 reviews (unique=56)
[2026-04-05T20:23:27.950Z] [INFO] 
[START REVIEW] category=banyo-ve-ev-gerecleri productId=722314863 startPage=1
[2026-04-05T20:23:27.981Z] [INFO] 
[START REVIEW] category=banyo-ve-ev-gerecleri productId=431531610 startPage=1
[2026-04-05T20:23:28.025Z] [INFO] 
[START REVIEW] category=banyo-ve-ev-gerecleri productId=546366867 startPage=1
[2026-04-05T20:23:28.060Z] [INFO] 
[START REVIEW] category=banyo-ve-ev-gerecleri productId=652155456 startPage=1
[2026-04-05T20:23:28.563Z] [INFO] [review banyo-ve-ev-gerecleri/722314863] page=1 +0 reviews (unique=0)
[2026-04-05T20:23:28.642Z] [INFO] [REVIEW SAVED] /mnt/c/Developer/Review_AI/scraper_project/raw_data/banyo-ve-ev-gerecleri/722314863_reviews.json
[2026-04-05T20:23:28.689Z] [INFO] [review banyo-ve-ev-gerecleri/79115341] page=5 +8 reviews (unique=40)
[2026-04-05T20:23:28.763Z] [INFO] [REVIEW PARTIAL SAVED] /mnt/c/Developer/Review_AI/scraper_project/raw_data/banyo-ve-ev-gerecleri/79115341_reviews.partial.json
[2026-04-05T20:23:28.792Z] [INFO] [review banyo-ve-ev-gerecleri/632939882] page=8 +8 reviews (unique=64)
[2026-04-05T20:23:28.821Z] [INFO] [review banyo-ve-ev-gerecleri/587540152] page=3 +8 reviews (unique=24)
[2026-04-05T20:23:28.863Z] [INFO] [review banyo-ve-ev-gerecleri/431531610] page=1 +8 reviews (unique=8)
[2026-04-05T20:23:28.920Z] [INFO] [review banyo-ve-ev-gerecleri/652155456] page=1 +8 reviews (unique=8)
[2026-04-05T20:23:28.950Z] [INFO] 
[REVIEW WORKER 1] starting banyo-ve-ev-gerecleri/724660060
[2026-04-05T20:23:29.432Z] [INFO] [review banyo-ve-ev-gerecleri/632939882] page=9 +8 reviews (unique=72)
[2026-04-05T20:23:29.442Z] [INFO] 
[START REVIEW] category=banyo-ve-ev-gerecleri productId=602796929 startPage=1
[2026-04-05T20:23:29.575Z] [INFO] [review banyo-ve-ev-gerecleri/79115341] page=6 +8 reviews (unique=48)
[2026-04-05T20:23:29.588Z] [INFO] [review banyo-ve-ev-gerecleri/652155456] page=2 +1 reviews (unique=9)
[2026-04-05T20:23:29.615Z] [INFO] [REVIEW SAVED] /mnt/c/Developer/Review_AI/scraper_project/raw_data/banyo-ve-ev-gerecleri/652155456_reviews.json
[2026-04-05T20:23:29.629Z] [INFO] [review banyo-ve-ev-gerecleri/587540152] page=4 +8 reviews (unique=32)
[2026-04-05T20:23:29.654Z] [INFO] 
[REVIEW WORKER 3] starting banyo-ve-ev-gerecleri/564275279
[2026-04-05T20:23:29.660Z] [INFO] [review banyo-ve-ev-gerecleri/431531610] page=2 +8 reviews (unique=16)
[2026-04-05T20:23:30.070Z] [INFO] [review banyo-ve-ev-gerecleri/602796929] page=1 +8 reviews (unique=8)
[2026-04-05T20:23:30.100Z] [INFO] [review banyo-ve-ev-gerecleri/632939882] page=10 +8 reviews (unique=80)
[2026-04-05T20:23:30.119Z] [INFO] [REVIEW PARTIAL SAVED] /mnt/c/Developer/Review_AI/scraper_project/raw_data/banyo-ve-ev-gerecleri/632939882_reviews.partial.json
[2026-04-05T20:23:30.167Z] [INFO] 
[START REVIEW] category=banyo-ve-ev-gerecleri productId=606357992 startPage=1
[2026-04-05T20:23:30.323Z] [INFO] [review banyo-ve-ev-gerecleri/431531610] page=3 +8 reviews (unique=24)
[2026-04-05T20:23:30.449Z] [INFO] [review banyo-ve-ev-gerecleri/606357992] page=1 +8 reviews (unique=8)
[2026-04-05T20:23:30.566Z] [INFO] [review banyo-ve-ev-gerecleri/587540152] page=5 +8 reviews (unique=40)
[2026-04-05T20:23:30.577Z] [INFO] [REVIEW PARTIAL SAVED] /mnt/c/Developer/Review_AI/scraper_project/raw_data/banyo-ve-ev-gerecleri/587540152_reviews.partial.json
[2026-04-05T20:23:30.657Z] [INFO] [review banyo-ve-ev-gerecleri/79115341] page=7 +8 reviews (unique=56)
[2026-04-05T20:23:30.691Z] [INFO] [review banyo-ve-ev-gerecleri/546366867] page=1 +7 reviews (unique=7)
[2026-04-05T20:23:30.704Z] [INFO] [REVIEW SAVED] /mnt/c/Developer/Review_AI/scraper_project/raw_data/banyo-ve-ev-gerecleri/546366867_reviews.json
[2026-04-05T20:23:30.725Z] [INFO] 
[REVIEW WORKER 2] starting banyo-ve-ev-gerecleri/584370884
[2026-04-05T20:23:30.776Z] [INFO] [review banyo-ve-ev-gerecleri/602796929] page=2 +8 reviews (unique=16)
[2026-04-05T20:23:30.844Z] [INFO] [review banyo-ve-ev-gerecleri/632939882] page=11 +8 reviews (unique=88)
[2026-04-05T20:23:31.077Z] [INFO] [review banyo-ve-ev-gerecleri/606357992] page=2 +8 reviews (unique=16)
[2026-04-05T20:23:31.202Z] [INFO] [review banyo-ve-ev-gerecleri/587540152] page=6 +8 reviews (unique=48)
[2026-04-05T20:23:31.222Z] [INFO] [review banyo-ve-ev-gerecleri/431531610] page=4 +8 reviews (unique=32)
[2026-04-05T20:23:31.319Z] [INFO] [review banyo-ve-ev-gerecleri/79115341] page=8 +3 reviews (unique=59)
[2026-04-05T20:23:31.345Z] [INFO] [REVIEW SAVED] /mnt/c/Developer/Review_AI/scraper_project/raw_data/banyo-ve-ev-gerecleri/79115341_reviews.json
[2026-04-05T20:23:31.360Z] [INFO] 
[REVIEW WORKER 7] starting banyo-ve-ev-gerecleri/460747718
[2026-04-05T20:23:31.495Z] [INFO] [review banyo-ve-ev-gerecleri/602796929] page=3 +8 reviews (unique=24)
[2026-04-05T20:23:31.635Z] [INFO] [review banyo-ve-ev-gerecleri/632939882] page=12 +5 reviews (unique=93)
[2026-04-05T20:23:31.660Z] [INFO] [REVIEW SAVED] /mnt/c/Developer/Review_AI/scraper_project/raw_data/banyo-ve-ev-gerecleri/632939882_reviews.json
[2026-04-05T20:23:31.704Z] [INFO] 
[REVIEW WORKER 5] starting banyo-ve-ev-gerecleri/571324764
[2026-04-05T20:23:31.742Z] [INFO] [review banyo-ve-ev-gerecleri/606357992] page=3 +8 reviews (unique=24)
[2026-04-05T20:23:31.916Z] [INFO] [review banyo-ve-ev-gerecleri/431531610] page=5 +6 reviews (unique=38)
[2026-04-05T20:23:31.934Z] [INFO] [REVIEW PARTIAL SAVED] /mnt/c/Developer/Review_AI/scraper_project/raw_data/banyo-ve-ev-gerecleri/431531610_reviews.partial.json
[2026-04-05T20:23:31.967Z] [INFO] [REVIEW SAVED] /mnt/c/Developer/Review_AI/scraper_project/raw_data/banyo-ve-ev-gerecleri/431531610_reviews.json
[2026-04-05T20:23:31.999Z] [INFO] 
[REVIEW WORKER 9] starting banyo-ve-ev-gerecleri/577429851
[2026-04-05T20:23:32.009Z] [INFO] [review banyo-ve-ev-gerecleri/587540152] page=7 +8 reviews (unique=56)
[2026-04-05T20:23:32.132Z] [INFO] [review banyo-ve-ev-gerecleri/597439859] page=7 +8 reviews (unique=56)
[2026-04-05T20:23:32.277Z] [INFO] [review banyo-ve-ev-gerecleri/602796929] page=4 +8 reviews (unique=32)
[2026-04-05T20:23:32.436Z] [INFO] [review banyo-ve-ev-gerecleri/606357992] page=4 +3 reviews (unique=27)
[2026-04-05T20:23:32.477Z] [INFO] [REVIEW SAVED] /mnt/c/Developer/Review_AI/scraper_project/raw_data/banyo-ve-ev-gerecleri/606357992_reviews.json
[2026-04-05T20:23:32.511Z] [INFO] 
[REVIEW WORKER 10] starting banyo-ve-ev-gerecleri/562017549
[2026-04-05T20:23:32.869Z] [INFO] [review banyo-ve-ev-gerecleri/587540152] page=8 +8 reviews (unique=64)
[2026-04-05T20:23:32.893Z] [INFO] [review banyo-ve-ev-gerecleri/597439859] page=8 +8 reviews (unique=64)
[2026-04-05T20:23:32.943Z] [INFO] [review banyo-ve-ev-gerecleri/602796929] page=5 +1 reviews (unique=33)
[2026-04-05T20:23:32.975Z] [INFO] [REVIEW PARTIAL SAVED] /mnt/c/Developer/Review_AI/scraper_project/raw_data/banyo-ve-ev-gerecleri/602796929_reviews.partial.json
[2026-04-05T20:23:33.026Z] [INFO] [REVIEW SAVED] /mnt/c/Developer/Review_AI/scraper_project/raw_data/banyo-ve-ev-gerecleri/602796929_reviews.json
[2026-04-05T20:23:33.056Z] [INFO] 
[REVIEW WORKER 8] starting banyo-ve-ev-gerecleri/634584800
[2026-04-05T20:23:33.341Z] [INFO] 
[START REVIEW] category=banyo-ve-ev-gerecleri productId=724660060 startPage=1
[2026-04-05T20:23:33.591Z] [INFO] [review banyo-ve-ev-gerecleri/587540152] page=9 +8 reviews (unique=72)
[2026-04-05T20:23:33.718Z] [INFO] [review banyo-ve-ev-gerecleri/597439859] page=9 +8 reviews (unique=72)
[2026-04-05T20:23:33.758Z] [INFO] [review banyo-ve-ev-gerecleri/724660060] page=1 +8 reviews (unique=8)
[2026-04-05T20:23:33.777Z] [INFO] [REVIEW SAVED] /mnt/c/Developer/Review_AI/scraper_project/raw_data/banyo-ve-ev-gerecleri/724660060_reviews.json
[2026-04-05T20:23:33.801Z] [INFO] 
[REVIEW WORKER 1] starting banyo-ve-ev-gerecleri/720612480
[2026-04-05T20:23:34.239Z] [INFO] 
[START REVIEW] category=banyo-ve-ev-gerecleri productId=564275279 startPage=1
[2026-04-05T20:23:34.317Z] [INFO] [review banyo-ve-ev-gerecleri/587540152] page=10 +8 reviews (unique=80)
[2026-04-05T20:23:34.334Z] [INFO] [REVIEW PARTIAL SAVED] /mnt/c/Developer/Review_AI/scraper_project/raw_data/banyo-ve-ev-gerecleri/587540152_reviews.partial.json
[2026-04-05T20:23:34.396Z] [INFO] [review banyo-ve-ev-gerecleri/597439859] page=10 +8 reviews (unique=80)
[2026-04-05T20:23:34.421Z] [INFO] [REVIEW PARTIAL SAVED] /mnt/c/Developer/Review_AI/scraper_project/raw_data/banyo-ve-ev-gerecleri/597439859_reviews.partial.json
[2026-04-05T20:23:34.469Z] [INFO] [review banyo-ve-ev-gerecleri/564275279] page=1 +8 reviews (unique=8)
[2026-04-05T20:23:35.039Z] [INFO] [review banyo-ve-ev-gerecleri/587540152] page=11 +8 reviews (unique=88)
[2026-04-05T20:23:35.093Z] [INFO] 
[START REVIEW] category=banyo-ve-ev-gerecleri productId=584370884 startPage=1
[2026-04-05T20:23:35.157Z] [INFO] [review banyo-ve-ev-gerecleri/597439859] page=11 +8 reviews (unique=88)
[2026-04-05T20:23:35.406Z] [INFO] [review banyo-ve-ev-gerecleri/564275279] page=2 +8 reviews (unique=16)
[2026-04-05T20:23:35.759Z] [INFO] [review banyo-ve-ev-gerecleri/587540152] page=12 +8 reviews (unique=96)
[2026-04-05T20:23:36.040Z] [INFO] 
[START REVIEW] category=banyo-ve-ev-gerecleri productId=460747718 startPage=1
[2026-04-05T20:23:36.058Z] [INFO] [review banyo-ve-ev-gerecleri/597439859] page=12 +8 reviews (unique=96)
[2026-04-05T20:23:36.186Z] [INFO] [review banyo-ve-ev-gerecleri/564275279] page=3 +8 reviews (unique=24)
[2026-04-05T20:23:36.381Z] [INFO] [review banyo-ve-ev-gerecleri/587540152] page=13 +2 reviews (unique=98)
[2026-04-05T20:23:36.464Z] [INFO] [REVIEW SAVED] /mnt/c/Developer/Review_AI/scraper_project/raw_data/banyo-ve-ev-gerecleri/587540152_reviews.json
[2026-04-05T20:23:36.537Z] [INFO] 
[REVIEW WORKER 6] starting banyo-ve-ev-gerecleri/709853338
[2026-04-05T20:23:36.928Z] [INFO] [review banyo-ve-ev-gerecleri/460747718] page=1 +8 reviews (unique=8)
[2026-04-05T20:23:37.159Z] [INFO] 
[START REVIEW] category=banyo-ve-ev-gerecleri productId=571324764 startPage=1
[2026-04-05T20:23:37.200Z] [INFO] [review banyo-ve-ev-gerecleri/597439859] page=13 +5 reviews (unique=101)
[2026-04-05T20:23:37.342Z] [INFO] [REVIEW SAVED] /mnt/c/Developer/Review_AI/scraper_project/raw_data/banyo-ve-ev-gerecleri/597439859_reviews.json
[2026-04-05T20:23:37.394Z] [INFO] 
[START REVIEW] category=banyo-ve-ev-gerecleri productId=577429851 startPage=1
[2026-04-05T20:23:37.409Z] [INFO] [review banyo-ve-ev-gerecleri/564275279] page=4 +8 reviews (unique=32)
[2026-04-05T20:23:37.484Z] [INFO] 
[START REVIEW] category=banyo-ve-ev-gerecleri productId=562017549 startPage=1
[2026-04-05T20:23:37.543Z] [INFO] 
[REVIEW WORKER 4] starting banyo-ve-ev-gerecleri/658820063
[2026-04-05T20:23:37.812Z] [INFO] [review banyo-ve-ev-gerecleri/460747718] page=2 +8 reviews (unique=16)
[2026-04-05T20:23:37.915Z] [INFO] [review banyo-ve-ev-gerecleri/562017549] page=1 +8 reviews (unique=8)
[2026-04-05T20:23:37.991Z] [INFO] [review banyo-ve-ev-gerecleri/571324764] page=1 +8 reviews (unique=8)
[2026-04-05T20:23:38.372Z] [INFO] [review banyo-ve-ev-gerecleri/577429851] page=1 +6 reviews (unique=6)
[2026-04-05T20:23:38.442Z] [INFO] [REVIEW SAVED] /mnt/c/Developer/Review_AI/scraper_project/raw_data/banyo-ve-ev-gerecleri/577429851_reviews.json
[2026-04-05T20:23:38.495Z] [INFO] 
[REVIEW WORKER 9] starting banyo-ve-ev-gerecleri/657081812
[2026-04-05T20:23:38.648Z] [INFO] [review banyo-ve-ev-gerecleri/564275279] page=5 +8 reviews (unique=40)
[2026-04-05T20:23:38.689Z] [INFO] [REVIEW PARTIAL SAVED] /mnt/c/Developer/Review_AI/scraper_project/raw_data/banyo-ve-ev-gerecleri/564275279_reviews.partial.json
[2026-04-05T20:23:38.732Z] [INFO] 
[START REVIEW] category=banyo-ve-ev-gerecleri productId=634584800 startPage=1
[2026-04-05T20:23:38.759Z] [INFO] [review banyo-ve-ev-gerecleri/562017549] page=2 +8 reviews (unique=16)
[2026-04-05T20:23:38.802Z] [INFO] [review banyo-ve-ev-gerecleri/460747718] page=3 +8 reviews (unique=24)
[2026-04-05T20:23:38.890Z] [INFO] [review banyo-ve-ev-gerecleri/571324764] page=2 +8 reviews (unique=16)
[2026-04-05T20:23:39.204Z] [INFO] 
[START REVIEW] category=banyo-ve-ev-gerecleri productId=720612480 startPage=1
[2026-04-05T20:23:39.345Z] [INFO] [review banyo-ve-ev-gerecleri/634584800] page=1 +8 reviews (unique=8)
[2026-04-05T20:23:39.386Z] [INFO] [review banyo-ve-ev-gerecleri/564275279] page=6 +8 reviews (unique=48)
[2026-04-05T20:23:39.547Z] [INFO] [review banyo-ve-ev-gerecleri/460747718] page=4 +2 reviews (unique=26)
[2026-04-05T20:23:39.569Z] [INFO] [REVIEW SAVED] /mnt/c/Developer/Review_AI/scraper_project/raw_data/banyo-ve-ev-gerecleri/460747718_reviews.json
[2026-04-05T20:23:39.592Z] [INFO] 
[REVIEW WORKER 7] starting banyo-ve-ev-gerecleri/639567297
[2026-04-05T20:23:39.630Z] [INFO] [review banyo-ve-ev-gerecleri/562017549] page=3 +8 reviews (unique=24)
[2026-04-05T20:23:39.643Z] [INFO] [review banyo-ve-ev-gerecleri/571324764] page=3 +4 reviews (unique=20)
[2026-04-05T20:23:39.659Z] [INFO] [REVIEW SAVED] /mnt/c/Developer/Review_AI/scraper_project/raw_data/banyo-ve-ev-gerecleri/571324764_reviews.json
[2026-04-05T20:23:39.719Z] [INFO] 
[REVIEW WORKER 5] starting banyo-ve-ev-gerecleri/729433477
[2026-04-05T20:23:39.955Z] [INFO] [review banyo-ve-ev-gerecleri/634584800] page=2 +1 reviews (unique=9)
[2026-04-05T20:23:39.973Z] [INFO] [REVIEW SAVED] /mnt/c/Developer/Review_AI/scraper_project/raw_data/banyo-ve-ev-gerecleri/634584800_reviews.json
[2026-04-05T20:23:39.995Z] [INFO] 
[REVIEW WORKER 8] starting banyo-ve-ev-gerecleri/725848828
[2026-04-05T20:23:40.057Z] [INFO] [review banyo-ve-ev-gerecleri/564275279] page=7 +2 reviews (unique=50)
[2026-04-05T20:23:40.081Z] [INFO] [REVIEW SAVED] /mnt/c/Developer/Review_AI/scraper_project/raw_data/banyo-ve-ev-gerecleri/564275279_reviews.json
[2026-04-05T20:23:40.104Z] [INFO] 
[REVIEW WORKER 3] starting banyo-ve-ev-gerecleri/574767363
[2026-04-05T20:23:40.107Z] [INFO] [review banyo-ve-ev-gerecleri/720612480] page=1 +0 reviews (unique=0)
[2026-04-05T20:23:40.122Z] [INFO] [REVIEW SAVED] /mnt/c/Developer/Review_AI/scraper_project/raw_data/banyo-ve-ev-gerecleri/720612480_reviews.json
[2026-04-05T20:23:40.136Z] [INFO] 
[REVIEW WORKER 1] starting banyo-ve-ev-gerecleri/635115064
[2026-04-05T20:23:40.345Z] [INFO] [review banyo-ve-ev-gerecleri/562017549] page=4 +8 reviews (unique=32)
[2026-04-05T20:23:40.521Z] [INFO] [review banyo-ve-ev-gerecleri/584370884] page=1 +5 reviews (unique=5)
[2026-04-05T20:23:40.547Z] [INFO] [REVIEW SAVED] /mnt/c/Developer/Review_AI/scraper_project/raw_data/banyo-ve-ev-gerecleri/584370884_reviews.json
[2026-04-05T20:23:40.571Z] [INFO] 
[REVIEW WORKER 2] starting banyo-ve-ev-gerecleri/536511742
[2026-04-05T20:23:41.501Z] [INFO] [review banyo-ve-ev-gerecleri/562017549] page=5 +8 reviews (unique=40)
[2026-04-05T20:23:41.514Z] [INFO] [REVIEW PARTIAL SAVED] /mnt/c/Developer/Review_AI/scraper_project/raw_data/banyo-ve-ev-gerecleri/562017549_reviews.partial.json
[2026-04-05T20:23:42.235Z] [INFO] [review banyo-ve-ev-gerecleri/562017549] page=6 +8 reviews (unique=48)
[2026-04-05T20:23:43.009Z] [INFO] [review banyo-ve-ev-gerecleri/562017549] page=7 +8 reviews (unique=56)
[2026-04-05T20:23:43.951Z] [INFO] 
[START REVIEW] category=banyo-ve-ev-gerecleri productId=709853338 startPage=1
[2026-04-05T20:23:44.416Z] [INFO] 
[START REVIEW] category=banyo-ve-ev-gerecleri productId=658820063 startPage=1
[2026-04-05T20:23:44.459Z] [INFO] 
[START REVIEW] category=banyo-ve-ev-gerecleri productId=725848828 startPage=1
[2026-04-05T20:23:44.491Z] [INFO] 
[START REVIEW] category=banyo-ve-ev-gerecleri productId=657081812 startPage=1
[2026-04-05T20:23:44.519Z] [INFO] 
[START REVIEW] category=banyo-ve-ev-gerecleri productId=635115064 startPage=1
[2026-04-05T20:23:44.621Z] [INFO] [review banyo-ve-ev-gerecleri/562017549] page=8 +8 reviews (unique=64)
[2026-04-05T20:23:44.660Z] [INFO] [review banyo-ve-ev-gerecleri/709853338] page=1 +0 reviews (unique=0)
[2026-04-05T20:23:44.717Z] [INFO] [REVIEW SAVED] /mnt/c/Developer/Review_AI/scraper_project/raw_data/banyo-ve-ev-gerecleri/709853338_reviews.json
[2026-04-05T20:23:44.785Z] [INFO] 
[REVIEW WORKER 6] starting banyo-ve-ev-gerecleri/508390600
[2026-04-05T20:23:45.079Z] [INFO] [review banyo-ve-ev-gerecleri/657081812] page=1 +2 reviews (unique=2)
[2026-04-05T20:23:45.250Z] [INFO] [REVIEW SAVED] /mnt/c/Developer/Review_AI/scraper_project/raw_data/banyo-ve-ev-gerecleri/657081812_reviews.json
[2026-04-05T20:23:45.291Z] [INFO] [review banyo-ve-ev-gerecleri/725848828] page=1 +4 reviews (unique=4)
[2026-04-05T20:23:45.330Z] [INFO] [REVIEW SAVED] /mnt/c/Developer/Review_AI/scraper_project/raw_data/banyo-ve-ev-gerecleri/725848828_reviews.json
[2026-04-05T20:23:45.345Z] [INFO] [review banyo-ve-ev-gerecleri/658820063] page=1 +3 reviews (unique=3)
[2026-04-05T20:23:45.415Z] [INFO] [REVIEW SAVED] /mnt/c/Developer/Review_AI/scraper_project/raw_data/banyo-ve-ev-gerecleri/658820063_reviews.json
[2026-04-05T20:23:45.439Z] [INFO] [review banyo-ve-ev-gerecleri/635115064] page=1 +1 reviews (unique=1)
[2026-04-05T20:23:45.477Z] [INFO] [REVIEW SAVED] /mnt/c/Developer/Review_AI/scraper_project/raw_data/banyo-ve-ev-gerecleri/635115064_reviews.json
[2026-04-05T20:23:45.497Z] [INFO] 
[REVIEW WORKER 9] starting banyo-ve-ev-gerecleri/423182812
[2026-04-05T20:23:45.510Z] [INFO] 
[REVIEW WORKER 8] starting banyo-ve-ev-gerecleri/709898648
[2026-04-05T20:23:45.525Z] [INFO] 
[REVIEW WORKER 4] starting banyo-ve-ev-gerecleri/555578356
[2026-04-05T20:23:45.545Z] [INFO] 
[REVIEW WORKER 1] starting banyo-ve-ev-gerecleri/644842404
[2026-04-05T20:23:45.763Z] [INFO] [review banyo-ve-ev-gerecleri/562017549] page=9 +8 reviews (unique=72)
[2026-04-05T20:23:46.473Z] [INFO] [review banyo-ve-ev-gerecleri/562017549] page=10 +8 reviews (unique=80)
[2026-04-05T20:23:46.485Z] [INFO] [REVIEW PARTIAL SAVED] /mnt/c/Developer/Review_AI/scraper_project/raw_data/banyo-ve-ev-gerecleri/562017549_reviews.partial.json
[2026-04-05T20:23:46.509Z] [INFO] [REVIEW SAVED] /mnt/c/Developer/Review_AI/scraper_project/raw_data/banyo-ve-ev-gerecleri/562017549_reviews.json
[2026-04-05T20:23:46.536Z] [INFO] 
[REVIEW WORKER 10] starting banyo-ve-ev-gerecleri/725243829
[2026-04-05T20:23:46.703Z] [INFO] 
[START REVIEW] category=banyo-ve-ev-gerecleri productId=536511742 startPage=1
[2026-04-05T20:23:46.807Z] [INFO] 
[START REVIEW] category=banyo-ve-ev-gerecleri productId=729433477 startPage=1
[2026-04-05T20:23:46.852Z] [INFO] 
[START REVIEW] category=banyo-ve-ev-gerecleri productId=574767363 startPage=1
[2026-04-05T20:23:47.036Z] [INFO] [review banyo-ve-ev-gerecleri/536511742] page=1 +8 reviews (unique=8)
[2026-04-05T20:23:47.540Z] [INFO] 
[START REVIEW] category=banyo-ve-ev-gerecleri productId=639567297 startPage=1
[2026-04-05T20:23:47.582Z] [INFO] [review banyo-ve-ev-gerecleri/574767363] page=1 +8 reviews (unique=8)
[2026-04-05T20:23:47.690Z] [INFO] [review banyo-ve-ev-gerecleri/729433477] page=1 +8 reviews (unique=8)
[2026-04-05T20:23:47.789Z] [INFO] [review banyo-ve-ev-gerecleri/536511742] page=2 +5 reviews (unique=13)
[2026-04-05T20:23:47.808Z] [INFO] [REVIEW SAVED] /mnt/c/Developer/Review_AI/scraper_project/raw_data/banyo-ve-ev-gerecleri/536511742_reviews.json
[2026-04-05T20:23:47.832Z] [INFO] 
[REVIEW WORKER 2] starting banyo-ve-ev-gerecleri/561244227
[2026-04-05T20:23:47.858Z] [INFO] [review banyo-ve-ev-gerecleri/639567297] page=1 +8 reviews (unique=8)
[2026-04-05T20:23:48.317Z] [INFO] [review banyo-ve-ev-gerecleri/574767363] page=2 +8 reviews (unique=16)
[2026-04-05T20:23:48.465Z] [INFO] [review banyo-ve-ev-gerecleri/729433477] page=2 +8 reviews (unique=16)
[2026-04-05T20:23:48.538Z] [INFO] [review banyo-ve-ev-gerecleri/639567297] page=2 +1 reviews (unique=9)
[2026-04-05T20:23:48.573Z] [INFO] [REVIEW SAVED] /mnt/c/Developer/Review_AI/scraper_project/raw_data/banyo-ve-ev-gerecleri/639567297_reviews.json
[2026-04-05T20:23:48.600Z] [INFO] 
[REVIEW WORKER 7] starting banyo-ve-ev-gerecleri/599479914
[2026-04-05T20:23:49.842Z] [INFO] [review banyo-ve-ev-gerecleri/574767363] page=3 +8 reviews (unique=24)
[2026-04-05T20:23:49.929Z] [INFO] [review banyo-ve-ev-gerecleri/729433477] page=3 +8 reviews (unique=24)
[2026-04-05T20:23:50.059Z] [INFO] 
[START REVIEW] category=banyo-ve-ev-gerecleri productId=508390600 startPage=1
[2026-04-05T20:23:50.478Z] [INFO] 
[START REVIEW] category=banyo-ve-ev-gerecleri productId=555578356 startPage=1
[2026-04-05T20:23:50.514Z] [INFO] 
[START REVIEW] category=banyo-ve-ev-gerecleri productId=423182812 startPage=1
[2026-04-05T20:23:51.033Z] [INFO] [review banyo-ve-ev-gerecleri/508390600] page=1 +8 reviews (unique=8)
[2026-04-05T20:23:51.054Z] [INFO] [review banyo-ve-ev-gerecleri/574767363] page=4 +2 reviews (unique=26)
[2026-04-05T20:23:51.094Z] [INFO] [REVIEW SAVED] /mnt/c/Developer/Review_AI/scraper_project/raw_data/banyo-ve-ev-gerecleri/574767363_reviews.json
[2026-04-05T20:23:51.101Z] [INFO] [review banyo-ve-ev-gerecleri/729433477] page=4 +1 reviews (unique=25)
[2026-04-05T20:23:51.148Z] [INFO] [REVIEW SAVED] /mnt/c/Developer/Review_AI/scraper_project/raw_data/banyo-ve-ev-gerecleri/729433477_reviews.json
[2026-04-05T20:23:51.188Z] [INFO] 
[REVIEW WORKER 5] starting banyo-ve-ev-gerecleri/698736884
[2026-04-05T20:23:51.203Z] [INFO] 
[REVIEW WORKER 3] starting banyo-ve-ev-gerecleri/651067709
[2026-04-05T20:23:51.761Z] [INFO] [review banyo-ve-ev-gerecleri/508390600] page=2 +8 reviews (unique=16)
[2026-04-05T20:23:51.982Z] [INFO] [review banyo-ve-ev-gerecleri/555578356] page=1 +8 reviews (unique=8)
[2026-04-05T20:23:52.328Z] [INFO] 
[START REVIEW] category=banyo-ve-ev-gerecleri productId=644842404 startPage=1
[2026-04-05T20:23:52.470Z] [INFO] 
[START REVIEW] category=banyo-ve-ev-gerecleri productId=709898648 startPage=1
[2026-04-05T20:23:52.562Z] [INFO] [review banyo-ve-ev-gerecleri/423182812] page=1 +8 reviews (unique=8)
[2026-04-05T20:23:52.854Z] [INFO] [review banyo-ve-ev-gerecleri/555578356] page=2 +8 reviews (unique=16)
[2026-04-05T20:23:53.094Z] [INFO] [review banyo-ve-ev-gerecleri/709898648] page=1 +0 reviews (unique=0)
[2026-04-05T20:23:53.167Z] [INFO] [REVIEW SAVED] /mnt/c/Developer/Review_AI/scraper_project/raw_data/banyo-ve-ev-gerecleri/709898648_reviews.json
[2026-04-05T20:23:53.187Z] [INFO] [review banyo-ve-ev-gerecleri/644842404] page=1 +0 reviews (unique=0)
[2026-04-05T20:23:53.298Z] [INFO] [REVIEW SAVED] /mnt/c/Developer/Review_AI/scraper_project/raw_data/banyo-ve-ev-gerecleri/644842404_reviews.json
[2026-04-05T20:23:53.348Z] [INFO] [review banyo-ve-ev-gerecleri/508390600] page=3 +1 reviews (unique=17)
[2026-04-05T20:23:53.452Z] [INFO] [REVIEW SAVED] /mnt/c/Developer/Review_AI/scraper_project/raw_data/banyo-ve-ev-gerecleri/508390600_reviews.json
[2026-04-05T20:23:53.473Z] [INFO] [review banyo-ve-ev-gerecleri/423182812] page=2 +4 reviews (unique=12)
[2026-04-05T20:23:53.503Z] [INFO] [REVIEW SAVED] /mnt/c/Developer/Review_AI/scraper_project/raw_data/banyo-ve-ev-gerecleri/423182812_reviews.json
[2026-04-05T20:23:53.524Z] [INFO] 
[REVIEW WORKER 8] starting banyo-ve-ev-gerecleri/693453920
[2026-04-05T20:23:53.535Z] [INFO] 
[REVIEW WORKER 1] starting banyo-ve-ev-gerecleri/680666632
[2026-04-05T20:23:53.545Z] [INFO] 
[REVIEW WORKER 6] starting banyo-ve-ev-gerecleri/341063182
[2026-04-05T20:23:53.597Z] [INFO] 
[REVIEW WORKER 9] starting banyo-ve-ev-gerecleri/657787278
[2026-04-05T20:23:53.844Z] [INFO] 
[START REVIEW] category=banyo-ve-ev-gerecleri productId=725243829 startPage=1
[2026-04-05T20:23:54.130Z] [INFO] [review banyo-ve-ev-gerecleri/725243829] page=1 +0 reviews (unique=0)
[2026-04-05T20:23:54.148Z] [INFO] [REVIEW SAVED] /mnt/c/Developer/Review_AI/scraper_project/raw_data/banyo-ve-ev-gerecleri/725243829_reviews.json
[2026-04-05T20:23:54.165Z] [INFO] 
[REVIEW WORKER 10] starting banyo-ve-ev-gerecleri/470600368
[2026-04-05T20:23:54.759Z] [INFO] 
[START REVIEW] category=banyo-ve-ev-gerecleri productId=561244227 startPage=1
[2026-04-05T20:23:55.142Z] [INFO] [review banyo-ve-ev-gerecleri/561244227] page=1 +1 reviews (unique=1)
[2026-04-05T20:23:55.176Z] [INFO] [REVIEW SAVED] /mnt/c/Developer/Review_AI/scraper_project/raw_data/banyo-ve-ev-gerecleri/561244227_reviews.json
[2026-04-05T20:23:55.199Z] [INFO] 
[REVIEW WORKER 2] starting banyo-ve-ev-gerecleri/575682668
[2026-04-05T20:23:55.577Z] [INFO] 
[START REVIEW] category=banyo-ve-ev-gerecleri productId=599479914 startPage=1
[2026-04-05T20:23:56.239Z] [INFO] [review banyo-ve-ev-gerecleri/599479914] page=1 +0 reviews (unique=0)
[2026-04-05T20:23:56.281Z] [INFO] [REVIEW SAVED] /mnt/c/Developer/Review_AI/scraper_project/raw_data/banyo-ve-ev-gerecleri/599479914_reviews.json
[2026-04-05T20:23:56.315Z] [INFO] 
[REVIEW WORKER 7] starting banyo-ve-ev-gerecleri/639467232
[2026-04-05T20:23:56.574Z] [INFO] 
[START REVIEW] category=banyo-ve-ev-gerecleri productId=698736884 startPage=1
[2026-04-05T20:23:56.609Z] [INFO] 
[START REVIEW] category=banyo-ve-ev-gerecleri productId=651067709 startPage=1
[2026-04-05T20:23:56.922Z] [INFO] [review banyo-ve-ev-gerecleri/698736884] page=1 +2 reviews (unique=2)
[2026-04-05T20:23:56.970Z] [INFO] [REVIEW SAVED] /mnt/c/Developer/Review_AI/scraper_project/raw_data/banyo-ve-ev-gerecleri/698736884_reviews.json
[2026-04-05T20:23:56.995Z] [INFO] [review banyo-ve-ev-gerecleri/651067709] page=1 +3 reviews (unique=3)
[2026-04-05T20:23:57.090Z] [INFO] [REVIEW SAVED] /mnt/c/Developer/Review_AI/scraper_project/raw_data/banyo-ve-ev-gerecleri/651067709_reviews.json
[2026-04-05T20:23:57.168Z] [INFO] 
[REVIEW WORKER 3] starting banyo-ve-ev-gerecleri/720007722
[2026-04-05T20:23:57.284Z] [INFO] 
[REVIEW WORKER 5] starting banyo-ve-ev-gerecleri/524674405
[2026-04-05T20:23:58.338Z] [INFO] 
[START REVIEW] category=banyo-ve-ev-gerecleri productId=693453920 startPage=1
[2026-04-05T20:23:58.363Z] [INFO] 
[START REVIEW] category=banyo-ve-ev-gerecleri productId=680666632 startPage=1
[2026-04-05T20:23:58.446Z] [INFO] 
[START REVIEW] category=banyo-ve-ev-gerecleri productId=657787278 startPage=1
[2026-04-05T20:23:58.839Z] [INFO] 
[START REVIEW] category=banyo-ve-ev-gerecleri productId=341063182 startPage=1
[2026-04-05T20:23:59.152Z] [INFO] [review banyo-ve-ev-gerecleri/680666632] page=1 +1 reviews (unique=1)
[2026-04-05T20:23:59.314Z] [INFO] [REVIEW SAVED] /mnt/c/Developer/Review_AI/scraper_project/raw_data/banyo-ve-ev-gerecleri/680666632_reviews.json
[2026-04-05T20:23:59.372Z] [INFO] [review banyo-ve-ev-gerecleri/555578356] page=3 +2 reviews (unique=18)
[2026-04-05T20:23:59.512Z] [INFO] [REVIEW SAVED] /mnt/c/Developer/Review_AI/scraper_project/raw_data/banyo-ve-ev-gerecleri/555578356_reviews.json
[2026-04-05T20:23:59.530Z] [INFO] [review banyo-ve-ev-gerecleri/657787278] page=1 +0 reviews (unique=0)
[2026-04-05T20:23:59.586Z] [INFO] [REVIEW SAVED] /mnt/c/Developer/Review_AI/scraper_project/raw_data/banyo-ve-ev-gerecleri/657787278_reviews.json
[2026-04-05T20:23:59.591Z] [INFO] [review banyo-ve-ev-gerecleri/693453920] page=1 +0 reviews (unique=0)
[2026-04-05T20:23:59.651Z] [INFO] [REVIEW SAVED] /mnt/c/Developer/Review_AI/scraper_project/raw_data/banyo-ve-ev-gerecleri/693453920_reviews.json
[2026-04-05T20:23:59.667Z] [INFO] 
[REVIEW WORKER 1] starting banyo-ve-ev-gerecleri/709955569
[2026-04-05T20:23:59.687Z] [INFO] 
[REVIEW WORKER 4] starting banyo-ve-ev-gerecleri/732667496
[2026-04-05T20:23:59.723Z] [INFO] 
[REVIEW WORKER 9] starting banyo-ve-ev-gerecleri/719791940
[2026-04-05T20:23:59.735Z] [INFO] 
[REVIEW WORKER 8] starting banyo-ve-ev-gerecleri/484473381
[2026-04-05T20:23:59.941Z] [INFO] [review banyo-ve-ev-gerecleri/341063182] page=1 +8 reviews (unique=8)
[2026-04-05T20:24:00.665Z] [INFO] [review banyo-ve-ev-gerecleri/341063182] page=2 +8 reviews (unique=16)
[2026-04-05T20:24:00.725Z] [INFO] 
[START REVIEW] category=banyo-ve-ev-gerecleri productId=470600368 startPage=1
[2026-04-05T20:24:01.456Z] [INFO] [review banyo-ve-ev-gerecleri/470600368] page=1 +8 reviews (unique=8)
[2026-04-05T20:24:01.518Z] [INFO] 
[START REVIEW] category=banyo-ve-ev-gerecleri productId=575682668 startPage=1
[2026-04-05T20:24:01.644Z] [INFO] [review banyo-ve-ev-gerecleri/341063182] page=3 +8 reviews (unique=24)
[2026-04-05T20:24:01.876Z] [INFO] 
[START REVIEW] category=banyo-ve-ev-gerecleri productId=639467232 startPage=1
[2026-04-05T20:24:01.928Z] [INFO] [review banyo-ve-ev-gerecleri/575682668] page=1 +8 reviews (unique=8)
[2026-04-05T20:24:02.491Z] [INFO] [review banyo-ve-ev-gerecleri/470600368] page=2 +4 reviews (unique=12)
[2026-04-05T20:24:02.553Z] [INFO] [REVIEW SAVED] /mnt/c/Developer/Review_AI/scraper_project/raw_data/banyo-ve-ev-gerecleri/470600368_reviews.json
[2026-04-05T20:24:02.597Z] [INFO] 
[REVIEW WORKER 10] starting banyo-ve-ev-gerecleri/639467227
[2026-04-05T20:24:02.637Z] [INFO] [review banyo-ve-ev-gerecleri/639467232] page=1 +8 reviews (unique=8)
[2026-04-05T20:24:02.674Z] [INFO] [review banyo-ve-ev-gerecleri/341063182] page=4 +8 reviews (unique=32)
[2026-04-05T20:24:02.877Z] [INFO] [review banyo-ve-ev-gerecleri/575682668] page=2 +8 reviews (unique=16)
[2026-04-05T20:24:03.668Z] [INFO] 
[START REVIEW] category=banyo-ve-ev-gerecleri productId=524674405 startPage=1
[2026-04-05T20:24:03.912Z] [INFO] [review banyo-ve-ev-gerecleri/341063182] page=5 +8 reviews (unique=40)
[2026-04-05T20:24:03.926Z] [INFO] [REVIEW PARTIAL SAVED] /mnt/c/Developer/Review_AI/scraper_project/raw_data/banyo-ve-ev-gerecleri/341063182_reviews.partial.json
[2026-04-05T20:24:03.971Z] [INFO] [review banyo-ve-ev-gerecleri/639467232] page=2 +8 reviews (unique=16)
[2026-04-05T20:24:04.038Z] [INFO] 
[START REVIEW] category=banyo-ve-ev-gerecleri productId=720007722 startPage=1
[2026-04-05T20:24:04.073Z] [INFO] [review banyo-ve-ev-gerecleri/575682668] page=3 +3 reviews (unique=19)
[2026-04-05T20:24:04.100Z] [INFO] [REVIEW SAVED] /mnt/c/Developer/Review_AI/scraper_project/raw_data/banyo-ve-ev-gerecleri/575682668_reviews.json
[2026-04-05T20:24:04.136Z] [INFO] 
[REVIEW WORKER 2] starting banyo-ve-ev-gerecleri/690626221
[2026-04-05T20:24:04.935Z] [INFO] [review banyo-ve-ev-gerecleri/524674405] page=1 +8 reviews (unique=8)
[2026-04-05T20:24:04.946Z] [INFO] [review banyo-ve-ev-gerecleri/720007722] page=1 +1 reviews (unique=1)
[2026-04-05T20:24:04.983Z] [INFO] [REVIEW SAVED] /mnt/c/Developer/Review_AI/scraper_project/raw_data/banyo-ve-ev-gerecleri/720007722_reviews.json
[2026-04-05T20:24:05.008Z] [INFO] 
[REVIEW WORKER 3] starting banyo-ve-ev-gerecleri/568404934
[2026-04-05T20:24:05.149Z] [INFO] [review banyo-ve-ev-gerecleri/341063182] page=6 +8 reviews (unique=48)
[2026-04-05T20:24:05.178Z] [INFO] [review banyo-ve-ev-gerecleri/639467232] page=3 +8 reviews (unique=24)
[2026-04-05T20:24:05.635Z] [INFO] [review banyo-ve-ev-gerecleri/524674405] page=2 +8 reviews (unique=16)
[2026-04-05T20:24:05.795Z] [INFO] [review banyo-ve-ev-gerecleri/639467232] page=4 +8 reviews (unique=32)
[2026-04-05T20:24:05.881Z] [INFO] [review banyo-ve-ev-gerecleri/341063182] page=7 +8 reviews (unique=56)
[2026-04-05T20:24:06.330Z] [INFO] [review banyo-ve-ev-gerecleri/524674405] page=3 +8 reviews (unique=24)
[2026-04-05T20:24:06.425Z] [INFO] 
[START REVIEW] category=banyo-ve-ev-gerecleri productId=484473381 startPage=1
[2026-04-05T20:24:06.479Z] [INFO] [review banyo-ve-ev-gerecleri/639467232] page=5 +8 reviews (unique=40)
[2026-04-05T20:24:06.517Z] [INFO] [REVIEW PARTIAL SAVED] /mnt/c/Developer/Review_AI/scraper_project/raw_data/banyo-ve-ev-gerecleri/639467232_reviews.partial.json
[2026-04-05T20:24:06.559Z] [INFO] 
[START REVIEW] category=banyo-ve-ev-gerecleri productId=732667496 startPage=1
[2026-04-05T20:24:06.609Z] [INFO] 
[START REVIEW] category=banyo-ve-ev-gerecleri productId=709955569 startPage=1
[2026-04-05T20:24:06.619Z] [INFO] [review banyo-ve-ev-gerecleri/341063182] page=8 +8 reviews (unique=64)
[2026-04-05T20:24:06.665Z] [INFO] 
[START REVIEW] category=banyo-ve-ev-gerecleri productId=719791940 startPage=1
[2026-04-05T20:24:06.935Z] [INFO] [review banyo-ve-ev-gerecleri/484473381] page=1 +8 reviews (unique=8)
[2026-04-05T20:24:06.987Z] [INFO] [review banyo-ve-ev-gerecleri/732667496] page=1 +0 reviews (unique=0)
[2026-04-05T20:24:07.107Z] [INFO] [REVIEW SAVED] /mnt/c/Developer/Review_AI/scraper_project/raw_data/banyo-ve-ev-gerecleri/732667496_reviews.json
[2026-04-05T20:24:07.147Z] [INFO] [review banyo-ve-ev-gerecleri/709955569] page=1 +0 reviews (unique=0)
[2026-04-05T20:24:07.414Z] [INFO] [REVIEW SAVED] /mnt/c/Developer/Review_AI/scraper_project/raw_data/banyo-ve-ev-gerecleri/709955569_reviews.json
[2026-04-05T20:24:07.444Z] [INFO] [review banyo-ve-ev-gerecleri/719791940] page=1 +8 reviews (unique=8)
[2026-04-05T20:24:07.617Z] [INFO] [REVIEW SAVED] /mnt/c/Developer/Review_AI/scraper_project/raw_data/banyo-ve-ev-gerecleri/719791940_reviews.json
[2026-04-05T20:24:07.637Z] [INFO] [review banyo-ve-ev-gerecleri/524674405] page=4 +6 reviews (unique=30)
[2026-04-05T20:24:07.738Z] [INFO] [REVIEW SAVED] /mnt/c/Developer/Review_AI/scraper_project/raw_data/banyo-ve-ev-gerecleri/524674405_reviews.json
[2026-04-05T20:24:07.781Z] [INFO] [review banyo-ve-ev-gerecleri/639467232] page=6 +8 reviews (unique=48)
[2026-04-05T20:24:07.827Z] [INFO] [review banyo-ve-ev-gerecleri/341063182] page=9 +8 reviews (unique=72)
[2026-04-05T20:24:07.874Z] [INFO] 
[REVIEW WORKER 4] starting banyo-ve-ev-gerecleri/496258718
[2026-04-05T20:24:07.899Z] [INFO] 
[REVIEW WORKER 9] starting banyo-ve-ev-gerecleri/586413113
[2026-04-05T20:24:07.920Z] [INFO] 
[REVIEW WORKER 5] starting banyo-ve-ev-gerecleri/661251972
[2026-04-05T20:24:07.947Z] [INFO] 
[REVIEW WORKER 1] starting banyo-ve-ev-gerecleri/565627801
[2026-04-05T20:24:08.203Z] [INFO] [review banyo-ve-ev-gerecleri/484473381] page=2 +1 reviews (unique=9)
[2026-04-05T20:24:08.273Z] [INFO] [REVIEW SAVED] /mnt/c/Developer/Review_AI/scraper_project/raw_data/banyo-ve-ev-gerecleri/484473381_reviews.json
[2026-04-05T20:24:08.514Z] [INFO] 
[REVIEW WORKER 8] starting banyo-ve-ev-gerecleri/649190368
[2026-04-05T20:24:08.854Z] [INFO] [review banyo-ve-ev-gerecleri/341063182] page=10 +8 reviews (unique=80)
[2026-04-05T20:24:08.962Z] [INFO] [REVIEW PARTIAL SAVED] /mnt/c/Developer/Review_AI/scraper_project/raw_data/banyo-ve-ev-gerecleri/341063182_reviews.partial.json
[2026-04-05T20:24:09.014Z] [INFO] [review banyo-ve-ev-gerecleri/639467232] page=7 +8 reviews (unique=56)
[2026-04-05T20:24:09.112Z] [INFO] 
[START REVIEW] category=banyo-ve-ev-gerecleri productId=639467227 startPage=1
[2026-04-05T20:24:09.659Z] [INFO] [review banyo-ve-ev-gerecleri/341063182] page=11 +8 reviews (unique=88)
[2026-04-05T20:24:09.706Z] [INFO] [review banyo-ve-ev-gerecleri/639467232] page=8 +8 reviews (unique=64)
[2026-04-05T20:24:09.834Z] [INFO] [review banyo-ve-ev-gerecleri/639467227] page=1 +8 reviews (unique=8)
[2026-04-05T20:24:10.257Z] [INFO] 
[START REVIEW] category=banyo-ve-ev-gerecleri productId=568404934 startPage=1
[2026-04-05T20:24:10.317Z] [INFO] [review banyo-ve-ev-gerecleri/341063182] page=12 +8 reviews (unique=96)
[2026-04-05T20:24:10.348Z] [INFO] [review banyo-ve-ev-gerecleri/639467232] page=9 +8 reviews (unique=72)
[2026-04-05T20:24:10.368Z] [INFO] 
[START REVIEW] category=banyo-ve-ev-gerecleri productId=690626221 startPage=1
[2026-04-05T20:24:10.536Z] [INFO] [review banyo-ve-ev-gerecleri/639467227] page=2 +7 reviews (unique=15)
[2026-04-05T20:24:10.559Z] [INFO] [REVIEW SAVED] /mnt/c/Developer/Review_AI/scraper_project/raw_data/banyo-ve-ev-gerecleri/639467227_reviews.json
[2026-04-05T20:24:10.571Z] [INFO] [review banyo-ve-ev-gerecleri/568404934] page=1 +5 reviews (unique=5)
[2026-04-05T20:24:10.597Z] [INFO] [REVIEW SAVED] /mnt/c/Developer/Review_AI/scraper_project/raw_data/banyo-ve-ev-gerecleri/568404934_reviews.json
[2026-04-05T20:24:10.626Z] [INFO] 
[REVIEW WORKER 10] starting banyo-ve-ev-gerecleri/565375146
[2026-04-05T20:24:10.640Z] [INFO] 
[REVIEW WORKER 3] starting banyo-ve-ev-gerecleri/586118133
[2026-04-05T20:24:10.668Z] [INFO] [review banyo-ve-ev-gerecleri/690626221] page=1 +1 reviews (unique=1)
[2026-04-05T20:24:10.692Z] [INFO] [REVIEW SAVED] /mnt/c/Developer/Review_AI/scraper_project/raw_data/banyo-ve-ev-gerecleri/690626221_reviews.json
[2026-04-05T20:24:10.773Z] [INFO] 
[REVIEW WORKER 2] starting banyo-ve-ev-gerecleri/543851824
[2026-04-05T20:24:11.048Z] [INFO] [review banyo-ve-ev-gerecleri/341063182] page=13 +8 reviews (unique=104)
[2026-04-05T20:24:11.065Z] [INFO] [review banyo-ve-ev-gerecleri/639467232] page=10 +8 reviews (unique=80)
[2026-04-05T20:24:11.076Z] [INFO] [REVIEW PARTIAL SAVED] /mnt/c/Developer/Review_AI/scraper_project/raw_data/banyo-ve-ev-gerecleri/639467232_reviews.partial.json
[2026-04-05T20:24:11.881Z] [INFO] [review banyo-ve-ev-gerecleri/341063182] page=14 +8 reviews (unique=112)
[2026-04-05T20:24:11.947Z] [INFO] [review banyo-ve-ev-gerecleri/639467232] page=11 +8 reviews (unique=88)
[2026-04-05T20:24:12.617Z] [INFO] [review banyo-ve-ev-gerecleri/341063182] page=15 +8 reviews (unique=120)
[2026-04-05T20:24:12.651Z] [INFO] [REVIEW PARTIAL SAVED] /mnt/c/Developer/Review_AI/scraper_project/raw_data/banyo-ve-ev-gerecleri/341063182_reviews.partial.json
[2026-04-05T20:24:12.668Z] [INFO] [review banyo-ve-ev-gerecleri/639467232] page=12 +5 reviews (unique=93)
[2026-04-05T20:24:12.752Z] [INFO] [REVIEW SAVED] /mnt/c/Developer/Review_AI/scraper_project/raw_data/banyo-ve-ev-gerecleri/639467232_reviews.json
[2026-04-05T20:24:12.802Z] [INFO] 
[REVIEW WORKER 7] starting banyo-ve-ev-gerecleri/555560833
[2026-04-05T20:24:12.859Z] [INFO] 
[START REVIEW] category=banyo-ve-ev-gerecleri productId=496258718 startPage=1
[2026-04-05T20:24:13.072Z] [INFO] 
[START REVIEW] category=banyo-ve-ev-gerecleri productId=565627801 startPage=1
[2026-04-05T20:24:13.153Z] [INFO] [review banyo-ve-ev-gerecleri/496258718] page=1 +1 reviews (unique=1)
[2026-04-05T20:24:13.178Z] [INFO] [REVIEW SAVED] /mnt/c/Developer/Review_AI/scraper_project/raw_data/banyo-ve-ev-gerecleri/496258718_reviews.json
[2026-04-05T20:24:13.202Z] [INFO] 
[REVIEW WORKER 4] starting banyo-ve-ev-gerecleri/554998826
[2026-04-05T20:24:13.286Z] [INFO] 
[START REVIEW] category=banyo-ve-ev-gerecleri productId=586413113 startPage=1
[2026-04-05T20:24:13.360Z] [INFO] [review banyo-ve-ev-gerecleri/565627801] page=1 +8 reviews (unique=8)
[2026-04-05T20:24:13.608Z] [INFO] [review banyo-ve-ev-gerecleri/586413113] page=1 +8 reviews (unique=8)
[2026-04-05T20:24:13.878Z] [INFO] 
[START REVIEW] category=banyo-ve-ev-gerecleri productId=661251972 startPage=1
[2026-04-05T20:24:13.946Z] [INFO] [review banyo-ve-ev-gerecleri/341063182] page=16 +8 reviews (unique=128)
[2026-04-05T20:24:13.978Z] [INFO] 
[START REVIEW] category=banyo-ve-ev-gerecleri productId=649190368 startPage=1
[2026-04-05T20:24:14.574Z] [INFO] [review banyo-ve-ev-gerecleri/661251972] page=1 +0 reviews (unique=0)
[2026-04-05T20:24:14.605Z] [INFO] [REVIEW SAVED] /mnt/c/Developer/Review_AI/scraper_project/raw_data/banyo-ve-ev-gerecleri/661251972_reviews.json
[2026-04-05T20:24:14.617Z] [INFO] [review banyo-ve-ev-gerecleri/565627801] page=2 +8 reviews (unique=16)
[2026-04-05T20:24:14.652Z] [INFO] 
[REVIEW WORKER 5] starting banyo-ve-ev-gerecleri/546049203
[2026-04-05T20:24:14.687Z] [INFO] [review banyo-ve-ev-gerecleri/649190368] page=1 +8 reviews (unique=8)
[2026-04-05T20:24:14.708Z] [INFO] [review banyo-ve-ev-gerecleri/586413113] page=2 +8 reviews (unique=16)
[2026-04-05T20:24:14.753Z] [INFO] [review banyo-ve-ev-gerecleri/341063182] page=17 +8 reviews (unique=136)
[2026-04-05T20:24:15.428Z] [INFO] [review banyo-ve-ev-gerecleri/565627801] page=3 +8 reviews (unique=24)
[2026-04-05T20:24:15.652Z] [INFO] [review banyo-ve-ev-gerecleri/586413113] page=3 +1 reviews (unique=17)
[2026-04-05T20:24:15.890Z] [INFO] [REVIEW SAVED] /mnt/c/Developer/Review_AI/scraper_project/raw_data/banyo-ve-ev-gerecleri/586413113_reviews.json
[2026-04-05T20:24:15.972Z] [INFO] [review banyo-ve-ev-gerecleri/341063182] page=18 +8 reviews (unique=144)
[2026-04-05T20:24:16.038Z] [INFO] [review banyo-ve-ev-gerecleri/649190368] page=2 +3 reviews (unique=11)
[2026-04-05T20:24:16.162Z] [INFO] [REVIEW SAVED] /mnt/c/Developer/Review_AI/scraper_project/raw_data/banyo-ve-ev-gerecleri/649190368_reviews.json
[2026-04-05T20:24:16.273Z] [INFO] 
[START REVIEW] category=banyo-ve-ev-gerecleri productId=543851824 startPage=1
[2026-04-05T20:24:16.332Z] [INFO] 
[START REVIEW] category=banyo-ve-ev-gerecleri productId=586118133 startPage=1
[2026-04-05T20:24:16.351Z] [INFO] 
[REVIEW WORKER 9] starting banyo-ve-ev-gerecleri/482437025
[2026-04-05T20:24:16.391Z] [INFO] 
[REVIEW WORKER 8] starting banyo-ve-ev-gerecleri/653034892
[2026-04-05T20:24:16.423Z] [INFO] [review banyo-ve-ev-gerecleri/565627801] page=4 +8 reviews (unique=32)
[2026-04-05T20:24:16.838Z] [INFO] [review banyo-ve-ev-gerecleri/341063182] page=19 +8 reviews (unique=152)
[2026-04-05T20:24:17.246Z] [INFO] [review banyo-ve-ev-gerecleri/565627801] page=5 +8 reviews (unique=40)
[2026-04-05T20:24:17.304Z] [INFO] [REVIEW PARTIAL SAVED] /mnt/c/Developer/Review_AI/scraper_project/raw_data/banyo-ve-ev-gerecleri/565627801_reviews.partial.json
[2026-04-05T20:24:17.439Z] [INFO] 
[START REVIEW] category=banyo-ve-ev-gerecleri productId=565375146 startPage=1
[2026-04-05T20:24:17.518Z] [INFO] [review banyo-ve-ev-gerecleri/586118133] page=1 +8 reviews (unique=8)
[2026-04-05T20:24:17.626Z] [INFO] [review banyo-ve-ev-gerecleri/543851824] page=1 +3 reviews (unique=3)
[2026-04-05T20:24:17.696Z] [INFO] [REVIEW SAVED] /mnt/c/Developer/Review_AI/scraper_project/raw_data/banyo-ve-ev-gerecleri/543851824_reviews.json
[2026-04-05T20:24:17.717Z] [INFO] [review banyo-ve-ev-gerecleri/565375146] page=1 +8 reviews (unique=8)
[2026-04-05T20:24:17.766Z] [INFO] 
[REVIEW WORKER 2] starting banyo-ve-ev-gerecleri/527286701
[2026-04-05T20:24:17.911Z] [INFO] [review banyo-ve-ev-gerecleri/341063182] page=20 +8 reviews (unique=160)
[2026-04-05T20:24:17.932Z] [INFO] [REVIEW PARTIAL SAVED] /mnt/c/Developer/Review_AI/scraper_project/raw_data/banyo-ve-ev-gerecleri/341063182_reviews.partial.json
[2026-04-05T20:24:18.120Z] [INFO] [review banyo-ve-ev-gerecleri/565627801] page=6 +8 reviews (unique=48)
[2026-04-05T20:24:18.309Z] [INFO] [review banyo-ve-ev-gerecleri/586118133] page=2 +7 reviews (unique=15)
[2026-04-05T20:24:18.338Z] [INFO] [REVIEW SAVED] /mnt/c/Developer/Review_AI/scraper_project/raw_data/banyo-ve-ev-gerecleri/586118133_reviews.json
[2026-04-05T20:24:18.372Z] [INFO] 
[REVIEW WORKER 3] starting banyo-ve-ev-gerecleri/733151120
[2026-04-05T20:24:18.454Z] [INFO] [review banyo-ve-ev-gerecleri/565375146] page=2 +8 reviews (unique=16)
[2026-04-05T20:24:18.619Z] [INFO] 
[START REVIEW] category=banyo-ve-ev-gerecleri productId=555560833 startPage=1
[2026-04-05T20:24:18.667Z] [INFO] 
[START REVIEW] category=banyo-ve-ev-gerecleri productId=554998826 startPage=1
[2026-04-05T20:24:18.698Z] [INFO] [review banyo-ve-ev-gerecleri/341063182] page=21 +8 reviews (unique=168)
[2026-04-05T20:24:18.804Z] [INFO] [review banyo-ve-ev-gerecleri/565627801] page=7 +8 reviews (unique=56)
[2026-04-05T20:24:18.933Z] [INFO] [review banyo-ve-ev-gerecleri/555560833] page=1 +8 reviews (unique=8)
[2026-04-05T20:24:18.964Z] [INFO] [REVIEW SAVED] /mnt/c/Developer/Review_AI/scraper_project/raw_data/banyo-ve-ev-gerecleri/555560833_reviews.json
[2026-04-05T20:24:18.971Z] [INFO] [review banyo-ve-ev-gerecleri/554998826] page=1 +0 reviews (unique=0)
[2026-04-05T20:24:19.006Z] [INFO] [REVIEW SAVED] /mnt/c/Developer/Review_AI/scraper_project/raw_data/banyo-ve-ev-gerecleri/554998826_reviews.json
[2026-04-05T20:24:19.029Z] [INFO] 
[REVIEW WORKER 7] starting banyo-ve-ev-gerecleri/566672832
[2026-04-05T20:24:19.063Z] [INFO] 
[REVIEW WORKER 4] starting banyo-ve-ev-gerecleri/555585809
[2026-04-05T20:24:19.188Z] [INFO] [review banyo-ve-ev-gerecleri/565375146] page=3 +8 reviews (unique=24)
[2026-04-05T20:24:19.343Z] [INFO] [review banyo-ve-ev-gerecleri/341063182] page=22 +8 reviews (unique=176)
[2026-04-05T20:24:19.555Z] [INFO] 
[START REVIEW] category=banyo-ve-ev-gerecleri productId=546049203 startPage=1
[2026-04-05T20:24:19.780Z] [INFO] [review banyo-ve-ev-gerecleri/546049203] page=1 +1 reviews (unique=1)
[2026-04-05T20:24:19.806Z] [INFO] [REVIEW SAVED] /mnt/c/Developer/Review_AI/scraper_project/raw_data/banyo-ve-ev-gerecleri/546049203_reviews.json
[2026-04-05T20:24:19.826Z] [INFO] 
[REVIEW WORKER 5] starting banyo-ve-ev-gerecleri/701524350
[2026-04-05T20:24:19.846Z] [INFO] [review banyo-ve-ev-gerecleri/565375146] page=4 +8 reviews (unique=32)
[2026-04-05T20:24:20.152Z] [INFO] [review banyo-ve-ev-gerecleri/341063182] page=23 +4 reviews (unique=180)
[2026-04-05T20:24:20.180Z] [INFO] [REVIEW SAVED] /mnt/c/Developer/Review_AI/scraper_project/raw_data/banyo-ve-ev-gerecleri/341063182_reviews.json
[2026-04-05T20:24:20.214Z] [INFO] 
[REVIEW WORKER 6] starting banyo-ve-ev-gerecleri/727306327
[2026-04-05T20:24:20.597Z] [INFO] [review banyo-ve-ev-gerecleri/565375146] page=5 +8 reviews (unique=40)
[2026-04-05T20:24:20.611Z] [INFO] [REVIEW PARTIAL SAVED] /mnt/c/Developer/Review_AI/scraper_project/raw_data/banyo-ve-ev-gerecleri/565375146_reviews.partial.json
[2026-04-05T20:24:21.343Z] [INFO] [review banyo-ve-ev-gerecleri/565375146] page=6 +8 reviews (unique=48)
[2026-04-05T20:24:21.529Z] [INFO] 
[START REVIEW] category=banyo-ve-ev-gerecleri productId=653034892 startPage=1
[2026-04-05T20:24:21.545Z] [INFO] 
[START REVIEW] category=banyo-ve-ev-gerecleri productId=482437025 startPage=1
[2026-04-05T20:24:21.826Z] [INFO] [review banyo-ve-ev-gerecleri/482437025] page=1 +3 reviews (unique=3)
[2026-04-05T20:24:21.853Z] [INFO] [REVIEW SAVED] /mnt/c/Developer/Review_AI/scraper_project/raw_data/banyo-ve-ev-gerecleri/482437025_reviews.json
[2026-04-05T20:24:21.875Z] [INFO] 
[REVIEW WORKER 9] starting banyo-ve-ev-gerecleri/586322013
[2026-04-05T20:24:21.882Z] [INFO] [review banyo-ve-ev-gerecleri/653034892] page=1 +4 reviews (unique=4)
[2026-04-05T20:24:21.910Z] [INFO] [REVIEW SAVED] /mnt/c/Developer/Review_AI/scraper_project/raw_data/banyo-ve-ev-gerecleri/653034892_reviews.json
[2026-04-05T20:24:21.932Z] [INFO] 
[REVIEW WORKER 8] starting banyo-ve-ev-gerecleri/555560749
[2026-04-05T20:24:22.001Z] [INFO] [review banyo-ve-ev-gerecleri/565375146] page=7 +8 reviews (unique=56)
[2026-04-05T20:24:22.409Z] [INFO] 
[START REVIEW] category=banyo-ve-ev-gerecleri productId=527286701 startPage=1
[2026-04-05T20:24:22.766Z] [INFO] 
[START REVIEW] category=banyo-ve-ev-gerecleri productId=733151120 startPage=1
[2026-04-05T20:24:22.912Z] [INFO] [review banyo-ve-ev-gerecleri/565375146] page=8 +8 reviews (unique=64)
[2026-04-05T20:24:23.213Z] [INFO] [review banyo-ve-ev-gerecleri/527286701] page=1 +4 reviews (unique=4)
[2026-04-05T20:24:23.300Z] [INFO] [REVIEW SAVED] /mnt/c/Developer/Review_AI/scraper_project/raw_data/banyo-ve-ev-gerecleri/527286701_reviews.json
[2026-04-05T20:24:23.352Z] [INFO] [review banyo-ve-ev-gerecleri/733151120] page=1 +8 reviews (unique=8)
[2026-04-05T20:24:23.415Z] [INFO] 
[REVIEW WORKER 2] starting banyo-ve-ev-gerecleri/704333675
[2026-04-05T20:24:23.715Z] [INFO] 
[START REVIEW] category=banyo-ve-ev-gerecleri productId=555585809 startPage=1
[2026-04-05T20:24:24.016Z] [INFO] 
[START REVIEW] category=banyo-ve-ev-gerecleri productId=566672832 startPage=1
[2026-04-05T20:24:24.035Z] [INFO] [review banyo-ve-ev-gerecleri/565627801] page=8 +8 reviews (unique=64)
[2026-04-05T20:24:24.178Z] [INFO] [review banyo-ve-ev-gerecleri/565375146] page=9 +8 reviews (unique=72)
[2026-04-05T20:24:24.368Z] [INFO] 
[START REVIEW] category=banyo-ve-ev-gerecleri productId=701524350 startPage=1
[2026-04-05T20:24:24.962Z] [INFO] [review banyo-ve-ev-gerecleri/565627801] page=9 +8 reviews (unique=72)
[2026-04-05T20:24:25.067Z] [INFO] [review banyo-ve-ev-gerecleri/565375146] page=10 +8 reviews (unique=80)
[2026-04-05T20:24:25.231Z] [INFO] [REVIEW PARTIAL SAVED] /mnt/c/Developer/Review_AI/scraper_project/raw_data/banyo-ve-ev-gerecleri/565375146_reviews.partial.json
[2026-04-05T20:24:25.274Z] [INFO] [review banyo-ve-ev-gerecleri/555585809] page=1 +8 reviews (unique=8)
[2026-04-05T20:24:25.347Z] [INFO] [REVIEW SAVED] /mnt/c/Developer/Review_AI/scraper_project/raw_data/banyo-ve-ev-gerecleri/555585809_reviews.json
[2026-04-05T20:24:25.360Z] [INFO] [review banyo-ve-ev-gerecleri/701524350] page=1 +0 reviews (unique=0)
[2026-04-05T20:24:25.462Z] [INFO] [REVIEW SAVED] /mnt/c/Developer/Review_AI/scraper_project/raw_data/banyo-ve-ev-gerecleri/701524350_reviews.json
[2026-04-05T20:24:25.531Z] [INFO] 
[REVIEW WORKER 5] starting banyo-ve-ev-gerecleri/551617267
[2026-04-05T20:24:25.664Z] [INFO] [review banyo-ve-ev-gerecleri/566672832] page=1 +0 reviews (unique=0)
[2026-04-05T20:24:25.759Z] [INFO] [REVIEW SAVED] /mnt/c/Developer/Review_AI/scraper_project/raw_data/banyo-ve-ev-gerecleri/566672832_reviews.json
[2026-04-05T20:24:25.830Z] [INFO] 
[REVIEW WORKER 4] starting banyo-ve-ev-gerecleri/589305331
[2026-04-05T20:24:25.862Z] [INFO] [review banyo-ve-ev-gerecleri/565627801] page=10 +8 reviews (unique=80)
[2026-04-05T20:24:25.897Z] [INFO] [REVIEW PARTIAL SAVED] /mnt/c/Developer/Review_AI/scraper_project/raw_data/banyo-ve-ev-gerecleri/565627801_reviews.partial.json
[2026-04-05T20:24:25.917Z] [INFO] 
[START REVIEW] category=banyo-ve-ev-gerecleri productId=727306327 startPage=1
[2026-04-05T20:24:25.930Z] [INFO] 
[REVIEW WORKER 7] starting banyo-ve-ev-gerecleri/548376667
[2026-04-05T20:24:26.262Z] [INFO] [review banyo-ve-ev-gerecleri/565375146] page=11 +8 reviews (unique=88)
[2026-04-05T20:24:26.316Z] [INFO] [review banyo-ve-ev-gerecleri/727306327] page=1 +0 reviews (unique=0)
[2026-04-05T20:24:26.336Z] [INFO] [REVIEW SAVED] /mnt/c/Developer/Review_AI/scraper_project/raw_data/banyo-ve-ev-gerecleri/727306327_reviews.json
[2026-04-05T20:24:26.364Z] [INFO] 
[REVIEW WORKER 6] starting banyo-ve-ev-gerecleri/700337515
[2026-04-05T20:24:26.635Z] [INFO] [review banyo-ve-ev-gerecleri/565627801] page=11 +2 reviews (unique=82)
[2026-04-05T20:24:26.672Z] [INFO] [REVIEW SAVED] /mnt/c/Developer/Review_AI/scraper_project/raw_data/banyo-ve-ev-gerecleri/565627801_reviews.json
[2026-04-05T20:24:26.698Z] [INFO] 
[REVIEW WORKER 1] starting banyo-ve-ev-gerecleri/575747780
[2026-04-05T20:24:26.980Z] [INFO] [review banyo-ve-ev-gerecleri/565375146] page=12 +8 reviews (unique=96)
[2026-04-05T20:24:27.599Z] [INFO] 
[START REVIEW] category=banyo-ve-ev-gerecleri productId=555560749 startPage=1
[2026-04-05T20:24:27.608Z] [INFO] 
[START REVIEW] category=banyo-ve-ev-gerecleri productId=586322013 startPage=1
[2026-04-05T20:24:27.690Z] [INFO] [review banyo-ve-ev-gerecleri/565375146] page=13 +8 reviews (unique=104)
[2026-04-05T20:24:27.850Z] [INFO] [review banyo-ve-ev-gerecleri/555560749] page=1 +7 reviews (unique=7)
[2026-04-05T20:24:27.878Z] [INFO] [REVIEW SAVED] /mnt/c/Developer/Review_AI/scraper_project/raw_data/banyo-ve-ev-gerecleri/555560749_reviews.json
[2026-04-05T20:24:27.905Z] [INFO] 
[REVIEW WORKER 8] starting banyo-ve-ev-gerecleri/454673647
[2026-04-05T20:24:27.939Z] [INFO] [review banyo-ve-ev-gerecleri/586322013] page=1 +8 reviews (unique=8)
[2026-04-05T20:24:28.375Z] [INFO] [review banyo-ve-ev-gerecleri/565375146] page=14 +8 reviews (unique=112)
[2026-04-05T20:24:28.506Z] [INFO] 
[START REVIEW] category=banyo-ve-ev-gerecleri productId=704333675 startPage=1
[2026-04-05T20:24:28.852Z] [INFO] [review banyo-ve-ev-gerecleri/733151120] page=2 +8 reviews (unique=16)
[2026-04-05T20:24:28.899Z] [INFO] [review banyo-ve-ev-gerecleri/586322013] page=2 +8 reviews (unique=16)
[2026-04-05T20:24:29.028Z] [INFO] [review banyo-ve-ev-gerecleri/704333675] page=1 +0 reviews (unique=0)
[2026-04-05T20:24:29.057Z] [INFO] [REVIEW SAVED] /mnt/c/Developer/Review_AI/scraper_project/raw_data/banyo-ve-ev-gerecleri/704333675_reviews.json
[2026-04-05T20:24:29.087Z] [INFO] 
[REVIEW WORKER 2] starting banyo-ve-ev-gerecleri/580822118
[2026-04-05T20:24:29.265Z] [INFO] [review banyo-ve-ev-gerecleri/565375146] page=15 +8 reviews (unique=120)
[2026-04-05T20:24:29.340Z] [INFO] [REVIEW PARTIAL SAVED] /mnt/c/Developer/Review_AI/scraper_project/raw_data/banyo-ve-ev-gerecleri/565375146_reviews.partial.json
[2026-04-05T20:24:29.682Z] [INFO] [review banyo-ve-ev-gerecleri/733151120] page=3 +8 reviews (unique=24)
[2026-04-05T20:24:29.705Z] [INFO] [review banyo-ve-ev-gerecleri/586322013] page=3 +8 reviews (unique=24)
[2026-04-05T20:24:30.587Z] [INFO] [review banyo-ve-ev-gerecleri/565375146] page=16 +8 reviews (unique=128)
[2026-04-05T20:24:30.634Z] [INFO] [review banyo-ve-ev-gerecleri/586322013] page=4 +8 reviews (unique=32)
[2026-04-05T20:24:30.662Z] [INFO] [review banyo-ve-ev-gerecleri/733151120] page=4 +8 reviews (unique=32)
[2026-04-05T20:24:30.722Z] [INFO] 
[START REVIEW] category=banyo-ve-ev-gerecleri productId=551617267 startPage=1
[2026-04-05T20:24:30.877Z] [INFO] 
[START REVIEW] category=banyo-ve-ev-gerecleri productId=548376667 startPage=1
[2026-04-05T20:24:31.418Z] [INFO] 
[START REVIEW] category=banyo-ve-ev-gerecleri productId=700337515 startPage=1
[2026-04-05T20:24:31.437Z] [INFO] [review banyo-ve-ev-gerecleri/551617267] page=1 +8 reviews (unique=8)
[2026-04-05T20:24:31.571Z] [INFO] [review banyo-ve-ev-gerecleri/565375146] page=17 +8 reviews (unique=136)
[2026-04-05T20:24:31.611Z] [INFO] [review banyo-ve-ev-gerecleri/733151120] page=5 +1 reviews (unique=33)
[2026-04-05T20:24:31.676Z] [INFO] [REVIEW PARTIAL SAVED] /mnt/c/Developer/Review_AI/scraper_project/raw_data/banyo-ve-ev-gerecleri/733151120_reviews.partial.json
[2026-04-05T20:24:31.764Z] [INFO] [REVIEW SAVED] /mnt/c/Developer/Review_AI/scraper_project/raw_data/banyo-ve-ev-gerecleri/733151120_reviews.json
[2026-04-05T20:24:31.798Z] [INFO] [review banyo-ve-ev-gerecleri/586322013] page=5 +8 reviews (unique=40)
[2026-04-05T20:24:31.899Z] [INFO] [REVIEW PARTIAL SAVED] /mnt/c/Developer/Review_AI/scraper_project/raw_data/banyo-ve-ev-gerecleri/586322013_reviews.partial.json
[2026-04-05T20:24:32.007Z] [INFO] 
[REVIEW WORKER 3] starting banyo-ve-ev-gerecleri/576583175
[2026-04-05T20:24:32.153Z] [INFO] 
[START REVIEW] category=banyo-ve-ev-gerecleri productId=589305331 startPage=1
[2026-04-05T20:24:32.187Z] [INFO] [review banyo-ve-ev-gerecleri/548376667] page=1 +2 reviews (unique=2)
[2026-04-05T20:24:32.247Z] [INFO] [REVIEW SAVED] /mnt/c/Developer/Review_AI/scraper_project/raw_data/banyo-ve-ev-gerecleri/548376667_reviews.json
[2026-04-05T20:24:32.264Z] [INFO] [review banyo-ve-ev-gerecleri/700337515] page=1 +0 reviews (unique=0)
[2026-04-05T20:24:32.321Z] [INFO] [REVIEW SAVED] /mnt/c/Developer/Review_AI/scraper_project/raw_data/banyo-ve-ev-gerecleri/700337515_reviews.json
[2026-04-05T20:24:32.357Z] [INFO] [review banyo-ve-ev-gerecleri/565375146] page=18 +8 reviews (unique=144)
[2026-04-05T20:24:32.393Z] [INFO] 
[REVIEW WORKER 7] starting banyo-ve-ev-gerecleri/725848701
[2026-04-05T20:24:32.417Z] [INFO] 
[REVIEW WORKER 6] starting banyo-ve-ev-gerecleri/582727481
[2026-04-05T20:24:32.464Z] [INFO] [review banyo-ve-ev-gerecleri/551617267] page=2 +7 reviews (unique=15)
[2026-04-05T20:24:32.490Z] [INFO] [REVIEW SAVED] /mnt/c/Developer/Review_AI/scraper_project/raw_data/banyo-ve-ev-gerecleri/551617267_reviews.json
[2026-04-05T20:24:32.574Z] [INFO] 
[REVIEW WORKER 5] starting banyo-ve-ev-gerecleri/661101156
[2026-04-05T20:24:32.737Z] [INFO] [review banyo-ve-ev-gerecleri/586322013] page=6 +8 reviews (unique=48)
[2026-04-05T20:24:32.747Z] [INFO] [review banyo-ve-ev-gerecleri/589305331] page=1 +6 reviews (unique=6)
[2026-04-05T20:24:32.767Z] [INFO] [REVIEW SAVED] /mnt/c/Developer/Review_AI/scraper_project/raw_data/banyo-ve-ev-gerecleri/589305331_reviews.json
[2026-04-05T20:24:32.786Z] [INFO] 
[REVIEW WORKER 4] starting banyo-ve-ev-gerecleri/680795025
[2026-04-05T20:24:33.002Z] [INFO] 
[START REVIEW] category=banyo-ve-ev-gerecleri productId=575747780 startPage=1
[2026-04-05T20:24:33.100Z] [INFO] [review banyo-ve-ev-gerecleri/565375146] page=19 +8 reviews (unique=152)
[2026-04-05T20:24:33.233Z] [INFO] [review banyo-ve-ev-gerecleri/575747780] page=1 +1 reviews (unique=1)
[2026-04-05T20:24:33.249Z] [INFO] [REVIEW SAVED] /mnt/c/Developer/Review_AI/scraper_project/raw_data/banyo-ve-ev-gerecleri/575747780_reviews.json
[2026-04-05T20:24:33.262Z] [INFO] 
[REVIEW WORKER 1] starting banyo-ve-ev-gerecleri/732467054
[2026-04-05T20:24:33.348Z] [INFO] [review banyo-ve-ev-gerecleri/586322013] page=7 +8 reviews (unique=56)
[2026-04-05T20:24:33.792Z] [INFO] [review banyo-ve-ev-gerecleri/565375146] page=20 +8 reviews (unique=160)
[2026-04-05T20:24:33.804Z] [INFO] [REVIEW PARTIAL SAVED] /mnt/c/Developer/Review_AI/scraper_project/raw_data/banyo-ve-ev-gerecleri/565375146_reviews.partial.json
[2026-04-05T20:24:33.812Z] [INFO] 
[START REVIEW] category=banyo-ve-ev-gerecleri productId=454673647 startPage=1
[2026-04-05T20:24:34.066Z] [INFO] [review banyo-ve-ev-gerecleri/586322013] page=8 +8 reviews (unique=64)
[2026-04-05T20:24:34.109Z] [INFO] [review banyo-ve-ev-gerecleri/454673647] page=1 +8 reviews (unique=8)
[2026-04-05T20:24:34.268Z] [INFO] 
[START REVIEW] category=banyo-ve-ev-gerecleri productId=580822118 startPage=1
[2026-04-05T20:24:34.551Z] [INFO] [review banyo-ve-ev-gerecleri/565375146] page=21 +8 reviews (unique=168)
[2026-04-05T20:24:34.699Z] [INFO] [review banyo-ve-ev-gerecleri/586322013] page=9 +8 reviews (unique=72)
[2026-04-05T20:24:34.844Z] [INFO] [review banyo-ve-ev-gerecleri/454673647] page=2 +8 reviews (unique=16)
[2026-04-05T20:24:34.956Z] [INFO] [review banyo-ve-ev-gerecleri/580822118] page=1 +5 reviews (unique=5)
[2026-04-05T20:24:35.002Z] [INFO] [REVIEW SAVED] /mnt/c/Developer/Review_AI/scraper_project/raw_data/banyo-ve-ev-gerecleri/580822118_reviews.json
[2026-04-05T20:24:35.031Z] [INFO] 
[REVIEW WORKER 2] starting banyo-ve-ev-gerecleri/697573791
[2026-04-05T20:24:35.228Z] [INFO] [review banyo-ve-ev-gerecleri/565375146] page=22 +8 reviews (unique=176)
[2026-04-05T20:24:35.418Z] [INFO] [review banyo-ve-ev-gerecleri/586322013] page=10 +8 reviews (unique=80)
[2026-04-05T20:24:35.456Z] [INFO] [REVIEW PARTIAL SAVED] /mnt/c/Developer/Review_AI/scraper_project/raw_data/banyo-ve-ev-gerecleri/586322013_reviews.partial.json
[2026-04-05T20:24:35.501Z] [INFO] [REVIEW SAVED] /mnt/c/Developer/Review_AI/scraper_project/raw_data/banyo-ve-ev-gerecleri/586322013_reviews.json
[2026-04-05T20:24:35.548Z] [INFO] 
[REVIEW WORKER 9] starting banyo-ve-ev-gerecleri/587541640
[2026-04-05T20:24:35.744Z] [INFO] [review banyo-ve-ev-gerecleri/454673647] page=3 +8 reviews (unique=24)
[2026-04-05T20:24:36.715Z] [INFO] [review banyo-ve-ev-gerecleri/565375146] page=23 +7 reviews (unique=183)
[2026-04-05T20:24:36.778Z] [INFO] [REVIEW SAVED] /mnt/c/Developer/Review_AI/scraper_project/raw_data/banyo-ve-ev-gerecleri/565375146_reviews.json
[2026-04-05T20:24:36.811Z] [INFO] 
[START REVIEW] category=banyo-ve-ev-gerecleri productId=576583175 startPage=1
[2026-04-05T20:24:36.853Z] [INFO] 
[START REVIEW] category=banyo-ve-ev-gerecleri productId=582727481 startPage=1
[2026-04-05T20:24:36.927Z] [INFO] 
[REVIEW WORKER 10] starting banyo-ve-ev-gerecleri/545737224
[2026-04-05T20:24:37.087Z] [INFO] [review banyo-ve-ev-gerecleri/454673647] page=4 +4 reviews (unique=28)
[2026-04-05T20:24:37.167Z] [INFO] [REVIEW SAVED] /mnt/c/Developer/Review_AI/scraper_project/raw_data/banyo-ve-ev-gerecleri/454673647_reviews.json
[2026-04-05T20:24:37.228Z] [INFO] 
[REVIEW WORKER 8] starting banyo-ve-ev-gerecleri/719264267
[2026-04-05T20:24:37.405Z] [INFO] [review banyo-ve-ev-gerecleri/576583175] page=1 +8 reviews (unique=8)
[2026-04-05T20:24:37.570Z] [INFO] [review banyo-ve-ev-gerecleri/582727481] page=1 +8 reviews (unique=8)
[2026-04-05T20:24:38.376Z] [INFO] [review banyo-ve-ev-gerecleri/576583175] page=2 +5 reviews (unique=13)
[2026-04-05T20:24:38.527Z] [INFO] [REVIEW SAVED] /mnt/c/Developer/Review_AI/scraper_project/raw_data/banyo-ve-ev-gerecleri/576583175_reviews.json
[2026-04-05T20:24:38.590Z] [INFO] 
[START REVIEW] category=banyo-ve-ev-gerecleri productId=661101156 startPage=1
[2026-04-05T20:24:38.633Z] [INFO] 
[START REVIEW] category=banyo-ve-ev-gerecleri productId=680795025 startPage=1
[2026-04-05T20:24:38.688Z] [INFO] [review banyo-ve-ev-gerecleri/582727481] page=2 +8 reviews (unique=16)
[2026-04-05T20:24:38.739Z] [INFO] 
[START REVIEW] category=banyo-ve-ev-gerecleri productId=725848701 startPage=1
[2026-04-05T20:24:38.799Z] [INFO] 
[REVIEW WORKER 3] starting banyo-ve-ev-gerecleri/500009880
[2026-04-05T20:24:39.079Z] [INFO] 
[START REVIEW] category=banyo-ve-ev-gerecleri productId=732467054 startPage=1
[2026-04-05T20:24:39.103Z] [INFO] [review banyo-ve-ev-gerecleri/661101156] page=1 +8 reviews (unique=8)
[2026-04-05T20:24:39.395Z] [INFO] [review banyo-ve-ev-gerecleri/732467054] page=1 +1 reviews (unique=1)
[2026-04-05T20:24:39.513Z] [INFO] [REVIEW SAVED] /mnt/c/Developer/Review_AI/scraper_project/raw_data/banyo-ve-ev-gerecleri/732467054_reviews.json
[2026-04-05T20:24:39.607Z] [INFO] 
[REVIEW WORKER 1] starting banyo-ve-ev-gerecleri/563148938
[2026-04-05T20:24:39.649Z] [INFO] [review banyo-ve-ev-gerecleri/680795025] page=1 +8 reviews (unique=8)
[2026-04-05T20:24:39.728Z] [INFO] [review banyo-ve-ev-gerecleri/582727481] page=3 +8 reviews (unique=24)
[2026-04-05T20:24:40.087Z] [INFO] [review banyo-ve-ev-gerecleri/661101156] page=2 +8 reviews (unique=16)
[2026-04-05T20:24:40.714Z] [INFO] [review banyo-ve-ev-gerecleri/680795025] page=2 +8 reviews (unique=16)
[2026-04-05T20:24:40.786Z] [INFO] [review banyo-ve-ev-gerecleri/582727481] page=4 +8 reviews (unique=32)
[2026-04-05T20:24:40.907Z] [INFO] [review banyo-ve-ev-gerecleri/661101156] page=3 +8 reviews (unique=24)
[2026-04-05T20:24:41.107Z] [INFO] 
[START REVIEW] category=banyo-ve-ev-gerecleri productId=697573791 startPage=1
[2026-04-05T20:24:41.496Z] [INFO] [review banyo-ve-ev-gerecleri/680795025] page=3 +3 reviews (unique=19)
[2026-04-05T20:24:41.541Z] [INFO] [REVIEW SAVED] /mnt/c/Developer/Review_AI/scraper_project/raw_data/banyo-ve-ev-gerecleri/680795025_reviews.json
[2026-04-05T20:24:41.555Z] [INFO] [review banyo-ve-ev-gerecleri/697573791] page=1 +8 reviews (unique=8)
[2026-04-05T20:24:41.582Z] [INFO] [review banyo-ve-ev-gerecleri/582727481] page=5 +8 reviews (unique=40)
[2026-04-05T20:24:41.611Z] [INFO] [REVIEW PARTIAL SAVED] /mnt/c/Developer/Review_AI/scraper_project/raw_data/banyo-ve-ev-gerecleri/582727481_reviews.partial.json
[2026-04-05T20:24:41.631Z] [INFO] 
[REVIEW WORKER 4] starting banyo-ve-ev-gerecleri/535877741
[2026-04-05T20:24:41.731Z] [INFO] [review banyo-ve-ev-gerecleri/661101156] page=4 +8 reviews (unique=32)
[2026-04-05T20:24:41.885Z] [INFO] 
[START REVIEW] category=banyo-ve-ev-gerecleri productId=587541640 startPage=1
[2026-04-05T20:24:41.976Z] [INFO] [review banyo-ve-ev-gerecleri/725848701] page=1 +3 reviews (unique=3)
[2026-04-05T20:24:42.011Z] [INFO] [REVIEW SAVED] /mnt/c/Developer/Review_AI/scraper_project/raw_data/banyo-ve-ev-gerecleri/725848701_reviews.json
[2026-04-05T20:24:42.041Z] [INFO] 
[REVIEW WORKER 7] starting banyo-ve-ev-gerecleri/517614599
[2026-04-05T20:24:42.194Z] [INFO] [review banyo-ve-ev-gerecleri/587541640] page=1 +8 reviews (unique=8)
[2026-04-05T20:24:42.289Z] [INFO] [review banyo-ve-ev-gerecleri/582727481] page=6 +8 reviews (unique=48)
[2026-04-05T20:24:42.404Z] [INFO] [review banyo-ve-ev-gerecleri/661101156] page=5 +2 reviews (unique=34)
[2026-04-05T20:24:42.434Z] [INFO] [REVIEW PARTIAL SAVED] /mnt/c/Developer/Review_AI/scraper_project/raw_data/banyo-ve-ev-gerecleri/661101156_reviews.partial.json
[2026-04-05T20:24:42.497Z] [INFO] [REVIEW SAVED] /mnt/c/Developer/Review_AI/scraper_project/raw_data/banyo-ve-ev-gerecleri/661101156_reviews.json
[2026-04-05T20:24:42.525Z] [INFO] [review banyo-ve-ev-gerecleri/697573791] page=2 +8 reviews (unique=16)
[2026-04-05T20:24:42.563Z] [INFO] 
[REVIEW WORKER 5] starting banyo-ve-ev-gerecleri/517614596
[2026-04-05T20:24:42.857Z] [INFO] 
[START REVIEW] category=banyo-ve-ev-gerecleri productId=719264267 startPage=1
[2026-04-05T20:24:42.884Z] [INFO] 
[START REVIEW] category=banyo-ve-ev-gerecleri productId=545737224 startPage=1
[2026-04-05T20:24:43.065Z] [INFO] [review banyo-ve-ev-gerecleri/587541640] page=2 +8 reviews (unique=16)
[2026-04-05T20:24:43.099Z] [INFO] [review banyo-ve-ev-gerecleri/582727481] page=7 +8 reviews (unique=56)
[2026-04-05T20:24:43.328Z] [INFO] [review banyo-ve-ev-gerecleri/697573791] page=3 +8 reviews (unique=24)
[2026-04-05T20:24:43.358Z] [INFO] [review banyo-ve-ev-gerecleri/719264267] page=1 +8 reviews (unique=8)
[2026-04-05T20:24:44.016Z] [INFO] [review banyo-ve-ev-gerecleri/587541640] page=3 +8 reviews (unique=24)
[2026-04-05T20:24:44.117Z] [INFO] [review banyo-ve-ev-gerecleri/582727481] page=8 +8 reviews (unique=64)
[2026-04-05T20:24:44.221Z] [INFO] [review banyo-ve-ev-gerecleri/719264267] page=2 +8 reviews (unique=16)
[2026-04-05T20:24:44.685Z] [INFO] 
[START REVIEW] category=banyo-ve-ev-gerecleri productId=500009880 startPage=1
[2026-04-05T20:24:44.697Z] [INFO] [review banyo-ve-ev-gerecleri/587541640] page=4 +8 reviews (unique=32)
[2026-04-05T20:24:44.942Z] [INFO] [review banyo-ve-ev-gerecleri/582727481] page=9 +8 reviews (unique=72)
[2026-04-05T20:24:45.010Z] [INFO] 
[START REVIEW] category=banyo-ve-ev-gerecleri productId=563148938 startPage=1
[2026-04-05T20:24:45.026Z] [INFO] [review banyo-ve-ev-gerecleri/719264267] page=3 +4 reviews (unique=20)
[2026-04-05T20:24:45.058Z] [INFO] [REVIEW SAVED] /mnt/c/Developer/Review_AI/scraper_project/raw_data/banyo-ve-ev-gerecleri/719264267_reviews.json
[2026-04-05T20:24:45.095Z] [INFO] 
[REVIEW WORKER 8] starting banyo-ve-ev-gerecleri/725848989
[2026-04-05T20:24:45.135Z] [INFO] [review banyo-ve-ev-gerecleri/500009880] page=1 +8 reviews (unique=8)
[2026-04-05T20:24:45.302Z] [INFO] [review banyo-ve-ev-gerecleri/563148938] page=1 +0 reviews (unique=0)
[2026-04-05T20:24:45.354Z] [INFO] [REVIEW SAVED] /mnt/c/Developer/Review_AI/scraper_project/raw_data/banyo-ve-ev-gerecleri/563148938_reviews.json
[2026-04-05T20:24:45.378Z] [INFO] [review banyo-ve-ev-gerecleri/545737224] page=1 +8 reviews (unique=8)
[2026-04-05T20:24:45.401Z] [INFO] 
[REVIEW WORKER 1] starting banyo-ve-ev-gerecleri/717167965
[2026-04-05T20:24:45.431Z] [INFO] [review banyo-ve-ev-gerecleri/587541640] page=5 +8 reviews (unique=40)
[2026-04-05T20:24:45.449Z] [INFO] [REVIEW PARTIAL SAVED] /mnt/c/Developer/Review_AI/scraper_project/raw_data/banyo-ve-ev-gerecleri/587541640_reviews.partial.json
[2026-04-05T20:24:45.728Z] [INFO] [review banyo-ve-ev-gerecleri/582727481] page=10 +4 reviews (unique=76)
[2026-04-05T20:24:45.748Z] [INFO] [REVIEW PARTIAL SAVED] /mnt/c/Developer/Review_AI/scraper_project/raw_data/banyo-ve-ev-gerecleri/582727481_reviews.partial.json
[2026-04-05T20:24:45.776Z] [INFO] [REVIEW SAVED] /mnt/c/Developer/Review_AI/scraper_project/raw_data/banyo-ve-ev-gerecleri/582727481_reviews.json
[2026-04-05T20:24:45.818Z] [INFO] 
[REVIEW WORKER 6] starting banyo-ve-ev-gerecleri/582722137
[2026-04-05T20:24:45.914Z] [INFO] [review banyo-ve-ev-gerecleri/500009880] page=2 +8 reviews (unique=16)
[2026-04-05T20:24:46.148Z] [INFO] [review banyo-ve-ev-gerecleri/545737224] page=2 +8 reviews (unique=16)
[2026-04-05T20:24:46.161Z] [INFO] [review banyo-ve-ev-gerecleri/587541640] page=6 +8 reviews (unique=48)
[2026-04-05T20:24:46.436Z] [INFO] 
[START REVIEW] category=banyo-ve-ev-gerecleri productId=535877741 startPage=1
[2026-04-05T20:24:46.656Z] [INFO] [review banyo-ve-ev-gerecleri/500009880] page=3 +8 reviews (unique=24)
[2026-04-05T20:24:46.756Z] [INFO] [review banyo-ve-ev-gerecleri/535877741] page=1 +8 reviews (unique=8)
[2026-04-05T20:24:46.816Z] [INFO] [review banyo-ve-ev-gerecleri/545737224] page=3 +8 reviews (unique=24)
[2026-04-05T20:24:46.842Z] [INFO] [review banyo-ve-ev-gerecleri/587541640] page=7 +8 reviews (unique=56)
[2026-04-05T20:24:47.004Z] [INFO] 
[START REVIEW] category=banyo-ve-ev-gerecleri productId=517614599 startPage=1
[2026-04-05T20:24:47.270Z] [INFO] [review banyo-ve-ev-gerecleri/517614599] page=1 +8 reviews (unique=8)
[2026-04-05T20:24:47.401Z] [INFO] 
[START REVIEW] category=banyo-ve-ev-gerecleri productId=517614596 startPage=1
[2026-04-05T20:24:47.424Z] [INFO] [review banyo-ve-ev-gerecleri/500009880] page=4 +8 reviews (unique=32)
[2026-04-05T20:24:47.471Z] [INFO] [review banyo-ve-ev-gerecleri/587541640] page=8 +8 reviews (unique=64)
[2026-04-05T20:24:47.491Z] [INFO] [review banyo-ve-ev-gerecleri/535877741] page=2 +8 reviews (unique=16)
[2026-04-05T20:24:47.549Z] [INFO] [review banyo-ve-ev-gerecleri/545737224] page=4 +8 reviews (unique=32)
[2026-04-05T20:24:47.684Z] [INFO] [review banyo-ve-ev-gerecleri/517614596] page=1 +8 reviews (unique=8)
[2026-04-05T20:24:47.988Z] [INFO] [review banyo-ve-ev-gerecleri/517614599] page=2 +8 reviews (unique=16)
[2026-04-05T20:24:48.156Z] [INFO] [review banyo-ve-ev-gerecleri/500009880] page=5 +7 reviews (unique=39)
[2026-04-05T20:24:48.181Z] [INFO] [REVIEW PARTIAL SAVED] /mnt/c/Developer/Review_AI/scraper_project/raw_data/banyo-ve-ev-gerecleri/500009880_reviews.partial.json
[2026-04-05T20:24:48.233Z] [INFO] [REVIEW SAVED] /mnt/c/Developer/Review_AI/scraper_project/raw_data/banyo-ve-ev-gerecleri/500009880_reviews.json
[2026-04-05T20:24:48.264Z] [INFO] [review banyo-ve-ev-gerecleri/535877741] page=3 +8 reviews (unique=24)
[2026-04-05T20:24:48.296Z] [INFO] [review banyo-ve-ev-gerecleri/587541640] page=9 +8 reviews (unique=72)
[2026-04-05T20:24:48.315Z] [INFO] [review banyo-ve-ev-gerecleri/545737224] page=5 +8 reviews (unique=40)
[2026-04-05T20:24:48.337Z] [INFO] [REVIEW PARTIAL SAVED] /mnt/c/Developer/Review_AI/scraper_project/raw_data/banyo-ve-ev-gerecleri/545737224_reviews.partial.json
[2026-04-05T20:24:48.346Z] [INFO] 
[REVIEW WORKER 3] starting banyo-ve-ev-gerecleri/704183249
[2026-04-05T20:24:48.662Z] [INFO] [review banyo-ve-ev-gerecleri/517614596] page=2 +8 reviews (unique=16)
[2026-04-05T20:24:48.848Z] [INFO] [review banyo-ve-ev-gerecleri/517614599] page=3 +8 reviews (unique=24)
[2026-04-05T20:24:48.864Z] [INFO] [review banyo-ve-ev-gerecleri/697573791] page=4 +8 reviews (unique=32)
[2026-04-05T20:24:48.995Z] [INFO] [review banyo-ve-ev-gerecleri/535877741] page=4 +8 reviews (unique=32)
[2026-04-05T20:24:49.023Z] [INFO] [review banyo-ve-ev-gerecleri/587541640] page=10 +8 reviews (unique=80)
[2026-04-05T20:24:49.041Z] [INFO] [REVIEW PARTIAL SAVED] /mnt/c/Developer/Review_AI/scraper_project/raw_data/banyo-ve-ev-gerecleri/587541640_reviews.partial.json
[2026-04-05T20:24:49.049Z] [INFO] [review banyo-ve-ev-gerecleri/545737224] page=6 +8 reviews (unique=48)
[2026-04-05T20:24:49.608Z] [INFO] [review banyo-ve-ev-gerecleri/517614599] page=4 +8 reviews (unique=32)
[2026-04-05T20:24:49.657Z] [INFO] [review banyo-ve-ev-gerecleri/517614596] page=3 +8 reviews (unique=24)
[2026-04-05T20:24:49.700Z] [INFO] [review banyo-ve-ev-gerecleri/587541640] page=11 +8 reviews (unique=88)
[2026-04-05T20:24:49.709Z] [INFO] [review banyo-ve-ev-gerecleri/535877741] page=5 +8 reviews (unique=40)
[2026-04-05T20:24:49.721Z] [INFO] [REVIEW PARTIAL SAVED] /mnt/c/Developer/Review_AI/scraper_project/raw_data/banyo-ve-ev-gerecleri/535877741_reviews.partial.json
[2026-04-05T20:24:49.741Z] [INFO] [review banyo-ve-ev-gerecleri/545737224] page=7 +8 reviews (unique=56)
[2026-04-05T20:24:49.913Z] [INFO] [review banyo-ve-ev-gerecleri/697573791] page=5 +3 reviews (unique=35)
[2026-04-05T20:24:49.930Z] [INFO] [REVIEW PARTIAL SAVED] /mnt/c/Developer/Review_AI/scraper_project/raw_data/banyo-ve-ev-gerecleri/697573791_reviews.partial.json
[2026-04-05T20:24:49.959Z] [INFO] [REVIEW SAVED] /mnt/c/Developer/Review_AI/scraper_project/raw_data/banyo-ve-ev-gerecleri/697573791_reviews.json
[2026-04-05T20:24:49.971Z] [INFO] 
[START REVIEW] category=banyo-ve-ev-gerecleri productId=717167965 startPage=1
[2026-04-05T20:24:49.997Z] [INFO] 
[REVIEW WORKER 2] starting banyo-ve-ev-gerecleri/647234214
[2026-04-05T20:24:50.266Z] [INFO] 
[START REVIEW] category=banyo-ve-ev-gerecleri productId=725848989 startPage=1
[2026-04-05T20:24:50.313Z] [INFO] [review banyo-ve-ev-gerecleri/717167965] page=1 +8 reviews (unique=8)
[2026-04-05T20:24:50.333Z] [INFO] [review banyo-ve-ev-gerecleri/517614596] page=4 +8 reviews (unique=32)
[2026-04-05T20:24:50.356Z] [INFO] [review banyo-ve-ev-gerecleri/587541640] page=12 +8 reviews (unique=96)
[2026-04-05T20:24:50.366Z] [INFO] [review banyo-ve-ev-gerecleri/517614599] page=5 +8 reviews (unique=40)
[2026-04-05T20:24:50.383Z] [INFO] [REVIEW PARTIAL SAVED] /mnt/c/Developer/Review_AI/scraper_project/raw_data/banyo-ve-ev-gerecleri/517614599_reviews.partial.json
[2026-04-05T20:24:50.394Z] [INFO] [review banyo-ve-ev-gerecleri/545737224] page=8 +8 reviews (unique=64)
[2026-04-05T20:24:50.405Z] [INFO] [review banyo-ve-ev-gerecleri/535877741] page=6 +8 reviews (unique=48)
[2026-04-05T20:24:50.515Z] [INFO] [review banyo-ve-ev-gerecleri/725848989] page=1 +8 reviews (unique=8)
[2026-04-05T20:24:50.938Z] [INFO] 
[START REVIEW] category=banyo-ve-ev-gerecleri productId=582722137 startPage=1
[2026-04-05T20:24:50.989Z] [INFO] [review banyo-ve-ev-gerecleri/717167965] page=2 +8 reviews (unique=16)
[2026-04-05T20:24:51.033Z] [INFO] [review banyo-ve-ev-gerecleri/545737224] page=9 +8 reviews (unique=72)
[2026-04-05T20:24:51.060Z] [INFO] [review banyo-ve-ev-gerecleri/517614599] page=6 +8 reviews (unique=48)
[2026-04-05T20:24:51.078Z] [INFO] [review banyo-ve-ev-gerecleri/517614596] page=5 +8 reviews (unique=40)
[2026-04-05T20:24:51.101Z] [INFO] [REVIEW PARTIAL SAVED] /mnt/c/Developer/Review_AI/scraper_project/raw_data/banyo-ve-ev-gerecleri/517614596_reviews.partial.json
[2026-04-05T20:24:51.132Z] [INFO] [review banyo-ve-ev-gerecleri/535877741] page=7 +8 reviews (unique=56)
[2026-04-05T20:24:51.215Z] [INFO] [review banyo-ve-ev-gerecleri/582722137] page=1 +8 reviews (unique=8)
[2026-04-05T20:24:51.259Z] [INFO] [review banyo-ve-ev-gerecleri/725848989] page=2 +8 reviews (unique=16)
[2026-04-05T20:24:51.317Z] [INFO] [review banyo-ve-ev-gerecleri/587541640] page=13 +8 reviews (unique=104)
[2026-04-05T20:24:51.684Z] [INFO] [review banyo-ve-ev-gerecleri/717167965] page=3 +8 reviews (unique=24)
[2026-04-05T20:24:51.716Z] [INFO] [review banyo-ve-ev-gerecleri/545737224] page=10 +8 reviews (unique=80)
[2026-04-05T20:24:51.747Z] [INFO] [REVIEW PARTIAL SAVED] /mnt/c/Developer/Review_AI/scraper_project/raw_data/banyo-ve-ev-gerecleri/545737224_reviews.partial.json
[2026-04-05T20:24:51.755Z] [INFO] [review banyo-ve-ev-gerecleri/517614599] page=7 +8 reviews (unique=56)
[2026-04-05T20:24:51.781Z] [INFO] [review banyo-ve-ev-gerecleri/517614596] page=6 +8 reviews (unique=48)
[2026-04-05T20:24:51.838Z] [INFO] [review banyo-ve-ev-gerecleri/535877741] page=8 +8 reviews (unique=64)
[2026-04-05T20:24:51.892Z] [INFO] [review banyo-ve-ev-gerecleri/725848989] page=3 +8 reviews (unique=24)
[2026-04-05T20:24:51.917Z] [INFO] [review banyo-ve-ev-gerecleri/582722137] page=2 +8 reviews (unique=16)
[2026-04-05T20:24:52.032Z] [INFO] [review banyo-ve-ev-gerecleri/587541640] page=14 +8 reviews (unique=112)
[2026-04-05T20:24:52.334Z] [INFO] [review banyo-ve-ev-gerecleri/717167965] page=4 +8 reviews (unique=32)
[2026-04-05T20:24:52.410Z] [INFO] [review banyo-ve-ev-gerecleri/545737224] page=11 +8 reviews (unique=88)
[2026-04-05T20:24:52.446Z] [INFO] [review banyo-ve-ev-gerecleri/517614599] page=8 +8 reviews (unique=64)
[2026-04-05T20:24:52.454Z] [INFO] [review banyo-ve-ev-gerecleri/517614596] page=7 +8 reviews (unique=56)
[2026-04-05T20:24:52.487Z] [INFO] [review banyo-ve-ev-gerecleri/535877741] page=9 +8 reviews (unique=72)
[2026-04-05T20:24:52.509Z] [INFO] [review banyo-ve-ev-gerecleri/582722137] page=3 +8 reviews (unique=24)
[2026-04-05T20:24:52.664Z] [INFO] [review banyo-ve-ev-gerecleri/725848989] page=4 +8 reviews (unique=32)
[2026-04-05T20:24:52.676Z] [INFO] [review banyo-ve-ev-gerecleri/587541640] page=15 +8 reviews (unique=120)
[2026-04-05T20:24:52.687Z] [INFO] [REVIEW PARTIAL SAVED] /mnt/c/Developer/Review_AI/scraper_project/raw_data/banyo-ve-ev-gerecleri/587541640_reviews.partial.json
[2026-04-05T20:24:53.061Z] [INFO] 
[START REVIEW] category=banyo-ve-ev-gerecleri productId=704183249 startPage=1
[2026-04-05T20:24:53.087Z] [INFO] [review banyo-ve-ev-gerecleri/717167965] page=5 +8 reviews (unique=40)
[2026-04-05T20:24:53.097Z] [INFO] [REVIEW PARTIAL SAVED] /mnt/c/Developer/Review_AI/scraper_project/raw_data/banyo-ve-ev-gerecleri/717167965_reviews.partial.json
[2026-04-05T20:24:53.167Z] [INFO] [review banyo-ve-ev-gerecleri/545737224] page=12 +8 reviews (unique=96)
[2026-04-05T20:24:53.178Z] [INFO] [review banyo-ve-ev-gerecleri/517614599] page=9 +8 reviews (unique=72)
[2026-04-05T20:24:53.220Z] [INFO] [review banyo-ve-ev-gerecleri/517614596] page=8 +8 reviews (unique=64)
[2026-04-05T20:24:53.265Z] [INFO] [review banyo-ve-ev-gerecleri/582722137] page=4 +8 reviews (unique=32)
[2026-04-05T20:24:53.272Z] [INFO] [review banyo-ve-ev-gerecleri/535877741] page=10 +8 reviews (unique=80)
[2026-04-05T20:24:53.287Z] [INFO] [REVIEW PARTIAL SAVED] /mnt/c/Developer/Review_AI/scraper_project/raw_data/banyo-ve-ev-gerecleri/535877741_reviews.partial.json
[2026-04-05T20:24:53.292Z] [INFO] [review banyo-ve-ev-gerecleri/587541640] page=16 +8 reviews (unique=128)
[2026-04-05T20:24:53.299Z] [INFO] [review banyo-ve-ev-gerecleri/704183249] page=1 +8 reviews (unique=8)
[2026-04-05T20:24:53.363Z] [INFO] [review banyo-ve-ev-gerecleri/725848989] page=5 +8 reviews (unique=40)
[2026-04-05T20:24:53.373Z] [INFO] [REVIEW PARTIAL SAVED] /mnt/c/Developer/Review_AI/scraper_project/raw_data/banyo-ve-ev-gerecleri/725848989_reviews.partial.json
[2026-04-05T20:24:53.782Z] [INFO] [review banyo-ve-ev-gerecleri/717167965] page=6 +8 reviews (unique=48)
[2026-04-05T20:24:53.799Z] [INFO] [review banyo-ve-ev-gerecleri/545737224] page=13 +8 reviews (unique=104)
[2026-04-05T20:24:53.860Z] [INFO] [review banyo-ve-ev-gerecleri/517614596] page=9 +8 reviews (unique=72)
[2026-04-05T20:24:53.912Z] [INFO] [review banyo-ve-ev-gerecleri/517614599] page=10 +8 reviews (unique=80)
[2026-04-05T20:24:53.929Z] [INFO] [REVIEW PARTIAL SAVED] /mnt/c/Developer/Review_AI/scraper_project/raw_data/banyo-ve-ev-gerecleri/517614599_reviews.partial.json
[2026-04-05T20:24:53.934Z] [INFO] [review banyo-ve-ev-gerecleri/587541640] page=17 +8 reviews (unique=136)
[2026-04-05T20:24:53.942Z] [INFO] [review banyo-ve-ev-gerecleri/704183249] page=2 +2 reviews (unique=10)
[2026-04-05T20:24:53.956Z] [INFO] [REVIEW SAVED] /mnt/c/Developer/Review_AI/scraper_project/raw_data/banyo-ve-ev-gerecleri/704183249_reviews.json
[2026-04-05T20:24:53.960Z] [INFO] [review banyo-ve-ev-gerecleri/535877741] page=11 +8 reviews (unique=88)
[2026-04-05T20:24:53.974Z] [INFO] 
[REVIEW WORKER 3] starting banyo-ve-ev-gerecleri/577430034
[2026-04-05T20:24:53.980Z] [INFO] [review banyo-ve-ev-gerecleri/582722137] page=5 +8 reviews (unique=40)
[2026-04-05T20:24:53.993Z] [INFO] [REVIEW PARTIAL SAVED] /mnt/c/Developer/Review_AI/scraper_project/raw_data/banyo-ve-ev-gerecleri/582722137_reviews.partial.json
[2026-04-05T20:24:54.187Z] [INFO] [review banyo-ve-ev-gerecleri/725848989] page=6 +8 reviews (unique=48)
[2026-04-05T20:24:54.475Z] [INFO] [review banyo-ve-ev-gerecleri/517614596] page=10 +8 reviews (unique=80)
[2026-04-05T20:24:54.484Z] [INFO] [REVIEW PARTIAL SAVED] /mnt/c/Developer/Review_AI/scraper_project/raw_data/banyo-ve-ev-gerecleri/517614596_reviews.partial.json
[2026-04-05T20:24:54.489Z] [INFO] [review banyo-ve-ev-gerecleri/717167965] page=7 +8 reviews (unique=56)
[2026-04-05T20:24:54.505Z] [INFO] [review banyo-ve-ev-gerecleri/545737224] page=14 +8 reviews (unique=112)
[2026-04-05T20:24:54.520Z] [INFO] 
[START REVIEW] category=banyo-ve-ev-gerecleri productId=647234214 startPage=1
[2026-04-05T20:24:54.544Z] [INFO] [review banyo-ve-ev-gerecleri/587541640] page=18 +8 reviews (unique=144)
[2026-04-05T20:24:54.589Z] [INFO] [review banyo-ve-ev-gerecleri/517614599] page=11 +8 reviews (unique=88)
[2026-04-05T20:24:54.685Z] [INFO] [review banyo-ve-ev-gerecleri/582722137] page=6 +8 reviews (unique=48)
[2026-04-05T20:24:54.709Z] [INFO] [review banyo-ve-ev-gerecleri/535877741] page=12 +8 reviews (unique=96)
[2026-04-05T20:24:54.751Z] [INFO] [review banyo-ve-ev-gerecleri/647234214] page=1 +8 reviews (unique=8)
[2026-04-05T20:24:54.891Z] [INFO] [review banyo-ve-ev-gerecleri/725848989] page=7 +8 reviews (unique=56)
[2026-04-05T20:24:55.163Z] [INFO] [review banyo-ve-ev-gerecleri/545737224] page=15 +8 reviews (unique=120)
[2026-04-05T20:24:55.172Z] [INFO] [REVIEW PARTIAL SAVED] /mnt/c/Developer/Review_AI/scraper_project/raw_data/banyo-ve-ev-gerecleri/545737224_reviews.partial.json
[2026-04-05T20:24:55.183Z] [INFO] [review banyo-ve-ev-gerecleri/717167965] page=8 +5 reviews (unique=61)
[2026-04-05T20:24:55.196Z] [INFO] [REVIEW SAVED] /mnt/c/Developer/Review_AI/scraper_project/raw_data/banyo-ve-ev-gerecleri/717167965_reviews.json
[2026-04-05T20:24:55.211Z] [INFO] 
[REVIEW WORKER 1] starting banyo-ve-ev-gerecleri/517614567
[2026-04-05T20:24:55.257Z] [INFO] [review banyo-ve-ev-gerecleri/517614596] page=11 +8 reviews (unique=88)
[2026-04-05T20:24:55.281Z] [INFO] [review banyo-ve-ev-gerecleri/517614599] page=12 +8 reviews (unique=96)
[2026-04-05T20:24:55.352Z] [INFO] [review banyo-ve-ev-gerecleri/587541640] page=19 +8 reviews (unique=152)
[2026-04-05T20:24:55.361Z] [INFO] [review banyo-ve-ev-gerecleri/582722137] page=7 +8 reviews (unique=56)
[2026-04-05T20:24:55.368Z] [INFO] [review banyo-ve-ev-gerecleri/535877741] page=13 +8 reviews (unique=104)
[2026-04-05T20:24:55.427Z] [INFO] [review banyo-ve-ev-gerecleri/647234214] page=2 +8 reviews (unique=16)
[2026-04-05T20:24:55.554Z] [INFO] [review banyo-ve-ev-gerecleri/725848989] page=8 +7 reviews (unique=63)
[2026-04-05T20:24:55.569Z] [INFO] [REVIEW SAVED] /mnt/c/Developer/Review_AI/scraper_project/raw_data/banyo-ve-ev-gerecleri/725848989_reviews.json
[2026-04-05T20:24:55.589Z] [INFO] 
[REVIEW WORKER 8] starting banyo-ve-ev-gerecleri/723983450
[2026-04-05T20:24:55.840Z] [INFO] [review banyo-ve-ev-gerecleri/545737224] page=16 +8 reviews (unique=128)
[2026-04-05T20:24:55.919Z] [INFO] [review banyo-ve-ev-gerecleri/517614596] page=12 +8 reviews (unique=96)
[2026-04-05T20:24:56.000Z] [INFO] [review banyo-ve-ev-gerecleri/535877741] page=14 +8 reviews (unique=112)
[2026-04-05T20:24:56.015Z] [INFO] [review banyo-ve-ev-gerecleri/517614599] page=13 +8 reviews (unique=104)
[2026-04-05T20:24:56.062Z] [INFO] [review banyo-ve-ev-gerecleri/587541640] page=20 +8 reviews (unique=160)
[2026-04-05T20:24:56.072Z] [INFO] [REVIEW PARTIAL SAVED] /mnt/c/Developer/Review_AI/scraper_project/raw_data/banyo-ve-ev-gerecleri/587541640_reviews.partial.json
[2026-04-05T20:24:56.080Z] [INFO] [review banyo-ve-ev-gerecleri/582722137] page=8 +8 reviews (unique=64)
[2026-04-05T20:24:56.103Z] [INFO] [review banyo-ve-ev-gerecleri/647234214] page=3 +8 reviews (unique=24)
[2026-04-05T20:24:56.484Z] [INFO] [review banyo-ve-ev-gerecleri/545737224] page=17 +8 reviews (unique=136)
[2026-04-05T20:24:56.608Z] [INFO] [review banyo-ve-ev-gerecleri/517614596] page=13 +7 reviews (unique=103)
[2026-04-05T20:24:56.629Z] [INFO] [REVIEW SAVED] /mnt/c/Developer/Review_AI/scraper_project/raw_data/banyo-ve-ev-gerecleri/517614596_reviews.json
[2026-04-05T20:24:56.639Z] [INFO] [review banyo-ve-ev-gerecleri/535877741] page=15 +8 reviews (unique=120)
[2026-04-05T20:24:56.656Z] [INFO] [REVIEW PARTIAL SAVED] /mnt/c/Developer/Review_AI/scraper_project/raw_data/banyo-ve-ev-gerecleri/535877741_reviews.partial.json
[2026-04-05T20:24:56.664Z] [INFO] 
[REVIEW WORKER 5] starting banyo-ve-ev-gerecleri/677586461
[2026-04-05T20:24:56.675Z] [INFO] [review banyo-ve-ev-gerecleri/517614599] page=14 +8 reviews (unique=112)
[2026-04-05T20:24:56.721Z] [INFO] [review banyo-ve-ev-gerecleri/582722137] page=9 +8 reviews (unique=72)
[2026-04-05T20:24:56.746Z] [INFO] [REVIEW SAVED] /mnt/c/Developer/Review_AI/scraper_project/raw_data/banyo-ve-ev-gerecleri/582722137_reviews.json
[2026-04-05T20:24:56.757Z] [INFO] [review banyo-ve-ev-gerecleri/587541640] page=21 +8 reviews (unique=168)
[2026-04-05T20:24:56.763Z] [INFO] [review banyo-ve-ev-gerecleri/647234214] page=4 +8 reviews (unique=32)
[2026-04-05T20:24:56.797Z] [INFO] 
[REVIEW WORKER 6] starting banyo-ve-ev-gerecleri/662187846
[2026-04-05T20:24:57.122Z] [INFO] [review banyo-ve-ev-gerecleri/545737224] page=18 +8 reviews (unique=144)
[2026-04-05T20:24:57.357Z] [INFO] [review banyo-ve-ev-gerecleri/517614599] page=15 +8 reviews (unique=120)
[2026-04-05T20:24:57.371Z] [INFO] [REVIEW PARTIAL SAVED] /mnt/c/Developer/Review_AI/scraper_project/raw_data/banyo-ve-ev-gerecleri/517614599_reviews.partial.json
[2026-04-05T20:24:57.377Z] [INFO] [review banyo-ve-ev-gerecleri/535877741] page=16 +8 reviews (unique=128)
[2026-04-05T20:24:57.501Z] [INFO] [review banyo-ve-ev-gerecleri/587541640] page=22 +8 reviews (unique=176)
[2026-04-05T20:24:57.555Z] [INFO] [review banyo-ve-ev-gerecleri/647234214] page=5 +8 reviews (unique=40)
[2026-04-05T20:24:57.567Z] [INFO] [REVIEW PARTIAL SAVED] /mnt/c/Developer/Review_AI/scraper_project/raw_data/banyo-ve-ev-gerecleri/647234214_reviews.partial.json
[2026-04-05T20:24:57.574Z] [INFO] 
[START REVIEW] category=banyo-ve-ev-gerecleri productId=577430034 startPage=1
[2026-04-05T20:24:57.833Z] [INFO] [review banyo-ve-ev-gerecleri/577430034] page=1 +8 reviews (unique=8)
[2026-04-05T20:24:57.864Z] [INFO] [review banyo-ve-ev-gerecleri/545737224] page=19 +1 reviews (unique=145)
[2026-04-05T20:24:57.893Z] [INFO] [REVIEW SAVED] /mnt/c/Developer/Review_AI/scraper_project/raw_data/banyo-ve-ev-gerecleri/545737224_reviews.json
[2026-04-05T20:24:58.099Z] [INFO] [review banyo-ve-ev-gerecleri/535877741] page=17 +4 reviews (unique=132)
[2026-04-05T20:24:58.130Z] [INFO] [REVIEW SAVED] /mnt/c/Developer/Review_AI/scraper_project/raw_data/banyo-ve-ev-gerecleri/535877741_reviews.json
[2026-04-05T20:24:58.138Z] [INFO] [review banyo-ve-ev-gerecleri/517614599] page=16 +8 reviews (unique=128)
[2026-04-05T20:24:58.212Z] [INFO] [review banyo-ve-ev-gerecleri/587541640] page=23 +8 reviews (unique=184)
[2026-04-05T20:24:58.284Z] [INFO] [review banyo-ve-ev-gerecleri/647234214] page=6 +8 reviews (unique=48)
[2026-04-05T20:24:58.549Z] [INFO] [review banyo-ve-ev-gerecleri/577430034] page=2 +8 reviews (unique=16)
[2026-04-05T20:24:58.751Z] [INFO] [review banyo-ve-ev-gerecleri/517614599] page=17 +8 reviews (unique=136)
[2026-04-05T20:24:58.927Z] [INFO] [review banyo-ve-ev-gerecleri/587541640] page=24 +8 reviews (unique=192)
[2026-04-05T20:24:58.957Z] [INFO] [REVIEW SAVED] /mnt/c/Developer/Review_AI/scraper_project/raw_data/banyo-ve-ev-gerecleri/587541640_reviews.json
[2026-04-05T20:24:58.979Z] [INFO] 
[START REVIEW] category=banyo-ve-ev-gerecleri productId=517614567 startPage=1
[2026-04-05T20:24:58.987Z] [INFO] [review banyo-ve-ev-gerecleri/647234214] page=7 +8 reviews (unique=56)
[2026-04-05T20:24:59.297Z] [INFO] [review banyo-ve-ev-gerecleri/517614567] page=1 +8 reviews (unique=8)
[2026-04-05T20:24:59.317Z] [INFO] [review banyo-ve-ev-gerecleri/577430034] page=3 +8 reviews (unique=24)
[2026-04-05T20:24:59.534Z] [INFO] 
[START REVIEW] category=banyo-ve-ev-gerecleri productId=723983450 startPage=1
[2026-04-05T20:24:59.618Z] [INFO] [review banyo-ve-ev-gerecleri/517614599] page=18 +8 reviews (unique=144)
[2026-04-05T20:25:00.036Z] [INFO] [review banyo-ve-ev-gerecleri/647234214] page=8 +8 reviews (unique=64)
[2026-04-05T20:25:00.107Z] [INFO] [review banyo-ve-ev-gerecleri/723983450] page=1 +8 reviews (unique=8)
[2026-04-05T20:25:00.138Z] [INFO] [review banyo-ve-ev-gerecleri/577430034] page=4 +8 reviews (unique=32)
[2026-04-05T20:25:00.148Z] [INFO] [review banyo-ve-ev-gerecleri/517614567] page=2 +8 reviews (unique=16)
[2026-04-05T20:25:00.299Z] [INFO] [review banyo-ve-ev-gerecleri/517614599] page=19 +8 reviews (unique=152)
[2026-04-05T20:25:00.787Z] [INFO] [review banyo-ve-ev-gerecleri/517614567] page=3 +8 reviews (unique=24)
[2026-04-05T20:25:00.799Z] [INFO] [review banyo-ve-ev-gerecleri/647234214] page=9 +8 reviews (unique=72)
[2026-04-05T20:25:00.812Z] [INFO] [review banyo-ve-ev-gerecleri/723983450] page=2 +6 reviews (unique=14)
[2026-04-05T20:25:00.828Z] [INFO] [REVIEW SAVED] /mnt/c/Developer/Review_AI/scraper_project/raw_data/banyo-ve-ev-gerecleri/723983450_reviews.json
[2026-04-05T20:25:00.864Z] [INFO] [review banyo-ve-ev-gerecleri/577430034] page=5 +8 reviews (unique=40)
[2026-04-05T20:25:00.875Z] [INFO] [REVIEW PARTIAL SAVED] /mnt/c/Developer/Review_AI/scraper_project/raw_data/banyo-ve-ev-gerecleri/577430034_reviews.partial.json
[2026-04-05T20:25:01.175Z] [INFO] [review banyo-ve-ev-gerecleri/517614599] page=20 +8 reviews (unique=160)
[2026-04-05T20:25:01.191Z] [INFO] [REVIEW PARTIAL SAVED] /mnt/c/Developer/Review_AI/scraper_project/raw_data/banyo-ve-ev-gerecleri/517614599_reviews.partial.json
[2026-04-05T20:25:01.264Z] [INFO] 
[START REVIEW] category=banyo-ve-ev-gerecleri productId=677586461 startPage=1
[2026-04-05T20:25:01.468Z] [INFO] [review banyo-ve-ev-gerecleri/677586461] page=1 +0 reviews (unique=0)
[2026-04-05T20:25:01.533Z] [INFO] [REVIEW SAVED] /mnt/c/Developer/Review_AI/scraper_project/raw_data/banyo-ve-ev-gerecleri/677586461_reviews.json
[2026-04-05T20:25:01.539Z] [INFO] 
[START REVIEW] category=banyo-ve-ev-gerecleri productId=662187846 startPage=1
[2026-04-05T20:25:01.545Z] [INFO] [review banyo-ve-ev-gerecleri/577430034] page=6 +8 reviews (unique=48)
[2026-04-05T20:25:01.551Z] [INFO] [review banyo-ve-ev-gerecleri/647234214] page=10 +7 reviews (unique=79)
[2026-04-05T20:25:01.562Z] [INFO] [REVIEW PARTIAL SAVED] /mnt/c/Developer/Review_AI/scraper_project/raw_data/banyo-ve-ev-gerecleri/647234214_reviews.partial.json
[2026-04-05T20:25:01.578Z] [INFO] [REVIEW SAVED] /mnt/c/Developer/Review_AI/scraper_project/raw_data/banyo-ve-ev-gerecleri/647234214_reviews.json
[2026-04-05T20:25:01.654Z] [INFO] [review banyo-ve-ev-gerecleri/517614567] page=4 +8 reviews (unique=32)
[2026-04-05T20:25:01.828Z] [INFO] [review banyo-ve-ev-gerecleri/662187846] page=1 +8 reviews (unique=8)
[2026-04-05T20:25:01.851Z] [INFO] [review banyo-ve-ev-gerecleri/517614599] page=21 +8 reviews (unique=168)
[2026-04-05T20:25:02.234Z] [INFO] [review banyo-ve-ev-gerecleri/577430034] page=7 +8 reviews (unique=56)
[2026-04-05T20:25:02.250Z] [INFO] [review banyo-ve-ev-gerecleri/517614567] page=5 +8 reviews (unique=40)
[2026-04-05T20:25:02.258Z] [INFO] [REVIEW PARTIAL SAVED] /mnt/c/Developer/Review_AI/scraper_project/raw_data/banyo-ve-ev-gerecleri/517614567_reviews.partial.json
[2026-04-05T20:25:02.469Z] [INFO] [review banyo-ve-ev-gerecleri/662187846] page=2 +7 reviews (unique=15)
[2026-04-05T20:25:02.477Z] [INFO] [REVIEW SAVED] /mnt/c/Developer/Review_AI/scraper_project/raw_data/banyo-ve-ev-gerecleri/662187846_reviews.json
[2026-04-05T20:25:02.563Z] [INFO] [review banyo-ve-ev-gerecleri/517614599] page=22 +8 reviews (unique=176)
[2026-04-05T20:25:02.870Z] [INFO] [review banyo-ve-ev-gerecleri/517614567] page=6 +8 reviews (unique=48)
[2026-04-05T20:25:02.898Z] [INFO] [review banyo-ve-ev-gerecleri/577430034] page=8 +8 reviews (unique=64)
[2026-04-05T20:25:03.225Z] [INFO] [review banyo-ve-ev-gerecleri/517614599] page=23 +8 reviews (unique=184)
[2026-04-05T20:25:03.486Z] [INFO] [review banyo-ve-ev-gerecleri/517614567] page=7 +8 reviews (unique=56)
[2026-04-05T20:25:03.631Z] [INFO] [review banyo-ve-ev-gerecleri/577430034] page=9 +8 reviews (unique=72)
[2026-04-05T20:25:03.897Z] [INFO] [review banyo-ve-ev-gerecleri/517614599] page=24 +8 reviews (unique=192)
[2026-04-05T20:25:04.291Z] [INFO] [review banyo-ve-ev-gerecleri/577430034] page=10 +8 reviews (unique=80)
[2026-04-05T20:25:04.300Z] [INFO] [REVIEW PARTIAL SAVED] /mnt/c/Developer/Review_AI/scraper_project/raw_data/banyo-ve-ev-gerecleri/577430034_reviews.partial.json
[2026-04-05T20:25:04.335Z] [INFO] [review banyo-ve-ev-gerecleri/517614567] page=8 +8 reviews (unique=64)
[2026-04-05T20:25:04.598Z] [INFO] [review banyo-ve-ev-gerecleri/517614599] page=25 +8 reviews (unique=200)
[2026-04-05T20:25:04.628Z] [INFO] [REVIEW PARTIAL SAVED] /mnt/c/Developer/Review_AI/scraper_project/raw_data/banyo-ve-ev-gerecleri/517614599_reviews.partial.json
[2026-04-05T20:25:05.018Z] [INFO] [review banyo-ve-ev-gerecleri/577430034] page=11 +8 reviews (unique=88)
[2026-04-05T20:25:05.023Z] [INFO] [review banyo-ve-ev-gerecleri/517614567] page=9 +8 reviews (unique=72)
[2026-04-05T20:25:05.326Z] [INFO] [review banyo-ve-ev-gerecleri/517614599] page=26 +8 reviews (unique=208)
[2026-04-05T20:25:05.649Z] [INFO] [review banyo-ve-ev-gerecleri/577430034] page=12 +8 reviews (unique=96)
[2026-04-05T20:25:05.993Z] [INFO] [review banyo-ve-ev-gerecleri/517614599] page=27 +8 reviews (unique=216)
[2026-04-05T20:25:06.057Z] [INFO] [review banyo-ve-ev-gerecleri/517614567] page=10 +8 reviews (unique=80)
[2026-04-05T20:25:06.068Z] [INFO] [REVIEW PARTIAL SAVED] /mnt/c/Developer/Review_AI/scraper_project/raw_data/banyo-ve-ev-gerecleri/517614567_reviews.partial.json
[2026-04-05T20:25:06.408Z] [INFO] [review banyo-ve-ev-gerecleri/577430034] page=13 +8 reviews (unique=104)
[2026-04-05T20:25:06.695Z] [INFO] [review banyo-ve-ev-gerecleri/517614599] page=28 +8 reviews (unique=224)
[2026-04-05T20:25:06.703Z] [INFO] [review banyo-ve-ev-gerecleri/517614567] page=11 +8 reviews (unique=88)
[2026-04-05T20:25:07.380Z] [INFO] [review banyo-ve-ev-gerecleri/577430034] page=14 +8 reviews (unique=112)
[2026-04-05T20:25:07.407Z] [INFO] [review banyo-ve-ev-gerecleri/517614599] page=29 +8 reviews (unique=232)
[2026-04-05T20:25:07.411Z] [INFO] [review banyo-ve-ev-gerecleri/517614567] page=12 +8 reviews (unique=96)
[2026-04-05T20:25:08.005Z] [INFO] [review banyo-ve-ev-gerecleri/577430034] page=15 +8 reviews (unique=120)
[2026-04-05T20:25:08.018Z] [INFO] [REVIEW PARTIAL SAVED] /mnt/c/Developer/Review_AI/scraper_project/raw_data/banyo-ve-ev-gerecleri/577430034_reviews.partial.json
[2026-04-05T20:25:08.068Z] [INFO] [review banyo-ve-ev-gerecleri/517614599] page=30 +8 reviews (unique=240)
[2026-04-05T20:25:08.079Z] [INFO] [REVIEW PARTIAL SAVED] /mnt/c/Developer/Review_AI/scraper_project/raw_data/banyo-ve-ev-gerecleri/517614599_reviews.partial.json
[2026-04-05T20:25:08.124Z] [INFO] [review banyo-ve-ev-gerecleri/517614567] page=13 +8 reviews (unique=104)
[2026-04-05T20:25:08.735Z] [INFO] [review banyo-ve-ev-gerecleri/517614567] page=14 +8 reviews (unique=112)
[2026-04-05T20:25:08.744Z] [INFO] [review banyo-ve-ev-gerecleri/577430034] page=16 +8 reviews (unique=128)
[2026-04-05T20:25:08.802Z] [INFO] [review banyo-ve-ev-gerecleri/517614599] page=31 +8 reviews (unique=248)
[2026-04-05T20:25:09.475Z] [INFO] [review banyo-ve-ev-gerecleri/517614567] page=15 +8 reviews (unique=120)
[2026-04-05T20:25:09.485Z] [INFO] [REVIEW PARTIAL SAVED] /mnt/c/Developer/Review_AI/scraper_project/raw_data/banyo-ve-ev-gerecleri/517614567_reviews.partial.json
[2026-04-05T20:25:09.489Z] [INFO] [review banyo-ve-ev-gerecleri/577430034] page=17 +8 reviews (unique=136)
[2026-04-05T20:25:09.503Z] [INFO] [review banyo-ve-ev-gerecleri/517614599] page=32 +8 reviews (unique=256)
[2026-04-05T20:25:10.153Z] [INFO] [review banyo-ve-ev-gerecleri/577430034] page=18 +8 reviews (unique=144)
[2026-04-05T20:25:10.254Z] [INFO] [review banyo-ve-ev-gerecleri/517614599] page=33 +8 reviews (unique=264)
[2026-04-05T20:25:10.360Z] [INFO] [review banyo-ve-ev-gerecleri/517614567] page=16 +8 reviews (unique=128)
[2026-04-05T20:25:10.825Z] [INFO] [review banyo-ve-ev-gerecleri/577430034] page=19 +8 reviews (unique=152)
[2026-04-05T20:25:10.886Z] [INFO] [review banyo-ve-ev-gerecleri/517614599] page=34 +8 reviews (unique=272)
[2026-04-05T20:25:11.237Z] [INFO] [review banyo-ve-ev-gerecleri/517614567] page=17 +8 reviews (unique=136)
[2026-04-05T20:25:11.509Z] [INFO] [review banyo-ve-ev-gerecleri/517614599] page=35 +8 reviews (unique=280)
[2026-04-05T20:25:11.527Z] [INFO] [REVIEW PARTIAL SAVED] /mnt/c/Developer/Review_AI/scraper_project/raw_data/banyo-ve-ev-gerecleri/517614599_reviews.partial.json
[2026-04-05T20:25:11.582Z] [INFO] [review banyo-ve-ev-gerecleri/577430034] page=20 +8 reviews (unique=160)
[2026-04-05T20:25:11.590Z] [INFO] [REVIEW PARTIAL SAVED] /mnt/c/Developer/Review_AI/scraper_project/raw_data/banyo-ve-ev-gerecleri/577430034_reviews.partial.json
[2026-04-05T20:25:11.964Z] [INFO] [review banyo-ve-ev-gerecleri/517614567] page=18 +8 reviews (unique=144)
[2026-04-05T20:25:12.254Z] [INFO] [review banyo-ve-ev-gerecleri/577430034] page=21 +8 reviews (unique=168)
[2026-04-05T20:25:12.397Z] [INFO] [review banyo-ve-ev-gerecleri/517614599] page=36 +8 reviews (unique=288)
[2026-04-05T20:25:12.656Z] [INFO] [review banyo-ve-ev-gerecleri/517614567] page=19 +8 reviews (unique=152)
[2026-04-05T20:25:12.902Z] [INFO] [review banyo-ve-ev-gerecleri/577430034] page=22 +8 reviews (unique=176)
[2026-04-05T20:25:13.107Z] [INFO] [review banyo-ve-ev-gerecleri/517614599] page=37 +8 reviews (unique=296)
[2026-04-05T20:25:13.340Z] [INFO] [review banyo-ve-ev-gerecleri/517614567] page=20 +8 reviews (unique=160)
[2026-04-05T20:25:13.347Z] [INFO] [REVIEW PARTIAL SAVED] /mnt/c/Developer/Review_AI/scraper_project/raw_data/banyo-ve-ev-gerecleri/517614567_reviews.partial.json
[2026-04-05T20:25:13.615Z] [INFO] [review banyo-ve-ev-gerecleri/577430034] page=23 +8 reviews (unique=184)
[2026-04-05T20:25:13.749Z] [INFO] [review banyo-ve-ev-gerecleri/517614599] page=38 +8 reviews (unique=304)
[2026-04-05T20:25:14.034Z] [INFO] [review banyo-ve-ev-gerecleri/517614567] page=21 +8 reviews (unique=168)
[2026-04-05T20:25:14.288Z] [INFO] [review banyo-ve-ev-gerecleri/577430034] page=24 +8 reviews (unique=192)
[2026-04-05T20:25:14.923Z] [INFO] [review banyo-ve-ev-gerecleri/577430034] page=25 +8 reviews (unique=200)
[2026-04-05T20:25:14.936Z] [INFO] [REVIEW PARTIAL SAVED] /mnt/c/Developer/Review_AI/scraper_project/raw_data/banyo-ve-ev-gerecleri/577430034_reviews.partial.json
[2026-04-05T20:25:15.034Z] [INFO] [review banyo-ve-ev-gerecleri/517614567] page=22 +8 reviews (unique=176)
[2026-04-05T20:25:15.641Z] [INFO] [review banyo-ve-ev-gerecleri/577430034] page=26 +8 reviews (unique=208)
[2026-04-05T20:25:15.800Z] [INFO] [review banyo-ve-ev-gerecleri/517614567] page=23 +8 reviews (unique=184)
[2026-04-05T20:25:16.271Z] [INFO] [review banyo-ve-ev-gerecleri/577430034] page=27 +8 reviews (unique=216)
[2026-04-05T20:25:16.787Z] [INFO] [review banyo-ve-ev-gerecleri/517614567] page=24 +8 reviews (unique=192)
[2026-04-05T20:25:16.883Z] [INFO] [review banyo-ve-ev-gerecleri/577430034] page=28 +8 reviews (unique=224)
[2026-04-05T20:25:17.529Z] [INFO] [review banyo-ve-ev-gerecleri/517614567] page=25 +8 reviews (unique=200)
[2026-04-05T20:25:17.546Z] [INFO] [REVIEW PARTIAL SAVED] /mnt/c/Developer/Review_AI/scraper_project/raw_data/banyo-ve-ev-gerecleri/517614567_reviews.partial.json
[2026-04-05T20:25:17.615Z] [INFO] [review banyo-ve-ev-gerecleri/577430034] page=29 +8 reviews (unique=232)
[2026-04-05T20:25:18.272Z] [INFO] [review banyo-ve-ev-gerecleri/577430034] page=30 +8 reviews (unique=240)
[2026-04-05T20:25:18.287Z] [INFO] [REVIEW PARTIAL SAVED] /mnt/c/Developer/Review_AI/scraper_project/raw_data/banyo-ve-ev-gerecleri/577430034_reviews.partial.json
[2026-04-05T20:25:18.307Z] [INFO] [review banyo-ve-ev-gerecleri/517614567] page=26 +8 reviews (unique=208)
[2026-04-05T20:25:18.947Z] [INFO] [review banyo-ve-ev-gerecleri/517614599] page=39 +3 reviews (unique=307)
[2026-04-05T20:25:18.967Z] [INFO] [REVIEW SAVED] /mnt/c/Developer/Review_AI/scraper_project/raw_data/banyo-ve-ev-gerecleri/517614599_reviews.json
[2026-04-05T20:25:18.988Z] [INFO] [review banyo-ve-ev-gerecleri/517614567] page=27 +4 reviews (unique=212)
[2026-04-05T20:25:19.013Z] [INFO] [REVIEW SAVED] /mnt/c/Developer/Review_AI/scraper_project/raw_data/banyo-ve-ev-gerecleri/517614567_reviews.json
[2026-04-05T20:25:19.022Z] [INFO] [review banyo-ve-ev-gerecleri/577430034] page=31 +8 reviews (unique=248)
[2026-04-05T20:25:19.862Z] [INFO] [review banyo-ve-ev-gerecleri/577430034] page=32 +8 reviews (unique=256)
[2026-04-05T20:25:20.519Z] [INFO] [review banyo-ve-ev-gerecleri/577430034] page=33 +8 reviews (unique=264)
[2026-04-05T20:25:21.285Z] [INFO] [review banyo-ve-ev-gerecleri/577430034] page=34 +8 reviews (unique=272)
[2026-04-05T20:25:22.059Z] [INFO] [review banyo-ve-ev-gerecleri/577430034] page=35 +8 reviews (unique=280)
[2026-04-05T20:25:22.075Z] [INFO] [REVIEW PARTIAL SAVED] /mnt/c/Developer/Review_AI/scraper_project/raw_data/banyo-ve-ev-gerecleri/577430034_reviews.partial.json
[2026-04-05T20:25:22.726Z] [INFO] [review banyo-ve-ev-gerecleri/577430034] page=36 +8 reviews (unique=288)
[2026-04-05T20:25:23.401Z] [INFO] [review banyo-ve-ev-gerecleri/577430034] page=37 +8 reviews (unique=296)
[2026-04-05T20:25:24.171Z] [INFO] [review banyo-ve-ev-gerecleri/577430034] page=38 +8 reviews (unique=304)
[2026-04-05T20:25:24.834Z] [INFO] [review banyo-ve-ev-gerecleri/577430034] page=39 +8 reviews (unique=312)
[2026-04-05T20:25:25.498Z] [INFO] [review banyo-ve-ev-gerecleri/577430034] page=40 +8 reviews (unique=320)
[2026-04-05T20:25:25.512Z] [INFO] [REVIEW PARTIAL SAVED] /mnt/c/Developer/Review_AI/scraper_project/raw_data/banyo-ve-ev-gerecleri/577430034_reviews.partial.json
[2026-04-05T20:25:26.197Z] [INFO] [review banyo-ve-ev-gerecleri/577430034] page=41 +8 reviews (unique=328)
[2026-04-05T20:25:26.861Z] [INFO] [review banyo-ve-ev-gerecleri/577430034] page=42 +8 reviews (unique=336)
[2026-04-05T20:25:27.528Z] [INFO] [review banyo-ve-ev-gerecleri/577430034] page=43 +8 reviews (unique=344)
[2026-04-05T20:25:28.256Z] [INFO] [review banyo-ve-ev-gerecleri/577430034] page=44 +8 reviews (unique=352)
[2026-04-05T20:25:28.902Z] [INFO] [review banyo-ve-ev-gerecleri/577430034] page=45 +8 reviews (unique=360)
[2026-04-05T20:25:28.915Z] [INFO] [REVIEW PARTIAL SAVED] /mnt/c/Developer/Review_AI/scraper_project/raw_data/banyo-ve-ev-gerecleri/577430034_reviews.partial.json
[2026-04-05T20:25:29.621Z] [INFO] [review banyo-ve-ev-gerecleri/577430034] page=46 +8 reviews (unique=368)
[2026-04-05T20:25:30.313Z] [INFO] [review banyo-ve-ev-gerecleri/577430034] page=47 +5 reviews (unique=373)
[2026-04-05T20:25:30.334Z] [INFO] [REVIEW SAVED] /mnt/c/Developer/Review_AI/scraper_project/raw_data/banyo-ve-ev-gerecleri/577430034_reviews.json
[2026-04-05T20:25:30.359Z] [INFO] 
All review jobs finished.
