[2026-04-05T14:32:51.362Z] [INFO] [RESUME] summary file: /mnt/c/Developer/Review_AI/scraper_project/logs/review_run_2026-04-05T14-30-24-281Z_summary.json
[2026-04-05T14:32:51.366Z] [INFO] [RESUME] continuing from runId=review_run_2026-04-05T14-30-24-281Z
[2026-04-05T14:32:51.367Z] [INFO] [RUN] id=review_run_2026-04-05T14-32-50-231Z
[2026-04-05T14:32:51.368Z] [INFO] [RUN] log file: /mnt/c/Developer/Review_AI/scraper_project/logs/review_run_2026-04-05T14-32-50-231Z.log
[2026-04-05T14:32:51.369Z] [INFO] [RUN] summary file: /mnt/c/Developer/Review_AI/scraper_project/logs/review_run_2026-04-05T14-32-50-231Z_summary.json
[2026-04-05T14:32:51.535Z] [INFO] [REVIEWS] loaded 978 review jobs from /mnt/c/Developer/Review_AI/scraper_project/product_ids
[2026-04-05T14:32:51.538Z] [INFO] [REVIEWS] category filter: traktor
[2026-04-05T14:32:51.540Z] [INFO] [REVIEWS] resume mode enabled from review_run_2026-04-05T14-30-24-281Z
[2026-04-05T14:32:51.543Z] [INFO] [REVIEWS] concurrency: 6
[2026-04-05T14:32:51.547Z] [INFO] 
[REVIEW WORKER 1] starting traktor/559091643
[2026-04-05T14:32:51.552Z] [INFO] 
[REVIEW WORKER 2] starting traktor/732529152
[2026-04-05T14:32:51.557Z] [INFO] 
[REVIEW WORKER 3] starting traktor/535156040
[2026-04-05T14:32:51.560Z] [INFO] 
[REVIEW WORKER 4] starting traktor/729904398
[2026-04-05T14:32:51.564Z] [INFO] 
[REVIEW WORKER 5] starting traktor/461237037
[2026-04-05T14:32:51.568Z] [INFO] 
[REVIEW WORKER 6] starting traktor/524923833
[2026-04-05T14:32:55.985Z] [INFO] 
[START REVIEW] category=traktor productId=559091643 startPage=1
[2026-04-05T14:32:56.303Z] [INFO] [review traktor/559091643] page=1 +1 reviews (unique=1)
[2026-04-05T14:32:56.328Z] [INFO] [REVIEW SAVED] /mnt/c/Developer/Review_AI/scraper_project/raw_data/traktor/559091643_reviews.json
[2026-04-05T14:32:56.360Z] [INFO] 
[REVIEW WORKER 1] starting traktor/732530075
[2026-04-05T14:32:57.232Z] [INFO] 
[START REVIEW] category=traktor productId=535156040 startPage=1
[2026-04-05T14:32:57.257Z] [INFO] 
[START REVIEW] category=traktor productId=729904398 startPage=1
[2026-04-05T14:32:57.452Z] [INFO] [review traktor/729904398] page=1 +0 reviews (unique=0)
[2026-04-05T14:32:57.467Z] [INFO] [REVIEW SAVED] /mnt/c/Developer/Review_AI/scraper_project/raw_data/traktor/729904398_reviews.json
[2026-04-05T14:32:57.483Z] [INFO] 
[REVIEW WORKER 4] starting traktor/732528475
[2026-04-05T14:32:57.715Z] [INFO] 
[START REVIEW] category=traktor productId=461237037 startPage=1
[2026-04-05T14:32:57.949Z] [INFO] 
[START REVIEW] category=traktor productId=732529152 startPage=1
[2026-04-05T14:32:57.952Z] [INFO] [review traktor/461237037] page=1 +1 reviews (unique=1)
[2026-04-05T14:32:57.966Z] [INFO] [REVIEW SAVED] /mnt/c/Developer/Review_AI/scraper_project/raw_data/traktor/461237037_reviews.json
[2026-04-05T14:32:58.015Z] [INFO] 
[REVIEW WORKER 5] starting traktor/571420220
[2026-04-05T14:32:58.198Z] [INFO] 
[START REVIEW] category=traktor productId=524923833 startPage=1
[2026-04-05T14:32:58.459Z] [INFO] [review traktor/732529152] page=1 +0 reviews (unique=0)
[2026-04-05T14:32:58.490Z] [INFO] [REVIEW SAVED] /mnt/c/Developer/Review_AI/scraper_project/raw_data/traktor/732529152_reviews.json
[2026-04-05T14:32:58.495Z] [INFO] [review traktor/535156040] page=1 +0 reviews (unique=0)
[2026-04-05T14:32:58.510Z] [INFO] [REVIEW SAVED] /mnt/c/Developer/Review_AI/scraper_project/raw_data/traktor/535156040_reviews.json
[2026-04-05T14:32:58.526Z] [INFO] 
[REVIEW WORKER 2] starting traktor/569605606
[2026-04-05T14:32:58.544Z] [INFO] 
[REVIEW WORKER 3] starting traktor/538885163
[2026-04-05T14:32:58.930Z] [INFO] [review traktor/524923833] page=1 +1 reviews (unique=1)
[2026-04-05T14:32:58.942Z] [INFO] [REVIEW SAVED] /mnt/c/Developer/Review_AI/scraper_project/raw_data/traktor/524923833_reviews.json
[2026-04-05T14:32:58.952Z] [INFO] 
[REVIEW WORKER 6] starting traktor/604142453
[2026-04-05T14:33:00.673Z] [INFO] 
[START REVIEW] category=traktor productId=732530075 startPage=1
[2026-04-05T14:33:01.034Z] [INFO] [review traktor/732530075] page=1 +0 reviews (unique=0)
[2026-04-05T14:33:01.054Z] [INFO] [REVIEW SAVED] /mnt/c/Developer/Review_AI/scraper_project/raw_data/traktor/732530075_reviews.json
[2026-04-05T14:33:01.091Z] [INFO] 
[REVIEW WORKER 1] starting traktor/584150955
[2026-04-05T14:33:01.620Z] [INFO] 
[START REVIEW] category=traktor productId=732528475 startPage=1
[2026-04-05T14:33:01.889Z] [INFO] [review traktor/732528475] page=1 +0 reviews (unique=0)
[2026-04-05T14:33:01.923Z] [INFO] [REVIEW SAVED] /mnt/c/Developer/Review_AI/scraper_project/raw_data/traktor/732528475_reviews.json
[2026-04-05T14:33:01.952Z] [INFO] 
[REVIEW WORKER 4] starting traktor/494095177
[2026-04-05T14:33:02.551Z] [INFO] 
[START REVIEW] category=traktor productId=569605606 startPage=1
[2026-04-05T14:33:02.602Z] [INFO] 
[START REVIEW] category=traktor productId=571420220 startPage=1
[2026-04-05T14:33:02.757Z] [INFO] [review traktor/569605606] page=1 +1 reviews (unique=1)
[2026-04-05T14:33:02.775Z] [INFO] [REVIEW SAVED] /mnt/c/Developer/Review_AI/scraper_project/raw_data/traktor/569605606_reviews.json
[2026-04-05T14:33:02.804Z] [INFO] 
[REVIEW WORKER 2] starting traktor/517005547
[2026-04-05T14:33:02.809Z] [INFO] [review traktor/571420220] page=1 +0 reviews (unique=0)
[2026-04-05T14:33:02.825Z] [INFO] [REVIEW SAVED] /mnt/c/Developer/Review_AI/scraper_project/raw_data/traktor/571420220_reviews.json
[2026-04-05T14:33:02.877Z] [INFO] 
[REVIEW WORKER 5] starting traktor/565953472
[2026-04-05T14:33:02.948Z] [INFO] 
[START REVIEW] category=traktor productId=604142453 startPage=1
[2026-04-05T14:33:03.266Z] [INFO] [review traktor/604142453] page=1 +1 reviews (unique=1)
[2026-04-05T14:33:03.278Z] [INFO] [REVIEW SAVED] /mnt/c/Developer/Review_AI/scraper_project/raw_data/traktor/604142453_reviews.json
[2026-04-05T14:33:03.292Z] [INFO] 
[REVIEW WORKER 6] starting traktor/696615675
[2026-04-05T14:33:03.373Z] [INFO] 
[START REVIEW] category=traktor productId=538885163 startPage=1
[2026-04-05T14:33:03.618Z] [INFO] [review traktor/538885163] page=1 +3 reviews (unique=3)
[2026-04-05T14:33:03.635Z] [INFO] [REVIEW SAVED] /mnt/c/Developer/Review_AI/scraper_project/raw_data/traktor/538885163_reviews.json
[2026-04-05T14:33:03.657Z] [INFO] 
[REVIEW WORKER 3] starting traktor/601016685
[2026-04-05T14:33:06.997Z] [INFO] 
[START REVIEW] category=traktor productId=584150955 startPage=1
[2026-04-05T14:33:08.073Z] [INFO] 
[START REVIEW] category=traktor productId=494095177 startPage=1
[2026-04-05T14:33:08.916Z] [INFO] [review traktor/494095177] page=1 +2 reviews (unique=2)
[2026-04-05T14:33:08.933Z] [INFO] [REVIEW SAVED] /mnt/c/Developer/Review_AI/scraper_project/raw_data/traktor/494095177_reviews.json
[2026-04-05T14:33:08.948Z] [INFO] 
[REVIEW WORKER 4] starting traktor/567397169
[2026-04-05T14:33:10.140Z] [INFO] [review traktor/584150955] page=1 +0 reviews (unique=0)
[2026-04-05T14:33:10.161Z] [INFO] [REVIEW SAVED] /mnt/c/Developer/Review_AI/scraper_project/raw_data/traktor/584150955_reviews.json
[2026-04-05T14:33:10.190Z] [INFO] 
[REVIEW WORKER 1] starting traktor/529864470
[2026-04-05T14:33:10.648Z] [INFO] 
[START REVIEW] category=traktor productId=565953472 startPage=1
[2026-04-05T14:33:10.668Z] [INFO] 
[START REVIEW] category=traktor productId=517005547 startPage=1
[2026-04-05T14:33:10.993Z] [INFO] [review traktor/565953472] page=1 +1 reviews (unique=1)
[2026-04-05T14:33:11.017Z] [INFO] [REVIEW SAVED] /mnt/c/Developer/Review_AI/scraper_project/raw_data/traktor/565953472_reviews.json
[2026-04-05T14:33:11.021Z] [INFO] [review traktor/517005547] page=1 +0 reviews (unique=0)
[2026-04-05T14:33:11.042Z] [INFO] [REVIEW SAVED] /mnt/c/Developer/Review_AI/scraper_project/raw_data/traktor/517005547_reviews.json
[2026-04-05T14:33:11.059Z] [INFO] 
[REVIEW WORKER 5] starting traktor/648772269
[2026-04-05T14:33:11.069Z] [INFO] 
[REVIEW WORKER 2] starting traktor/543897095
[2026-04-05T14:33:11.965Z] [INFO] 
[START REVIEW] category=traktor productId=696615675 startPage=1
[2026-04-05T14:33:12.253Z] [INFO] 
[START REVIEW] category=traktor productId=601016685 startPage=1
[2026-04-05T14:33:12.374Z] [INFO] [review traktor/696615675] page=1 +0 reviews (unique=0)
[2026-04-05T14:33:12.389Z] [INFO] [REVIEW SAVED] /mnt/c/Developer/Review_AI/scraper_project/raw_data/traktor/696615675_reviews.json
[2026-04-05T14:33:12.407Z] [INFO] 
[REVIEW WORKER 6] starting traktor/648420203
[2026-04-05T14:33:12.617Z] [INFO] [review traktor/601016685] page=1 +0 reviews (unique=0)
[2026-04-05T14:33:12.639Z] [INFO] [REVIEW SAVED] /mnt/c/Developer/Review_AI/scraper_project/raw_data/traktor/601016685_reviews.json
[2026-04-05T14:33:12.653Z] [INFO] 
[REVIEW WORKER 3] starting traktor/506750234
[2026-04-05T14:33:14.310Z] [INFO] 
[START REVIEW] category=traktor productId=567397169 startPage=1
[2026-04-05T14:33:14.817Z] [INFO] 
[START REVIEW] category=traktor productId=529864470 startPage=1
[2026-04-05T14:33:15.241Z] [INFO] [review traktor/567397169] page=1 +2 reviews (unique=2)
[2026-04-05T14:33:15.259Z] [INFO] [REVIEW SAVED] /mnt/c/Developer/Review_AI/scraper_project/raw_data/traktor/567397169_reviews.json
[2026-04-05T14:33:15.272Z] [INFO] 
[REVIEW WORKER 4] starting traktor/584277212
[2026-04-05T14:33:15.332Z] [INFO] [review traktor/529864470] page=1 +0 reviews (unique=0)
[2026-04-05T14:33:15.351Z] [INFO] [REVIEW SAVED] /mnt/c/Developer/Review_AI/scraper_project/raw_data/traktor/529864470_reviews.json
[2026-04-05T14:33:15.365Z] [INFO] 
[REVIEW WORKER 1] starting traktor/514414598
[2026-04-05T14:33:16.777Z] [INFO] 
[START REVIEW] category=traktor productId=543897095 startPage=1
[2026-04-05T14:33:17.046Z] [INFO] [review traktor/543897095] page=1 +0 reviews (unique=0)
[2026-04-05T14:33:17.060Z] [INFO] [REVIEW SAVED] /mnt/c/Developer/Review_AI/scraper_project/raw_data/traktor/543897095_reviews.json
[2026-04-05T14:33:17.096Z] [INFO] 
[REVIEW WORKER 2] starting traktor/546906665
[2026-04-05T14:33:17.404Z] [INFO] 
[START REVIEW] category=traktor productId=648772269 startPage=1
[2026-04-05T14:33:17.667Z] [INFO] [review traktor/648772269] page=1 +0 reviews (unique=0)
[2026-04-05T14:33:17.687Z] [INFO] [REVIEW SAVED] /mnt/c/Developer/Review_AI/scraper_project/raw_data/traktor/648772269_reviews.json
[2026-04-05T14:33:17.698Z] [INFO] 
[START REVIEW] category=traktor productId=648420203 startPage=1
[2026-04-05T14:33:17.718Z] [INFO] 
[START REVIEW] category=traktor productId=506750234 startPage=1
[2026-04-05T14:33:17.726Z] [INFO] 
[REVIEW WORKER 5] starting traktor/466581950
[2026-04-05T14:33:17.960Z] [INFO] [review traktor/506750234] page=1 +1 reviews (unique=1)
[2026-04-05T14:33:17.973Z] [INFO] [REVIEW SAVED] /mnt/c/Developer/Review_AI/scraper_project/raw_data/traktor/506750234_reviews.json
[2026-04-05T14:33:17.985Z] [INFO] 
[REVIEW WORKER 3] starting traktor/652223826
[2026-04-05T14:33:18.234Z] [INFO] [review traktor/648420203] page=1 +1 reviews (unique=1)
[2026-04-05T14:33:18.250Z] [INFO] [REVIEW SAVED] /mnt/c/Developer/Review_AI/scraper_project/raw_data/traktor/648420203_reviews.json
[2026-04-05T14:33:18.265Z] [INFO] 
[REVIEW WORKER 6] starting traktor/684358494
[2026-04-05T14:33:19.408Z] [INFO] 
[START REVIEW] category=traktor productId=584277212 startPage=1
[2026-04-05T14:33:19.800Z] [INFO] 
[START REVIEW] category=traktor productId=514414598 startPage=1
[2026-04-05T14:33:20.052Z] [INFO] [review traktor/514414598] page=1 +4 reviews (unique=4)
[2026-04-05T14:33:20.069Z] [INFO] [REVIEW SAVED] /mnt/c/Developer/Review_AI/scraper_project/raw_data/traktor/514414598_reviews.json
[2026-04-05T14:33:20.091Z] [INFO] 
[REVIEW WORKER 1] starting traktor/567413958
[2026-04-05T14:33:21.513Z] [INFO] 
[START REVIEW] category=traktor productId=546906665 startPage=1
[2026-04-05T14:33:21.520Z] [INFO] [review traktor/584277212] page=1 +0 reviews (unique=0)
[2026-04-05T14:33:21.538Z] [INFO] [REVIEW SAVED] /mnt/c/Developer/Review_AI/scraper_project/raw_data/traktor/584277212_reviews.json
[2026-04-05T14:33:21.567Z] [INFO] 
[REVIEW WORKER 4] starting traktor/648397299
[2026-04-05T14:33:21.807Z] [INFO] [review traktor/546906665] page=1 +0 reviews (unique=0)
[2026-04-05T14:33:21.832Z] [INFO] [REVIEW SAVED] /mnt/c/Developer/Review_AI/scraper_project/raw_data/traktor/546906665_reviews.json
[2026-04-05T14:33:21.847Z] [INFO] 
[REVIEW WORKER 2] starting traktor/556023388
[2026-04-05T14:33:21.964Z] [INFO] 
[START REVIEW] category=traktor productId=466581950 startPage=1
[2026-04-05T14:33:22.182Z] [INFO] [review traktor/466581950] page=1 +4 reviews (unique=4)
[2026-04-05T14:33:22.207Z] [INFO] [REVIEW SAVED] /mnt/c/Developer/Review_AI/scraper_project/raw_data/traktor/466581950_reviews.json
[2026-04-05T14:33:22.225Z] [INFO] 
[REVIEW WORKER 5] starting traktor/534730949
[2026-04-05T14:33:22.559Z] [INFO] 
[START REVIEW] category=traktor productId=684358494 startPage=1
[2026-04-05T14:33:22.755Z] [INFO] [review traktor/684358494] page=1 +0 reviews (unique=0)
[2026-04-05T14:33:22.772Z] [INFO] [REVIEW SAVED] /mnt/c/Developer/Review_AI/scraper_project/raw_data/traktor/684358494_reviews.json
[2026-04-05T14:33:22.786Z] [INFO] 
[REVIEW WORKER 6] starting traktor/667944780
[2026-04-05T14:33:22.967Z] [INFO] 
[START REVIEW] category=traktor productId=652223826 startPage=1
[2026-04-05T14:33:23.158Z] [INFO] [review traktor/652223826] page=1 +0 reviews (unique=0)
[2026-04-05T14:33:23.173Z] [INFO] [REVIEW SAVED] /mnt/c/Developer/Review_AI/scraper_project/raw_data/traktor/652223826_reviews.json
[2026-04-05T14:33:23.192Z] [INFO] 
[REVIEW WORKER 3] starting traktor/719019814
[2026-04-05T14:33:24.098Z] [INFO] 
[START REVIEW] category=traktor productId=567413958 startPage=1
[2026-04-05T14:33:24.311Z] [INFO] [review traktor/567413958] page=1 +0 reviews (unique=0)
[2026-04-05T14:33:24.342Z] [INFO] [REVIEW SAVED] /mnt/c/Developer/Review_AI/scraper_project/raw_data/traktor/567413958_reviews.json
[2026-04-05T14:33:24.365Z] [INFO] 
[REVIEW WORKER 1] starting traktor/714904577
[2026-04-05T14:33:25.515Z] [INFO] 
[START REVIEW] category=traktor productId=648397299 startPage=1
[2026-04-05T14:33:25.780Z] [INFO] [review traktor/648397299] page=1 +0 reviews (unique=0)
[2026-04-05T14:33:25.810Z] [INFO] [REVIEW SAVED] /mnt/c/Developer/Review_AI/scraper_project/raw_data/traktor/648397299_reviews.json
[2026-04-05T14:33:25.824Z] [INFO] 
[START REVIEW] category=traktor productId=556023388 startPage=1
[2026-04-05T14:33:25.916Z] [INFO] 
[START REVIEW] category=traktor productId=534730949 startPage=1
[2026-04-05T14:33:25.951Z] [INFO] 
[REVIEW WORKER 4] starting traktor/321919950
[2026-04-05T14:33:26.124Z] [INFO] [review traktor/534730949] page=1 +0 reviews (unique=0)
[2026-04-05T14:33:26.148Z] [INFO] [REVIEW SAVED] /mnt/c/Developer/Review_AI/scraper_project/raw_data/traktor/534730949_reviews.json
[2026-04-05T14:33:26.155Z] [INFO] [review traktor/556023388] page=1 +0 reviews (unique=0)
[2026-04-05T14:33:26.176Z] [INFO] [REVIEW SAVED] /mnt/c/Developer/Review_AI/scraper_project/raw_data/traktor/556023388_reviews.json
[2026-04-05T14:33:26.194Z] [INFO] 
[REVIEW WORKER 5] starting traktor/546971544
[2026-04-05T14:33:26.206Z] [INFO] 
[REVIEW WORKER 2] starting traktor/648578092
[2026-04-05T14:33:26.842Z] [INFO] 
[START REVIEW] category=traktor productId=719019814 startPage=1
[2026-04-05T14:33:27.058Z] [INFO] [review traktor/719019814] page=1 +0 reviews (unique=0)
[2026-04-05T14:33:27.100Z] [INFO] [REVIEW SAVED] /mnt/c/Developer/Review_AI/scraper_project/raw_data/traktor/719019814_reviews.json
[2026-04-05T14:33:27.124Z] [INFO] 
[REVIEW WORKER 3] starting traktor/621459552
[2026-04-05T14:33:27.337Z] [INFO] 
[START REVIEW] category=traktor productId=667944780 startPage=1
[2026-04-05T14:33:27.528Z] [INFO] [review traktor/667944780] page=1 +0 reviews (unique=0)
[2026-04-05T14:33:27.541Z] [INFO] [REVIEW SAVED] /mnt/c/Developer/Review_AI/scraper_project/raw_data/traktor/667944780_reviews.json
[2026-04-05T14:33:27.557Z] [INFO] 
[REVIEW WORKER 6] starting traktor/519851223
[2026-04-05T14:33:28.081Z] [INFO] 
[START REVIEW] category=traktor productId=714904577 startPage=1
[2026-04-05T14:33:28.282Z] [INFO] [review traktor/714904577] page=1 +0 reviews (unique=0)
[2026-04-05T14:33:28.303Z] [INFO] [REVIEW SAVED] /mnt/c/Developer/Review_AI/scraper_project/raw_data/traktor/714904577_reviews.json
[2026-04-05T14:33:28.316Z] [INFO] 
[REVIEW WORKER 1] starting traktor/737471512
[2026-04-05T14:33:29.678Z] [INFO] 
[START REVIEW] category=traktor productId=321919950 startPage=1
[2026-04-05T14:33:30.030Z] [INFO] [review traktor/321919950] page=1 +2 reviews (unique=2)
[2026-04-05T14:33:30.054Z] [INFO] [REVIEW SAVED] /mnt/c/Developer/Review_AI/scraper_project/raw_data/traktor/321919950_reviews.json
[2026-04-05T14:33:30.087Z] [INFO] 
[REVIEW WORKER 4] starting traktor/665697313
[2026-04-05T14:33:30.138Z] [INFO] 
[START REVIEW] category=traktor productId=546971544 startPage=1
[2026-04-05T14:33:30.158Z] [INFO] 
[START REVIEW] category=traktor productId=648578092 startPage=1
[2026-04-05T14:33:30.355Z] [INFO] [review traktor/648578092] page=1 +1 reviews (unique=1)
[2026-04-05T14:33:30.371Z] [INFO] [REVIEW SAVED] /mnt/c/Developer/Review_AI/scraper_project/raw_data/traktor/648578092_reviews.json
[2026-04-05T14:33:30.384Z] [INFO] 
[REVIEW WORKER 2] starting traktor/501848871
[2026-04-05T14:33:30.574Z] [INFO] [review traktor/546971544] page=1 +0 reviews (unique=0)
[2026-04-05T14:33:30.589Z] [INFO] [REVIEW SAVED] /mnt/c/Developer/Review_AI/scraper_project/raw_data/traktor/546971544_reviews.json
[2026-04-05T14:33:30.617Z] [INFO] 
[REVIEW WORKER 5] starting traktor/567419298
[2026-04-05T14:33:31.279Z] [INFO] 
[START REVIEW] category=traktor productId=621459552 startPage=1
[2026-04-05T14:33:31.475Z] [INFO] 
[START REVIEW] category=traktor productId=519851223 startPage=1
[2026-04-05T14:33:31.483Z] [INFO] [review traktor/621459552] page=1 +0 reviews (unique=0)
[2026-04-05T14:33:31.500Z] [INFO] [REVIEW SAVED] /mnt/c/Developer/Review_AI/scraper_project/raw_data/traktor/621459552_reviews.json
[2026-04-05T14:33:31.517Z] [INFO] 
[REVIEW WORKER 3] starting traktor/577145173
[2026-04-05T14:33:31.725Z] [INFO] [review traktor/519851223] page=1 +1 reviews (unique=1)
[2026-04-05T14:33:31.749Z] [INFO] [REVIEW SAVED] /mnt/c/Developer/Review_AI/scraper_project/raw_data/traktor/519851223_reviews.json
[2026-04-05T14:33:31.767Z] [INFO] 
[REVIEW WORKER 6] starting traktor/578150659
[2026-04-05T14:33:32.209Z] [INFO] 
[START REVIEW] category=traktor productId=737471512 startPage=1
[2026-04-05T14:33:33.817Z] [INFO] [review traktor/737471512] page=1 +8 reviews (unique=8)
[2026-04-05T14:33:34.171Z] [INFO] 
[START REVIEW] category=traktor productId=501848871 startPage=1
[2026-04-05T14:33:34.435Z] [INFO] [review traktor/501848871] page=1 +0 reviews (unique=0)
[2026-04-05T14:33:34.456Z] [INFO] [REVIEW SAVED] /mnt/c/Developer/Review_AI/scraper_project/raw_data/traktor/501848871_reviews.json
[2026-04-05T14:33:34.496Z] [INFO] 
[REVIEW WORKER 2] starting traktor/648773852
[2026-04-05T14:33:34.553Z] [INFO] 
[START REVIEW] category=traktor productId=567419298 startPage=1
[2026-04-05T14:33:34.597Z] [INFO] [review traktor/737471512] page=2 +5 reviews (unique=13)
[2026-04-05T14:33:34.630Z] [INFO] [REVIEW SAVED] /mnt/c/Developer/Review_AI/scraper_project/raw_data/traktor/737471512_reviews.json
[2026-04-05T14:33:34.662Z] [INFO] 
[REVIEW WORKER 1] starting traktor/456360170
[2026-04-05T14:33:34.898Z] [INFO] [review traktor/567419298] page=1 +0 reviews (unique=0)
[2026-04-05T14:33:34.926Z] [INFO] [REVIEW SAVED] /mnt/c/Developer/Review_AI/scraper_project/raw_data/traktor/567419298_reviews.json
[2026-04-05T14:33:34.956Z] [INFO] 
[REVIEW WORKER 5] starting traktor/732749654
[2026-04-05T14:33:35.184Z] [INFO] 
[START REVIEW] category=traktor productId=665697313 startPage=1
[2026-04-05T14:33:35.416Z] [INFO] 
[START REVIEW] category=traktor productId=577145173 startPage=1
[2026-04-05T14:33:35.420Z] [INFO] [review traktor/665697313] page=1 +0 reviews (unique=0)
[2026-04-05T14:33:35.436Z] [INFO] [REVIEW SAVED] /mnt/c/Developer/Review_AI/scraper_project/raw_data/traktor/665697313_reviews.json
[2026-04-05T14:33:35.448Z] [INFO] 
[REVIEW WORKER 4] starting traktor/630809539
[2026-04-05T14:33:35.643Z] [INFO] [review traktor/577145173] page=1 +7 reviews (unique=7)
[2026-04-05T14:33:35.659Z] [INFO] [REVIEW SAVED] /mnt/c/Developer/Review_AI/scraper_project/raw_data/traktor/577145173_reviews.json
[2026-04-05T14:33:35.678Z] [INFO] 
[REVIEW WORKER 3] starting traktor/691183726
[2026-04-05T14:33:35.887Z] [INFO] 
[START REVIEW] category=traktor productId=578150659 startPage=1
[2026-04-05T14:33:36.106Z] [INFO] [review traktor/578150659] page=1 +3 reviews (unique=3)
[2026-04-05T14:33:36.116Z] [INFO] [REVIEW SAVED] /mnt/c/Developer/Review_AI/scraper_project/raw_data/traktor/578150659_reviews.json
[2026-04-05T14:33:36.136Z] [INFO] 
[REVIEW WORKER 6] starting traktor/505170496
[2026-04-05T14:33:38.475Z] [INFO] 
[START REVIEW] category=traktor productId=456360170 startPage=1
[2026-04-05T14:33:38.524Z] [INFO] 
[START REVIEW] category=traktor productId=648773852 startPage=1
[2026-04-05T14:33:38.770Z] [INFO] [review traktor/456360170] page=1 +0 reviews (unique=0)
[2026-04-05T14:33:38.805Z] [INFO] [REVIEW SAVED] /mnt/c/Developer/Review_AI/scraper_project/raw_data/traktor/456360170_reviews.json
[2026-04-05T14:33:38.817Z] [INFO] 
[START REVIEW] category=traktor productId=732749654 startPage=1
[2026-04-05T14:33:38.841Z] [INFO] 
[REVIEW WORKER 1] starting traktor/584396744
[2026-04-05T14:33:38.872Z] [INFO] [review traktor/648773852] page=1 +0 reviews (unique=0)
[2026-04-05T14:33:38.898Z] [INFO] [REVIEW SAVED] /mnt/c/Developer/Review_AI/scraper_project/raw_data/traktor/648773852_reviews.json
[2026-04-05T14:33:40.910Z] [INFO] 
[REVIEW WORKER 2] starting traktor/665216345
[2026-04-05T14:33:40.978Z] [INFO] [review traktor/732749654] page=1 +0 reviews (unique=0)
[2026-04-05T14:33:40.998Z] [INFO] [REVIEW SAVED] /mnt/c/Developer/Review_AI/scraper_project/raw_data/traktor/732749654_reviews.json
[2026-04-05T14:33:41.033Z] [INFO] 
[REVIEW WORKER 5] starting traktor/466202070
[2026-04-05T14:33:41.594Z] [INFO] 
[START REVIEW] category=traktor productId=691183726 startPage=1
[2026-04-05T14:33:41.605Z] [INFO] 
[START REVIEW] category=traktor productId=630809539 startPage=1
[2026-04-05T14:33:41.783Z] [INFO] [review traktor/691183726] page=1 +0 reviews (unique=0)
[2026-04-05T14:33:41.798Z] [INFO] [REVIEW SAVED] /mnt/c/Developer/Review_AI/scraper_project/raw_data/traktor/691183726_reviews.json
[2026-04-05T14:33:41.803Z] [INFO] [review traktor/630809539] page=1 +0 reviews (unique=0)
[2026-04-05T14:33:41.828Z] [INFO] [REVIEW SAVED] /mnt/c/Developer/Review_AI/scraper_project/raw_data/traktor/630809539_reviews.json
[2026-04-05T14:33:41.843Z] [INFO] 
[REVIEW WORKER 3] starting traktor/732168283
[2026-04-05T14:33:41.850Z] [INFO] 
[REVIEW WORKER 4] starting traktor/455062207
[2026-04-05T14:33:42.081Z] [INFO] 
[START REVIEW] category=traktor productId=505170496 startPage=1
[2026-04-05T14:33:42.303Z] [INFO] [review traktor/505170496] page=1 +1 reviews (unique=1)
[2026-04-05T14:33:42.314Z] [INFO] [REVIEW SAVED] /mnt/c/Developer/Review_AI/scraper_project/raw_data/traktor/505170496_reviews.json
[2026-04-05T14:33:42.327Z] [INFO] 
[REVIEW WORKER 6] starting traktor/455064701
[2026-04-05T14:33:44.701Z] [INFO] 
[START REVIEW] category=traktor productId=584396744 startPage=1
[2026-04-05T14:33:44.848Z] [INFO] 
[START REVIEW] category=traktor productId=665216345 startPage=1
[2026-04-05T14:33:44.893Z] [INFO] 
[START REVIEW] category=traktor productId=466202070 startPage=1
[2026-04-05T14:33:44.921Z] [INFO] [review traktor/584396744] page=1 +0 reviews (unique=0)
[2026-04-05T14:33:44.946Z] [INFO] [REVIEW SAVED] /mnt/c/Developer/Review_AI/scraper_project/raw_data/traktor/584396744_reviews.json
[2026-04-05T14:33:44.969Z] [INFO] 
[REVIEW WORKER 1] starting traktor/567395955
[2026-04-05T14:33:45.100Z] [INFO] [review traktor/665216345] page=1 +0 reviews (unique=0)
[2026-04-05T14:33:45.123Z] [INFO] [REVIEW SAVED] /mnt/c/Developer/Review_AI/scraper_project/raw_data/traktor/665216345_reviews.json
[2026-04-05T14:33:45.156Z] [INFO] 
[REVIEW WORKER 2] starting traktor/566215964
[2026-04-05T14:33:45.236Z] [INFO] [review traktor/466202070] page=1 +0 reviews (unique=0)
[2026-04-05T14:33:45.396Z] [INFO] [REVIEW SAVED] /mnt/c/Developer/Review_AI/scraper_project/raw_data/traktor/466202070_reviews.json
[2026-04-05T14:33:45.436Z] [INFO] 
[REVIEW WORKER 5] starting traktor/580564319
[2026-04-05T14:33:45.628Z] [INFO] 
[START REVIEW] category=traktor productId=455062207 startPage=1
[2026-04-05T14:33:45.809Z] [INFO] [review traktor/455062207] page=1 +0 reviews (unique=0)
[2026-04-05T14:33:45.822Z] [INFO] [REVIEW SAVED] /mnt/c/Developer/Review_AI/scraper_project/raw_data/traktor/455062207_reviews.json
[2026-04-05T14:33:45.837Z] [INFO] 
[REVIEW WORKER 4] starting traktor/517921305
[2026-04-05T14:33:46.259Z] [INFO] 
[START REVIEW] category=traktor productId=732168283 startPage=1
[2026-04-05T14:33:46.335Z] [INFO] 
[START REVIEW] category=traktor productId=455064701 startPage=1
[2026-04-05T14:33:46.528Z] [INFO] [review traktor/455064701] page=1 +0 reviews (unique=0)
[2026-04-05T14:33:46.542Z] [INFO] [REVIEW SAVED] /mnt/c/Developer/Review_AI/scraper_project/raw_data/traktor/455064701_reviews.json
[2026-04-05T14:33:46.547Z] [INFO] [review traktor/732168283] page=1 +0 reviews (unique=0)
[2026-04-05T14:33:46.565Z] [INFO] [REVIEW SAVED] /mnt/c/Developer/Review_AI/scraper_project/raw_data/traktor/732168283_reviews.json
[2026-04-05T14:33:46.580Z] [INFO] 
[REVIEW WORKER 6] starting traktor/523197254
[2026-04-05T14:33:46.589Z] [INFO] 
[REVIEW WORKER 3] starting traktor/598531078
[2026-04-05T14:33:48.882Z] [INFO] 
[START REVIEW] category=traktor productId=567395955 startPage=1
[2026-04-05T14:33:49.175Z] [INFO] [review traktor/567395955] page=1 +1 reviews (unique=1)
[2026-04-05T14:33:49.208Z] [INFO] [REVIEW SAVED] /mnt/c/Developer/Review_AI/scraper_project/raw_data/traktor/567395955_reviews.json
[2026-04-05T14:33:49.230Z] [INFO] 
[START REVIEW] category=traktor productId=566215964 startPage=1
[2026-04-05T14:33:49.262Z] [INFO] 
[START REVIEW] category=traktor productId=580564319 startPage=1
[2026-04-05T14:33:49.275Z] [INFO] 
[REVIEW WORKER 1] starting traktor/569605247
[2026-04-05T14:33:49.518Z] [INFO] [review traktor/580564319] page=1 +0 reviews (unique=0)
[2026-04-05T14:33:49.545Z] [INFO] [REVIEW SAVED] /mnt/c/Developer/Review_AI/scraper_project/raw_data/traktor/580564319_reviews.json
[2026-04-05T14:33:49.558Z] [INFO] [review traktor/566215964] page=1 +6 reviews (unique=6)
[2026-04-05T14:33:49.590Z] [INFO] [REVIEW SAVED] /mnt/c/Developer/Review_AI/scraper_project/raw_data/traktor/566215964_reviews.json
[2026-04-05T14:33:49.619Z] [INFO] 
[REVIEW WORKER 5] starting traktor/573687900
[2026-04-05T14:33:49.652Z] [INFO] 
[REVIEW WORKER 2] starting traktor/505479059
[2026-04-05T14:33:49.903Z] [INFO] 
[START REVIEW] category=traktor productId=517921305 startPage=1
[2026-04-05T14:33:50.105Z] [INFO] [review traktor/517921305] page=1 +0 reviews (unique=0)
[2026-04-05T14:33:50.119Z] [INFO] [REVIEW SAVED] /mnt/c/Developer/Review_AI/scraper_project/raw_data/traktor/517921305_reviews.json
[2026-04-05T14:33:50.140Z] [INFO] 
[REVIEW WORKER 4] starting traktor/717224362
[2026-04-05T14:33:50.557Z] [INFO] 
[START REVIEW] category=traktor productId=598531078 startPage=1
[2026-04-05T14:33:50.566Z] [INFO] 
[START REVIEW] category=traktor productId=523197254 startPage=1
[2026-04-05T14:33:50.769Z] [INFO] [review traktor/598531078] page=1 +0 reviews (unique=0)
[2026-04-05T14:33:50.785Z] [INFO] [REVIEW SAVED] /mnt/c/Developer/Review_AI/scraper_project/raw_data/traktor/598531078_reviews.json
[2026-04-05T14:33:50.805Z] [INFO] 
[REVIEW WORKER 3] starting traktor/730639354
[2026-04-05T14:33:53.520Z] [INFO] 
[START REVIEW] category=traktor productId=573687900 startPage=1
[2026-04-05T14:33:53.533Z] [INFO] 
[START REVIEW] category=traktor productId=505479059 startPage=1
[2026-04-05T14:33:53.651Z] [INFO] [review traktor/523197254] page=1 +0 reviews (unique=0)
[2026-04-05T14:33:53.674Z] [INFO] [REVIEW SAVED] /mnt/c/Developer/Review_AI/scraper_project/raw_data/traktor/523197254_reviews.json
[2026-04-05T14:33:53.710Z] [INFO] 
[REVIEW WORKER 6] starting traktor/586909953
[2026-04-05T14:33:53.749Z] [INFO] 
[START REVIEW] category=traktor productId=569605247 startPage=1
[2026-04-05T14:33:53.793Z] [INFO] [review traktor/505479059] page=1 +0 reviews (unique=0)
[2026-04-05T14:33:53.824Z] [INFO] [REVIEW SAVED] /mnt/c/Developer/Review_AI/scraper_project/raw_data/traktor/505479059_reviews.json
[2026-04-05T14:33:53.836Z] [INFO] [review traktor/573687900] page=1 +0 reviews (unique=0)
[2026-04-05T14:33:53.864Z] [INFO] [REVIEW SAVED] /mnt/c/Developer/Review_AI/scraper_project/raw_data/traktor/573687900_reviews.json
[2026-04-05T14:33:53.889Z] [INFO] 
[REVIEW WORKER 2] starting traktor/623440660
[2026-04-05T14:33:53.916Z] [INFO] 
[REVIEW WORKER 5] starting traktor/508455603
[2026-04-05T14:33:54.069Z] [INFO] [review traktor/569605247] page=1 +3 reviews (unique=3)
[2026-04-05T14:33:54.094Z] [INFO] [REVIEW SAVED] /mnt/c/Developer/Review_AI/scraper_project/raw_data/traktor/569605247_reviews.json
[2026-04-05T14:33:54.111Z] [INFO] 
[REVIEW WORKER 1] starting traktor/477900930
[2026-04-05T14:33:54.208Z] [INFO] 
[START REVIEW] category=traktor productId=717224362 startPage=1
[2026-04-05T14:33:54.437Z] [INFO] [review traktor/717224362] page=1 +0 reviews (unique=0)
[2026-04-05T14:33:54.458Z] [INFO] [REVIEW SAVED] /mnt/c/Developer/Review_AI/scraper_project/raw_data/traktor/717224362_reviews.json
[2026-04-05T14:33:54.469Z] [INFO] 
[REVIEW WORKER 4] starting traktor/539989489
[2026-04-05T14:33:54.931Z] [INFO] 
[START REVIEW] category=traktor productId=730639354 startPage=1
[2026-04-05T14:33:55.127Z] [INFO] [review traktor/730639354] page=1 +0 reviews (unique=0)
[2026-04-05T14:33:55.150Z] [INFO] [REVIEW SAVED] /mnt/c/Developer/Review_AI/scraper_project/raw_data/traktor/730639354_reviews.json
[2026-04-05T14:33:55.164Z] [INFO] 
[REVIEW WORKER 3] starting traktor/717219969
[2026-04-05T14:33:57.664Z] [INFO] 
[START REVIEW] category=traktor productId=508455603 startPage=1
[2026-04-05T14:33:57.772Z] [INFO] 
[START REVIEW] category=traktor productId=623440660 startPage=1
[2026-04-05T14:33:57.940Z] [INFO] [review traktor/508455603] page=1 +0 reviews (unique=0)
[2026-04-05T14:33:57.970Z] [INFO] [REVIEW SAVED] /mnt/c/Developer/Review_AI/scraper_project/raw_data/traktor/508455603_reviews.json
[2026-04-05T14:33:57.987Z] [INFO] 
[START REVIEW] category=traktor productId=586909953 startPage=1
[2026-04-05T14:33:58.014Z] [INFO] 
[REVIEW WORKER 5] starting traktor/638133270
[2026-04-05T14:33:58.030Z] [INFO] [review traktor/623440660] page=1 +0 reviews (unique=0)
[2026-04-05T14:33:58.061Z] [INFO] [REVIEW SAVED] /mnt/c/Developer/Review_AI/scraper_project/raw_data/traktor/623440660_reviews.json
[2026-04-05T14:33:58.136Z] [INFO] 
[REVIEW WORKER 2] starting traktor/577142438
[2026-04-05T14:33:58.263Z] [INFO] 
[START REVIEW] category=traktor productId=477900930 startPage=1
[2026-04-05T14:33:58.377Z] [INFO] [review traktor/586909953] page=1 +4 reviews (unique=4)
[2026-04-05T14:33:58.449Z] [INFO] [REVIEW SAVED] /mnt/c/Developer/Review_AI/scraper_project/raw_data/traktor/586909953_reviews.json
[2026-04-05T14:33:58.491Z] [INFO] 
[REVIEW WORKER 6] starting traktor/528976582
[2026-04-05T14:33:58.645Z] [INFO] 
[START REVIEW] category=traktor productId=539989489 startPage=1
[2026-04-05T14:33:58.885Z] [INFO] [review traktor/539989489] page=1 +2 reviews (unique=2)
[2026-04-05T14:33:58.924Z] [INFO] [REVIEW SAVED] /mnt/c/Developer/Review_AI/scraper_project/raw_data/traktor/539989489_reviews.json
[2026-04-05T14:33:58.972Z] [INFO] 
[REVIEW WORKER 4] starting traktor/522576865
[2026-04-05T14:33:59.803Z] [INFO] 
[START REVIEW] category=traktor productId=717219969 startPage=1
[2026-04-05T14:34:00.002Z] [INFO] [review traktor/717219969] page=1 +0 reviews (unique=0)
[2026-04-05T14:34:00.164Z] [INFO] [REVIEW SAVED] /mnt/c/Developer/Review_AI/scraper_project/raw_data/traktor/717219969_reviews.json
[2026-04-05T14:34:00.214Z] [INFO] 
[REVIEW WORKER 3] starting traktor/659284911
[2026-04-05T14:34:01.027Z] [INFO] [review traktor/477900930] page=1 +1 reviews (unique=1)
[2026-04-05T14:34:01.138Z] [INFO] [REVIEW SAVED] /mnt/c/Developer/Review_AI/scraper_project/raw_data/traktor/477900930_reviews.json
[2026-04-05T14:34:01.289Z] [INFO] 
[REVIEW WORKER 1] starting traktor/503613602
[2026-04-05T14:34:02.549Z] [INFO] 
[START REVIEW] category=traktor productId=577142438 startPage=1
[2026-04-05T14:34:02.694Z] [INFO] 
[START REVIEW] category=traktor productId=638133270 startPage=1
[2026-04-05T14:34:03.135Z] [INFO] [review traktor/638133270] page=1 +0 reviews (unique=0)
[2026-04-05T14:34:03.254Z] [INFO] [REVIEW SAVED] /mnt/c/Developer/Review_AI/scraper_project/raw_data/traktor/638133270_reviews.json
[2026-04-05T14:34:03.284Z] [INFO] 
[START REVIEW] category=traktor productId=522576865 startPage=1
[2026-04-05T14:34:03.362Z] [INFO] 
[REVIEW WORKER 5] starting traktor/573703806
[2026-04-05T14:34:03.595Z] [INFO] [review traktor/577142438] page=1 +8 reviews (unique=8)
[2026-04-05T14:34:04.124Z] [INFO] 
[START REVIEW] category=traktor productId=528976582 startPage=1
[2026-04-05T14:34:04.190Z] [INFO] [review traktor/522576865] page=1 +2 reviews (unique=2)
[2026-04-05T14:34:04.252Z] [INFO] [REVIEW SAVED] /mnt/c/Developer/Review_AI/scraper_project/raw_data/traktor/522576865_reviews.json
[2026-04-05T14:34:04.275Z] [INFO] 
[REVIEW WORKER 4] starting traktor/539991040
[2026-04-05T14:34:04.417Z] [INFO] [review traktor/577142438] page=2 +8 reviews (unique=16)
[2026-04-05T14:34:04.526Z] [INFO] [review traktor/528976582] page=1 +0 reviews (unique=0)
[2026-04-05T14:34:04.558Z] [INFO] [REVIEW SAVED] /mnt/c/Developer/Review_AI/scraper_project/raw_data/traktor/528976582_reviews.json
[2026-04-05T14:34:04.573Z] [INFO] 
[REVIEW WORKER 6] starting traktor/549643794
[2026-04-05T14:34:05.081Z] [INFO] [review traktor/577142438] page=3 +8 reviews (unique=24)
[2026-04-05T14:34:05.169Z] [INFO] 
[START REVIEW] category=traktor productId=659284911 startPage=1
[2026-04-05T14:34:05.351Z] [INFO] [review traktor/659284911] page=1 +0 reviews (unique=0)
[2026-04-05T14:34:05.371Z] [INFO] [REVIEW SAVED] /mnt/c/Developer/Review_AI/scraper_project/raw_data/traktor/659284911_reviews.json
[2026-04-05T14:34:05.386Z] [INFO] 
[REVIEW WORKER 3] starting traktor/539183282
[2026-04-05T14:34:05.750Z] [INFO] [review traktor/577142438] page=4 +4 reviews (unique=28)
[2026-04-05T14:34:05.763Z] [INFO] [REVIEW SAVED] /mnt/c/Developer/Review_AI/scraper_project/raw_data/traktor/577142438_reviews.json
[2026-04-05T14:34:05.783Z] [INFO] 
[REVIEW WORKER 2] starting traktor/501690421
[2026-04-05T14:34:06.246Z] [INFO] 
[START REVIEW] category=traktor productId=503613602 startPage=1
[2026-04-05T14:34:06.467Z] [INFO] [review traktor/503613602] page=1 +2 reviews (unique=2)
[2026-04-05T14:34:06.499Z] [INFO] [REVIEW SAVED] /mnt/c/Developer/Review_AI/scraper_project/raw_data/traktor/503613602_reviews.json
[2026-04-05T14:34:06.527Z] [INFO] 
[REVIEW WORKER 1] starting traktor/567398339
[2026-04-05T14:34:07.874Z] [INFO] 
[START REVIEW] category=traktor productId=573703806 startPage=1
[2026-04-05T14:34:08.070Z] [INFO] [review traktor/573703806] page=1 +0 reviews (unique=0)
[2026-04-05T14:34:08.083Z] [INFO] [REVIEW SAVED] /mnt/c/Developer/Review_AI/scraper_project/raw_data/traktor/573703806_reviews.json
[2026-04-05T14:34:08.114Z] [INFO] 
[REVIEW WORKER 5] starting traktor/505466419
[2026-04-05T14:34:08.161Z] [INFO] 
[START REVIEW] category=traktor productId=539991040 startPage=1
[2026-04-05T14:34:08.460Z] [INFO] [review traktor/539991040] page=1 +4 reviews (unique=4)
[2026-04-05T14:34:08.501Z] [INFO] [REVIEW SAVED] /mnt/c/Developer/Review_AI/scraper_project/raw_data/traktor/539991040_reviews.json
[2026-04-05T14:34:08.539Z] [INFO] 
[REVIEW WORKER 4] starting traktor/636039455
[2026-04-05T14:34:09.060Z] [INFO] 
[START REVIEW] category=traktor productId=549643794 startPage=1
[2026-04-05T14:34:09.320Z] [INFO] [review traktor/549643794] page=1 +1 reviews (unique=1)
[2026-04-05T14:34:09.379Z] [INFO] [REVIEW SAVED] /mnt/c/Developer/Review_AI/scraper_project/raw_data/traktor/549643794_reviews.json
[2026-04-05T14:34:09.419Z] [INFO] 
[REVIEW WORKER 6] starting traktor/648654846
[2026-04-05T14:34:09.457Z] [INFO] 
[START REVIEW] category=traktor productId=539183282 startPage=1
[2026-04-05T14:34:09.747Z] [INFO] [review traktor/539183282] page=1 +0 reviews (unique=0)
[2026-04-05T14:34:09.810Z] [INFO] [REVIEW SAVED] /mnt/c/Developer/Review_AI/scraper_project/raw_data/traktor/539183282_reviews.json
[2026-04-05T14:34:09.891Z] [INFO] 
[START REVIEW] category=traktor productId=501690421 startPage=1
[2026-04-05T14:34:09.988Z] [INFO] 
[REVIEW WORKER 3] starting traktor/642780201
[2026-04-05T14:34:10.265Z] [INFO] [review traktor/501690421] page=1 +0 reviews (unique=0)
[2026-04-05T14:34:10.360Z] [INFO] [REVIEW SAVED] /mnt/c/Developer/Review_AI/scraper_project/raw_data/traktor/501690421_reviews.json
[2026-04-05T14:34:10.441Z] [INFO] 
[REVIEW WORKER 2] starting traktor/568352826
[2026-04-05T14:34:10.605Z] [INFO] 
[START REVIEW] category=traktor productId=567398339 startPage=1
[2026-04-05T14:34:11.419Z] [INFO] [review traktor/567398339] page=1 +1 reviews (unique=1)
[2026-04-05T14:34:11.485Z] [INFO] [REVIEW SAVED] /mnt/c/Developer/Review_AI/scraper_project/raw_data/traktor/567398339_reviews.json
[2026-04-05T14:34:11.532Z] [INFO] 
[REVIEW WORKER 1] starting traktor/577141499
[2026-04-05T14:34:12.373Z] [INFO] 
[START REVIEW] category=traktor productId=505466419 startPage=1
[2026-04-05T14:34:12.708Z] [INFO] [review traktor/505466419] page=1 +4 reviews (unique=4)
[2026-04-05T14:34:12.725Z] [INFO] [REVIEW SAVED] /mnt/c/Developer/Review_AI/scraper_project/raw_data/traktor/505466419_reviews.json
[2026-04-05T14:34:12.739Z] [INFO] 
[REVIEW WORKER 5] starting traktor/505203938
[2026-04-05T14:34:15.090Z] [INFO] 
[START REVIEW] category=traktor productId=636039455 startPage=1
[2026-04-05T14:34:15.292Z] [INFO] [review traktor/636039455] page=1 +0 reviews (unique=0)
[2026-04-05T14:34:15.317Z] [INFO] [REVIEW SAVED] /mnt/c/Developer/Review_AI/scraper_project/raw_data/traktor/636039455_reviews.json
[2026-04-05T14:34:15.366Z] [INFO] 
[REVIEW WORKER 4] starting traktor/549643100
[2026-04-05T14:34:15.995Z] [INFO] 
[START REVIEW] category=traktor productId=648654846 startPage=1
[2026-04-05T14:34:16.262Z] [INFO] [review traktor/648654846] page=1 +1 reviews (unique=1)
[2026-04-05T14:34:16.292Z] [INFO] [REVIEW SAVED] /mnt/c/Developer/Review_AI/scraper_project/raw_data/traktor/648654846_reviews.json
[2026-04-05T14:34:16.312Z] [INFO] 
[REVIEW WORKER 6] starting traktor/584883939
[2026-04-05T14:34:16.649Z] [INFO] 
[START REVIEW] category=traktor productId=568352826 startPage=1
[2026-04-05T14:34:16.674Z] [INFO] 
[START REVIEW] category=traktor productId=642780201 startPage=1
[2026-04-05T14:34:16.912Z] [INFO] [review traktor/568352826] page=1 +1 reviews (unique=1)
[2026-04-05T14:34:16.931Z] [INFO] [REVIEW SAVED] /mnt/c/Developer/Review_AI/scraper_project/raw_data/traktor/568352826_reviews.json
[2026-04-05T14:34:16.934Z] [INFO] [review traktor/642780201] page=1 +1 reviews (unique=1)
[2026-04-05T14:34:16.953Z] [INFO] [REVIEW SAVED] /mnt/c/Developer/Review_AI/scraper_project/raw_data/traktor/642780201_reviews.json
[2026-04-05T14:34:16.968Z] [INFO] 
[REVIEW WORKER 2] starting traktor/576202111
[2026-04-05T14:34:16.988Z] [INFO] 
[REVIEW WORKER 3] starting traktor/571859709
[2026-04-05T14:34:17.707Z] [INFO] 
[START REVIEW] category=traktor productId=577141499 startPage=1
[2026-04-05T14:34:17.941Z] [INFO] [review traktor/577141499] page=1 +6 reviews (unique=6)
[2026-04-05T14:34:17.971Z] [INFO] [REVIEW SAVED] /mnt/c/Developer/Review_AI/scraper_project/raw_data/traktor/577141499_reviews.json
[2026-04-05T14:34:17.994Z] [INFO] 
[REVIEW WORKER 1] starting traktor/537802982
[2026-04-05T14:34:18.721Z] [INFO] 
[START REVIEW] category=traktor productId=505203938 startPage=1
[2026-04-05T14:34:19.045Z] [INFO] [review traktor/505203938] page=1 +0 reviews (unique=0)
[2026-04-05T14:34:19.088Z] [INFO] [REVIEW SAVED] /mnt/c/Developer/Review_AI/scraper_project/raw_data/traktor/505203938_reviews.json
[2026-04-05T14:34:19.131Z] [INFO] 
[REVIEW WORKER 5] starting traktor/556024461
[2026-04-05T14:34:19.890Z] [INFO] 
[START REVIEW] category=traktor productId=549643100 startPage=1
[2026-04-05T14:34:20.234Z] [INFO] [review traktor/549643100] page=1 +2 reviews (unique=2)
[2026-04-05T14:34:20.459Z] [INFO] [REVIEW SAVED] /mnt/c/Developer/Review_AI/scraper_project/raw_data/traktor/549643100_reviews.json
[2026-04-05T14:34:20.502Z] [INFO] 
[START REVIEW] category=traktor productId=584883939 startPage=1
[2026-04-05T14:34:20.556Z] [INFO] 
[REVIEW WORKER 4] starting traktor/718946291
[2026-04-05T14:34:21.193Z] [INFO] [review traktor/584883939] page=1 +8 reviews (unique=8)
[2026-04-05T14:34:21.867Z] [INFO] 
[START REVIEW] category=traktor productId=576202111 startPage=1
[2026-04-05T14:34:21.907Z] [INFO] [review traktor/584883939] page=2 +8 reviews (unique=16)
[2026-04-05T14:34:22.104Z] [INFO] [review traktor/576202111] page=1 +2 reviews (unique=2)
[2026-04-05T14:34:22.125Z] [INFO] [REVIEW SAVED] /mnt/c/Developer/Review_AI/scraper_project/raw_data/traktor/576202111_reviews.json
[2026-04-05T14:34:22.147Z] [INFO] 
[REVIEW WORKER 2] starting traktor/460261156
[2026-04-05T14:34:22.553Z] [INFO] [review traktor/584883939] page=3 +1 reviews (unique=17)
[2026-04-05T14:34:22.568Z] [INFO] [REVIEW SAVED] /mnt/c/Developer/Review_AI/scraper_project/raw_data/traktor/584883939_reviews.json
[2026-04-05T14:34:22.590Z] [INFO] 
[REVIEW WORKER 6] starting traktor/566216051
[2026-04-05T14:34:22.596Z] [INFO] 
[START REVIEW] category=traktor productId=537802982 startPage=1
[2026-04-05T14:34:22.876Z] [INFO] [review traktor/537802982] page=1 +1 reviews (unique=1)
[2026-04-05T14:34:22.896Z] [INFO] [REVIEW SAVED] /mnt/c/Developer/Review_AI/scraper_project/raw_data/traktor/537802982_reviews.json
[2026-04-05T14:34:22.913Z] [INFO] 
[REVIEW WORKER 1] starting traktor/569660120
[2026-04-05T14:34:23.177Z] [INFO] 
[START REVIEW] category=traktor productId=556024461 startPage=1
[2026-04-05T14:34:23.451Z] [INFO] [review traktor/556024461] page=1 +0 reviews (unique=0)
[2026-04-05T14:34:23.465Z] [INFO] [REVIEW SAVED] /mnt/c/Developer/Review_AI/scraper_project/raw_data/traktor/556024461_reviews.json
[2026-04-05T14:34:23.483Z] [INFO] 
[REVIEW WORKER 5] starting traktor/569605181
[2026-04-05T14:34:24.054Z] [INFO] 
[START REVIEW] category=traktor productId=571859709 startPage=1
[2026-04-05T14:34:24.470Z] [INFO] [review traktor/571859709] page=1 +8 reviews (unique=8)
[2026-04-05T14:34:24.561Z] [INFO] 
[START REVIEW] category=traktor productId=718946291 startPage=1
[2026-04-05T14:34:24.794Z] [INFO] [review traktor/718946291] page=1 +2 reviews (unique=2)
[2026-04-05T14:34:24.813Z] [INFO] [REVIEW SAVED] /mnt/c/Developer/Review_AI/scraper_project/raw_data/traktor/718946291_reviews.json
[2026-04-05T14:34:24.832Z] [INFO] 
[REVIEW WORKER 4] starting traktor/524558293
[2026-04-05T14:34:25.151Z] [INFO] [review traktor/571859709] page=2 +8 reviews (unique=16)
[2026-04-05T14:34:25.761Z] [INFO] [review traktor/571859709] page=3 +8 reviews (unique=24)
[2026-04-05T14:34:26.341Z] [INFO] [review traktor/571859709] page=4 +3 reviews (unique=27)
[2026-04-05T14:34:26.356Z] [INFO] [REVIEW SAVED] /mnt/c/Developer/Review_AI/scraper_project/raw_data/traktor/571859709_reviews.json
[2026-04-05T14:34:26.375Z] [INFO] 
[REVIEW WORKER 3] starting traktor/594546082
[2026-04-05T14:34:26.440Z] [INFO] 
[START REVIEW] category=traktor productId=566216051 startPage=1
[2026-04-05T14:34:26.650Z] [INFO] [review traktor/566216051] page=1 +1 reviews (unique=1)
[2026-04-05T14:34:26.661Z] [INFO] [REVIEW SAVED] /mnt/c/Developer/Review_AI/scraper_project/raw_data/traktor/566216051_reviews.json
[2026-04-05T14:34:26.687Z] [INFO] 
[START REVIEW] category=traktor productId=569660120 startPage=1
[2026-04-05T14:34:26.692Z] [INFO] 
[REVIEW WORKER 6] starting traktor/566217709
[2026-04-05T14:34:26.915Z] [INFO] [review traktor/569660120] page=1 +2 reviews (unique=2)
[2026-04-05T14:34:26.930Z] [INFO] [REVIEW SAVED] /mnt/c/Developer/Review_AI/scraper_project/raw_data/traktor/569660120_reviews.json
[2026-04-05T14:34:26.949Z] [INFO] 
[REVIEW WORKER 1] starting traktor/601681226
[2026-04-05T14:34:27.306Z] [INFO] 
[START REVIEW] category=traktor productId=569605181 startPage=1
[2026-04-05T14:34:27.577Z] [INFO] [review traktor/569605181] page=1 +3 reviews (unique=3)
[2026-04-05T14:34:27.605Z] [INFO] [REVIEW SAVED] /mnt/c/Developer/Review_AI/scraper_project/raw_data/traktor/569605181_reviews.json
[2026-04-05T14:34:27.626Z] [INFO] 
[REVIEW WORKER 5] starting traktor/509451147
[2026-04-05T14:34:28.402Z] [INFO] 
[START REVIEW] category=traktor productId=524558293 startPage=1
[2026-04-05T14:34:28.636Z] [INFO] [review traktor/524558293] page=1 +3 reviews (unique=3)
[2026-04-05T14:34:28.675Z] [INFO] [REVIEW SAVED] /mnt/c/Developer/Review_AI/scraper_project/raw_data/traktor/524558293_reviews.json
[2026-04-05T14:34:28.709Z] [INFO] 
[REVIEW WORKER 4] starting traktor/564630832
[2026-04-05T14:34:30.774Z] [INFO] 
[START REVIEW] category=traktor productId=594546082 startPage=1
[2026-04-05T14:34:30.815Z] [INFO] 
[START REVIEW] category=traktor productId=566217709 startPage=1
[2026-04-05T14:34:30.872Z] [INFO] 
[START REVIEW] category=traktor productId=460261156 startPage=1
[2026-04-05T14:34:31.157Z] [INFO] [review traktor/594546082] page=1 +0 reviews (unique=0)
[2026-04-05T14:34:31.185Z] [INFO] [REVIEW SAVED] /mnt/c/Developer/Review_AI/scraper_project/raw_data/traktor/594546082_reviews.json
[2026-04-05T14:34:31.225Z] [INFO] 
[REVIEW WORKER 3] starting traktor/714798944
[2026-04-05T14:34:31.299Z] [INFO] 
[START REVIEW] category=traktor productId=601681226 startPage=1
[2026-04-05T14:34:31.318Z] [INFO] [review traktor/566217709] page=1 +3 reviews (unique=3)
[2026-04-05T14:34:31.356Z] [INFO] [REVIEW SAVED] /mnt/c/Developer/Review_AI/scraper_project/raw_data/traktor/566217709_reviews.json
[2026-04-05T14:34:31.383Z] [INFO] 
[REVIEW WORKER 6] starting traktor/732032316
[2026-04-05T14:34:31.507Z] [INFO] [review traktor/460261156] page=1 +6 reviews (unique=6)
[2026-04-05T14:34:31.546Z] [INFO] [REVIEW SAVED] /mnt/c/Developer/Review_AI/scraper_project/raw_data/traktor/460261156_reviews.json
[2026-04-05T14:34:31.628Z] [INFO] 
[REVIEW WORKER 2] starting traktor/465552066
[2026-04-05T14:34:31.756Z] [INFO] [review traktor/601681226] page=1 +0 reviews (unique=0)
[2026-04-05T14:34:31.799Z] [INFO] [REVIEW SAVED] /mnt/c/Developer/Review_AI/scraper_project/raw_data/traktor/601681226_reviews.json
[2026-04-05T14:34:31.824Z] [INFO] 
[REVIEW WORKER 1] starting traktor/457382237
[2026-04-05T14:34:32.520Z] [INFO] 
[START REVIEW] category=traktor productId=509451147 startPage=1
[2026-04-05T14:34:32.746Z] [INFO] [review traktor/509451147] page=1 +0 reviews (unique=0)
[2026-04-05T14:34:32.758Z] [INFO] [REVIEW SAVED] /mnt/c/Developer/Review_AI/scraper_project/raw_data/traktor/509451147_reviews.json
[2026-04-05T14:34:32.774Z] [INFO] 
[REVIEW WORKER 5] starting traktor/497629655
[2026-04-05T14:34:33.242Z] [INFO] 
[START REVIEW] category=traktor productId=564630832 startPage=1
[2026-04-05T14:34:35.421Z] [INFO] 
[START REVIEW] category=traktor productId=732032316 startPage=1
[2026-04-05T14:34:35.741Z] [INFO] 
[START REVIEW] category=traktor productId=465552066 startPage=1
[2026-04-05T14:34:35.819Z] [INFO] 
[START REVIEW] category=traktor productId=714798944 startPage=1
[2026-04-05T14:34:35.863Z] [INFO] 
[START REVIEW] category=traktor productId=457382237 startPage=1
[2026-04-05T14:34:37.913Z] [INFO] [review traktor/465552066] page=1 +2 reviews (unique=2)
[2026-04-05T14:34:37.940Z] [INFO] [REVIEW SAVED] /mnt/c/Developer/Review_AI/scraper_project/raw_data/traktor/465552066_reviews.json
[2026-04-05T14:34:37.959Z] [INFO] 
[REVIEW WORKER 2] starting traktor/648626729
[2026-04-05T14:34:38.491Z] [INFO] [review traktor/714798944] page=1 +0 reviews (unique=0)
[2026-04-05T14:34:38.525Z] [INFO] [REVIEW SAVED] /mnt/c/Developer/Review_AI/scraper_project/raw_data/traktor/714798944_reviews.json
[2026-04-05T14:34:38.537Z] [INFO] [review traktor/457382237] page=1 +0 reviews (unique=0)
[2026-04-05T14:34:38.564Z] [INFO] [REVIEW SAVED] /mnt/c/Developer/Review_AI/scraper_project/raw_data/traktor/457382237_reviews.json
[2026-04-05T14:34:38.573Z] [INFO] [review traktor/732032316] page=1 +0 reviews (unique=0)
[2026-04-05T14:34:38.593Z] [INFO] [REVIEW SAVED] /mnt/c/Developer/Review_AI/scraper_project/raw_data/traktor/732032316_reviews.json
[2026-04-05T14:34:38.608Z] [INFO] 
[REVIEW WORKER 3] starting traktor/569599120
[2026-04-05T14:34:38.618Z] [INFO] 
[REVIEW WORKER 1] starting traktor/647551611
[2026-04-05T14:34:38.647Z] [INFO] 
[REVIEW WORKER 6] starting traktor/647551356
[2026-04-05T14:34:39.784Z] [INFO] 
[START REVIEW] category=traktor productId=497629655 startPage=1
[2026-04-05T14:34:40.088Z] [INFO] [review traktor/497629655] page=1 +3 reviews (unique=3)
[2026-04-05T14:34:40.103Z] [INFO] [REVIEW SAVED] /mnt/c/Developer/Review_AI/scraper_project/raw_data/traktor/497629655_reviews.json
[2026-04-05T14:34:40.119Z] [INFO] 
[REVIEW WORKER 5] starting traktor/647550460
[2026-04-05T14:34:41.217Z] [INFO] [review traktor/564630832] page=1 +4 reviews (unique=4)
[2026-04-05T14:34:41.275Z] [INFO] [REVIEW SAVED] /mnt/c/Developer/Review_AI/scraper_project/raw_data/traktor/564630832_reviews.json
[2026-04-05T14:34:41.314Z] [INFO] 
[REVIEW WORKER 4] starting traktor/569599060
[2026-04-05T14:34:41.699Z] [INFO] 
[START REVIEW] category=traktor productId=648626729 startPage=1
[2026-04-05T14:34:42.266Z] [INFO] 
[START REVIEW] category=traktor productId=569599120 startPage=1
[2026-04-05T14:34:42.471Z] [INFO] [review traktor/569599120] page=1 +3 reviews (unique=3)
[2026-04-05T14:34:42.490Z] [INFO] [REVIEW SAVED] /mnt/c/Developer/Review_AI/scraper_project/raw_data/traktor/569599120_reviews.json
[2026-04-05T14:34:42.519Z] [INFO] 
[REVIEW WORKER 3] starting traktor/467626772
[2026-04-05T14:34:42.627Z] [INFO] 
[START REVIEW] category=traktor productId=647551356 startPage=1
[2026-04-05T14:34:42.639Z] [INFO] 
[START REVIEW] category=traktor productId=647551611 startPage=1
[2026-04-05T14:34:42.833Z] [INFO] [review traktor/647551611] page=1 +0 reviews (unique=0)
[2026-04-05T14:34:42.860Z] [INFO] [REVIEW SAVED] /mnt/c/Developer/Review_AI/scraper_project/raw_data/traktor/647551611_reviews.json
[2026-04-05T14:34:42.864Z] [INFO] [review traktor/647551356] page=1 +1 reviews (unique=1)
[2026-04-05T14:34:42.882Z] [INFO] [REVIEW SAVED] /mnt/c/Developer/Review_AI/scraper_project/raw_data/traktor/647551356_reviews.json
[2026-04-05T14:34:42.910Z] [INFO] 
[REVIEW WORKER 1] starting traktor/565723508
[2026-04-05T14:34:42.934Z] [INFO] 
[REVIEW WORKER 6] starting traktor/647725046
[2026-04-05T14:34:43.771Z] [INFO] [review traktor/648626729] page=1 +0 reviews (unique=0)
[2026-04-05T14:34:43.816Z] [INFO] [REVIEW SAVED] /mnt/c/Developer/Review_AI/scraper_project/raw_data/traktor/648626729_reviews.json
[2026-04-05T14:34:43.850Z] [INFO] 
[REVIEW WORKER 2] starting traktor/574881229
[2026-04-05T14:34:44.154Z] [INFO] 
[START REVIEW] category=traktor productId=647550460 startPage=1
[2026-04-05T14:34:44.374Z] [INFO] [review traktor/647550460] page=1 +1 reviews (unique=1)
[2026-04-05T14:34:44.405Z] [INFO] [REVIEW SAVED] /mnt/c/Developer/Review_AI/scraper_project/raw_data/traktor/647550460_reviews.json
[2026-04-05T14:34:44.432Z] [INFO] 
[REVIEW WORKER 5] starting traktor/646733602
[2026-04-05T14:34:45.390Z] [INFO] 
[START REVIEW] category=traktor productId=569599060 startPage=1
[2026-04-05T14:34:45.750Z] [INFO] [review traktor/569599060] page=1 +0 reviews (unique=0)
[2026-04-05T14:34:45.925Z] [INFO] [REVIEW SAVED] /mnt/c/Developer/Review_AI/scraper_project/raw_data/traktor/569599060_reviews.json
[2026-04-05T14:34:46.115Z] [INFO] 
[REVIEW WORKER 4] starting traktor/660590062
[2026-04-05T14:34:46.736Z] [INFO] 
[START REVIEW] category=traktor productId=467626772 startPage=1
[2026-04-05T14:34:46.981Z] [INFO] [review traktor/467626772] page=1 +1 reviews (unique=1)
[2026-04-05T14:34:47.002Z] [INFO] [REVIEW SAVED] /mnt/c/Developer/Review_AI/scraper_project/raw_data/traktor/467626772_reviews.json
[2026-04-05T14:34:47.017Z] [INFO] 
[REVIEW WORKER 3] starting traktor/464729889
[2026-04-05T14:34:49.193Z] [INFO] 
[START REVIEW] category=traktor productId=647725046 startPage=1
[2026-04-05T14:34:49.402Z] [INFO] [review traktor/647725046] page=1 +2 reviews (unique=2)
[2026-04-05T14:34:49.424Z] [INFO] [REVIEW SAVED] /mnt/c/Developer/Review_AI/scraper_project/raw_data/traktor/647725046_reviews.json
[2026-04-05T14:34:49.452Z] [INFO] 
[REVIEW WORKER 6] starting traktor/569660198
[2026-04-05T14:34:50.302Z] [INFO] 
[START REVIEW] category=traktor productId=574881229 startPage=1
[2026-04-05T14:34:50.378Z] [INFO] 
[START REVIEW] category=traktor productId=646733602 startPage=1
[2026-04-05T14:34:50.519Z] [INFO] [review traktor/574881229] page=1 +3 reviews (unique=3)
[2026-04-05T14:34:50.535Z] [INFO] [REVIEW SAVED] /mnt/c/Developer/Review_AI/scraper_project/raw_data/traktor/574881229_reviews.json
[2026-04-05T14:34:50.550Z] [INFO] 
[REVIEW WORKER 2] starting traktor/604919933
[2026-04-05T14:34:50.621Z] [INFO] [review traktor/646733602] page=1 +4 reviews (unique=4)
[2026-04-05T14:34:50.637Z] [INFO] [REVIEW SAVED] /mnt/c/Developer/Review_AI/scraper_project/raw_data/traktor/646733602_reviews.json
[2026-04-05T14:34:50.668Z] [INFO] 
[REVIEW WORKER 5] starting traktor/600791388
[2026-04-05T14:34:51.887Z] [INFO] 
[START REVIEW] category=traktor productId=660590062 startPage=1
[2026-04-05T14:34:52.091Z] [INFO] [review traktor/660590062] page=1 +0 reviews (unique=0)
[2026-04-05T14:34:52.128Z] [INFO] [REVIEW SAVED] /mnt/c/Developer/Review_AI/scraper_project/raw_data/traktor/660590062_reviews.json
[2026-04-05T14:34:52.197Z] [INFO] 
[REVIEW WORKER 4] starting traktor/566217867
[2026-04-05T14:34:52.225Z] [INFO] 
[START REVIEW] category=traktor productId=565723508 startPage=1
[2026-04-05T14:34:52.504Z] [INFO] [review traktor/565723508] page=1 +0 reviews (unique=0)
[2026-04-05T14:34:52.551Z] [INFO] [REVIEW SAVED] /mnt/c/Developer/Review_AI/scraper_project/raw_data/traktor/565723508_reviews.json
[2026-04-05T14:34:52.627Z] [INFO] 
[REVIEW WORKER 1] starting traktor/561680387
[2026-04-05T14:34:53.022Z] [INFO] 
[START REVIEW] category=traktor productId=464729889 startPage=1
[2026-04-05T14:34:53.178Z] [INFO] 
[START REVIEW] category=traktor productId=569660198 startPage=1
[2026-04-05T14:34:53.362Z] [INFO] [review traktor/464729889] page=1 +6 reviews (unique=6)
[2026-04-05T14:34:53.440Z] [INFO] [REVIEW SAVED] /mnt/c/Developer/Review_AI/scraper_project/raw_data/traktor/464729889_reviews.json
[2026-04-05T14:34:53.643Z] [INFO] 
[REVIEW WORKER 3] starting traktor/647724225
[2026-04-05T14:34:53.745Z] [INFO] [review traktor/569660198] page=1 +2 reviews (unique=2)
[2026-04-05T14:34:53.889Z] [INFO] [REVIEW SAVED] /mnt/c/Developer/Review_AI/scraper_project/raw_data/traktor/569660198_reviews.json
[2026-04-05T14:34:54.060Z] [INFO] 
[REVIEW WORKER 6] starting traktor/571793321
[2026-04-05T14:34:54.739Z] [INFO] 
[START REVIEW] category=traktor productId=604919933 startPage=1
[2026-04-05T14:34:55.308Z] [INFO] 
[START REVIEW] category=traktor productId=600791388 startPage=1
[2026-04-05T14:34:55.492Z] [INFO] [review traktor/604919933] page=1 +1 reviews (unique=1)
[2026-04-05T14:34:55.593Z] [INFO] [REVIEW SAVED] /mnt/c/Developer/Review_AI/scraper_project/raw_data/traktor/604919933_reviews.json
[2026-04-05T14:34:55.643Z] [INFO] 
[REVIEW WORKER 2] starting traktor/563185456
[2026-04-05T14:34:55.859Z] [INFO] [review traktor/600791388] page=1 +3 reviews (unique=3)
[2026-04-05T14:34:55.892Z] [INFO] [REVIEW SAVED] /mnt/c/Developer/Review_AI/scraper_project/raw_data/traktor/600791388_reviews.json
[2026-04-05T14:34:55.909Z] [INFO] 
[REVIEW WORKER 5] starting traktor/738570852
[2026-04-05T14:34:56.665Z] [INFO] 
[START REVIEW] category=traktor productId=566217867 startPage=1
[2026-04-05T14:34:56.913Z] [INFO] [review traktor/566217867] page=1 +2 reviews (unique=2)
[2026-04-05T14:34:56.948Z] [INFO] [REVIEW SAVED] /mnt/c/Developer/Review_AI/scraper_project/raw_data/traktor/566217867_reviews.json
[2026-04-05T14:34:56.976Z] [INFO] 
[REVIEW WORKER 4] starting traktor/565954104
[2026-04-05T14:34:57.233Z] [INFO] 
[START REVIEW] category=traktor productId=561680387 startPage=1
[2026-04-05T14:34:57.450Z] [INFO] [review traktor/561680387] page=1 +1 reviews (unique=1)
[2026-04-05T14:34:57.466Z] [INFO] [REVIEW SAVED] /mnt/c/Developer/Review_AI/scraper_project/raw_data/traktor/561680387_reviews.json
[2026-04-05T14:34:57.485Z] [INFO] 
[REVIEW WORKER 1] starting traktor/569612854
[2026-04-05T14:34:58.287Z] [INFO] 
[START REVIEW] category=traktor productId=571793321 startPage=1
[2026-04-05T14:34:58.317Z] [INFO] 
[START REVIEW] category=traktor productId=647724225 startPage=1
[2026-04-05T14:34:58.523Z] [INFO] [review traktor/647724225] page=1 +1 reviews (unique=1)
[2026-04-05T14:34:58.556Z] [INFO] [REVIEW SAVED] /mnt/c/Developer/Review_AI/scraper_project/raw_data/traktor/647724225_reviews.json
[2026-04-05T14:34:58.564Z] [INFO] [review traktor/571793321] page=1 +0 reviews (unique=0)
[2026-04-05T14:34:58.592Z] [INFO] [REVIEW SAVED] /mnt/c/Developer/Review_AI/scraper_project/raw_data/traktor/571793321_reviews.json
[2026-04-05T14:34:58.602Z] [INFO] 
[REVIEW WORKER 3] starting traktor/571788594
[2026-04-05T14:34:58.625Z] [INFO] 
[REVIEW WORKER 6] starting traktor/564645697
[2026-04-05T14:34:59.660Z] [INFO] 
[START REVIEW] category=traktor productId=563185456 startPage=1
[2026-04-05T14:34:59.813Z] [INFO] 
[START REVIEW] category=traktor productId=738570852 startPage=1
[2026-04-05T14:34:59.985Z] [INFO] [review traktor/563185456] page=1 +2 reviews (unique=2)
[2026-04-05T14:35:00.004Z] [INFO] [REVIEW SAVED] /mnt/c/Developer/Review_AI/scraper_project/raw_data/traktor/563185456_reviews.json
[2026-04-05T14:35:00.025Z] [INFO] 
[REVIEW WORKER 2] starting traktor/568064912
[2026-04-05T14:35:00.049Z] [INFO] [review traktor/738570852] page=1 +0 reviews (unique=0)
[2026-04-05T14:35:00.069Z] [INFO] [REVIEW SAVED] /mnt/c/Developer/Review_AI/scraper_project/raw_data/traktor/738570852_reviews.json
[2026-04-05T14:35:00.122Z] [INFO] 
[REVIEW WORKER 5] starting traktor/647549461
[2026-04-05T14:35:01.347Z] [INFO] 
[START REVIEW] category=traktor productId=569612854 startPage=1
[2026-04-05T14:35:01.373Z] [INFO] 
[START REVIEW] category=traktor productId=565954104 startPage=1
[2026-04-05T14:35:01.572Z] [INFO] [review traktor/569612854] page=1 +1 reviews (unique=1)
[2026-04-05T14:35:01.593Z] [INFO] [REVIEW SAVED] /mnt/c/Developer/Review_AI/scraper_project/raw_data/traktor/569612854_reviews.json
[2026-04-05T14:35:01.615Z] [INFO] 
[REVIEW WORKER 1] starting traktor/738571112
[2026-04-05T14:35:01.626Z] [INFO] [review traktor/565954104] page=1 +1 reviews (unique=1)
[2026-04-05T14:35:01.644Z] [INFO] [REVIEW SAVED] /mnt/c/Developer/Review_AI/scraper_project/raw_data/traktor/565954104_reviews.json
[2026-04-05T14:35:01.688Z] [INFO] 
[REVIEW WORKER 4] starting traktor/569599132
[2026-04-05T14:35:02.595Z] [INFO] 
[START REVIEW] category=traktor productId=564645697 startPage=1
[2026-04-05T14:35:02.902Z] [INFO] [review traktor/564645697] page=1 +2 reviews (unique=2)
[2026-04-05T14:35:02.939Z] [INFO] [REVIEW SAVED] /mnt/c/Developer/Review_AI/scraper_project/raw_data/traktor/564645697_reviews.json
[2026-04-05T14:35:02.976Z] [INFO] 
[REVIEW WORKER 6] starting traktor/569599299
[2026-04-05T14:35:03.185Z] [INFO] 
[START REVIEW] category=traktor productId=571788594 startPage=1
[2026-04-05T14:35:03.444Z] [INFO] [review traktor/571788594] page=1 +1 reviews (unique=1)
[2026-04-05T14:35:03.525Z] [INFO] [REVIEW SAVED] /mnt/c/Developer/Review_AI/scraper_project/raw_data/traktor/571788594_reviews.json
[2026-04-05T14:35:03.556Z] [INFO] 
[REVIEW WORKER 3] starting traktor/466581948
[2026-04-05T14:35:04.384Z] [INFO] 
[START REVIEW] category=traktor productId=647549461 startPage=1
[2026-04-05T14:35:04.505Z] [INFO] 
[START REVIEW] category=traktor productId=568064912 startPage=1
[2026-04-05T14:35:04.624Z] [INFO] [review traktor/647549461] page=1 +1 reviews (unique=1)
[2026-04-05T14:35:04.651Z] [INFO] [REVIEW SAVED] /mnt/c/Developer/Review_AI/scraper_project/raw_data/traktor/647549461_reviews.json
[2026-04-05T14:35:04.682Z] [INFO] 
[REVIEW WORKER 5] starting traktor/466581947
[2026-04-05T14:35:05.732Z] [INFO] 
[START REVIEW] category=traktor productId=569599132 startPage=1
[2026-04-05T14:35:05.817Z] [INFO] 
[START REVIEW] category=traktor productId=738571112 startPage=1
[2026-04-05T14:35:06.036Z] [INFO] [review traktor/569599132] page=1 +1 reviews (unique=1)
[2026-04-05T14:35:06.072Z] [INFO] [REVIEW SAVED] /mnt/c/Developer/Review_AI/scraper_project/raw_data/traktor/569599132_reviews.json
[2026-04-05T14:35:06.138Z] [INFO] [review traktor/738571112] page=1 +0 reviews (unique=0)
[2026-04-05T14:35:06.183Z] [INFO] [REVIEW SAVED] /mnt/c/Developer/Review_AI/scraper_project/raw_data/traktor/738571112_reviews.json
[2026-04-05T14:35:06.209Z] [INFO] 
[REVIEW WORKER 4] starting traktor/721496596
[2026-04-05T14:35:06.249Z] [INFO] 
[REVIEW WORKER 1] starting traktor/738570739
[2026-04-05T14:35:07.435Z] [INFO] 
[START REVIEW] category=traktor productId=569599299 startPage=1
[2026-04-05T14:35:07.550Z] [INFO] 
[START REVIEW] category=traktor productId=466581948 startPage=1
[2026-04-05T14:35:07.655Z] [INFO] [review traktor/569599299] page=1 +0 reviews (unique=0)
[2026-04-05T14:35:07.681Z] [INFO] [REVIEW SAVED] /mnt/c/Developer/Review_AI/scraper_project/raw_data/traktor/569599299_reviews.json
[2026-04-05T14:35:07.700Z] [INFO] 
[REVIEW WORKER 6] starting traktor/738570685
[2026-04-05T14:35:07.796Z] [INFO] [review traktor/466581948] page=1 +0 reviews (unique=0)
[2026-04-05T14:35:07.814Z] [INFO] [REVIEW SAVED] /mnt/c/Developer/Review_AI/scraper_project/raw_data/traktor/466581948_reviews.json
[2026-04-05T14:35:07.830Z] [INFO] 
[REVIEW WORKER 3] starting traktor/423428452
[2026-04-05T14:35:08.178Z] [INFO] [review traktor/568064912] page=1 +2 reviews (unique=2)
[2026-04-05T14:35:08.190Z] [INFO] [REVIEW SAVED] /mnt/c/Developer/Review_AI/scraper_project/raw_data/traktor/568064912_reviews.json
[2026-04-05T14:35:08.224Z] [INFO] 
[REVIEW WORKER 2] starting traktor/466581940
[2026-04-05T14:35:09.003Z] [INFO] 
[START REVIEW] category=traktor productId=466581947 startPage=1
[2026-04-05T14:35:09.288Z] [INFO] [review traktor/466581947] page=1 +1 reviews (unique=1)
[2026-04-05T14:35:09.305Z] [INFO] [REVIEW SAVED] /mnt/c/Developer/Review_AI/scraper_project/raw_data/traktor/466581947_reviews.json
[2026-04-05T14:35:09.324Z] [INFO] 
[REVIEW WORKER 5] starting traktor/738570555
[2026-04-05T14:35:10.322Z] [INFO] 
[START REVIEW] category=traktor productId=721496596 startPage=1
[2026-04-05T14:35:10.557Z] [INFO] [review traktor/721496596] page=1 +0 reviews (unique=0)
[2026-04-05T14:35:10.577Z] [INFO] [REVIEW SAVED] /mnt/c/Developer/Review_AI/scraper_project/raw_data/traktor/721496596_reviews.json
[2026-04-05T14:35:10.614Z] [INFO] 
[REVIEW WORKER 4] starting traktor/466581936
[2026-04-05T14:35:10.797Z] [INFO] 
[START REVIEW] category=traktor productId=738570739 startPage=1
[2026-04-05T14:35:11.020Z] [INFO] [review traktor/738570739] page=1 +0 reviews (unique=0)
[2026-04-05T14:35:11.039Z] [INFO] [REVIEW SAVED] /mnt/c/Developer/Review_AI/scraper_project/raw_data/traktor/738570739_reviews.json
[2026-04-05T14:35:11.058Z] [INFO] 
[REVIEW WORKER 1] starting traktor/736132832
[2026-04-05T14:35:12.003Z] [INFO] 
[START REVIEW] category=traktor productId=738570685 startPage=1
[2026-04-05T14:35:12.259Z] [INFO] [review traktor/738570685] page=1 +0 reviews (unique=0)
[2026-04-05T14:35:12.294Z] [INFO] [REVIEW SAVED] /mnt/c/Developer/Review_AI/scraper_project/raw_data/traktor/738570685_reviews.json
[2026-04-05T14:35:12.333Z] [INFO] 
[REVIEW WORKER 6] starting traktor/738569990
[2026-04-05T14:35:12.356Z] [INFO] 
[START REVIEW] category=traktor productId=466581940 startPage=1
[2026-04-05T14:35:12.427Z] [INFO] 
[START REVIEW] category=traktor productId=423428452 startPage=1
[2026-04-05T14:35:12.593Z] [INFO] [review traktor/466581940] page=1 +1 reviews (unique=1)
[2026-04-05T14:35:12.625Z] [INFO] [REVIEW SAVED] /mnt/c/Developer/Review_AI/scraper_project/raw_data/traktor/466581940_reviews.json
[2026-04-05T14:35:12.661Z] [INFO] 
[REVIEW WORKER 2] starting traktor/738525313
[2026-04-05T14:35:12.669Z] [INFO] [review traktor/423428452] page=1 +0 reviews (unique=0)
[2026-04-05T14:35:12.704Z] [INFO] [REVIEW SAVED] /mnt/c/Developer/Review_AI/scraper_project/raw_data/traktor/423428452_reviews.json
[2026-04-05T14:35:12.792Z] [INFO] 
[REVIEW WORKER 3] starting traktor/738570370
[2026-04-05T14:35:13.797Z] [INFO] 
[START REVIEW] category=traktor productId=738570555 startPage=1
[2026-04-05T14:35:14.178Z] [INFO] [review traktor/738570555] page=1 +0 reviews (unique=0)
[2026-04-05T14:35:14.216Z] [INFO] [REVIEW SAVED] /mnt/c/Developer/Review_AI/scraper_project/raw_data/traktor/738570555_reviews.json
[2026-04-05T14:35:14.267Z] [INFO] 
[REVIEW WORKER 5] starting traktor/738479788
[2026-04-05T14:35:15.068Z] [INFO] 
[START REVIEW] category=traktor productId=466581936 startPage=1
[2026-04-05T14:35:15.439Z] [INFO] 
[START REVIEW] category=traktor productId=736132832 startPage=1
[2026-04-05T14:35:15.742Z] [INFO] [review traktor/736132832] page=1 +0 reviews (unique=0)
[2026-04-05T14:35:15.773Z] [INFO] [REVIEW SAVED] /mnt/c/Developer/Review_AI/scraper_project/raw_data/traktor/736132832_reviews.json
[2026-04-05T14:35:15.812Z] [INFO] 
[REVIEW WORKER 1] starting traktor/738570479
[2026-04-05T14:35:15.929Z] [INFO] [review traktor/466581936] page=1 +0 reviews (unique=0)
[2026-04-05T14:35:15.963Z] [INFO] [REVIEW SAVED] /mnt/c/Developer/Review_AI/scraper_project/raw_data/traktor/466581936_reviews.json
[2026-04-05T14:35:15.993Z] [INFO] 
[REVIEW WORKER 4] starting traktor/738570184
[2026-04-05T14:35:16.804Z] [INFO] 
[START REVIEW] category=traktor productId=738569990 startPage=1
[2026-04-05T14:35:17.019Z] [INFO] [review traktor/738569990] page=1 +0 reviews (unique=0)
[2026-04-05T14:35:17.032Z] [INFO] [REVIEW SAVED] /mnt/c/Developer/Review_AI/scraper_project/raw_data/traktor/738569990_reviews.json
[2026-04-05T14:35:17.046Z] [INFO] 
[REVIEW WORKER 6] starting traktor/738569355
[2026-04-05T14:35:17.178Z] [INFO] 
[START REVIEW] category=traktor productId=738525313 startPage=1
[2026-04-05T14:35:17.350Z] [INFO] [review traktor/738525313] page=1 +0 reviews (unique=0)
[2026-04-05T14:35:17.370Z] [INFO] [REVIEW SAVED] /mnt/c/Developer/Review_AI/scraper_project/raw_data/traktor/738525313_reviews.json
[2026-04-05T14:35:17.383Z] [INFO] 
[REVIEW WORKER 2] starting traktor/738570282
[2026-04-05T14:35:17.515Z] [INFO] 
[START REVIEW] category=traktor productId=738570370 startPage=1
[2026-04-05T14:35:17.703Z] [INFO] [review traktor/738570370] page=1 +0 reviews (unique=0)
[2026-04-05T14:35:17.715Z] [INFO] [REVIEW SAVED] /mnt/c/Developer/Review_AI/scraper_project/raw_data/traktor/738570370_reviews.json
[2026-04-05T14:35:17.732Z] [INFO] 
[REVIEW WORKER 3] starting traktor/738480011
[2026-04-05T14:35:18.605Z] [INFO] 
[START REVIEW] category=traktor productId=738479788 startPage=1
[2026-04-05T14:35:18.811Z] [INFO] [review traktor/738479788] page=1 +0 reviews (unique=0)
[2026-04-05T14:35:18.835Z] [INFO] [REVIEW SAVED] /mnt/c/Developer/Review_AI/scraper_project/raw_data/traktor/738479788_reviews.json
[2026-04-05T14:35:18.863Z] [INFO] 
[REVIEW WORKER 5] starting traktor/737696425
[2026-04-05T14:35:19.750Z] [INFO] 
[START REVIEW] category=traktor productId=738570479 startPage=1
[2026-04-05T14:35:19.972Z] [INFO] [review traktor/738570479] page=1 +0 reviews (unique=0)
[2026-04-05T14:35:20.032Z] [INFO] [REVIEW SAVED] /mnt/c/Developer/Review_AI/scraper_project/raw_data/traktor/738570479_reviews.json
[2026-04-05T14:35:20.147Z] [INFO] 
[START REVIEW] category=traktor productId=738570184 startPage=1
[2026-04-05T14:35:20.162Z] [INFO] 
[REVIEW WORKER 1] starting traktor/736133457
[2026-04-05T14:35:20.407Z] [INFO] [review traktor/738570184] page=1 +0 reviews (unique=0)
[2026-04-05T14:35:20.536Z] [INFO] [REVIEW SAVED] /mnt/c/Developer/Review_AI/scraper_project/raw_data/traktor/738570184_reviews.json
[2026-04-05T14:35:20.608Z] [INFO] 
[REVIEW WORKER 4] starting traktor/738525617
[2026-04-05T14:35:21.160Z] [INFO] 
[START REVIEW] category=traktor productId=738569355 startPage=1
[2026-04-05T14:35:21.395Z] [INFO] 
[START REVIEW] category=traktor productId=738570282 startPage=1
[2026-04-05T14:35:21.801Z] [INFO] [review traktor/738569355] page=1 +0 reviews (unique=0)
[2026-04-05T14:35:21.882Z] [INFO] [REVIEW SAVED] /mnt/c/Developer/Review_AI/scraper_project/raw_data/traktor/738569355_reviews.json
[2026-04-05T14:35:22.005Z] [INFO] 
[REVIEW WORKER 6] starting traktor/738480144
[2026-04-05T14:35:22.034Z] [INFO] [review traktor/738570282] page=1 +0 reviews (unique=0)
[2026-04-05T14:35:22.134Z] [INFO] [REVIEW SAVED] /mnt/c/Developer/Review_AI/scraper_project/raw_data/traktor/738570282_reviews.json
[2026-04-05T14:35:22.330Z] [INFO] 
[REVIEW WORKER 2] starting traktor/737696492
[2026-04-05T14:35:22.509Z] [INFO] 
[START REVIEW] category=traktor productId=738480011 startPage=1
[2026-04-05T14:35:22.860Z] [INFO] [review traktor/738480011] page=1 +0 reviews (unique=0)
[2026-04-05T14:35:22.874Z] [INFO] [REVIEW SAVED] /mnt/c/Developer/Review_AI/scraper_project/raw_data/traktor/738480011_reviews.json
[2026-04-05T14:35:22.888Z] [INFO] 
[REVIEW WORKER 3] starting traktor/738548979
[2026-04-05T14:35:23.361Z] [INFO] 
[START REVIEW] category=traktor productId=737696425 startPage=1
[2026-04-05T14:35:23.671Z] [INFO] [review traktor/737696425] page=1 +0 reviews (unique=0)
[2026-04-05T14:35:23.700Z] [INFO] [REVIEW SAVED] /mnt/c/Developer/Review_AI/scraper_project/raw_data/traktor/737696425_reviews.json
[2026-04-05T14:35:23.722Z] [INFO] 
[REVIEW WORKER 5] starting traktor/736133142
[2026-04-05T14:35:24.737Z] [INFO] 
[START REVIEW] category=traktor productId=736133457 startPage=1
[2026-04-05T14:35:24.938Z] [INFO] [review traktor/736133457] page=1 +0 reviews (unique=0)
[2026-04-05T14:35:24.966Z] [INFO] [REVIEW SAVED] /mnt/c/Developer/Review_AI/scraper_project/raw_data/traktor/736133457_reviews.json
[2026-04-05T14:35:24.980Z] [INFO] 
[REVIEW WORKER 1] starting traktor/738548466
[2026-04-05T14:35:25.416Z] [INFO] 
[START REVIEW] category=traktor productId=738525617 startPage=1
[2026-04-05T14:35:25.659Z] [INFO] [review traktor/738525617] page=1 +0 reviews (unique=0)
[2026-04-05T14:35:25.682Z] [INFO] [REVIEW SAVED] /mnt/c/Developer/Review_AI/scraper_project/raw_data/traktor/738525617_reviews.json
[2026-04-05T14:35:25.717Z] [INFO] 
[REVIEW WORKER 4] starting traktor/737355439
[2026-04-05T14:35:26.532Z] [INFO] 
[START REVIEW] category=traktor productId=738480144 startPage=1
[2026-04-05T14:35:26.705Z] [INFO] 
[START REVIEW] category=traktor productId=737696492 startPage=1
[2026-04-05T14:35:26.760Z] [INFO] [review traktor/738480144] page=1 +0 reviews (unique=0)
[2026-04-05T14:35:26.778Z] [INFO] [REVIEW SAVED] /mnt/c/Developer/Review_AI/scraper_project/raw_data/traktor/738480144_reviews.json
[2026-04-05T14:35:26.800Z] [INFO] 
[REVIEW WORKER 6] starting traktor/738548763
[2026-04-05T14:35:27.094Z] [INFO] 
[START REVIEW] category=traktor productId=738548979 startPage=1
[2026-04-05T14:35:27.100Z] [INFO] [review traktor/737696492] page=1 +0 reviews (unique=0)
[2026-04-05T14:35:27.117Z] [INFO] [REVIEW SAVED] /mnt/c/Developer/Review_AI/scraper_project/raw_data/traktor/737696492_reviews.json
[2026-04-05T14:35:27.147Z] [INFO] 
[REVIEW WORKER 2] starting traktor/736132225
[2026-04-05T14:35:27.318Z] [INFO] [review traktor/738548979] page=1 +0 reviews (unique=0)
[2026-04-05T14:35:27.336Z] [INFO] [REVIEW SAVED] /mnt/c/Developer/Review_AI/scraper_project/raw_data/traktor/738548979_reviews.json
[2026-04-05T14:35:27.351Z] [INFO] 
[REVIEW WORKER 3] starting traktor/734241698
[2026-04-05T14:35:27.859Z] [INFO] 
[START REVIEW] category=traktor productId=736133142 startPage=1
[2026-04-05T14:35:28.076Z] [INFO] [review traktor/736133142] page=1 +0 reviews (unique=0)
[2026-04-05T14:35:28.089Z] [INFO] [REVIEW SAVED] /mnt/c/Developer/Review_AI/scraper_project/raw_data/traktor/736133142_reviews.json
[2026-04-05T14:35:28.103Z] [INFO] 
[REVIEW WORKER 5] starting traktor/736131779
[2026-04-05T14:35:29.127Z] [INFO] 
[START REVIEW] category=traktor productId=738548466 startPage=1
[2026-04-05T14:35:29.328Z] [INFO] [review traktor/738548466] page=1 +0 reviews (unique=0)
[2026-04-05T14:35:29.364Z] [INFO] [REVIEW SAVED] /mnt/c/Developer/Review_AI/scraper_project/raw_data/traktor/738548466_reviews.json
[2026-04-05T14:35:29.404Z] [INFO] 
[REVIEW WORKER 1] starting traktor/734234663
[2026-04-05T14:35:29.822Z] [INFO] 
[START REVIEW] category=traktor productId=737355439 startPage=1
[2026-04-05T14:35:30.210Z] [INFO] [review traktor/737355439] page=1 +0 reviews (unique=0)
[2026-04-05T14:35:30.247Z] [INFO] [REVIEW SAVED] /mnt/c/Developer/Review_AI/scraper_project/raw_data/traktor/737355439_reviews.json
[2026-04-05T14:35:30.281Z] [INFO] 
[REVIEW WORKER 4] starting traktor/734232646
[2026-04-05T14:35:31.335Z] [INFO] 
[START REVIEW] category=traktor productId=738548763 startPage=1
[2026-04-05T14:35:31.611Z] [INFO] 
[START REVIEW] category=traktor productId=736132225 startPage=1
[2026-04-05T14:35:31.827Z] [INFO] [review traktor/738548763] page=1 +0 reviews (unique=0)
[2026-04-05T14:35:31.892Z] [INFO] [REVIEW SAVED] /mnt/c/Developer/Review_AI/scraper_project/raw_data/traktor/738548763_reviews.json
[2026-04-05T14:35:31.943Z] [INFO] 
[START REVIEW] category=traktor productId=734241698 startPage=1
[2026-04-05T14:35:31.976Z] [INFO] [review traktor/736132225] page=1 +0 reviews (unique=0)
[2026-04-05T14:35:32.069Z] [INFO] [REVIEW SAVED] /mnt/c/Developer/Review_AI/scraper_project/raw_data/traktor/736132225_reviews.json
[2026-04-05T14:35:32.122Z] [INFO] 
[REVIEW WORKER 6] starting traktor/734241349
[2026-04-05T14:35:32.349Z] [INFO] 
[REVIEW WORKER 2] starting traktor/734241546
[2026-04-05T14:35:32.399Z] [INFO] [review traktor/734241698] page=1 +0 reviews (unique=0)
[2026-04-05T14:35:32.439Z] [INFO] [REVIEW SAVED] /mnt/c/Developer/Review_AI/scraper_project/raw_data/traktor/734241698_reviews.json
[2026-04-05T14:35:32.535Z] [INFO] 
[REVIEW WORKER 3] starting traktor/736129610
[2026-04-05T14:35:33.578Z] [INFO] 
[START REVIEW] category=traktor productId=736131779 startPage=1
[2026-04-05T14:35:33.783Z] [INFO] [review traktor/736131779] page=1 +0 reviews (unique=0)
[2026-04-05T14:35:33.799Z] [INFO] [REVIEW SAVED] /mnt/c/Developer/Review_AI/scraper_project/raw_data/traktor/736131779_reviews.json
[2026-04-05T14:35:33.809Z] [INFO] 
[REVIEW WORKER 5] starting traktor/734235049
[2026-04-05T14:35:34.100Z] [INFO] 
[START REVIEW] category=traktor productId=734234663 startPage=1
[2026-04-05T14:35:34.299Z] [INFO] [review traktor/734234663] page=1 +0 reviews (unique=0)
[2026-04-05T14:35:34.312Z] [INFO] [REVIEW SAVED] /mnt/c/Developer/Review_AI/scraper_project/raw_data/traktor/734234663_reviews.json
[2026-04-05T14:35:34.329Z] [INFO] 
[REVIEW WORKER 1] starting traktor/734234793
[2026-04-05T14:35:34.917Z] [INFO] 
[START REVIEW] category=traktor productId=734232646 startPage=1
[2026-04-05T14:35:35.182Z] [INFO] [review traktor/734232646] page=1 +0 reviews (unique=0)
[2026-04-05T14:35:35.227Z] [INFO] [REVIEW SAVED] /mnt/c/Developer/Review_AI/scraper_project/raw_data/traktor/734232646_reviews.json
[2026-04-05T14:35:35.267Z] [INFO] 
[REVIEW WORKER 4] starting traktor/734232847
[2026-04-05T14:35:36.484Z] [INFO] 
[START REVIEW] category=traktor productId=734241349 startPage=1
[2026-04-05T14:35:36.496Z] [INFO] 
[START REVIEW] category=traktor productId=734241546 startPage=1
[2026-04-05T14:35:36.667Z] [INFO] [review traktor/734241349] page=1 +0 reviews (unique=0)
[2026-04-05T14:35:36.690Z] [INFO] [REVIEW SAVED] /mnt/c/Developer/Review_AI/scraper_project/raw_data/traktor/734241349_reviews.json
[2026-04-05T14:35:36.707Z] [INFO] [review traktor/734241546] page=1 +0 reviews (unique=0)
[2026-04-05T14:35:36.736Z] [INFO] [REVIEW SAVED] /mnt/c/Developer/Review_AI/scraper_project/raw_data/traktor/734241546_reviews.json
[2026-04-05T14:35:36.762Z] [INFO] 
[REVIEW WORKER 6] starting traktor/736132687
[2026-04-05T14:35:36.788Z] [INFO] 
[REVIEW WORKER 2] starting traktor/736130703
[2026-04-05T14:35:37.046Z] [INFO] 
[START REVIEW] category=traktor productId=736129610 startPage=1
[2026-04-05T14:35:37.258Z] [INFO] [review traktor/736129610] page=1 +0 reviews (unique=0)
[2026-04-05T14:35:37.301Z] [INFO] [REVIEW SAVED] /mnt/c/Developer/Review_AI/scraper_project/raw_data/traktor/736129610_reviews.json
[2026-04-05T14:35:37.334Z] [INFO] 
[REVIEW WORKER 3] starting traktor/734234956
[2026-04-05T14:35:38.341Z] [INFO] 
[START REVIEW] category=traktor productId=734235049 startPage=1
[2026-04-05T14:35:39.118Z] [INFO] [review traktor/734235049] page=1 +0 reviews (unique=0)
[2026-04-05T14:35:39.173Z] [INFO] [REVIEW SAVED] /mnt/c/Developer/Review_AI/scraper_project/raw_data/traktor/734235049_reviews.json
[2026-04-05T14:35:39.193Z] [INFO] 
[START REVIEW] category=traktor productId=734234793 startPage=1
[2026-04-05T14:35:39.248Z] [INFO] 
[REVIEW WORKER 5] starting traktor/736131410
[2026-04-05T14:35:40.248Z] [INFO] 
[START REVIEW] category=traktor productId=734232847 startPage=1
[2026-04-05T14:35:40.452Z] [INFO] [review traktor/734232847] page=1 +0 reviews (unique=0)
[2026-04-05T14:35:40.476Z] [INFO] [REVIEW SAVED] /mnt/c/Developer/Review_AI/scraper_project/raw_data/traktor/734232847_reviews.json
[2026-04-05T14:35:40.508Z] [INFO] 
[REVIEW WORKER 4] starting traktor/736130098
[2026-04-05T14:35:41.395Z] [INFO] 
[START REVIEW] category=traktor productId=736132687 startPage=1
[2026-04-05T14:35:41.761Z] [INFO] 
[START REVIEW] category=traktor productId=736130703 startPage=1
[2026-04-05T14:35:41.794Z] [INFO] [review traktor/736132687] page=1 +0 reviews (unique=0)
[2026-04-05T14:35:41.823Z] [INFO] [REVIEW SAVED] /mnt/c/Developer/Review_AI/scraper_project/raw_data/traktor/736132687_reviews.json
[2026-04-05T14:35:41.850Z] [INFO] 
[REVIEW WORKER 6] starting traktor/734232305
[2026-04-05T14:35:42.453Z] [INFO] 
[START REVIEW] category=traktor productId=734234956 startPage=1
[2026-04-05T14:35:42.602Z] [INFO] [review traktor/734234793] page=1 +0 reviews (unique=0)
[2026-04-05T14:35:42.619Z] [INFO] [REVIEW SAVED] /mnt/c/Developer/Review_AI/scraper_project/raw_data/traktor/734234793_reviews.json
[2026-04-05T14:35:42.642Z] [INFO] 
[REVIEW WORKER 1] starting traktor/736131989
[2026-04-05T14:35:42.740Z] [INFO] [review traktor/734234956] page=1 +0 reviews (unique=0)
[2026-04-05T14:35:42.772Z] [INFO] [REVIEW SAVED] /mnt/c/Developer/Review_AI/scraper_project/raw_data/traktor/734234956_reviews.json
[2026-04-05T14:35:42.812Z] [INFO] 
[REVIEW WORKER 3] starting traktor/735200426
[2026-04-05T14:35:43.935Z] [INFO] 
[START REVIEW] category=traktor productId=736131410 startPage=1
[2026-04-05T14:35:44.124Z] [INFO] [review traktor/736131410] page=1 +0 reviews (unique=0)
[2026-04-05T14:35:44.149Z] [INFO] [REVIEW SAVED] /mnt/c/Developer/Review_AI/scraper_project/raw_data/traktor/736131410_reviews.json
[2026-04-05T14:35:44.166Z] [INFO] 
[REVIEW WORKER 5] starting traktor/734234559
[2026-04-05T14:35:44.433Z] [INFO] [review traktor/736130703] page=1 +0 reviews (unique=0)
[2026-04-05T14:35:44.458Z] [INFO] [REVIEW SAVED] /mnt/c/Developer/Review_AI/scraper_project/raw_data/traktor/736130703_reviews.json
[2026-04-05T14:35:44.488Z] [INFO] 
[REVIEW WORKER 2] starting traktor/733917151
[2026-04-05T14:35:45.271Z] [INFO] 
[START REVIEW] category=traktor productId=736130098 startPage=1
[2026-04-05T14:35:45.633Z] [INFO] [review traktor/736130098] page=1 +0 reviews (unique=0)
[2026-04-05T14:35:45.659Z] [INFO] [REVIEW SAVED] /mnt/c/Developer/Review_AI/scraper_project/raw_data/traktor/736130098_reviews.json
[2026-04-05T14:35:45.688Z] [INFO] 
[REVIEW WORKER 4] starting traktor/734225792
[2026-04-05T14:35:46.055Z] [INFO] 
[START REVIEW] category=traktor productId=734232305 startPage=1
[2026-04-05T14:35:46.256Z] [INFO] [review traktor/734232305] page=1 +0 reviews (unique=0)
[2026-04-05T14:35:46.271Z] [INFO] [REVIEW SAVED] /mnt/c/Developer/Review_AI/scraper_project/raw_data/traktor/734232305_reviews.json
[2026-04-05T14:35:46.299Z] [INFO] 
[REVIEW WORKER 6] starting traktor/734224902
[2026-04-05T14:35:46.906Z] [INFO] 
[START REVIEW] category=traktor productId=735200426 startPage=1
[2026-04-05T14:35:46.928Z] [INFO] 
[START REVIEW] category=traktor productId=736131989 startPage=1
[2026-04-05T14:35:47.185Z] [INFO] [review traktor/736131989] page=1 +0 reviews (unique=0)
[2026-04-05T14:35:47.223Z] [INFO] [REVIEW SAVED] /mnt/c/Developer/Review_AI/scraper_project/raw_data/traktor/736131989_reviews.json
[2026-04-05T14:35:47.236Z] [INFO] [review traktor/735200426] page=1 +0 reviews (unique=0)
[2026-04-05T14:35:47.281Z] [INFO] [REVIEW SAVED] /mnt/c/Developer/Review_AI/scraper_project/raw_data/traktor/735200426_reviews.json
[2026-04-05T14:35:47.320Z] [INFO] 
[REVIEW WORKER 1] starting traktor/733921046
[2026-04-05T14:35:47.356Z] [INFO] 
[REVIEW WORKER 3] starting traktor/734228361
[2026-04-05T14:35:48.740Z] [INFO] 
[START REVIEW] category=traktor productId=734234559 startPage=1
[2026-04-05T14:35:48.838Z] [INFO] 
[START REVIEW] category=traktor productId=733917151 startPage=1
[2026-04-05T14:35:49.308Z] [INFO] [review traktor/734234559] page=1 +0 reviews (unique=0)
[2026-04-05T14:35:49.556Z] [INFO] [REVIEW SAVED] /mnt/c/Developer/Review_AI/scraper_project/raw_data/traktor/734234559_reviews.json
[2026-04-05T14:35:49.612Z] [INFO] 
[REVIEW WORKER 5] starting traktor/733918197
[2026-04-05T14:35:50.274Z] [INFO] 
[START REVIEW] category=traktor productId=734225792 startPage=1
[2026-04-05T14:35:50.466Z] [INFO] [review traktor/734225792] page=1 +0 reviews (unique=0)
[2026-04-05T14:35:50.495Z] [INFO] [REVIEW SAVED] /mnt/c/Developer/Review_AI/scraper_project/raw_data/traktor/734225792_reviews.json
[2026-04-05T14:35:50.519Z] [INFO] 
[REVIEW WORKER 4] starting traktor/733848598
[2026-04-05T14:35:50.638Z] [INFO] [review traktor/733917151] page=1 +0 reviews (unique=0)
[2026-04-05T14:35:50.668Z] [INFO] [REVIEW SAVED] /mnt/c/Developer/Review_AI/scraper_project/raw_data/traktor/733917151_reviews.json
[2026-04-05T14:35:50.709Z] [INFO] 
[REVIEW WORKER 2] starting traktor/733911410
[2026-04-05T14:35:50.867Z] [INFO] 
[START REVIEW] category=traktor productId=734224902 startPage=1
[2026-04-05T14:35:51.051Z] [INFO] [review traktor/734224902] page=1 +0 reviews (unique=0)
[2026-04-05T14:35:51.080Z] [INFO] [REVIEW SAVED] /mnt/c/Developer/Review_AI/scraper_project/raw_data/traktor/734224902_reviews.json
[2026-04-05T14:35:51.109Z] [INFO] 
[REVIEW WORKER 6] starting traktor/734232211
[2026-04-05T14:35:51.656Z] [INFO] 
[START REVIEW] category=traktor productId=733921046 startPage=1
[2026-04-05T14:35:51.746Z] [INFO] 
[START REVIEW] category=traktor productId=734228361 startPage=1
[2026-04-05T14:35:51.855Z] [INFO] [review traktor/733921046] page=1 +0 reviews (unique=0)
[2026-04-05T14:35:51.863Z] [INFO] [REVIEW SAVED] /mnt/c/Developer/Review_AI/scraper_project/raw_data/traktor/733921046_reviews.json
[2026-04-05T14:35:51.879Z] [INFO] 
[REVIEW WORKER 1] starting traktor/734228563
[2026-04-05T14:35:52.077Z] [INFO] [review traktor/734228361] page=1 +0 reviews (unique=0)
[2026-04-05T14:35:52.090Z] [INFO] [REVIEW SAVED] /mnt/c/Developer/Review_AI/scraper_project/raw_data/traktor/734228361_reviews.json
[2026-04-05T14:35:52.105Z] [INFO] 
[REVIEW WORKER 3] starting traktor/733911118
[2026-04-05T14:35:53.687Z] [INFO] 
[START REVIEW] category=traktor productId=733918197 startPage=1
[2026-04-05T14:35:53.925Z] [INFO] [review traktor/733918197] page=1 +0 reviews (unique=0)
[2026-04-05T14:35:53.955Z] [INFO] [REVIEW SAVED] /mnt/c/Developer/Review_AI/scraper_project/raw_data/traktor/733918197_reviews.json
[2026-04-05T14:35:53.993Z] [INFO] 
[REVIEW WORKER 5] starting traktor/734231408
[2026-04-05T14:35:54.444Z] [INFO] 
[START REVIEW] category=traktor productId=733848598 startPage=1
[2026-04-05T14:35:54.673Z] [INFO] [review traktor/733848598] page=1 +0 reviews (unique=0)
[2026-04-05T14:35:54.721Z] [INFO] [REVIEW SAVED] /mnt/c/Developer/Review_AI/scraper_project/raw_data/traktor/733848598_reviews.json
[2026-04-05T14:35:54.768Z] [INFO] 
[REVIEW WORKER 4] starting traktor/734226064
[2026-04-05T14:35:54.894Z] [INFO] 
[START REVIEW] category=traktor productId=733911410 startPage=1
[2026-04-05T14:35:55.326Z] [INFO] [review traktor/733911410] page=1 +0 reviews (unique=0)
[2026-04-05T14:35:55.656Z] [INFO] [REVIEW SAVED] /mnt/c/Developer/Review_AI/scraper_project/raw_data/traktor/733911410_reviews.json
[2026-04-05T14:35:55.684Z] [INFO] 
[START REVIEW] category=traktor productId=734232211 startPage=1
[2026-04-05T14:35:55.772Z] [INFO] 
[REVIEW WORKER 2] starting traktor/734228181
[2026-04-05T14:35:56.090Z] [INFO] [review traktor/734232211] page=1 +0 reviews (unique=0)
[2026-04-05T14:35:56.138Z] [INFO] [REVIEW SAVED] /mnt/c/Developer/Review_AI/scraper_project/raw_data/traktor/734232211_reviews.json
[2026-04-05T14:35:56.171Z] [INFO] 
[REVIEW WORKER 6] starting traktor/734232059
[2026-04-05T14:35:56.375Z] [INFO] 
[START REVIEW] category=traktor productId=733911118 startPage=1
[2026-04-05T14:35:56.424Z] [INFO] 
[START REVIEW] category=traktor productId=734228563 startPage=1
[2026-04-05T14:35:57.069Z] [INFO] [review traktor/733911118] page=1 +0 reviews (unique=0)
[2026-04-05T14:35:57.153Z] [INFO] [REVIEW SAVED] /mnt/c/Developer/Review_AI/scraper_project/raw_data/traktor/733911118_reviews.json
[2026-04-05T14:35:57.169Z] [INFO] [review traktor/734228563] page=1 +0 reviews (unique=0)
[2026-04-05T14:35:57.267Z] [INFO] [REVIEW SAVED] /mnt/c/Developer/Review_AI/scraper_project/raw_data/traktor/734228563_reviews.json
[2026-04-05T14:35:57.316Z] [INFO] 
[REVIEW WORKER 1] starting traktor/733847815
[2026-04-05T14:35:57.359Z] [INFO] 
[REVIEW WORKER 3] starting traktor/733861761
[2026-04-05T14:35:58.650Z] [INFO] 
[START REVIEW] category=traktor productId=734231408 startPage=1
[2026-04-05T14:35:58.869Z] [INFO] [review traktor/734231408] page=1 +0 reviews (unique=0)
[2026-04-05T14:35:58.885Z] [INFO] [REVIEW SAVED] /mnt/c/Developer/Review_AI/scraper_project/raw_data/traktor/734231408_reviews.json
[2026-04-05T14:35:58.910Z] [INFO] 
[REVIEW WORKER 5] starting traktor/734231582
[2026-04-05T14:35:59.668Z] [INFO] 
[START REVIEW] category=traktor productId=734226064 startPage=1
[2026-04-05T14:35:59.930Z] [INFO] 
[START REVIEW] category=traktor productId=734228181 startPage=1
[2026-04-05T14:35:59.936Z] [INFO] [review traktor/734226064] page=1 +0 reviews (unique=0)
[2026-04-05T14:35:59.956Z] [INFO] [REVIEW SAVED] /mnt/c/Developer/Review_AI/scraper_project/raw_data/traktor/734226064_reviews.json
[2026-04-05T14:35:59.980Z] [INFO] 
[REVIEW WORKER 4] starting traktor/733917859
[2026-04-05T14:36:00.183Z] [INFO] [review traktor/734228181] page=1 +0 reviews (unique=0)
[2026-04-05T14:36:00.204Z] [INFO] [REVIEW SAVED] /mnt/c/Developer/Review_AI/scraper_project/raw_data/traktor/734228181_reviews.json
[2026-04-05T14:36:00.234Z] [INFO] 
[REVIEW WORKER 2] starting traktor/734231837
[2026-04-05T14:36:00.405Z] [INFO] 
[START REVIEW] category=traktor productId=734232059 startPage=1
[2026-04-05T14:36:00.639Z] [INFO] [review traktor/734232059] page=1 +0 reviews (unique=0)
[2026-04-05T14:36:00.656Z] [INFO] [REVIEW SAVED] /mnt/c/Developer/Review_AI/scraper_project/raw_data/traktor/734232059_reviews.json
[2026-04-05T14:36:00.675Z] [INFO] 
[REVIEW WORKER 6] starting traktor/733845180
[2026-04-05T14:36:01.567Z] [INFO] 
[START REVIEW] category=traktor productId=733847815 startPage=1
[2026-04-05T14:36:01.580Z] [INFO] 
[START REVIEW] category=traktor productId=733861761 startPage=1
[2026-04-05T14:36:01.799Z] [INFO] [review traktor/733847815] page=1 +0 reviews (unique=0)
[2026-04-05T14:36:01.836Z] [INFO] [REVIEW SAVED] /mnt/c/Developer/Review_AI/scraper_project/raw_data/traktor/733847815_reviews.json
[2026-04-05T14:36:01.845Z] [INFO] [review traktor/733861761] page=1 +0 reviews (unique=0)
[2026-04-05T14:36:01.874Z] [INFO] [REVIEW SAVED] /mnt/c/Developer/Review_AI/scraper_project/raw_data/traktor/733861761_reviews.json
[2026-04-05T14:36:01.907Z] [INFO] 
[REVIEW WORKER 1] starting traktor/733847385
[2026-04-05T14:36:01.922Z] [INFO] 
[REVIEW WORKER 3] starting traktor/733214711
[2026-04-05T14:36:03.276Z] [INFO] 
[START REVIEW] category=traktor productId=734231582 startPage=1
[2026-04-05T14:36:03.894Z] [INFO] [review traktor/734231582] page=1 +0 reviews (unique=0)
[2026-04-05T14:36:03.923Z] [INFO] [REVIEW SAVED] /mnt/c/Developer/Review_AI/scraper_project/raw_data/traktor/734231582_reviews.json
[2026-04-05T14:36:03.942Z] [INFO] 
[START REVIEW] category=traktor productId=733917859 startPage=1
[2026-04-05T14:36:03.949Z] [INFO] 
[REVIEW WORKER 5] starting traktor/729921733
[2026-04-05T14:36:04.502Z] [INFO] [review traktor/733917859] page=1 +0 reviews (unique=0)
[2026-04-05T14:36:04.512Z] [INFO] [REVIEW SAVED] /mnt/c/Developer/Review_AI/scraper_project/raw_data/traktor/733917859_reviews.json
[2026-04-05T14:36:04.525Z] [INFO] 
[REVIEW WORKER 4] starting traktor/729922281
[2026-04-05T14:36:04.735Z] [INFO] 
[START REVIEW] category=traktor productId=734231837 startPage=1
[2026-04-05T14:36:04.938Z] [INFO] [review traktor/734231837] page=1 +0 reviews (unique=0)
[2026-04-05T14:36:04.956Z] [INFO] [REVIEW SAVED] /mnt/c/Developer/Review_AI/scraper_project/raw_data/traktor/734231837_reviews.json
[2026-04-05T14:36:04.974Z] [INFO] 
[REVIEW WORKER 2] starting traktor/729974155
[2026-04-05T14:36:06.171Z] [INFO] 
[START REVIEW] category=traktor productId=733214711 startPage=1
[2026-04-05T14:36:06.396Z] [INFO] [review traktor/733214711] page=1 +0 reviews (unique=0)
[2026-04-05T14:36:06.405Z] [INFO] [REVIEW SAVED] /mnt/c/Developer/Review_AI/scraper_project/raw_data/traktor/733214711_reviews.json
[2026-04-05T14:36:06.421Z] [INFO] 
[REVIEW WORKER 3] starting traktor/729974415
[2026-04-05T14:36:06.687Z] [INFO] 
[START REVIEW] category=traktor productId=733847385 startPage=1
[2026-04-05T14:36:06.894Z] [INFO] [review traktor/733847385] page=1 +0 reviews (unique=0)
[2026-04-05T14:36:06.916Z] [INFO] [REVIEW SAVED] /mnt/c/Developer/Review_AI/scraper_project/raw_data/traktor/733847385_reviews.json
[2026-04-05T14:36:06.931Z] [INFO] 
[REVIEW WORKER 1] starting traktor/729924721
[2026-04-05T14:36:08.242Z] [INFO] 
[START REVIEW] category=traktor productId=729921733 startPage=1
[2026-04-05T14:36:08.458Z] [INFO] 
[START REVIEW] category=traktor productId=729922281 startPage=1
[2026-04-05T14:36:08.468Z] [INFO] [review traktor/729921733] page=1 +0 reviews (unique=0)
[2026-04-05T14:36:08.510Z] [INFO] [REVIEW SAVED] /mnt/c/Developer/Review_AI/scraper_project/raw_data/traktor/729921733_reviews.json
[2026-04-05T14:36:08.551Z] [INFO] 
[REVIEW WORKER 5] starting traktor/729922096
[2026-04-05T14:36:08.680Z] [INFO] [review traktor/729922281] page=1 +0 reviews (unique=0)
[2026-04-05T14:36:08.738Z] [INFO] [REVIEW SAVED] /mnt/c/Developer/Review_AI/scraper_project/raw_data/traktor/729922281_reviews.json
[2026-04-05T14:36:08.772Z] [INFO] 
[REVIEW WORKER 4] starting traktor/729921653
[2026-04-05T14:36:09.016Z] [INFO] 
[START REVIEW] category=traktor productId=729974155 startPage=1
[2026-04-05T14:36:09.235Z] [INFO] [review traktor/729974155] page=1 +0 reviews (unique=0)
[2026-04-05T14:36:09.306Z] [INFO] [REVIEW SAVED] /mnt/c/Developer/Review_AI/scraper_project/raw_data/traktor/729974155_reviews.json
[2026-04-05T14:36:09.399Z] [INFO] 
[REVIEW WORKER 2] starting traktor/729923092
[2026-04-05T14:36:10.636Z] [INFO] 
[START REVIEW] category=traktor productId=729974415 startPage=1
[2026-04-05T14:36:10.922Z] [INFO] [review traktor/729974415] page=1 +0 reviews (unique=0)
[2026-04-05T14:36:10.941Z] [INFO] [REVIEW SAVED] /mnt/c/Developer/Review_AI/scraper_project/raw_data/traktor/729974415_reviews.json
[2026-04-05T14:36:10.963Z] [INFO] 
[REVIEW WORKER 3] starting traktor/729921780
[2026-04-05T14:36:11.280Z] [INFO] 
[START REVIEW] category=traktor productId=729924721 startPage=1
[2026-04-05T14:36:11.608Z] [INFO] [review traktor/729924721] page=1 +0 reviews (unique=0)
[2026-04-05T14:36:11.621Z] [INFO] [REVIEW SAVED] /mnt/c/Developer/Review_AI/scraper_project/raw_data/traktor/729924721_reviews.json
[2026-04-05T14:36:11.636Z] [INFO] 
[REVIEW WORKER 1] starting traktor/729921527
[2026-04-05T14:36:13.021Z] [INFO] 
[START REVIEW] category=traktor productId=729922096 startPage=1
[2026-04-05T14:36:13.207Z] [INFO] 
[START REVIEW] category=traktor productId=729921653 startPage=1
[2026-04-05T14:36:13.843Z] [INFO] 
[START REVIEW] category=traktor productId=729923092 startPage=1
[2026-04-05T14:36:14.047Z] [INFO] [review traktor/729923092] page=1 +0 reviews (unique=0)
[2026-04-05T14:36:14.063Z] [INFO] [REVIEW SAVED] /mnt/c/Developer/Review_AI/scraper_project/raw_data/traktor/729923092_reviews.json
[2026-04-05T14:36:14.081Z] [INFO] 
[REVIEW WORKER 2] starting traktor/729974552
[2026-04-05T14:36:14.724Z] [INFO] 
[START REVIEW] category=traktor productId=729921780 startPage=1
[2026-04-05T14:36:14.911Z] [INFO] [review traktor/729921780] page=1 +0 reviews (unique=0)
[2026-04-05T14:36:14.939Z] [INFO] [REVIEW SAVED] /mnt/c/Developer/Review_AI/scraper_project/raw_data/traktor/729921780_reviews.json
[2026-04-05T14:36:14.963Z] [INFO] 
[REVIEW WORKER 3] starting traktor/729974489
[2026-04-05T14:36:15.029Z] [INFO] [review traktor/729922096] page=1 +0 reviews (unique=0)
[2026-04-05T14:36:15.048Z] [INFO] [REVIEW SAVED] /mnt/c/Developer/Review_AI/scraper_project/raw_data/traktor/729922096_reviews.json
[2026-04-05T14:36:15.077Z] [INFO] 
[REVIEW WORKER 5] starting traktor/729974073
[2026-04-05T14:36:15.088Z] [INFO] [review traktor/729921653] page=1 +0 reviews (unique=0)
[2026-04-05T14:36:15.106Z] [INFO] [REVIEW SAVED] /mnt/c/Developer/Review_AI/scraper_project/raw_data/traktor/729921653_reviews.json
[2026-04-05T14:36:15.163Z] [INFO] 
[REVIEW WORKER 4] starting traktor/729922458
[2026-04-05T14:36:15.466Z] [INFO] 
[START REVIEW] category=traktor productId=729921527 startPage=1
[2026-04-05T14:36:15.698Z] [INFO] [review traktor/729921527] page=1 +0 reviews (unique=0)
[2026-04-05T14:36:15.727Z] [INFO] [REVIEW SAVED] /mnt/c/Developer/Review_AI/scraper_project/raw_data/traktor/729921527_reviews.json
[2026-04-05T14:36:15.745Z] [INFO] 
[REVIEW WORKER 1] starting traktor/729922330
[2026-04-05T14:36:18.036Z] [INFO] 
[START REVIEW] category=traktor productId=729974552 startPage=1
[2026-04-05T14:36:18.395Z] [INFO] [review traktor/729974552] page=1 +0 reviews (unique=0)
[2026-04-05T14:36:18.472Z] [INFO] [REVIEW SAVED] /mnt/c/Developer/Review_AI/scraper_project/raw_data/traktor/729974552_reviews.json
[2026-04-05T14:36:18.520Z] [INFO] 
[REVIEW WORKER 2] starting traktor/731225161
[2026-04-05T14:36:19.025Z] [INFO] 
[START REVIEW] category=traktor productId=729974489 startPage=1
[2026-04-05T14:36:19.235Z] [INFO] [review traktor/729974489] page=1 +0 reviews (unique=0)
[2026-04-05T14:36:19.254Z] [INFO] [REVIEW SAVED] /mnt/c/Developer/Review_AI/scraper_project/raw_data/traktor/729974489_reviews.json
[2026-04-05T14:36:19.278Z] [INFO] 
[REVIEW WORKER 3] starting traktor/733843939
[2026-04-05T14:36:19.502Z] [INFO] 
[START REVIEW] category=traktor productId=729974073 startPage=1
[2026-04-05T14:36:19.808Z] [INFO] [review traktor/729974073] page=1 +0 reviews (unique=0)
[2026-04-05T14:36:19.826Z] [INFO] [REVIEW SAVED] /mnt/c/Developer/Review_AI/scraper_project/raw_data/traktor/729974073_reviews.json
[2026-04-05T14:36:19.834Z] [INFO] 
[START REVIEW] category=traktor productId=729922330 startPage=1
[2026-04-05T14:36:19.848Z] [INFO] 
[START REVIEW] category=traktor productId=729922458 startPage=1
[2026-04-05T14:36:19.863Z] [INFO] 
[REVIEW WORKER 5] starting traktor/729881828
[2026-04-05T14:36:20.021Z] [INFO] [review traktor/729922330] page=1 +0 reviews (unique=0)
[2026-04-05T14:36:20.037Z] [INFO] [REVIEW SAVED] /mnt/c/Developer/Review_AI/scraper_project/raw_data/traktor/729922330_reviews.json
[2026-04-05T14:36:20.050Z] [INFO] 
[REVIEW WORKER 1] starting traktor/729908390
[2026-04-05T14:36:20.094Z] [INFO] [review traktor/729922458] page=1 +0 reviews (unique=0)
[2026-04-05T14:36:20.117Z] [INFO] [REVIEW SAVED] /mnt/c/Developer/Review_AI/scraper_project/raw_data/traktor/729922458_reviews.json
[2026-04-05T14:36:20.130Z] [INFO] 
[REVIEW WORKER 4] starting traktor/728288032
[2026-04-05T14:36:22.244Z] [INFO] 
[START REVIEW] category=traktor productId=731225161 startPage=1
[2026-04-05T14:36:22.505Z] [INFO] [review traktor/731225161] page=1 +0 reviews (unique=0)
[2026-04-05T14:36:22.523Z] [INFO] [REVIEW SAVED] /mnt/c/Developer/Review_AI/scraper_project/raw_data/traktor/731225161_reviews.json
[2026-04-05T14:36:22.545Z] [INFO] 
[REVIEW WORKER 2] starting traktor/729921483
[2026-04-05T14:36:23.395Z] [INFO] 
[START REVIEW] category=traktor productId=733843939 startPage=1
[2026-04-05T14:36:23.598Z] [INFO] [review traktor/733843939] page=1 +0 reviews (unique=0)
[2026-04-05T14:36:23.611Z] [INFO] [REVIEW SAVED] /mnt/c/Developer/Review_AI/scraper_project/raw_data/traktor/733843939_reviews.json
[2026-04-05T14:36:23.632Z] [INFO] 
[REVIEW WORKER 3] starting traktor/728292611
[2026-04-05T14:36:23.991Z] [INFO] 
[START REVIEW] category=traktor productId=728288032 startPage=1
[2026-04-05T14:36:24.120Z] [INFO] 
[START REVIEW] category=traktor productId=729881828 startPage=1
[2026-04-05T14:36:24.173Z] [INFO] [review traktor/728288032] page=1 +0 reviews (unique=0)
[2026-04-05T14:36:24.192Z] [INFO] [REVIEW SAVED] /mnt/c/Developer/Review_AI/scraper_project/raw_data/traktor/728288032_reviews.json
[2026-04-05T14:36:24.207Z] [INFO] 
[REVIEW WORKER 4] starting traktor/729881900
[2026-04-05T14:36:24.315Z] [INFO] [review traktor/729881828] page=1 +0 reviews (unique=0)
[2026-04-05T14:36:24.330Z] [INFO] [REVIEW SAVED] /mnt/c/Developer/Review_AI/scraper_project/raw_data/traktor/729881828_reviews.json
[2026-04-05T14:36:24.353Z] [INFO] 
[REVIEW WORKER 5] starting traktor/728666435
[2026-04-05T14:36:24.386Z] [INFO] 
[START REVIEW] category=traktor productId=729908390 startPage=1
[2026-04-05T14:36:24.757Z] [INFO] [review traktor/729908390] page=1 +0 reviews (unique=0)
[2026-04-05T14:36:24.788Z] [INFO] [REVIEW SAVED] /mnt/c/Developer/Review_AI/scraper_project/raw_data/traktor/729908390_reviews.json
[2026-04-05T14:36:24.806Z] [INFO] 
[REVIEW WORKER 1] starting traktor/728303064
[2026-04-05T14:36:26.244Z] [INFO] 
[START REVIEW] category=traktor productId=733845180 startPage=1
[2026-04-05T14:36:26.261Z] [WARN] [retry] productId=733845180 page=1 attempt=1/3
[2026-04-05T14:36:26.496Z] [INFO] 
[START REVIEW] category=traktor productId=729921483 startPage=1
[2026-04-05T14:36:26.746Z] [INFO] [review traktor/729921483] page=1 +0 reviews (unique=0)
[2026-04-05T14:36:26.818Z] [INFO] [REVIEW SAVED] /mnt/c/Developer/Review_AI/scraper_project/raw_data/traktor/729921483_reviews.json
[2026-04-05T14:36:26.845Z] [INFO] 
[REVIEW WORKER 2] starting traktor/728295065
[2026-04-05T14:36:27.470Z] [WARN] [retry] productId=733845180 page=1 attempt=2/3
[2026-04-05T14:36:27.826Z] [INFO] 
[START REVIEW] category=traktor productId=728292611 startPage=1
[2026-04-05T14:36:28.357Z] [INFO] [review traktor/728292611] page=1 +0 reviews (unique=0)
[2026-04-05T14:36:28.431Z] [INFO] [REVIEW SAVED] /mnt/c/Developer/Review_AI/scraper_project/raw_data/traktor/728292611_reviews.json
[2026-04-05T14:36:28.463Z] [INFO] 
[START REVIEW] category=traktor productId=729881900 startPage=1
[2026-04-05T14:36:28.523Z] [INFO] 
[REVIEW WORKER 3] starting traktor/728290841
[2026-04-05T14:36:28.804Z] [INFO] 
[START REVIEW] category=traktor productId=728666435 startPage=1
[2026-04-05T14:36:29.095Z] [INFO] [review traktor/728666435] page=1 +0 reviews (unique=0)
[2026-04-05T14:36:29.154Z] [INFO] [REVIEW SAVED] /mnt/c/Developer/Review_AI/scraper_project/raw_data/traktor/728666435_reviews.json
[2026-04-05T14:36:29.394Z] [INFO] 
[REVIEW WORKER 5] starting traktor/729920278
[2026-04-05T14:36:29.580Z] [INFO] 
[START REVIEW] category=traktor productId=728303064 startPage=1
[2026-04-05T14:36:29.907Z] [WARN] [retry] productId=733845180 page=1 attempt=3/3
[2026-04-05T14:36:29.938Z] [ERROR] [REVIEW ERROR] traktor/733845180
[2026-04-05T14:36:29.951Z] [ERROR] {"name":"Error"}
[2026-04-05T14:36:30.011Z] [INFO] 
[REVIEW WORKER 6] starting traktor/728310142
[2026-04-05T14:36:30.279Z] [INFO] [review traktor/728303064] page=1 +0 reviews (unique=0)
[2026-04-05T14:36:30.310Z] [INFO] [REVIEW SAVED] /mnt/c/Developer/Review_AI/scraper_project/raw_data/traktor/728303064_reviews.json
[2026-04-05T14:36:30.340Z] [INFO] 
[REVIEW WORKER 1] starting traktor/729881945
[2026-04-05T14:36:31.313Z] [INFO] 
[START REVIEW] category=traktor productId=728295065 startPage=1
[2026-04-05T14:36:31.548Z] [INFO] [review traktor/728295065] page=1 +0 reviews (unique=0)
[2026-04-05T14:36:31.575Z] [INFO] [REVIEW SAVED] /mnt/c/Developer/Review_AI/scraper_project/raw_data/traktor/728295065_reviews.json
[2026-04-05T14:36:31.594Z] [INFO] 
[REVIEW WORKER 2] starting traktor/728299280
[2026-04-05T14:36:32.881Z] [INFO] 
[START REVIEW] category=traktor productId=728290841 startPage=1
[2026-04-05T14:36:33.323Z] [INFO] [review traktor/728290841] page=1 +0 reviews (unique=0)
[2026-04-05T14:36:33.353Z] [INFO] [REVIEW SAVED] /mnt/c/Developer/Review_AI/scraper_project/raw_data/traktor/728290841_reviews.json
[2026-04-05T14:36:33.392Z] [INFO] 
[REVIEW WORKER 3] starting traktor/729881880
[2026-04-05T14:36:33.858Z] [INFO] [review traktor/729881900] page=1 +0 reviews (unique=0)
[2026-04-05T14:36:33.886Z] [INFO] [REVIEW SAVED] /mnt/c/Developer/Review_AI/scraper_project/raw_data/traktor/729881900_reviews.json
[2026-04-05T14:36:33.918Z] [INFO] 
[REVIEW WORKER 4] starting traktor/728678327
[2026-04-05T14:36:34.166Z] [INFO] 
[START REVIEW] category=traktor productId=728310142 startPage=1
[2026-04-05T14:36:34.397Z] [INFO] [review traktor/728310142] page=1 +0 reviews (unique=0)
[2026-04-05T14:36:34.415Z] [INFO] [REVIEW SAVED] /mnt/c/Developer/Review_AI/scraper_project/raw_data/traktor/728310142_reviews.json
[2026-04-05T14:36:34.423Z] [INFO] 
[START REVIEW] category=traktor productId=729920278 startPage=1
[2026-04-05T14:36:34.440Z] [INFO] 
[REVIEW WORKER 6] starting traktor/728295412
[2026-04-05T14:36:34.637Z] [INFO] [review traktor/729920278] page=1 +0 reviews (unique=0)
[2026-04-05T14:36:34.655Z] [INFO] [REVIEW SAVED] /mnt/c/Developer/Review_AI/scraper_project/raw_data/traktor/729920278_reviews.json
[2026-04-05T14:36:34.678Z] [INFO] 
[REVIEW WORKER 5] starting traktor/728674417
[2026-04-05T14:36:35.515Z] [INFO] 
[START REVIEW] category=traktor productId=729881945 startPage=1
[2026-04-05T14:36:35.760Z] [INFO] [review traktor/729881945] page=1 +0 reviews (unique=0)
[2026-04-05T14:36:35.805Z] [INFO] [REVIEW SAVED] /mnt/c/Developer/Review_AI/scraper_project/raw_data/traktor/729881945_reviews.json
[2026-04-05T14:36:35.854Z] [INFO] 
[REVIEW WORKER 1] starting traktor/728659985
[2026-04-05T14:36:36.681Z] [INFO] 
[START REVIEW] category=traktor productId=728299280 startPage=1
[2026-04-05T14:36:37.089Z] [INFO] [review traktor/728299280] page=1 +0 reviews (unique=0)
[2026-04-05T14:36:37.117Z] [INFO] [REVIEW SAVED] /mnt/c/Developer/Review_AI/scraper_project/raw_data/traktor/728299280_reviews.json
[2026-04-05T14:36:37.147Z] [INFO] 
[REVIEW WORKER 2] starting traktor/728296983
[2026-04-05T14:36:38.116Z] [INFO] 
[START REVIEW] category=traktor productId=729881880 startPage=1
[2026-04-05T14:36:38.453Z] [INFO] 
[START REVIEW] category=traktor productId=728678327 startPage=1
[2026-04-05T14:36:39.055Z] [INFO] 
[START REVIEW] category=traktor productId=728295412 startPage=1
[2026-04-05T14:36:39.093Z] [INFO] [review traktor/729881880] page=1 +0 reviews (unique=0)
[2026-04-05T14:36:39.298Z] [INFO] [REVIEW SAVED] /mnt/c/Developer/Review_AI/scraper_project/raw_data/traktor/729881880_reviews.json
[2026-04-05T14:36:39.707Z] [INFO] 
[REVIEW WORKER 3] starting traktor/728193126
[2026-04-05T14:36:39.720Z] [INFO] [review traktor/728678327] page=1 +0 reviews (unique=0)
[2026-04-05T14:36:39.793Z] [INFO] [REVIEW SAVED] /mnt/c/Developer/Review_AI/scraper_project/raw_data/traktor/728678327_reviews.json
[2026-04-05T14:36:39.832Z] [INFO] 
[START REVIEW] category=traktor productId=728674417 startPage=1
[2026-04-05T14:36:39.989Z] [INFO] 
[REVIEW WORKER 4] starting traktor/728193030
[2026-04-05T14:36:40.012Z] [INFO] [review traktor/728295412] page=1 +0 reviews (unique=0)
[2026-04-05T14:36:40.155Z] [INFO] [REVIEW SAVED] /mnt/c/Developer/Review_AI/scraper_project/raw_data/traktor/728295412_reviews.json
[2026-04-05T14:36:40.313Z] [INFO] 
[REVIEW WORKER 6] starting traktor/727989895
[2026-04-05T14:36:41.375Z] [INFO] 
[START REVIEW] category=traktor productId=728659985 startPage=1
[2026-04-05T14:36:41.642Z] [INFO] [review traktor/728659985] page=1 +0 reviews (unique=0)
[2026-04-05T14:36:41.671Z] [INFO] [REVIEW SAVED] /mnt/c/Developer/Review_AI/scraper_project/raw_data/traktor/728659985_reviews.json
[2026-04-05T14:36:41.687Z] [INFO] 
[REVIEW WORKER 1] starting traktor/727989831
[2026-04-05T14:36:42.375Z] [INFO] 
[START REVIEW] category=traktor productId=728296983 startPage=1
[2026-04-05T14:36:42.652Z] [INFO] [review traktor/728296983] page=1 +0 reviews (unique=0)
[2026-04-05T14:36:42.677Z] [INFO] [REVIEW SAVED] /mnt/c/Developer/Review_AI/scraper_project/raw_data/traktor/728296983_reviews.json
[2026-04-05T14:36:42.687Z] [INFO] [review traktor/728674417] page=1 +0 reviews (unique=0)
[2026-04-05T14:36:42.714Z] [INFO] [REVIEW SAVED] /mnt/c/Developer/Review_AI/scraper_project/raw_data/traktor/728674417_reviews.json
[2026-04-05T14:36:42.744Z] [INFO] 
[REVIEW WORKER 2] starting traktor/728193090
[2026-04-05T14:36:42.773Z] [INFO] 
[REVIEW WORKER 5] starting traktor/728192993
[2026-04-05T14:36:44.569Z] [INFO] 
[START REVIEW] category=traktor productId=728193126 startPage=1
[2026-04-05T14:36:44.583Z] [INFO] 
[START REVIEW] category=traktor productId=727989895 startPage=1
[2026-04-05T14:36:44.660Z] [INFO] 
[START REVIEW] category=traktor productId=728193030 startPage=1
[2026-04-05T14:36:44.812Z] [INFO] [review traktor/728193126] page=1 +0 reviews (unique=0)
[2026-04-05T14:36:44.836Z] [INFO] [REVIEW SAVED] /mnt/c/Developer/Review_AI/scraper_project/raw_data/traktor/728193126_reviews.json
[2026-04-05T14:36:44.857Z] [INFO] 
[REVIEW WORKER 3] starting traktor/727989836
[2026-04-05T14:36:44.863Z] [INFO] [review traktor/727989895] page=1 +0 reviews (unique=0)
[2026-04-05T14:36:44.886Z] [INFO] [REVIEW SAVED] /mnt/c/Developer/Review_AI/scraper_project/raw_data/traktor/727989895_reviews.json
[2026-04-05T14:36:44.896Z] [INFO] [review traktor/728193030] page=1 +0 reviews (unique=0)
[2026-04-05T14:36:44.917Z] [INFO] [REVIEW SAVED] /mnt/c/Developer/Review_AI/scraper_project/raw_data/traktor/728193030_reviews.json
[2026-04-05T14:36:44.936Z] [INFO] 
[REVIEW WORKER 6] starting traktor/728101359
[2026-04-05T14:36:45.002Z] [INFO] 
[REVIEW WORKER 4] starting traktor/728193195
[2026-04-05T14:36:46.331Z] [INFO] 
[START REVIEW] category=traktor productId=727989831 startPage=1
[2026-04-05T14:36:46.546Z] [INFO] [review traktor/727989831] page=1 +0 reviews (unique=0)
[2026-04-05T14:36:46.607Z] [INFO] [REVIEW SAVED] /mnt/c/Developer/Review_AI/scraper_project/raw_data/traktor/727989831_reviews.json
[2026-04-05T14:36:46.639Z] [INFO] 
[REVIEW WORKER 1] starting traktor/727955437
[2026-04-05T14:36:47.475Z] [INFO] 
[START REVIEW] category=traktor productId=728193090 startPage=1
[2026-04-05T14:36:47.699Z] [INFO] 
[START REVIEW] category=traktor productId=728192993 startPage=1
[2026-04-05T14:36:48.104Z] [INFO] [review traktor/728193090] page=1 +0 reviews (unique=0)
[2026-04-05T14:36:48.184Z] [INFO] [REVIEW SAVED] /mnt/c/Developer/Review_AI/scraper_project/raw_data/traktor/728193090_reviews.json
[2026-04-05T14:36:48.241Z] [INFO] 
[REVIEW WORKER 2] starting traktor/728193238
[2026-04-05T14:36:48.487Z] [INFO] [review traktor/728192993] page=1 +0 reviews (unique=0)
[2026-04-05T14:36:48.789Z] [INFO] [REVIEW SAVED] /mnt/c/Developer/Review_AI/scraper_project/raw_data/traktor/728192993_reviews.json
[2026-04-05T14:36:48.976Z] [INFO] 
[REVIEW WORKER 5] starting traktor/728193078
[2026-04-05T14:36:49.651Z] [INFO] 
[START REVIEW] category=traktor productId=728101359 startPage=1
[2026-04-05T14:36:49.682Z] [INFO] 
[START REVIEW] category=traktor productId=728193195 startPage=1
[2026-04-05T14:36:50.194Z] [INFO] [review traktor/728101359] page=1 +0 reviews (unique=0)
[2026-04-05T14:36:50.223Z] [INFO] [REVIEW SAVED] /mnt/c/Developer/Review_AI/scraper_project/raw_data/traktor/728101359_reviews.json
[2026-04-05T14:36:50.251Z] [INFO] 
[REVIEW WORKER 6] starting traktor/728192854
[2026-04-05T14:36:50.361Z] [INFO] [review traktor/728193195] page=1 +0 reviews (unique=0)
[2026-04-05T14:36:50.387Z] [INFO] [REVIEW SAVED] /mnt/c/Developer/Review_AI/scraper_project/raw_data/traktor/728193195_reviews.json
[2026-04-05T14:36:50.424Z] [INFO] 
[REVIEW WORKER 4] starting traktor/728193013
[2026-04-05T14:36:51.145Z] [INFO] 
[START REVIEW] category=traktor productId=727989836 startPage=1
[2026-04-05T14:36:51.366Z] [INFO] [review traktor/727989836] page=1 +0 reviews (unique=0)
[2026-04-05T14:36:51.382Z] [INFO] [REVIEW SAVED] /mnt/c/Developer/Review_AI/scraper_project/raw_data/traktor/727989836_reviews.json
[2026-04-05T14:36:51.400Z] [INFO] 
[REVIEW WORKER 3] starting traktor/727955382
[2026-04-05T14:36:51.693Z] [INFO] 
[START REVIEW] category=traktor productId=727955437 startPage=1
[2026-04-05T14:36:51.920Z] [INFO] [review traktor/727955437] page=1 +0 reviews (unique=0)
[2026-04-05T14:36:51.937Z] [INFO] [REVIEW SAVED] /mnt/c/Developer/Review_AI/scraper_project/raw_data/traktor/727955437_reviews.json
[2026-04-05T14:36:51.962Z] [INFO] 
[REVIEW WORKER 1] starting traktor/727955253
[2026-04-05T14:36:53.338Z] [INFO] 
[START REVIEW] category=traktor productId=728193238 startPage=1
[2026-04-05T14:36:53.562Z] [INFO] [review traktor/728193238] page=1 +0 reviews (unique=0)
[2026-04-05T14:36:53.581Z] [INFO] [REVIEW SAVED] /mnt/c/Developer/Review_AI/scraper_project/raw_data/traktor/728193238_reviews.json
[2026-04-05T14:36:53.603Z] [INFO] 
[REVIEW WORKER 2] starting traktor/728284831
[2026-04-05T14:36:53.634Z] [INFO] 
[START REVIEW] category=traktor productId=728193078 startPage=1
[2026-04-05T14:36:54.632Z] [INFO] 
[START REVIEW] category=traktor productId=728193013 startPage=1
[2026-04-05T14:36:54.748Z] [INFO] 
[START REVIEW] category=traktor productId=728192854 startPage=1
[2026-04-05T14:36:54.939Z] [INFO] [review traktor/728193013] page=1 +0 reviews (unique=0)
[2026-04-05T14:36:54.980Z] [INFO] [REVIEW SAVED] /mnt/c/Developer/Review_AI/scraper_project/raw_data/traktor/728193013_reviews.json
[2026-04-05T14:36:55.015Z] [INFO] 
[REVIEW WORKER 4] starting traktor/728194143
[2026-04-05T14:36:55.768Z] [INFO] [review traktor/728193078] page=1 +0 reviews (unique=0)
[2026-04-05T14:36:55.834Z] [INFO] [REVIEW SAVED] /mnt/c/Developer/Review_AI/scraper_project/raw_data/traktor/728193078_reviews.json
[2026-04-05T14:36:55.872Z] [INFO] 
[START REVIEW] category=traktor productId=727955382 startPage=1
[2026-04-05T14:36:55.937Z] [INFO] 
[REVIEW WORKER 5] starting traktor/728192571
[2026-04-05T14:36:56.363Z] [INFO] [review traktor/727955382] page=1 +0 reviews (unique=0)
[2026-04-05T14:36:56.441Z] [INFO] [REVIEW SAVED] /mnt/c/Developer/Review_AI/scraper_project/raw_data/traktor/727955382_reviews.json
[2026-04-05T14:36:56.486Z] [INFO] 
[START REVIEW] category=traktor productId=727955253 startPage=1
[2026-04-05T14:36:56.555Z] [INFO] 
[REVIEW WORKER 3] starting traktor/727954909
[2026-04-05T14:36:57.117Z] [INFO] [review traktor/727955253] page=1 +0 reviews (unique=0)
[2026-04-05T14:36:57.156Z] [INFO] [REVIEW SAVED] /mnt/c/Developer/Review_AI/scraper_project/raw_data/traktor/727955253_reviews.json
[2026-04-05T14:36:57.200Z] [INFO] 
[REVIEW WORKER 1] starting traktor/724146283
[2026-04-05T14:36:58.955Z] [INFO] [review traktor/728192854] page=1 +0 reviews (unique=0)
[2026-04-05T14:36:58.982Z] [INFO] [REVIEW SAVED] /mnt/c/Developer/Review_AI/scraper_project/raw_data/traktor/728192854_reviews.json
[2026-04-05T14:36:59.005Z] [INFO] 
[REVIEW WORKER 6] starting traktor/727954501
[2026-04-05T14:36:59.027Z] [INFO] 
[START REVIEW] category=traktor productId=728284831 startPage=1
[2026-04-05T14:36:59.313Z] [INFO] [review traktor/728284831] page=1 +0 reviews (unique=0)
[2026-04-05T14:36:59.333Z] [INFO] [REVIEW SAVED] /mnt/c/Developer/Review_AI/scraper_project/raw_data/traktor/728284831_reviews.json
[2026-04-05T14:36:59.357Z] [INFO] 
[REVIEW WORKER 2] starting traktor/727954827
[2026-04-05T14:37:03.121Z] [INFO] 
[START REVIEW] category=traktor productId=728194143 startPage=1
[2026-04-05T14:37:05.610Z] [INFO] 
[START REVIEW] category=traktor productId=727954827 startPage=1
[2026-04-05T14:37:05.633Z] [INFO] 
[START REVIEW] category=traktor productId=724146283 startPage=1
[2026-04-05T14:37:05.656Z] [INFO] 
[START REVIEW] category=traktor productId=727954501 startPage=1
[2026-04-05T14:37:05.811Z] [INFO] 
[START REVIEW] category=traktor productId=727954909 startPage=1
[2026-04-05T14:37:05.940Z] [INFO] [review traktor/727954827] page=1 +0 reviews (unique=0)
[2026-04-05T14:37:05.957Z] [INFO] [REVIEW SAVED] /mnt/c/Developer/Review_AI/scraper_project/raw_data/traktor/727954827_reviews.json
[2026-04-05T14:37:05.966Z] [INFO] [review traktor/727954501] page=1 +0 reviews (unique=0)
[2026-04-05T14:37:05.987Z] [INFO] [REVIEW SAVED] /mnt/c/Developer/Review_AI/scraper_project/raw_data/traktor/727954501_reviews.json
[2026-04-05T14:37:06.009Z] [INFO] 
[REVIEW WORKER 2] starting traktor/724144705
[2026-04-05T14:37:06.019Z] [INFO] 
[REVIEW WORKER 6] starting traktor/724144289
[2026-04-05T14:37:06.029Z] [INFO] [review traktor/724146283] page=1 +0 reviews (unique=0)
[2026-04-05T14:37:06.047Z] [INFO] [REVIEW SAVED] /mnt/c/Developer/Review_AI/scraper_project/raw_data/traktor/724146283_reviews.json
[2026-04-05T14:37:06.056Z] [INFO] [review traktor/727954909] page=1 +0 reviews (unique=0)
[2026-04-05T14:37:06.075Z] [INFO] [REVIEW SAVED] /mnt/c/Developer/Review_AI/scraper_project/raw_data/traktor/727954909_reviews.json
[2026-04-05T14:37:06.095Z] [INFO] 
[REVIEW WORKER 1] starting traktor/724145731
[2026-04-05T14:37:06.193Z] [INFO] 
[REVIEW WORKER 3] starting traktor/727949704
[2026-04-05T14:37:10.511Z] [INFO] 
[START REVIEW] category=traktor productId=727949704 startPage=1
[2026-04-05T14:37:10.701Z] [INFO] 
[START REVIEW] category=traktor productId=724145731 startPage=1
[2026-04-05T14:37:10.791Z] [INFO] [review traktor/727949704] page=1 +0 reviews (unique=0)
[2026-04-05T14:37:10.823Z] [INFO] [REVIEW SAVED] /mnt/c/Developer/Review_AI/scraper_project/raw_data/traktor/727949704_reviews.json
[2026-04-05T14:37:10.859Z] [INFO] 
[REVIEW WORKER 3] starting traktor/727949640
[2026-04-05T14:37:10.868Z] [INFO] 
[START REVIEW] category=traktor productId=724144705 startPage=1
[2026-04-05T14:37:10.939Z] [INFO] [review traktor/724145731] page=1 +0 reviews (unique=0)
[2026-04-05T14:37:10.959Z] [INFO] [REVIEW SAVED] /mnt/c/Developer/Review_AI/scraper_project/raw_data/traktor/724145731_reviews.json
[2026-04-05T14:37:10.986Z] [INFO] 
[START REVIEW] category=traktor productId=724144289 startPage=1
[2026-04-05T14:37:10.995Z] [INFO] 
[REVIEW WORKER 1] starting traktor/724146018
[2026-04-05T14:37:11.106Z] [INFO] [review traktor/724144705] page=1 +0 reviews (unique=0)
[2026-04-05T14:37:11.145Z] [INFO] [REVIEW SAVED] /mnt/c/Developer/Review_AI/scraper_project/raw_data/traktor/724144705_reviews.json
[2026-04-05T14:37:11.158Z] [INFO] 
[REVIEW WORKER 2] starting traktor/727949775
[2026-04-05T14:37:11.332Z] [INFO] [review traktor/724144289] page=1 +0 reviews (unique=0)
[2026-04-05T14:37:11.346Z] [INFO] [REVIEW SAVED] /mnt/c/Developer/Review_AI/scraper_project/raw_data/traktor/724144289_reviews.json
[2026-04-05T14:37:11.360Z] [INFO] 
[REVIEW WORKER 6] starting traktor/724145924
[2026-04-05T14:37:15.174Z] [INFO] 
[START REVIEW] category=traktor productId=724146018 startPage=1
[2026-04-05T14:37:15.215Z] [INFO] 
[START REVIEW] category=traktor productId=727949640 startPage=1
[2026-04-05T14:37:15.478Z] [INFO] [review traktor/727949640] page=1 +0 reviews (unique=0)
[2026-04-05T14:37:15.540Z] [INFO] [REVIEW SAVED] /mnt/c/Developer/Review_AI/scraper_project/raw_data/traktor/727949640_reviews.json
[2026-04-05T14:37:15.590Z] [INFO] 
[START REVIEW] category=traktor productId=727949775 startPage=1
[2026-04-05T14:37:15.655Z] [INFO] [review traktor/724146018] page=1 +0 reviews (unique=0)
[2026-04-05T14:37:15.878Z] [INFO] [REVIEW SAVED] /mnt/c/Developer/Review_AI/scraper_project/raw_data/traktor/724146018_reviews.json
[2026-04-05T14:37:16.115Z] [INFO] 
[START REVIEW] category=traktor productId=724145924 startPage=1
[2026-04-05T14:37:16.278Z] [INFO] 
[REVIEW WORKER 3] starting traktor/727949585
[2026-04-05T14:37:16.318Z] [INFO] 
[REVIEW WORKER 1] starting traktor/724144442
[2026-04-05T14:37:16.863Z] [INFO] [review traktor/724145924] page=1 +0 reviews (unique=0)
[2026-04-05T14:37:16.911Z] [INFO] [REVIEW SAVED] /mnt/c/Developer/Review_AI/scraper_project/raw_data/traktor/724145924_reviews.json
[2026-04-05T14:37:16.937Z] [INFO] 
[REVIEW WORKER 6] starting traktor/727954516
[2026-04-05T14:37:18.254Z] [INFO] [review traktor/727949775] page=1 +0 reviews (unique=0)
[2026-04-05T14:37:18.269Z] [INFO] [REVIEW SAVED] /mnt/c/Developer/Review_AI/scraper_project/raw_data/traktor/727949775_reviews.json
[2026-04-05T14:37:18.297Z] [INFO] 
[REVIEW WORKER 2] starting traktor/724145566
[2026-04-05T14:37:20.723Z] [INFO] 
[START REVIEW] category=traktor productId=724144442 startPage=1
[2026-04-05T14:37:20.945Z] [INFO] 
[START REVIEW] category=traktor productId=727949585 startPage=1
[2026-04-05T14:37:21.178Z] [INFO] [review traktor/727949585] page=1 +0 reviews (unique=0)
[2026-04-05T14:37:21.204Z] [INFO] [REVIEW SAVED] /mnt/c/Developer/Review_AI/scraper_project/raw_data/traktor/727949585_reviews.json
[2026-04-05T14:37:21.215Z] [INFO] [review traktor/724144442] page=1 +0 reviews (unique=0)
[2026-04-05T14:37:21.251Z] [INFO] [REVIEW SAVED] /mnt/c/Developer/Review_AI/scraper_project/raw_data/traktor/724144442_reviews.json
[2026-04-05T14:37:21.278Z] [INFO] 
[REVIEW WORKER 3] starting traktor/724144542
[2026-04-05T14:37:21.306Z] [INFO] 
[REVIEW WORKER 1] starting traktor/727949691
[2026-04-05T14:37:21.493Z] [INFO] 
[START REVIEW] category=traktor productId=727954516 startPage=1
[2026-04-05T14:37:21.846Z] [INFO] [review traktor/727954516] page=1 +0 reviews (unique=0)
[2026-04-05T14:37:21.871Z] [INFO] [REVIEW SAVED] /mnt/c/Developer/Review_AI/scraper_project/raw_data/traktor/727954516_reviews.json
[2026-04-05T14:37:21.895Z] [INFO] 
[REVIEW WORKER 6] starting traktor/727949752
[2026-04-05T14:37:22.843Z] [INFO] 
[START REVIEW] category=traktor productId=724145566 startPage=1
[2026-04-05T14:37:23.098Z] [INFO] [review traktor/724145566] page=1 +0 reviews (unique=0)
[2026-04-05T14:37:23.110Z] [INFO] [REVIEW SAVED] /mnt/c/Developer/Review_AI/scraper_project/raw_data/traktor/724145566_reviews.json
[2026-04-05T14:37:23.133Z] [INFO] 
[REVIEW WORKER 2] starting traktor/724145815
[2026-04-05T14:37:25.883Z] [INFO] 
[START REVIEW] category=traktor productId=727949691 startPage=1
[2026-04-05T14:37:25.951Z] [INFO] 
[START REVIEW] category=traktor productId=724144542 startPage=1
[2026-04-05T14:37:26.080Z] [INFO] 
[START REVIEW] category=traktor productId=727949752 startPage=1
[2026-04-05T14:37:26.594Z] [INFO] [review traktor/724144542] page=1 +0 reviews (unique=0)
[2026-04-05T14:37:26.694Z] [INFO] [REVIEW SAVED] /mnt/c/Developer/Review_AI/scraper_project/raw_data/traktor/724144542_reviews.json
[2026-04-05T14:37:26.718Z] [INFO] [review traktor/727949691] page=1 +0 reviews (unique=0)
[2026-04-05T14:37:26.804Z] [INFO] [REVIEW SAVED] /mnt/c/Developer/Review_AI/scraper_project/raw_data/traktor/727949691_reviews.json
[2026-04-05T14:37:26.887Z] [INFO] 
[REVIEW WORKER 3] starting traktor/724145782
[2026-04-05T14:37:26.951Z] [INFO] 
[REVIEW WORKER 1] starting traktor/724142472
[2026-04-05T14:37:27.007Z] [INFO] [review traktor/727949752] page=1 +0 reviews (unique=0)
[2026-04-05T14:37:27.038Z] [INFO] [REVIEW SAVED] /mnt/c/Developer/Review_AI/scraper_project/raw_data/traktor/727949752_reviews.json
[2026-04-05T14:37:27.131Z] [INFO] 
[REVIEW WORKER 6] starting traktor/724142027
[2026-04-05T14:37:28.270Z] [INFO] 
[START REVIEW] category=traktor productId=724145815 startPage=1
[2026-04-05T14:37:28.479Z] [INFO] [review traktor/724145815] page=1 +0 reviews (unique=0)
[2026-04-05T14:37:28.488Z] [INFO] [REVIEW SAVED] /mnt/c/Developer/Review_AI/scraper_project/raw_data/traktor/724145815_reviews.json
[2026-04-05T14:37:28.508Z] [INFO] 
[REVIEW WORKER 2] starting traktor/724141547
[2026-04-05T14:37:31.149Z] [INFO] 
[START REVIEW] category=traktor productId=724145782 startPage=1
[2026-04-05T14:37:31.344Z] [INFO] [review traktor/724145782] page=1 +0 reviews (unique=0)
[2026-04-05T14:37:31.364Z] [INFO] [REVIEW SAVED] /mnt/c/Developer/Review_AI/scraper_project/raw_data/traktor/724145782_reviews.json
[2026-04-05T14:37:31.390Z] [INFO] 
[REVIEW WORKER 3] starting traktor/723850023
[2026-04-05T14:37:31.406Z] [INFO] 
[START REVIEW] category=traktor productId=724142472 startPage=1
[2026-04-05T14:37:31.569Z] [INFO] 
[START REVIEW] category=traktor productId=724142027 startPage=1
[2026-04-05T14:37:31.704Z] [INFO] [review traktor/724142472] page=1 +0 reviews (unique=0)
[2026-04-05T14:37:31.726Z] [INFO] [REVIEW SAVED] /mnt/c/Developer/Review_AI/scraper_project/raw_data/traktor/724142472_reviews.json
[2026-04-05T14:37:31.754Z] [INFO] 
[REVIEW WORKER 1] starting traktor/724141836
[2026-04-05T14:37:31.813Z] [INFO] [review traktor/724142027] page=1 +0 reviews (unique=0)
[2026-04-05T14:37:31.840Z] [INFO] [REVIEW SAVED] /mnt/c/Developer/Review_AI/scraper_project/raw_data/traktor/724142027_reviews.json
[2026-04-05T14:37:31.865Z] [INFO] 
[REVIEW WORKER 6] starting traktor/724141441
[2026-04-05T14:37:33.053Z] [INFO] 
[START REVIEW] category=traktor productId=724141547 startPage=1
[2026-04-05T14:37:33.280Z] [INFO] [review traktor/724141547] page=1 +0 reviews (unique=0)
[2026-04-05T14:37:33.300Z] [INFO] [REVIEW SAVED] /mnt/c/Developer/Review_AI/scraper_project/raw_data/traktor/724141547_reviews.json
[2026-04-05T14:37:33.316Z] [INFO] 
[REVIEW WORKER 2] starting traktor/724141185
[2026-04-05T14:37:35.472Z] [INFO] 
[START REVIEW] category=traktor productId=723850023 startPage=1
[2026-04-05T14:37:35.682Z] [INFO] [review traktor/723850023] page=1 +0 reviews (unique=0)
[2026-04-05T14:37:35.740Z] [INFO] [REVIEW SAVED] /mnt/c/Developer/Review_AI/scraper_project/raw_data/traktor/723850023_reviews.json
[2026-04-05T14:37:35.798Z] [INFO] 
[REVIEW WORKER 3] starting traktor/724141410
[2026-04-05T14:37:35.835Z] [INFO] 
[START REVIEW] category=traktor productId=724141836 startPage=1
[2026-04-05T14:37:35.961Z] [INFO] 
[START REVIEW] category=traktor productId=724141441 startPage=1
[2026-04-05T14:37:36.137Z] [INFO] [review traktor/724141836] page=1 +0 reviews (unique=0)
[2026-04-05T14:37:36.184Z] [INFO] [REVIEW SAVED] /mnt/c/Developer/Review_AI/scraper_project/raw_data/traktor/724141836_reviews.json
[2026-04-05T14:37:36.223Z] [INFO] 
[REVIEW WORKER 1] starting traktor/723850190
[2026-04-05T14:37:36.323Z] [INFO] [review traktor/724141441] page=1 +0 reviews (unique=0)
[2026-04-05T14:37:36.393Z] [INFO] [REVIEW SAVED] /mnt/c/Developer/Review_AI/scraper_project/raw_data/traktor/724141441_reviews.json
[2026-04-05T14:37:36.454Z] [INFO] 
[REVIEW WORKER 6] starting traktor/724141284
[2026-04-05T14:37:37.834Z] [INFO] 
[START REVIEW] category=traktor productId=724141185 startPage=1
[2026-04-05T14:37:38.050Z] [INFO] [review traktor/724141185] page=1 +0 reviews (unique=0)
[2026-04-05T14:37:38.064Z] [INFO] [REVIEW SAVED] /mnt/c/Developer/Review_AI/scraper_project/raw_data/traktor/724141185_reviews.json
[2026-04-05T14:37:38.076Z] [INFO] 
[REVIEW WORKER 2] starting traktor/724142727
[2026-04-05T14:37:39.368Z] [INFO] [review traktor/728194143] page=1 +0 reviews (unique=0)
[2026-04-05T14:37:39.391Z] [INFO] [REVIEW SAVED] /mnt/c/Developer/Review_AI/scraper_project/raw_data/traktor/728194143_reviews.json
[2026-04-05T14:37:39.422Z] [INFO] 
[REVIEW WORKER 4] starting traktor/723850069
[2026-04-05T14:37:40.259Z] [INFO] 
[START REVIEW] category=traktor productId=724141410 startPage=1
[2026-04-05T14:37:40.475Z] [INFO] [review traktor/724141410] page=1 +0 reviews (unique=0)
[2026-04-05T14:37:40.497Z] [INFO] [REVIEW SAVED] /mnt/c/Developer/Review_AI/scraper_project/raw_data/traktor/724141410_reviews.json
[2026-04-05T14:37:40.514Z] [INFO] 
[START REVIEW] category=traktor productId=724141284 startPage=1
[2026-04-05T14:37:40.547Z] [INFO] 
[REVIEW WORKER 3] starting traktor/724057690
[2026-04-05T14:37:40.798Z] [INFO] [review traktor/724141284] page=1 +0 reviews (unique=0)
[2026-04-05T14:37:40.829Z] [INFO] [REVIEW SAVED] /mnt/c/Developer/Review_AI/scraper_project/raw_data/traktor/724141284_reviews.json
[2026-04-05T14:37:40.858Z] [INFO] 
[REVIEW WORKER 6] starting traktor/723850065
[2026-04-05T14:37:40.985Z] [INFO] 
[START REVIEW] category=traktor productId=723850190 startPage=1
[2026-04-05T14:37:41.221Z] [INFO] [review traktor/723850190] page=1 +0 reviews (unique=0)
[2026-04-05T14:37:41.236Z] [INFO] [REVIEW SAVED] /mnt/c/Developer/Review_AI/scraper_project/raw_data/traktor/723850190_reviews.json
[2026-04-05T14:37:41.258Z] [INFO] 
[REVIEW WORKER 1] starting traktor/724140156
[2026-04-05T14:37:42.199Z] [INFO] 
[START REVIEW] category=traktor productId=724142727 startPage=1
[2026-04-05T14:37:42.458Z] [INFO] [review traktor/724142727] page=1 +0 reviews (unique=0)
[2026-04-05T14:37:42.486Z] [INFO] [REVIEW SAVED] /mnt/c/Developer/Review_AI/scraper_project/raw_data/traktor/724142727_reviews.json
[2026-04-05T14:37:42.517Z] [INFO] 
[REVIEW WORKER 2] starting traktor/724138975
[2026-04-05T14:37:43.823Z] [INFO] 
[START REVIEW] category=traktor productId=723850069 startPage=1
[2026-04-05T14:37:44.094Z] [INFO] [review traktor/723850069] page=1 +0 reviews (unique=0)
[2026-04-05T14:37:44.152Z] [INFO] [REVIEW SAVED] /mnt/c/Developer/Review_AI/scraper_project/raw_data/traktor/723850069_reviews.json
[2026-04-05T14:37:44.201Z] [INFO] 
[REVIEW WORKER 4] starting traktor/724141502
[2026-04-05T14:37:45.558Z] [INFO] 
[START REVIEW] category=traktor productId=724057690 startPage=1
[2026-04-05T14:37:45.574Z] [INFO] 
[START REVIEW] category=traktor productId=723850065 startPage=1
[2026-04-05T14:37:45.848Z] [INFO] 
[START REVIEW] category=traktor productId=724140156 startPage=1
[2026-04-05T14:37:45.900Z] [INFO] [review traktor/724057690] page=1 +0 reviews (unique=0)
[2026-04-05T14:37:45.932Z] [INFO] [REVIEW SAVED] /mnt/c/Developer/Review_AI/scraper_project/raw_data/traktor/724057690_reviews.json
[2026-04-05T14:37:45.955Z] [INFO] 
[REVIEW WORKER 3] starting traktor/723850130
[2026-04-05T14:37:46.035Z] [INFO] [review traktor/723850065] page=1 +0 reviews (unique=0)
[2026-04-05T14:37:46.055Z] [INFO] [REVIEW SAVED] /mnt/c/Developer/Review_AI/scraper_project/raw_data/traktor/723850065_reviews.json
[2026-04-05T14:37:46.080Z] [INFO] 
[REVIEW WORKER 6] starting traktor/724143603
[2026-04-05T14:37:47.094Z] [INFO] 
[START REVIEW] category=traktor productId=724138975 startPage=1
[2026-04-05T14:37:47.324Z] [INFO] [review traktor/724138975] page=1 +0 reviews (unique=0)
[2026-04-05T14:37:47.338Z] [INFO] [REVIEW SAVED] /mnt/c/Developer/Review_AI/scraper_project/raw_data/traktor/724138975_reviews.json
[2026-04-05T14:37:47.359Z] [INFO] 
[REVIEW WORKER 2] starting traktor/724141174
[2026-04-05T14:37:48.416Z] [INFO] 
[START REVIEW] category=traktor productId=724141502 startPage=1
[2026-04-05T14:37:48.668Z] [INFO] [review traktor/724141502] page=1 +0 reviews (unique=0)
[2026-04-05T14:37:48.691Z] [INFO] [REVIEW SAVED] /mnt/c/Developer/Review_AI/scraper_project/raw_data/traktor/724141502_reviews.json
[2026-04-05T14:37:48.724Z] [INFO] 
[REVIEW WORKER 4] starting traktor/721164892
[2026-04-05T14:37:49.834Z] [INFO] 
[START REVIEW] category=traktor productId=723850130 startPage=1
[2026-04-05T14:37:50.035Z] [INFO] 
[START REVIEW] category=traktor productId=724143603 startPage=1
[2026-04-05T14:37:50.043Z] [INFO] [review traktor/723850130] page=1 +0 reviews (unique=0)
[2026-04-05T14:37:50.072Z] [INFO] [REVIEW SAVED] /mnt/c/Developer/Review_AI/scraper_project/raw_data/traktor/723850130_reviews.json
[2026-04-05T14:37:50.095Z] [INFO] 
[REVIEW WORKER 3] starting traktor/721163870
[2026-04-05T14:37:50.279Z] [INFO] [review traktor/724143603] page=1 +0 reviews (unique=0)
[2026-04-05T14:37:50.326Z] [INFO] [REVIEW SAVED] /mnt/c/Developer/Review_AI/scraper_project/raw_data/traktor/724143603_reviews.json
[2026-04-05T14:37:50.335Z] [INFO] [review traktor/724140156] page=1 +0 reviews (unique=0)
[2026-04-05T14:37:50.367Z] [INFO] [REVIEW SAVED] /mnt/c/Developer/Review_AI/scraper_project/raw_data/traktor/724140156_reviews.json
[2026-04-05T14:37:50.404Z] [INFO] 
[REVIEW WORKER 6] starting traktor/720081193
[2026-04-05T14:37:50.418Z] [INFO] 
[REVIEW WORKER 1] starting traktor/721164447
[2026-04-05T14:37:51.383Z] [INFO] 
[START REVIEW] category=traktor productId=724141174 startPage=1
[2026-04-05T14:37:51.698Z] [INFO] [review traktor/724141174] page=1 +0 reviews (unique=0)
[2026-04-05T14:37:51.730Z] [INFO] [REVIEW SAVED] /mnt/c/Developer/Review_AI/scraper_project/raw_data/traktor/724141174_reviews.json
[2026-04-05T14:37:51.764Z] [INFO] 
[REVIEW WORKER 2] starting traktor/723850017
[2026-04-05T14:37:53.276Z] [INFO] 
[START REVIEW] category=traktor productId=721164892 startPage=1
[2026-04-05T14:37:53.517Z] [INFO] [review traktor/721164892] page=1 +0 reviews (unique=0)
[2026-04-05T14:37:53.549Z] [INFO] [REVIEW SAVED] /mnt/c/Developer/Review_AI/scraper_project/raw_data/traktor/721164892_reviews.json
[2026-04-05T14:37:53.588Z] [INFO] 
[REVIEW WORKER 4] starting traktor/721164120
[2026-04-05T14:37:54.422Z] [INFO] 
[START REVIEW] category=traktor productId=721163870 startPage=1
[2026-04-05T14:37:54.675Z] [INFO] 
[START REVIEW] category=traktor productId=721164447 startPage=1
[2026-04-05T14:37:54.693Z] [INFO] 
[START REVIEW] category=traktor productId=720081193 startPage=1
[2026-04-05T14:37:54.858Z] [INFO] [review traktor/721163870] page=1 +0 reviews (unique=0)
[2026-04-05T14:37:54.876Z] [INFO] [REVIEW SAVED] /mnt/c/Developer/Review_AI/scraper_project/raw_data/traktor/721163870_reviews.json
[2026-04-05T14:37:54.893Z] [INFO] 
[REVIEW WORKER 3] starting traktor/721164985
[2026-04-05T14:37:54.913Z] [INFO] [review traktor/721164447] page=1 +0 reviews (unique=0)
[2026-04-05T14:37:54.943Z] [INFO] [REVIEW SAVED] /mnt/c/Developer/Review_AI/scraper_project/raw_data/traktor/721164447_reviews.json
[2026-04-05T14:37:54.948Z] [INFO] [review traktor/720081193] page=1 +0 reviews (unique=0)
[2026-04-05T14:37:54.979Z] [INFO] [REVIEW SAVED] /mnt/c/Developer/Review_AI/scraper_project/raw_data/traktor/720081193_reviews.json
[2026-04-05T14:37:55.026Z] [INFO] 
[REVIEW WORKER 1] starting traktor/722059715
[2026-04-05T14:37:55.039Z] [INFO] 
[REVIEW WORKER 6] starting traktor/721164406
[2026-04-05T14:37:55.840Z] [INFO] 
[START REVIEW] category=traktor productId=723850017 startPage=1
[2026-04-05T14:37:56.078Z] [INFO] [review traktor/723850017] page=1 +0 reviews (unique=0)
[2026-04-05T14:37:56.109Z] [INFO] [REVIEW SAVED] /mnt/c/Developer/Review_AI/scraper_project/raw_data/traktor/723850017_reviews.json
[2026-04-05T14:37:56.135Z] [INFO] 
[REVIEW WORKER 2] starting traktor/721163862
[2026-04-05T14:37:56.173Z] [ERROR] [REVIEW ERROR] traktor/728192571
[2026-04-05T14:37:56.178Z] [ERROR] {"name":"TimeoutError"}
[2026-04-05T14:37:56.210Z] [INFO] 
[REVIEW WORKER 5] starting traktor/722059842
[2026-04-05T14:37:57.719Z] [INFO] 
[START REVIEW] category=traktor productId=721164120 startPage=1
[2026-04-05T14:37:58.527Z] [INFO] [review traktor/721164120] page=1 +0 reviews (unique=0)
[2026-04-05T14:37:58.549Z] [INFO] [REVIEW SAVED] /mnt/c/Developer/Review_AI/scraper_project/raw_data/traktor/721164120_reviews.json
[2026-04-05T14:37:58.575Z] [INFO] 
[REVIEW WORKER 4] starting traktor/723849994
[2026-04-05T14:37:58.995Z] [INFO] 
[START REVIEW] category=traktor productId=721164406 startPage=1
[2026-04-05T14:37:59.043Z] [INFO] 
[START REVIEW] category=traktor productId=721164985 startPage=1
[2026-04-05T14:37:59.104Z] [INFO] 
[START REVIEW] category=traktor productId=722059715 startPage=1
[2026-04-05T14:37:59.305Z] [INFO] [review traktor/721164406] page=1 +0 reviews (unique=0)
[2026-04-05T14:37:59.337Z] [INFO] [REVIEW SAVED] /mnt/c/Developer/Review_AI/scraper_project/raw_data/traktor/721164406_reviews.json
[2026-04-05T14:37:59.369Z] [INFO] 
[REVIEW WORKER 6] starting traktor/721164972
[2026-04-05T14:37:59.442Z] [INFO] [review traktor/721164985] page=1 +0 reviews (unique=0)
[2026-04-05T14:37:59.462Z] [INFO] [REVIEW SAVED] /mnt/c/Developer/Review_AI/scraper_project/raw_data/traktor/721164985_reviews.json
[2026-04-05T14:37:59.479Z] [INFO] [review traktor/722059715] page=1 +0 reviews (unique=0)
[2026-04-05T14:37:59.494Z] [INFO] [REVIEW SAVED] /mnt/c/Developer/Review_AI/scraper_project/raw_data/traktor/722059715_reviews.json
[2026-04-05T14:37:59.515Z] [INFO] 
[REVIEW WORKER 3] starting traktor/722059576
[2026-04-05T14:37:59.534Z] [INFO] 
[REVIEW WORKER 1] starting traktor/721165071
[2026-04-05T14:38:01.110Z] [INFO] 
[START REVIEW] category=traktor productId=722059842 startPage=1
[2026-04-05T14:38:01.120Z] [INFO] 
[START REVIEW] category=traktor productId=721163862 startPage=1
[2026-04-05T14:38:01.455Z] [INFO] [review traktor/721163862] page=1 +0 reviews (unique=0)
[2026-04-05T14:38:01.484Z] [INFO] [REVIEW SAVED] /mnt/c/Developer/Review_AI/scraper_project/raw_data/traktor/721163862_reviews.json
[2026-04-05T14:38:01.489Z] [INFO] [review traktor/722059842] page=1 +0 reviews (unique=0)
[2026-04-05T14:38:01.514Z] [INFO] [REVIEW SAVED] /mnt/c/Developer/Review_AI/scraper_project/raw_data/traktor/722059842_reviews.json
[2026-04-05T14:38:01.537Z] [INFO] 
[REVIEW WORKER 2] starting traktor/723849904
[2026-04-05T14:38:01.546Z] [INFO] 
[REVIEW WORKER 5] starting traktor/722059676
[2026-04-05T14:38:02.670Z] [INFO] 
[START REVIEW] category=traktor productId=723849994 startPage=1
[2026-04-05T14:38:02.909Z] [INFO] [review traktor/723849994] page=1 +0 reviews (unique=0)
[2026-04-05T14:38:02.949Z] [INFO] [REVIEW SAVED] /mnt/c/Developer/Review_AI/scraper_project/raw_data/traktor/723849994_reviews.json
[2026-04-05T14:38:02.996Z] [INFO] 
[REVIEW WORKER 4] starting traktor/721165035
[2026-04-05T14:38:03.857Z] [INFO] 
[START REVIEW] category=traktor productId=722059576 startPage=1
[2026-04-05T14:38:03.896Z] [INFO] 
[START REVIEW] category=traktor productId=721164972 startPage=1
[2026-04-05T14:38:03.934Z] [INFO] 
[START REVIEW] category=traktor productId=721165071 startPage=1
[2026-04-05T14:38:04.150Z] [INFO] [review traktor/722059576] page=1 +0 reviews (unique=0)
[2026-04-05T14:38:04.190Z] [INFO] [REVIEW SAVED] /mnt/c/Developer/Review_AI/scraper_project/raw_data/traktor/722059576_reviews.json
[2026-04-05T14:38:04.198Z] [INFO] [review traktor/721164972] page=1 +0 reviews (unique=0)
[2026-04-05T14:38:04.239Z] [INFO] [REVIEW SAVED] /mnt/c/Developer/Review_AI/scraper_project/raw_data/traktor/721164972_reviews.json
[2026-04-05T14:38:04.245Z] [INFO] [review traktor/721165071] page=1 +0 reviews (unique=0)
[2026-04-05T14:38:04.280Z] [INFO] [REVIEW SAVED] /mnt/c/Developer/Review_AI/scraper_project/raw_data/traktor/721165071_reviews.json
[2026-04-05T14:38:04.305Z] [INFO] 
[REVIEW WORKER 3] starting traktor/721162891
[2026-04-05T14:38:04.335Z] [INFO] 
[REVIEW WORKER 1] starting traktor/721164294
[2026-04-05T14:38:04.379Z] [INFO] 
[REVIEW WORKER 6] starting traktor/720072011
[2026-04-05T14:38:06.540Z] [INFO] 
[START REVIEW] category=traktor productId=723849904 startPage=1
[2026-04-05T14:38:06.792Z] [INFO] [review traktor/723849904] page=1 +0 reviews (unique=0)
[2026-04-05T14:38:06.804Z] [INFO] [REVIEW SAVED] /mnt/c/Developer/Review_AI/scraper_project/raw_data/traktor/723849904_reviews.json
[2026-04-05T14:38:06.811Z] [INFO] 
[START REVIEW] category=traktor productId=722059676 startPage=1
[2026-04-05T14:38:06.824Z] [INFO] 
[REVIEW WORKER 2] starting traktor/720072329
[2026-04-05T14:38:07.087Z] [INFO] [review traktor/722059676] page=1 +0 reviews (unique=0)
[2026-04-05T14:38:07.109Z] [INFO] [REVIEW SAVED] /mnt/c/Developer/Review_AI/scraper_project/raw_data/traktor/722059676_reviews.json
[2026-04-05T14:38:07.136Z] [INFO] 
[REVIEW WORKER 5] starting traktor/720071971
[2026-04-05T14:38:08.986Z] [INFO] 
[START REVIEW] category=traktor productId=720072011 startPage=1
[2026-04-05T14:38:09.027Z] [INFO] 
[START REVIEW] category=traktor productId=721165035 startPage=1
[2026-04-05T14:38:09.075Z] [INFO] 
[START REVIEW] category=traktor productId=721164294 startPage=1
[2026-04-05T14:38:09.137Z] [INFO] 
[START REVIEW] category=traktor productId=721162891 startPage=1
[2026-04-05T14:38:09.465Z] [INFO] [review traktor/720072011] page=1 +0 reviews (unique=0)
[2026-04-05T14:38:09.590Z] [INFO] [REVIEW SAVED] /mnt/c/Developer/Review_AI/scraper_project/raw_data/traktor/720072011_reviews.json
[2026-04-05T14:38:09.749Z] [INFO] 
[REVIEW WORKER 6] starting traktor/720071970
[2026-04-05T14:38:10.019Z] [INFO] [review traktor/721165035] page=1 +0 reviews (unique=0)
[2026-04-05T14:38:10.209Z] [INFO] [REVIEW SAVED] /mnt/c/Developer/Review_AI/scraper_project/raw_data/traktor/721165035_reviews.json
[2026-04-05T14:38:10.225Z] [INFO] [review traktor/721164294] page=1 +0 reviews (unique=0)
[2026-04-05T14:38:10.287Z] [INFO] [REVIEW SAVED] /mnt/c/Developer/Review_AI/scraper_project/raw_data/traktor/721164294_reviews.json
[2026-04-05T14:38:10.306Z] [INFO] [review traktor/721162891] page=1 +0 reviews (unique=0)
[2026-04-05T14:38:10.381Z] [INFO] [REVIEW SAVED] /mnt/c/Developer/Review_AI/scraper_project/raw_data/traktor/721162891_reviews.json
[2026-04-05T14:38:10.434Z] [INFO] 
[REVIEW WORKER 4] starting traktor/719687598
[2026-04-05T14:38:10.455Z] [INFO] 
[REVIEW WORKER 1] starting traktor/719525512
[2026-04-05T14:38:10.478Z] [INFO] 
[REVIEW WORKER 3] starting traktor/719501772
[2026-04-05T14:38:11.850Z] [INFO] 
[START REVIEW] category=traktor productId=720072329 startPage=1
[2026-04-05T14:38:11.915Z] [INFO] 
[START REVIEW] category=traktor productId=720071971 startPage=1
[2026-04-05T14:38:12.428Z] [INFO] [review traktor/720072329] page=1 +0 reviews (unique=0)
[2026-04-05T14:38:12.441Z] [INFO] [REVIEW SAVED] /mnt/c/Developer/Review_AI/scraper_project/raw_data/traktor/720072329_reviews.json
[2026-04-05T14:38:12.457Z] [INFO] 
[REVIEW WORKER 2] starting traktor/719687594
[2026-04-05T14:38:12.503Z] [INFO] [review traktor/720071971] page=1 +0 reviews (unique=0)
[2026-04-05T14:38:12.522Z] [INFO] [REVIEW SAVED] /mnt/c/Developer/Review_AI/scraper_project/raw_data/traktor/720071971_reviews.json
[2026-04-05T14:38:12.539Z] [INFO] 
[REVIEW WORKER 5] starting traktor/720072059
[2026-04-05T14:38:15.058Z] [INFO] 
[START REVIEW] category=traktor productId=719501772 startPage=1
[2026-04-05T14:38:15.084Z] [INFO] 
[START REVIEW] category=traktor productId=719525512 startPage=1
[2026-04-05T14:38:15.111Z] [INFO] 
[START REVIEW] category=traktor productId=719687598 startPage=1
[2026-04-05T14:38:15.393Z] [INFO] [review traktor/719501772] page=1 +0 reviews (unique=0)
[2026-04-05T14:38:15.413Z] [INFO] [REVIEW SAVED] /mnt/c/Developer/Review_AI/scraper_project/raw_data/traktor/719501772_reviews.json
[2026-04-05T14:38:15.425Z] [INFO] [review traktor/719687598] page=1 +0 reviews (unique=0)
[2026-04-05T14:38:15.460Z] [INFO] [REVIEW SAVED] /mnt/c/Developer/Review_AI/scraper_project/raw_data/traktor/719687598_reviews.json
[2026-04-05T14:38:15.469Z] [INFO] [review traktor/719525512] page=1 +0 reviews (unique=0)
[2026-04-05T14:38:15.498Z] [INFO] [REVIEW SAVED] /mnt/c/Developer/Review_AI/scraper_project/raw_data/traktor/719525512_reviews.json
[2026-04-05T14:38:15.509Z] [INFO] 
[REVIEW WORKER 3] starting traktor/719542419
[2026-04-05T14:38:15.525Z] [INFO] 
[REVIEW WORKER 4] starting traktor/719541651
[2026-04-05T14:38:15.565Z] [INFO] 
[REVIEW WORKER 1] starting traktor/719692790
[2026-04-05T14:38:16.551Z] [INFO] 
[START REVIEW] category=traktor productId=720071970 startPage=1
[2026-04-05T14:38:16.753Z] [INFO] [review traktor/720071970] page=1 +0 reviews (unique=0)
[2026-04-05T14:38:16.776Z] [INFO] [REVIEW SAVED] /mnt/c/Developer/Review_AI/scraper_project/raw_data/traktor/720071970_reviews.json
[2026-04-05T14:38:16.798Z] [INFO] 
[REVIEW WORKER 6] starting traktor/719526032
[2026-04-05T14:38:17.098Z] [INFO] 
[START REVIEW] category=traktor productId=719687594 startPage=1
[2026-04-05T14:38:17.107Z] [INFO] 
[START REVIEW] category=traktor productId=720072059 startPage=1
[2026-04-05T14:38:17.331Z] [INFO] [review traktor/719687594] page=1 +0 reviews (unique=0)
[2026-04-05T14:38:17.341Z] [INFO] [REVIEW SAVED] /mnt/c/Developer/Review_AI/scraper_project/raw_data/traktor/719687594_reviews.json
[2026-04-05T14:38:17.358Z] [INFO] 
[REVIEW WORKER 2] starting traktor/720072958
[2026-04-05T14:38:17.403Z] [INFO] [review traktor/720072059] page=1 +0 reviews (unique=0)
[2026-04-05T14:38:17.425Z] [INFO] [REVIEW SAVED] /mnt/c/Developer/Review_AI/scraper_project/raw_data/traktor/720072059_reviews.json
[2026-04-05T14:38:17.442Z] [INFO] 
[REVIEW WORKER 5] starting traktor/719542900
[2026-04-05T14:38:19.789Z] [INFO] 
[START REVIEW] category=traktor productId=719692790 startPage=1
[2026-04-05T14:38:19.849Z] [INFO] 
[START REVIEW] category=traktor productId=719541651 startPage=1
[2026-04-05T14:38:19.911Z] [INFO] 
[START REVIEW] category=traktor productId=719542419 startPage=1
[2026-04-05T14:38:20.620Z] [INFO] [review traktor/719692790] page=1 +0 reviews (unique=0)
[2026-04-05T14:38:20.715Z] [INFO] [REVIEW SAVED] /mnt/c/Developer/Review_AI/scraper_project/raw_data/traktor/719692790_reviews.json
[2026-04-05T14:38:20.775Z] [INFO] [review traktor/719542419] page=1 +0 reviews (unique=0)
[2026-04-05T14:38:20.846Z] [INFO] [REVIEW SAVED] /mnt/c/Developer/Review_AI/scraper_project/raw_data/traktor/719542419_reviews.json
[2026-04-05T14:38:20.875Z] [INFO] 
[REVIEW WORKER 1] starting traktor/720072018
[2026-04-05T14:38:20.911Z] [INFO] [review traktor/719541651] page=1 +0 reviews (unique=0)
[2026-04-05T14:38:20.962Z] [INFO] [REVIEW SAVED] /mnt/c/Developer/Review_AI/scraper_project/raw_data/traktor/719541651_reviews.json
[2026-04-05T14:38:20.988Z] [INFO] 
[REVIEW WORKER 3] starting traktor/720073302
[2026-04-05T14:38:21.117Z] [INFO] 
[REVIEW WORKER 4] starting traktor/719541982
[2026-04-05T14:38:21.980Z] [INFO] 
[START REVIEW] category=traktor productId=719526032 startPage=1
[2026-04-05T14:38:22.171Z] [INFO] [review traktor/719526032] page=1 +0 reviews (unique=0)
[2026-04-05T14:38:22.186Z] [INFO] [REVIEW SAVED] /mnt/c/Developer/Review_AI/scraper_project/raw_data/traktor/719526032_reviews.json
[2026-04-05T14:38:22.199Z] [INFO] 
[REVIEW WORKER 6] starting traktor/719500351
[2026-04-05T14:38:22.347Z] [INFO] 
[START REVIEW] category=traktor productId=719542900 startPage=1
[2026-04-05T14:38:22.394Z] [INFO] 
[START REVIEW] category=traktor productId=720072958 startPage=1
[2026-04-05T14:38:22.573Z] [INFO] [review traktor/719542900] page=1 +0 reviews (unique=0)
[2026-04-05T14:38:22.587Z] [INFO] [REVIEW SAVED] /mnt/c/Developer/Review_AI/scraper_project/raw_data/traktor/719542900_reviews.json
[2026-04-05T14:38:22.600Z] [INFO] 
[REVIEW WORKER 5] starting traktor/720079253
[2026-04-05T14:38:22.699Z] [INFO] [review traktor/720072958] page=1 +0 reviews (unique=0)
[2026-04-05T14:38:22.728Z] [INFO] [REVIEW SAVED] /mnt/c/Developer/Review_AI/scraper_project/raw_data/traktor/720072958_reviews.json
[2026-04-05T14:38:22.741Z] [INFO] 
[REVIEW WORKER 2] starting traktor/719229407
[2026-04-05T14:38:25.598Z] [INFO] 
[START REVIEW] category=traktor productId=720073302 startPage=1
[2026-04-05T14:38:25.623Z] [INFO] 
[START REVIEW] category=traktor productId=719541982 startPage=1
[2026-04-05T14:38:25.653Z] [INFO] 
[START REVIEW] category=traktor productId=720072018 startPage=1
[2026-04-05T14:38:25.878Z] [INFO] [review traktor/720073302] page=1 +0 reviews (unique=0)
[2026-04-05T14:38:25.908Z] [INFO] [REVIEW SAVED] /mnt/c/Developer/Review_AI/scraper_project/raw_data/traktor/720073302_reviews.json
[2026-04-05T14:38:25.916Z] [INFO] [review traktor/720072018] page=1 +0 reviews (unique=0)
[2026-04-05T14:38:25.940Z] [INFO] [REVIEW SAVED] /mnt/c/Developer/Review_AI/scraper_project/raw_data/traktor/720072018_reviews.json
[2026-04-05T14:38:25.952Z] [INFO] [review traktor/719541982] page=1 +0 reviews (unique=0)
[2026-04-05T14:38:25.980Z] [INFO] [REVIEW SAVED] /mnt/c/Developer/Review_AI/scraper_project/raw_data/traktor/719541982_reviews.json
[2026-04-05T14:38:25.995Z] [INFO] 
[REVIEW WORKER 3] starting traktor/714886493
[2026-04-05T14:38:26.002Z] [INFO] 
[REVIEW WORKER 1] starting traktor/713451428
[2026-04-05T14:38:26.039Z] [INFO] 
[REVIEW WORKER 4] starting traktor/713448292
[2026-04-05T14:38:26.468Z] [INFO] 
[START REVIEW] category=traktor productId=719500351 startPage=1
[2026-04-05T14:38:26.757Z] [INFO] [review traktor/719500351] page=1 +0 reviews (unique=0)
[2026-04-05T14:38:26.781Z] [INFO] [REVIEW SAVED] /mnt/c/Developer/Review_AI/scraper_project/raw_data/traktor/719500351_reviews.json
[2026-04-05T14:38:26.806Z] [INFO] 
[REVIEW WORKER 6] starting traktor/714873144
[2026-04-05T14:38:27.051Z] [INFO] 
[START REVIEW] category=traktor productId=719229407 startPage=1
[2026-04-05T14:38:27.074Z] [INFO] 
[START REVIEW] category=traktor productId=720079253 startPage=1
[2026-04-05T14:38:27.485Z] [INFO] [review traktor/720079253] page=1 +0 reviews (unique=0)
[2026-04-05T14:38:27.532Z] [INFO] [REVIEW SAVED] /mnt/c/Developer/Review_AI/scraper_project/raw_data/traktor/720079253_reviews.json
[2026-04-05T14:38:27.564Z] [INFO] 
[REVIEW WORKER 5] starting traktor/714863102
[2026-04-05T14:38:29.062Z] [INFO] [review traktor/719229407] page=1 +0 reviews (unique=0)
[2026-04-05T14:38:29.109Z] [INFO] [REVIEW SAVED] /mnt/c/Developer/Review_AI/scraper_project/raw_data/traktor/719229407_reviews.json
[2026-04-05T14:38:29.156Z] [INFO] 
[REVIEW WORKER 2] starting traktor/719496971
[2026-04-05T14:38:30.404Z] [INFO] 
[START REVIEW] category=traktor productId=713451428 startPage=1
[2026-04-05T14:38:30.659Z] [INFO] [review traktor/713451428] page=1 +0 reviews (unique=0)
[2026-04-05T14:38:30.678Z] [INFO] [REVIEW SAVED] /mnt/c/Developer/Review_AI/scraper_project/raw_data/traktor/713451428_reviews.json
[2026-04-05T14:38:30.702Z] [INFO] 
[START REVIEW] category=traktor productId=713448292 startPage=1
[2026-04-05T14:38:30.714Z] [INFO] 
[REVIEW WORKER 1] starting traktor/713450253
[2026-04-05T14:38:31.125Z] [INFO] [review traktor/713448292] page=1 +0 reviews (unique=0)
[2026-04-05T14:38:31.149Z] [INFO] [REVIEW SAVED] /mnt/c/Developer/Review_AI/scraper_project/raw_data/traktor/713448292_reviews.json
[2026-04-05T14:38:31.177Z] [INFO] 
[REVIEW WORKER 4] starting traktor/714865654
[2026-04-05T14:38:31.527Z] [INFO] 
[START REVIEW] category=traktor productId=714873144 startPage=1
[2026-04-05T14:38:31.773Z] [INFO] [review traktor/714873144] page=1 +0 reviews (unique=0)
[2026-04-05T14:38:31.786Z] [INFO] [REVIEW SAVED] /mnt/c/Developer/Review_AI/scraper_project/raw_data/traktor/714873144_reviews.json
[2026-04-05T14:38:31.798Z] [INFO] 
[REVIEW WORKER 6] starting traktor/719495468
[2026-04-05T14:38:32.029Z] [INFO] 
[START REVIEW] category=traktor productId=714863102 startPage=1
[2026-04-05T14:38:32.324Z] [INFO] [review traktor/714863102] page=1 +0 reviews (unique=0)
[2026-04-05T14:38:32.344Z] [INFO] [REVIEW SAVED] /mnt/c/Developer/Review_AI/scraper_project/raw_data/traktor/714863102_reviews.json
[2026-04-05T14:38:32.362Z] [INFO] 
[REVIEW WORKER 5] starting traktor/714885522
[2026-04-05T14:38:33.337Z] [INFO] 
[START REVIEW] category=traktor productId=719496971 startPage=1
[2026-04-05T14:38:33.544Z] [INFO] [review traktor/719496971] page=1 +0 reviews (unique=0)
[2026-04-05T14:38:33.566Z] [INFO] [REVIEW SAVED] /mnt/c/Developer/Review_AI/scraper_project/raw_data/traktor/719496971_reviews.json
[2026-04-05T14:38:33.585Z] [INFO] 
[REVIEW WORKER 2] starting traktor/713452213
[2026-04-05T14:38:34.708Z] [INFO] 
[START REVIEW] category=traktor productId=713450253 startPage=1
[2026-04-05T14:38:35.058Z] [INFO] [review traktor/713450253] page=1 +0 reviews (unique=0)
[2026-04-05T14:38:35.096Z] [INFO] [REVIEW SAVED] /mnt/c/Developer/Review_AI/scraper_project/raw_data/traktor/713450253_reviews.json
[2026-04-05T14:38:35.144Z] [INFO] 
[REVIEW WORKER 1] starting traktor/713459696
[2026-04-05T14:38:35.238Z] [INFO] 
[START REVIEW] category=traktor productId=714865654 startPage=1
[2026-04-05T14:38:35.508Z] [INFO] [review traktor/714865654] page=1 +0 reviews (unique=0)
[2026-04-05T14:38:35.577Z] [INFO] [REVIEW SAVED] /mnt/c/Developer/Review_AI/scraper_project/raw_data/traktor/714865654_reviews.json
[2026-04-05T14:38:35.611Z] [INFO] 
[REVIEW WORKER 4] starting traktor/713457392
[2026-04-05T14:38:36.157Z] [INFO] 
[START REVIEW] category=traktor productId=719495468 startPage=1
[2026-04-05T14:38:36.516Z] [INFO] 
[START REVIEW] category=traktor productId=714885522 startPage=1
[2026-04-05T14:38:36.937Z] [INFO] [review traktor/714885522] page=1 +0 reviews (unique=0)
[2026-04-05T14:38:36.987Z] [INFO] [REVIEW SAVED] /mnt/c/Developer/Review_AI/scraper_project/raw_data/traktor/714885522_reviews.json
[2026-04-05T14:38:37.031Z] [INFO] 
[REVIEW WORKER 5] starting traktor/715201078
[2026-04-05T14:38:37.855Z] [INFO] [review traktor/719495468] page=1 +0 reviews (unique=0)
[2026-04-05T14:38:37.934Z] [INFO] [REVIEW SAVED] /mnt/c/Developer/Review_AI/scraper_project/raw_data/traktor/719495468_reviews.json
[2026-04-05T14:38:37.999Z] [INFO] 
[REVIEW WORKER 6] starting traktor/718114388
[2026-04-05T14:38:38.028Z] [INFO] 
[START REVIEW] category=traktor productId=713452213 startPage=1
[2026-04-05T14:38:38.411Z] [INFO] [review traktor/713452213] page=1 +0 reviews (unique=0)
[2026-04-05T14:38:38.425Z] [INFO] [REVIEW SAVED] /mnt/c/Developer/Review_AI/scraper_project/raw_data/traktor/713452213_reviews.json
[2026-04-05T14:38:38.453Z] [INFO] 
[REVIEW WORKER 2] starting traktor/714884997
[2026-04-05T14:38:39.771Z] [INFO] 
[START REVIEW] category=traktor productId=713459696 startPage=1
[2026-04-05T14:38:40.085Z] [INFO] 
[START REVIEW] category=traktor productId=713457392 startPage=1
[2026-04-05T14:38:40.233Z] [INFO] [review traktor/713459696] page=1 +0 reviews (unique=0)
[2026-04-05T14:38:40.256Z] [INFO] [REVIEW SAVED] /mnt/c/Developer/Review_AI/scraper_project/raw_data/traktor/713459696_reviews.json
[2026-04-05T14:38:40.281Z] [INFO] 
[REVIEW WORKER 1] starting traktor/719228228
[2026-04-05T14:38:40.390Z] [INFO] [review traktor/713457392] page=1 +0 reviews (unique=0)
[2026-04-05T14:38:40.402Z] [INFO] [REVIEW SAVED] /mnt/c/Developer/Review_AI/scraper_project/raw_data/traktor/713457392_reviews.json
[2026-04-05T14:38:40.412Z] [INFO] 
[REVIEW WORKER 4] starting traktor/719258563
[2026-04-05T14:38:43.333Z] [INFO] 
[START REVIEW] category=traktor productId=715201078 startPage=1
[2026-04-05T14:38:43.623Z] [INFO] [review traktor/715201078] page=1 +0 reviews (unique=0)
[2026-04-05T14:38:43.641Z] [INFO] [REVIEW SAVED] /mnt/c/Developer/Review_AI/scraper_project/raw_data/traktor/715201078_reviews.json
[2026-04-05T14:38:43.658Z] [INFO] 
[REVIEW WORKER 5] starting traktor/714871267
[2026-04-05T14:38:44.088Z] [INFO] 
[START REVIEW] category=traktor productId=718114388 startPage=1
[2026-04-05T14:38:44.159Z] [INFO] 
[START REVIEW] category=traktor productId=714884997 startPage=1
[2026-04-05T14:38:44.387Z] [INFO] [review traktor/714884997] page=1 +0 reviews (unique=0)
[2026-04-05T14:38:44.400Z] [INFO] [REVIEW SAVED] /mnt/c/Developer/Review_AI/scraper_project/raw_data/traktor/714884997_reviews.json
[2026-04-05T14:38:44.402Z] [INFO] [review traktor/718114388] page=1 +0 reviews (unique=0)
[2026-04-05T14:38:44.424Z] [INFO] [REVIEW SAVED] /mnt/c/Developer/Review_AI/scraper_project/raw_data/traktor/718114388_reviews.json
[2026-04-05T14:38:44.446Z] [INFO] 
[REVIEW WORKER 2] starting traktor/713429188
[2026-04-05T14:38:44.468Z] [INFO] 
[REVIEW WORKER 6] starting traktor/713425061
[2026-04-05T14:38:45.411Z] [INFO] 
[START REVIEW] category=traktor productId=719228228 startPage=1
[2026-04-05T14:38:45.781Z] [INFO] [review traktor/719228228] page=1 +0 reviews (unique=0)
[2026-04-05T14:38:45.800Z] [INFO] [REVIEW SAVED] /mnt/c/Developer/Review_AI/scraper_project/raw_data/traktor/719228228_reviews.json
[2026-04-05T14:38:45.822Z] [INFO] 
[REVIEW WORKER 1] starting traktor/713446563
[2026-04-05T14:38:46.172Z] [INFO] 
[START REVIEW] category=traktor productId=719258563 startPage=1
[2026-04-05T14:38:46.618Z] [INFO] [review traktor/719258563] page=1 +0 reviews (unique=0)
[2026-04-05T14:38:46.632Z] [INFO] [REVIEW SAVED] /mnt/c/Developer/Review_AI/scraper_project/raw_data/traktor/719258563_reviews.json
[2026-04-05T14:38:46.646Z] [INFO] 
[REVIEW WORKER 4] starting traktor/713442080
[2026-04-05T14:38:48.086Z] [INFO] 
[START REVIEW] category=traktor productId=714871267 startPage=1
[2026-04-05T14:38:48.582Z] [INFO] [review traktor/714871267] page=1 +0 reviews (unique=0)
[2026-04-05T14:38:48.737Z] [INFO] [REVIEW SAVED] /mnt/c/Developer/Review_AI/scraper_project/raw_data/traktor/714871267_reviews.json
[2026-04-05T14:38:48.918Z] [INFO] 
[REVIEW WORKER 5] starting traktor/713414147
[2026-04-05T14:38:48.959Z] [INFO] 
[START REVIEW] category=traktor productId=713429188 startPage=1
[2026-04-05T14:38:49.205Z] [INFO] 
[START REVIEW] category=traktor productId=713425061 startPage=1
[2026-04-05T14:38:49.470Z] [INFO] [review traktor/713429188] page=1 +0 reviews (unique=0)
[2026-04-05T14:38:49.584Z] [INFO] [REVIEW SAVED] /mnt/c/Developer/Review_AI/scraper_project/raw_data/traktor/713429188_reviews.json
[2026-04-05T14:38:49.632Z] [INFO] 
[REVIEW WORKER 2] starting traktor/711192549
[2026-04-05T14:38:49.821Z] [INFO] [review traktor/713425061] page=1 +0 reviews (unique=0)
[2026-04-05T14:38:50.051Z] [INFO] [REVIEW SAVED] /mnt/c/Developer/Review_AI/scraper_project/raw_data/traktor/713425061_reviews.json
[2026-04-05T14:38:50.144Z] [INFO] 
[REVIEW WORKER 6] starting traktor/713444302
[2026-04-05T14:38:50.856Z] [INFO] 
[START REVIEW] category=traktor productId=713446563 startPage=1
[2026-04-05T14:38:51.093Z] [INFO] [review traktor/713446563] page=1 +0 reviews (unique=0)
[2026-04-05T14:38:51.108Z] [INFO] [REVIEW SAVED] /mnt/c/Developer/Review_AI/scraper_project/raw_data/traktor/713446563_reviews.json
[2026-04-05T14:38:51.125Z] [INFO] 
[REVIEW WORKER 1] starting traktor/713426093
[2026-04-05T14:38:51.301Z] [INFO] 
[START REVIEW] category=traktor productId=713442080 startPage=1
[2026-04-05T14:38:51.489Z] [INFO] [review traktor/713442080] page=1 +0 reviews (unique=0)
[2026-04-05T14:38:51.499Z] [INFO] [REVIEW SAVED] /mnt/c/Developer/Review_AI/scraper_project/raw_data/traktor/713442080_reviews.json
[2026-04-05T14:38:51.522Z] [INFO] 
[REVIEW WORKER 4] starting traktor/712321342
[2026-04-05T14:38:53.477Z] [INFO] 
[START REVIEW] category=traktor productId=713414147 startPage=1
[2026-04-05T14:38:53.710Z] [INFO] [review traktor/713414147] page=1 +0 reviews (unique=0)
[2026-04-05T14:38:53.733Z] [INFO] [REVIEW SAVED] /mnt/c/Developer/Review_AI/scraper_project/raw_data/traktor/713414147_reviews.json
[2026-04-05T14:38:53.752Z] [INFO] 
[REVIEW WORKER 5] starting traktor/713445448
[2026-04-05T14:38:53.931Z] [INFO] 
[START REVIEW] category=traktor productId=711192549 startPage=1
[2026-04-05T14:38:54.118Z] [INFO] 
[START REVIEW] category=traktor productId=713444302 startPage=1
[2026-04-05T14:38:54.237Z] [INFO] [review traktor/711192549] page=1 +0 reviews (unique=0)
[2026-04-05T14:38:54.258Z] [INFO] [REVIEW SAVED] /mnt/c/Developer/Review_AI/scraper_project/raw_data/traktor/711192549_reviews.json
[2026-04-05T14:38:54.277Z] [INFO] 
[REVIEW WORKER 2] starting traktor/711131756
[2026-04-05T14:38:55.245Z] [INFO] 
[START REVIEW] category=traktor productId=713426093 startPage=1
[2026-04-05T14:38:56.648Z] [INFO] [review traktor/713426093] page=1 +0 reviews (unique=0)
[2026-04-05T14:38:56.687Z] [INFO] [REVIEW SAVED] /mnt/c/Developer/Review_AI/scraper_project/raw_data/traktor/713426093_reviews.json
[2026-04-05T14:38:56.741Z] [INFO] 
[REVIEW WORKER 1] starting traktor/711190291
[2026-04-05T14:38:56.848Z] [INFO] 
[START REVIEW] category=traktor productId=712321342 startPage=1
[2026-04-05T14:38:57.047Z] [INFO] [review traktor/712321342] page=1 +0 reviews (unique=0)
[2026-04-05T14:38:57.084Z] [INFO] [REVIEW SAVED] /mnt/c/Developer/Review_AI/scraper_project/raw_data/traktor/712321342_reviews.json
[2026-04-05T14:38:57.144Z] [INFO] 
[REVIEW WORKER 4] starting traktor/713414929
[2026-04-05T14:38:57.262Z] [INFO] [review traktor/713444302] page=1 +0 reviews (unique=0)
[2026-04-05T14:38:57.334Z] [INFO] [REVIEW SAVED] /mnt/c/Developer/Review_AI/scraper_project/raw_data/traktor/713444302_reviews.json
[2026-04-05T14:38:57.370Z] [INFO] 
[REVIEW WORKER 6] starting traktor/711136183
[2026-04-05T14:38:59.226Z] [INFO] 
[START REVIEW] category=traktor productId=713445448 startPage=1
[2026-04-05T14:38:59.653Z] [INFO] 
[START REVIEW] category=traktor productId=711131756 startPage=1
[2026-04-05T14:38:59.677Z] [INFO] [review traktor/713445448] page=1 +0 reviews (unique=0)
[2026-04-05T14:38:59.712Z] [INFO] [REVIEW SAVED] /mnt/c/Developer/Review_AI/scraper_project/raw_data/traktor/713445448_reviews.json
[2026-04-05T14:38:59.740Z] [INFO] 
[REVIEW WORKER 5] starting traktor/711010517
[2026-04-05T14:39:00.066Z] [INFO] [review traktor/711131756] page=1 +0 reviews (unique=0)
[2026-04-05T14:39:00.084Z] [INFO] [REVIEW SAVED] /mnt/c/Developer/Review_AI/scraper_project/raw_data/traktor/711131756_reviews.json
[2026-04-05T14:39:00.106Z] [INFO] 
[REVIEW WORKER 2] starting traktor/713439283
[2026-04-05T14:39:01.682Z] [INFO] 
[START REVIEW] category=traktor productId=711136183 startPage=1
[2026-04-05T14:39:01.777Z] [INFO] 
[START REVIEW] category=traktor productId=711190291 startPage=1
[2026-04-05T14:39:02.330Z] [INFO] [review traktor/711136183] page=1 +0 reviews (unique=0)
[2026-04-05T14:39:02.348Z] [INFO] [REVIEW SAVED] /mnt/c/Developer/Review_AI/scraper_project/raw_data/traktor/711136183_reviews.json
[2026-04-05T14:39:02.362Z] [INFO] 
[REVIEW WORKER 6] starting traktor/713441278
[2026-04-05T14:39:03.383Z] [INFO] 
[START REVIEW] category=traktor productId=713414929 startPage=1
[2026-04-05T14:39:03.631Z] [INFO] [review traktor/713414929] page=1 +0 reviews (unique=0)
[2026-04-05T14:39:03.653Z] [INFO] [REVIEW SAVED] /mnt/c/Developer/Review_AI/scraper_project/raw_data/traktor/713414929_reviews.json
[2026-04-05T14:39:03.670Z] [INFO] 
[REVIEW WORKER 4] starting traktor/713416415
[2026-04-05T14:39:04.807Z] [INFO] [review traktor/711190291] page=1 +0 reviews (unique=0)
[2026-04-05T14:39:04.820Z] [INFO] [REVIEW SAVED] /mnt/c/Developer/Review_AI/scraper_project/raw_data/traktor/711190291_reviews.json
[2026-04-05T14:39:04.857Z] [INFO] 
[REVIEW WORKER 1] starting traktor/711184857
[2026-04-05T14:39:04.898Z] [INFO] 
[START REVIEW] category=traktor productId=711010517 startPage=1
[2026-04-05T14:39:05.269Z] [INFO] 
[START REVIEW] category=traktor productId=713439283 startPage=1
[2026-04-05T14:39:05.274Z] [INFO] [review traktor/711010517] page=1 +0 reviews (unique=0)
[2026-04-05T14:39:05.294Z] [INFO] [REVIEW SAVED] /mnt/c/Developer/Review_AI/scraper_project/raw_data/traktor/711010517_reviews.json
[2026-04-05T14:39:05.311Z] [INFO] 
[REVIEW WORKER 5] starting traktor/712320393
[2026-04-05T14:39:05.821Z] [INFO] [review traktor/713439283] page=1 +0 reviews (unique=0)
[2026-04-05T14:39:05.843Z] [INFO] [REVIEW SAVED] /mnt/c/Developer/Review_AI/scraper_project/raw_data/traktor/713439283_reviews.json
[2026-04-05T14:39:05.864Z] [INFO] 
[REVIEW WORKER 2] starting traktor/710944864
[2026-04-05T14:39:06.357Z] [INFO] 
[START REVIEW] category=traktor productId=713441278 startPage=1
[2026-04-05T14:39:06.550Z] [INFO] [review traktor/713441278] page=1 +0 reviews (unique=0)
[2026-04-05T14:39:06.565Z] [INFO] [REVIEW SAVED] /mnt/c/Developer/Review_AI/scraper_project/raw_data/traktor/713441278_reviews.json
[2026-04-05T14:39:06.579Z] [INFO] 
[REVIEW WORKER 6] starting traktor/710682012
[2026-04-05T14:39:07.515Z] [INFO] 
[START REVIEW] category=traktor productId=713416415 startPage=1
[2026-04-05T14:39:07.711Z] [INFO] [review traktor/713416415] page=1 +0 reviews (unique=0)
[2026-04-05T14:39:07.729Z] [INFO] [REVIEW SAVED] /mnt/c/Developer/Review_AI/scraper_project/raw_data/traktor/713416415_reviews.json
[2026-04-05T14:39:07.765Z] [INFO] 
[REVIEW WORKER 4] starting traktor/710679196
[2026-04-05T14:39:08.673Z] [INFO] 
[START REVIEW] category=traktor productId=711184857 startPage=1
[2026-04-05T14:39:09.024Z] [INFO] [review traktor/711184857] page=1 +0 reviews (unique=0)
[2026-04-05T14:39:09.053Z] [INFO] [REVIEW SAVED] /mnt/c/Developer/Review_AI/scraper_project/raw_data/traktor/711184857_reviews.json
[2026-04-05T14:39:09.083Z] [INFO] 
[REVIEW WORKER 1] starting traktor/710439899
[2026-04-05T14:39:09.094Z] [INFO] 
[START REVIEW] category=traktor productId=712320393 startPage=1
[2026-04-05T14:39:09.346Z] [INFO] [review traktor/712320393] page=1 +0 reviews (unique=0)
[2026-04-05T14:39:09.399Z] [INFO] [REVIEW SAVED] /mnt/c/Developer/Review_AI/scraper_project/raw_data/traktor/712320393_reviews.json
[2026-04-05T14:39:09.436Z] [INFO] 
[REVIEW WORKER 5] starting traktor/710925371
[2026-04-05T14:39:09.757Z] [INFO] 
[START REVIEW] category=traktor productId=710944864 startPage=1
[2026-04-05T14:39:09.979Z] [INFO] [review traktor/710944864] page=1 +0 reviews (unique=0)
[2026-04-05T14:39:10.012Z] [INFO] [REVIEW SAVED] /mnt/c/Developer/Review_AI/scraper_project/raw_data/traktor/710944864_reviews.json
[2026-04-05T14:39:10.032Z] [INFO] 
[REVIEW WORKER 2] starting traktor/710674522
[2026-04-05T14:39:10.320Z] [INFO] 
[START REVIEW] category=traktor productId=710682012 startPage=1
[2026-04-05T14:39:10.559Z] [INFO] [review traktor/710682012] page=1 +0 reviews (unique=0)
[2026-04-05T14:39:10.607Z] [INFO] [REVIEW SAVED] /mnt/c/Developer/Review_AI/scraper_project/raw_data/traktor/710682012_reviews.json
[2026-04-05T14:39:10.640Z] [INFO] 
[REVIEW WORKER 6] starting traktor/710687515
[2026-04-05T14:39:12.157Z] [INFO] 
[START REVIEW] category=traktor productId=710679196 startPage=1
[2026-04-05T14:39:12.571Z] [INFO] [review traktor/710679196] page=1 +0 reviews (unique=0)
[2026-04-05T14:39:12.707Z] [INFO] [REVIEW SAVED] /mnt/c/Developer/Review_AI/scraper_project/raw_data/traktor/710679196_reviews.json
[2026-04-05T14:39:12.767Z] [INFO] 
[REVIEW WORKER 4] starting traktor/710929783
[2026-04-05T14:39:13.439Z] [INFO] 
[START REVIEW] category=traktor productId=710439899 startPage=1
[2026-04-05T14:39:13.600Z] [INFO] 
[START REVIEW] category=traktor productId=710925371 startPage=1
[2026-04-05T14:39:13.716Z] [INFO] [review traktor/710439899] page=1 +0 reviews (unique=0)
[2026-04-05T14:39:13.734Z] [INFO] [REVIEW SAVED] /mnt/c/Developer/Review_AI/scraper_project/raw_data/traktor/710439899_reviews.json
[2026-04-05T14:39:13.749Z] [INFO] 
[REVIEW WORKER 1] starting traktor/710438353
[2026-04-05T14:39:13.961Z] [INFO] [review traktor/710925371] page=1 +0 reviews (unique=0)
[2026-04-05T14:39:13.991Z] [INFO] [REVIEW SAVED] /mnt/c/Developer/Review_AI/scraper_project/raw_data/traktor/710925371_reviews.json
[2026-04-05T14:39:14.016Z] [INFO] 
[REVIEW WORKER 5] starting traktor/710671889
[2026-04-05T14:39:14.281Z] [INFO] 
[START REVIEW] category=traktor productId=710674522 startPage=1
[2026-04-05T14:39:14.480Z] [INFO] [review traktor/710674522] page=1 +0 reviews (unique=0)
[2026-04-05T14:39:14.494Z] [INFO] [REVIEW SAVED] /mnt/c/Developer/Review_AI/scraper_project/raw_data/traktor/710674522_reviews.json
[2026-04-05T14:39:14.505Z] [INFO] 
[REVIEW WORKER 2] starting traktor/710683376
[2026-04-05T14:39:15.096Z] [INFO] 
[START REVIEW] category=traktor productId=710687515 startPage=1
[2026-04-05T14:39:15.270Z] [INFO] [review traktor/710687515] page=1 +0 reviews (unique=0)
[2026-04-05T14:39:15.282Z] [INFO] [REVIEW SAVED] /mnt/c/Developer/Review_AI/scraper_project/raw_data/traktor/710687515_reviews.json
[2026-04-05T14:39:15.300Z] [INFO] 
[REVIEW WORKER 6] starting traktor/710441364
[2026-04-05T14:39:16.803Z] [INFO] 
[START REVIEW] category=traktor productId=710929783 startPage=1
[2026-04-05T14:39:17.000Z] [INFO] [review traktor/710929783] page=1 +0 reviews (unique=0)
[2026-04-05T14:39:17.039Z] [INFO] [REVIEW SAVED] /mnt/c/Developer/Review_AI/scraper_project/raw_data/traktor/710929783_reviews.json
[2026-04-05T14:39:17.065Z] [INFO] 
[REVIEW WORKER 4] starting traktor/710665621
[2026-04-05T14:39:17.742Z] [INFO] 
[START REVIEW] category=traktor productId=710438353 startPage=1
[2026-04-05T14:39:17.928Z] [INFO] 
[START REVIEW] category=traktor productId=710671889 startPage=1
[2026-04-05T14:39:18.022Z] [INFO] [review traktor/710438353] page=1 +0 reviews (unique=0)
[2026-04-05T14:39:18.083Z] [INFO] [REVIEW SAVED] /mnt/c/Developer/Review_AI/scraper_project/raw_data/traktor/710438353_reviews.json
[2026-04-05T14:39:18.149Z] [INFO] 
[REVIEW WORKER 1] starting traktor/710686093
[2026-04-05T14:39:18.193Z] [INFO] 
[START REVIEW] category=traktor productId=710683376 startPage=1
[2026-04-05T14:39:18.211Z] [INFO] [review traktor/710671889] page=1 +0 reviews (unique=0)
[2026-04-05T14:39:18.296Z] [INFO] [REVIEW SAVED] /mnt/c/Developer/Review_AI/scraper_project/raw_data/traktor/710671889_reviews.json
[2026-04-05T14:39:18.474Z] [INFO] 
[REVIEW WORKER 5] starting traktor/710649353
[2026-04-05T14:39:18.864Z] [INFO] [review traktor/710683376] page=1 +0 reviews (unique=0)
[2026-04-05T14:39:18.958Z] [INFO] [REVIEW SAVED] /mnt/c/Developer/Review_AI/scraper_project/raw_data/traktor/710683376_reviews.json
[2026-04-05T14:39:19.049Z] [INFO] 
[REVIEW WORKER 2] starting traktor/711001621
[2026-04-05T14:39:19.524Z] [INFO] 
[START REVIEW] category=traktor productId=710441364 startPage=1
[2026-04-05T14:39:19.720Z] [INFO] [review traktor/710441364] page=1 +0 reviews (unique=0)
[2026-04-05T14:39:19.756Z] [INFO] [REVIEW SAVED] /mnt/c/Developer/Review_AI/scraper_project/raw_data/traktor/710441364_reviews.json
[2026-04-05T14:39:19.836Z] [INFO] 
[REVIEW WORKER 6] starting traktor/710692488
[2026-04-05T14:39:21.240Z] [INFO] 
[START REVIEW] category=traktor productId=710665621 startPage=1
[2026-04-05T14:39:22.486Z] [INFO] 
[START REVIEW] category=traktor productId=710686093 startPage=1
[2026-04-05T14:39:22.699Z] [INFO] [review traktor/710686093] page=1 +0 reviews (unique=0)
[2026-04-05T14:39:22.725Z] [INFO] [REVIEW SAVED] /mnt/c/Developer/Review_AI/scraper_project/raw_data/traktor/710686093_reviews.json
[2026-04-05T14:39:22.746Z] [INFO] 
[REVIEW WORKER 1] starting traktor/710676874
[2026-04-05T14:39:22.760Z] [INFO] 
[START REVIEW] category=traktor productId=710649353 startPage=1
[2026-04-05T14:39:22.968Z] [INFO] [review traktor/710649353] page=1 +0 reviews (unique=0)
[2026-04-05T14:39:22.985Z] [INFO] [REVIEW SAVED] /mnt/c/Developer/Review_AI/scraper_project/raw_data/traktor/710649353_reviews.json
[2026-04-05T14:39:23.001Z] [INFO] 
[REVIEW WORKER 5] starting traktor/710937593
[2026-04-05T14:39:23.046Z] [INFO] 
[START REVIEW] category=traktor productId=711001621 startPage=1
[2026-04-05T14:39:23.776Z] [INFO] 
[START REVIEW] category=traktor productId=710692488 startPage=1
[2026-04-05T14:39:23.964Z] [INFO] [review traktor/710692488] page=1 +0 reviews (unique=0)
[2026-04-05T14:39:23.994Z] [INFO] [REVIEW SAVED] /mnt/c/Developer/Review_AI/scraper_project/raw_data/traktor/710692488_reviews.json
[2026-04-05T14:39:24.010Z] [INFO] 
[REVIEW WORKER 6] starting traktor/710941565
[2026-04-05T14:39:24.573Z] [INFO] [review traktor/710665621] page=1 +0 reviews (unique=0)
[2026-04-05T14:39:24.581Z] [INFO] [REVIEW SAVED] /mnt/c/Developer/Review_AI/scraper_project/raw_data/traktor/710665621_reviews.json
[2026-04-05T14:39:24.594Z] [INFO] 
[REVIEW WORKER 4] starting traktor/710434329
[2026-04-05T14:39:26.158Z] [INFO] [review traktor/711001621] page=1 +0 reviews (unique=0)
[2026-04-05T14:39:26.175Z] [INFO] [REVIEW SAVED] /mnt/c/Developer/Review_AI/scraper_project/raw_data/traktor/711001621_reviews.json
[2026-04-05T14:39:26.195Z] [INFO] 
[REVIEW WORKER 2] starting traktor/710367510
[2026-04-05T14:39:26.454Z] [INFO] 
[START REVIEW] category=traktor productId=710676874 startPage=1
[2026-04-05T14:39:26.668Z] [INFO] [review traktor/710676874] page=1 +0 reviews (unique=0)
[2026-04-05T14:39:26.687Z] [INFO] [REVIEW SAVED] /mnt/c/Developer/Review_AI/scraper_project/raw_data/traktor/710676874_reviews.json
[2026-04-05T14:39:26.713Z] [INFO] 
[REVIEW WORKER 1] starting traktor/710322967
[2026-04-05T14:39:27.324Z] [INFO] 
[START REVIEW] category=traktor productId=710937593 startPage=1
[2026-04-05T14:39:27.365Z] [ERROR] [REVIEW ERROR] traktor/714886493
[2026-04-05T14:39:27.368Z] [ERROR] {"name":"TimeoutError"}
[2026-04-05T14:39:27.391Z] [INFO] 
[REVIEW WORKER 3] starting traktor/710342932
[2026-04-05T14:39:27.572Z] [INFO] [review traktor/710937593] page=1 +0 reviews (unique=0)
[2026-04-05T14:39:27.590Z] [INFO] [REVIEW SAVED] /mnt/c/Developer/Review_AI/scraper_project/raw_data/traktor/710937593_reviews.json
[2026-04-05T14:39:27.605Z] [INFO] 
[REVIEW WORKER 5] starting traktor/710185399
[2026-04-05T14:39:27.898Z] [INFO] 
[START REVIEW] category=traktor productId=710941565 startPage=1
[2026-04-05T14:39:28.107Z] [INFO] [review traktor/710941565] page=1 +0 reviews (unique=0)
[2026-04-05T14:39:28.129Z] [INFO] [REVIEW SAVED] /mnt/c/Developer/Review_AI/scraper_project/raw_data/traktor/710941565_reviews.json
[2026-04-05T14:39:28.145Z] [INFO] 
[REVIEW WORKER 6] starting traktor/710433212
[2026-04-05T14:39:28.455Z] [INFO] 
[START REVIEW] category=traktor productId=710434329 startPage=1
[2026-04-05T14:39:28.670Z] [INFO] [review traktor/710434329] page=1 +0 reviews (unique=0)
[2026-04-05T14:39:28.684Z] [INFO] [REVIEW SAVED] /mnt/c/Developer/Review_AI/scraper_project/raw_data/traktor/710434329_reviews.json
[2026-04-05T14:39:28.703Z] [INFO] 
[REVIEW WORKER 4] starting traktor/710430687
[2026-04-05T14:39:31.903Z] [INFO] 
[START REVIEW] category=traktor productId=710367510 startPage=1
[2026-04-05T14:39:32.228Z] [INFO] [review traktor/710367510] page=1 +0 reviews (unique=0)
[2026-04-05T14:39:32.309Z] [INFO] [REVIEW SAVED] /mnt/c/Developer/Review_AI/scraper_project/raw_data/traktor/710367510_reviews.json
[2026-04-05T14:39:32.359Z] [INFO] 
[REVIEW WORKER 2] starting traktor/710358333
[2026-04-05T14:39:32.511Z] [INFO] 
[START REVIEW] category=traktor productId=710322967 startPage=1
[2026-04-05T14:39:32.860Z] [INFO] [review traktor/710322967] page=1 +0 reviews (unique=0)
[2026-04-05T14:39:32.958Z] [INFO] [REVIEW SAVED] /mnt/c/Developer/Review_AI/scraper_project/raw_data/traktor/710322967_reviews.json
[2026-04-05T14:39:33.135Z] [INFO] 
[REVIEW WORKER 1] starting traktor/710428212
[2026-04-05T14:39:33.503Z] [INFO] 
[START REVIEW] category=traktor productId=710342932 startPage=1
[2026-04-05T14:39:33.786Z] [INFO] 
[START REVIEW] category=traktor productId=710185399 startPage=1
[2026-04-05T14:39:33.960Z] [INFO] [review traktor/710342932] page=1 +0 reviews (unique=0)
[2026-04-05T14:39:33.995Z] [INFO] [REVIEW SAVED] /mnt/c/Developer/Review_AI/scraper_project/raw_data/traktor/710342932_reviews.json
[2026-04-05T14:39:34.036Z] [INFO] 
[REVIEW WORKER 3] starting traktor/710332666
[2026-04-05T14:39:34.134Z] [INFO] [review traktor/710185399] page=1 +0 reviews (unique=0)
[2026-04-05T14:39:34.166Z] [INFO] [REVIEW SAVED] /mnt/c/Developer/Review_AI/scraper_project/raw_data/traktor/710185399_reviews.json
[2026-04-05T14:39:34.185Z] [INFO] 
[REVIEW WORKER 5] starting traktor/710435126
[2026-04-05T14:39:34.531Z] [INFO] 
[START REVIEW] category=traktor productId=710433212 startPage=1
[2026-04-05T14:39:34.929Z] [INFO] [review traktor/710433212] page=1 +0 reviews (unique=0)
[2026-04-05T14:39:34.953Z] [INFO] [REVIEW SAVED] /mnt/c/Developer/Review_AI/scraper_project/raw_data/traktor/710433212_reviews.json
[2026-04-05T14:39:34.973Z] [INFO] 
[REVIEW WORKER 6] starting traktor/710373880
[2026-04-05T14:39:35.318Z] [INFO] 
[START REVIEW] category=traktor productId=710430687 startPage=1
[2026-04-05T14:39:35.668Z] [INFO] [review traktor/710430687] page=1 +0 reviews (unique=0)
[2026-04-05T14:39:35.679Z] [INFO] [REVIEW SAVED] /mnt/c/Developer/Review_AI/scraper_project/raw_data/traktor/710430687_reviews.json
[2026-04-05T14:39:35.696Z] [INFO] 
[REVIEW WORKER 4] starting traktor/710424040
[2026-04-05T14:39:37.429Z] [INFO] 
[START REVIEW] category=traktor productId=710358333 startPage=1
[2026-04-05T14:39:37.640Z] [INFO] [review traktor/710358333] page=1 +0 reviews (unique=0)
[2026-04-05T14:39:37.683Z] [INFO] [REVIEW SAVED] /mnt/c/Developer/Review_AI/scraper_project/raw_data/traktor/710358333_reviews.json
[2026-04-05T14:39:37.714Z] [INFO] 
[REVIEW WORKER 2] starting traktor/710327396
[2026-04-05T14:39:38.278Z] [INFO] 
[START REVIEW] category=traktor productId=710428212 startPage=1
[2026-04-05T14:39:38.568Z] [INFO] 
[START REVIEW] category=traktor productId=710435126 startPage=1
[2026-04-05T14:39:38.694Z] [INFO] [review traktor/710428212] page=1 +0 reviews (unique=0)
[2026-04-05T14:39:38.823Z] [INFO] [REVIEW SAVED] /mnt/c/Developer/Review_AI/scraper_project/raw_data/traktor/710428212_reviews.json
[2026-04-05T14:39:38.899Z] [INFO] 
[REVIEW WORKER 1] starting traktor/710261542
[2026-04-05T14:39:39.201Z] [INFO] [review traktor/710435126] page=1 +0 reviews (unique=0)
[2026-04-05T14:39:39.261Z] [INFO] [REVIEW SAVED] /mnt/c/Developer/Review_AI/scraper_project/raw_data/traktor/710435126_reviews.json
[2026-04-05T14:39:39.315Z] [INFO] 
[REVIEW WORKER 5] starting traktor/710340963
[2026-04-05T14:39:39.390Z] [INFO] 
[START REVIEW] category=traktor productId=710373880 startPage=1
[2026-04-05T14:39:39.791Z] [INFO] [review traktor/710373880] page=1 +0 reviews (unique=0)
[2026-04-05T14:39:39.822Z] [INFO] [REVIEW SAVED] /mnt/c/Developer/Review_AI/scraper_project/raw_data/traktor/710373880_reviews.json
[2026-04-05T14:39:39.837Z] [INFO] 
[REVIEW WORKER 6] starting traktor/710369793
[2026-04-05T14:39:40.195Z] [INFO] 
[START REVIEW] category=traktor productId=710424040 startPage=1
[2026-04-05T14:39:40.513Z] [INFO] [review traktor/710424040] page=1 +0 reviews (unique=0)
[2026-04-05T14:39:40.531Z] [INFO] [REVIEW SAVED] /mnt/c/Developer/Review_AI/scraper_project/raw_data/traktor/710424040_reviews.json
[2026-04-05T14:39:40.551Z] [INFO] 
[REVIEW WORKER 4] starting traktor/710325005
[2026-04-05T14:39:41.577Z] [INFO] 
[START REVIEW] category=traktor productId=710327396 startPage=1
[2026-04-05T14:39:42.065Z] [INFO] [review traktor/710327396] page=1 +0 reviews (unique=0)
[2026-04-05T14:39:42.082Z] [INFO] [REVIEW SAVED] /mnt/c/Developer/Review_AI/scraper_project/raw_data/traktor/710327396_reviews.json
[2026-04-05T14:39:42.157Z] [INFO] 
[REVIEW WORKER 2] starting traktor/710195850
[2026-04-05T14:39:42.947Z] [INFO] 
[START REVIEW] category=traktor productId=710261542 startPage=1
[2026-04-05T14:39:43.146Z] [INFO] [review traktor/710261542] page=1 +0 reviews (unique=0)
[2026-04-05T14:39:43.170Z] [INFO] [REVIEW SAVED] /mnt/c/Developer/Review_AI/scraper_project/raw_data/traktor/710261542_reviews.json
[2026-04-05T14:39:43.193Z] [INFO] 
[REVIEW WORKER 1] starting traktor/710420487
[2026-04-05T14:39:43.386Z] [INFO] 
[START REVIEW] category=traktor productId=710340963 startPage=1
[2026-04-05T14:39:43.583Z] [INFO] [review traktor/710340963] page=1 +0 reviews (unique=0)
[2026-04-05T14:39:43.612Z] [INFO] [REVIEW SAVED] /mnt/c/Developer/Review_AI/scraper_project/raw_data/traktor/710340963_reviews.json
[2026-04-05T14:39:43.640Z] [INFO] 
[REVIEW WORKER 5] starting traktor/710168981
[2026-04-05T14:39:43.835Z] [INFO] 
[START REVIEW] category=traktor productId=710369793 startPage=1
[2026-04-05T14:39:44.024Z] [INFO] [review traktor/710369793] page=1 +0 reviews (unique=0)
[2026-04-05T14:39:44.040Z] [INFO] [REVIEW SAVED] /mnt/c/Developer/Review_AI/scraper_project/raw_data/traktor/710369793_reviews.json
[2026-04-05T14:39:44.064Z] [INFO] 
[REVIEW WORKER 6] starting traktor/709882990
[2026-04-05T14:39:44.403Z] [INFO] 
[START REVIEW] category=traktor productId=710325005 startPage=1
[2026-04-05T14:39:44.607Z] [INFO] [review traktor/710325005] page=1 +0 reviews (unique=0)
[2026-04-05T14:39:44.624Z] [INFO] [REVIEW SAVED] /mnt/c/Developer/Review_AI/scraper_project/raw_data/traktor/710325005_reviews.json
[2026-04-05T14:39:44.642Z] [INFO] 
[REVIEW WORKER 4] starting traktor/710169558
[2026-04-05T14:39:45.768Z] [INFO] 
[START REVIEW] category=traktor productId=710195850 startPage=1
[2026-04-05T14:39:45.959Z] [INFO] [review traktor/710195850] page=1 +0 reviews (unique=0)
[2026-04-05T14:39:45.981Z] [INFO] [REVIEW SAVED] /mnt/c/Developer/Review_AI/scraper_project/raw_data/traktor/710195850_reviews.json
[2026-04-05T14:39:46.017Z] [INFO] 
[REVIEW WORKER 2] starting traktor/709883981
[2026-04-05T14:39:47.129Z] [INFO] 
[START REVIEW] category=traktor productId=710420487 startPage=1
[2026-04-05T14:39:47.336Z] [INFO] [review traktor/710420487] page=1 +0 reviews (unique=0)
[2026-04-05T14:39:47.403Z] [INFO] [REVIEW SAVED] /mnt/c/Developer/Review_AI/scraper_project/raw_data/traktor/710420487_reviews.json
[2026-04-05T14:39:47.470Z] [INFO] 
[REVIEW WORKER 1] starting traktor/710175794
[2026-04-05T14:39:47.606Z] [INFO] 
[START REVIEW] category=traktor productId=710168981 startPage=1
[2026-04-05T14:39:47.924Z] [INFO] 
[START REVIEW] category=traktor productId=709882990 startPage=1
[2026-04-05T14:39:48.088Z] [INFO] [review traktor/710168981] page=1 +0 reviews (unique=0)
[2026-04-05T14:39:48.191Z] [INFO] [REVIEW SAVED] /mnt/c/Developer/Review_AI/scraper_project/raw_data/traktor/710168981_reviews.json
[2026-04-05T14:39:48.249Z] [INFO] 
[REVIEW WORKER 5] starting traktor/709414305
[2026-04-05T14:39:48.672Z] [INFO] [review traktor/709882990] page=1 +0 reviews (unique=0)
[2026-04-05T14:39:48.703Z] [INFO] [REVIEW SAVED] /mnt/c/Developer/Review_AI/scraper_project/raw_data/traktor/709882990_reviews.json
[2026-04-05T14:39:48.740Z] [INFO] 
[REVIEW WORKER 6] starting traktor/709881221
[2026-04-05T14:39:48.855Z] [INFO] 
[START REVIEW] category=traktor productId=710169558 startPage=1
[2026-04-05T14:39:49.088Z] [INFO] [review traktor/710169558] page=1 +0 reviews (unique=0)
[2026-04-05T14:39:49.112Z] [INFO] [REVIEW SAVED] /mnt/c/Developer/Review_AI/scraper_project/raw_data/traktor/710169558_reviews.json
[2026-04-05T14:39:49.131Z] [INFO] 
[REVIEW WORKER 4] starting traktor/710170906
[2026-04-05T14:39:50.327Z] [INFO] 
[START REVIEW] category=traktor productId=709883981 startPage=1
[2026-04-05T14:39:50.516Z] [INFO] [review traktor/709883981] page=1 +0 reviews (unique=0)
[2026-04-05T14:39:50.536Z] [INFO] [REVIEW SAVED] /mnt/c/Developer/Review_AI/scraper_project/raw_data/traktor/709883981_reviews.json
[2026-04-05T14:39:50.556Z] [INFO] 
[REVIEW WORKER 2] starting traktor/710175291
[2026-04-05T14:39:51.580Z] [INFO] 
[START REVIEW] category=traktor productId=710175794 startPage=1
[2026-04-05T14:39:51.969Z] [INFO] [review traktor/710175794] page=1 +0 reviews (unique=0)
[2026-04-05T14:39:51.984Z] [INFO] [REVIEW SAVED] /mnt/c/Developer/Review_AI/scraper_project/raw_data/traktor/710175794_reviews.json
[2026-04-05T14:39:52.004Z] [INFO] 
[REVIEW WORKER 1] starting traktor/709881823
[2026-04-05T14:39:52.124Z] [INFO] 
[START REVIEW] category=traktor productId=709414305 startPage=1
[2026-04-05T14:39:52.326Z] [INFO] [review traktor/709414305] page=1 +0 reviews (unique=0)
[2026-04-05T14:39:52.337Z] [INFO] [REVIEW SAVED] /mnt/c/Developer/Review_AI/scraper_project/raw_data/traktor/709414305_reviews.json
[2026-04-05T14:39:52.351Z] [INFO] 
[REVIEW WORKER 5] starting traktor/709414328
[2026-04-05T14:39:52.446Z] [INFO] 
[START REVIEW] category=traktor productId=709881221 startPage=1
[2026-04-05T14:39:52.633Z] [INFO] [review traktor/709881221] page=1 +0 reviews (unique=0)
[2026-04-05T14:39:52.645Z] [INFO] [REVIEW SAVED] /mnt/c/Developer/Review_AI/scraper_project/raw_data/traktor/709881221_reviews.json
[2026-04-05T14:39:52.660Z] [INFO] 
[REVIEW WORKER 6] starting traktor/710171941
[2026-04-05T14:39:52.709Z] [INFO] 
[START REVIEW] category=traktor productId=710170906 startPage=1
[2026-04-05T14:39:52.943Z] [INFO] [review traktor/710170906] page=1 +0 reviews (unique=0)
[2026-04-05T14:39:52.955Z] [INFO] [REVIEW SAVED] /mnt/c/Developer/Review_AI/scraper_project/raw_data/traktor/710170906_reviews.json
[2026-04-05T14:39:52.970Z] [INFO] 
[REVIEW WORKER 4] starting traktor/710179494
[2026-04-05T14:39:54.304Z] [INFO] 
[START REVIEW] category=traktor productId=710175291 startPage=1
[2026-04-05T14:39:54.501Z] [INFO] [review traktor/710175291] page=1 +0 reviews (unique=0)
[2026-04-05T14:39:54.536Z] [INFO] [REVIEW SAVED] /mnt/c/Developer/Review_AI/scraper_project/raw_data/traktor/710175291_reviews.json
[2026-04-05T14:39:54.566Z] [INFO] 
[REVIEW WORKER 2] starting traktor/709901698
[2026-04-05T14:39:56.382Z] [INFO] 
[START REVIEW] category=traktor productId=709414328 startPage=1
[2026-04-05T14:39:56.429Z] [INFO] 
[START REVIEW] category=traktor productId=709881823 startPage=1
[2026-04-05T14:39:56.655Z] [INFO] 
[START REVIEW] category=traktor productId=710171941 startPage=1
[2026-04-05T14:39:56.893Z] [INFO] [review traktor/709881823] page=1 +0 reviews (unique=0)
[2026-04-05T14:39:56.917Z] [INFO] [REVIEW SAVED] /mnt/c/Developer/Review_AI/scraper_project/raw_data/traktor/709881823_reviews.json
[2026-04-05T14:39:56.935Z] [INFO] 
[START REVIEW] category=traktor productId=710179494 startPage=1
[2026-04-05T14:39:56.980Z] [INFO] 
[REVIEW WORKER 1] starting traktor/710172897
[2026-04-05T14:39:57.240Z] [INFO] [review traktor/710179494] page=1 +0 reviews (unique=0)
[2026-04-05T14:39:57.271Z] [INFO] [REVIEW SAVED] /mnt/c/Developer/Review_AI/scraper_project/raw_data/traktor/710179494_reviews.json
[2026-04-05T14:39:57.276Z] [INFO] [review traktor/710171941] page=1 +0 reviews (unique=0)
[2026-04-05T14:39:57.298Z] [INFO] [REVIEW SAVED] /mnt/c/Developer/Review_AI/scraper_project/raw_data/traktor/710171941_reviews.json
[2026-04-05T14:39:57.318Z] [INFO] 
[REVIEW WORKER 4] starting traktor/710179042
[2026-04-05T14:39:57.377Z] [INFO] 
[REVIEW WORKER 6] starting traktor/709880697
[2026-04-05T14:39:58.270Z] [INFO] [review traktor/709414328] page=1 +0 reviews (unique=0)
[2026-04-05T14:39:58.286Z] [INFO] [REVIEW SAVED] /mnt/c/Developer/Review_AI/scraper_project/raw_data/traktor/709414328_reviews.json
[2026-04-05T14:39:58.311Z] [INFO] 
[REVIEW WORKER 5] starting traktor/710170574
[2026-04-05T14:39:58.977Z] [INFO] 
[START REVIEW] category=traktor productId=709901698 startPage=1
[2026-04-05T14:39:59.172Z] [INFO] [review traktor/709901698] page=1 +0 reviews (unique=0)
[2026-04-05T14:39:59.188Z] [INFO] [REVIEW SAVED] /mnt/c/Developer/Review_AI/scraper_project/raw_data/traktor/709901698_reviews.json
[2026-04-05T14:39:59.199Z] [INFO] 
[REVIEW WORKER 2] starting traktor/710179951
[2026-04-05T14:40:00.806Z] [INFO] 
[START REVIEW] category=traktor productId=710172897 startPage=1
[2026-04-05T14:40:01.033Z] [INFO] [review traktor/710172897] page=1 +0 reviews (unique=0)
[2026-04-05T14:40:01.050Z] [INFO] [REVIEW SAVED] /mnt/c/Developer/Review_AI/scraper_project/raw_data/traktor/710172897_reviews.json
[2026-04-05T14:40:01.070Z] [INFO] 
[REVIEW WORKER 1] starting traktor/710173640
[2026-04-05T14:40:01.164Z] [INFO] 
[START REVIEW] category=traktor productId=709880697 startPage=1
[2026-04-05T14:40:01.375Z] [INFO] [review traktor/709880697] page=1 +0 reviews (unique=0)
[2026-04-05T14:40:01.404Z] [INFO] [REVIEW SAVED] /mnt/c/Developer/Review_AI/scraper_project/raw_data/traktor/709880697_reviews.json
[2026-04-05T14:40:01.429Z] [INFO] 
[REVIEW WORKER 6] starting traktor/708887936
[2026-04-05T14:40:01.545Z] [INFO] 
[START REVIEW] category=traktor productId=710179042 startPage=1
[2026-04-05T14:40:01.792Z] [INFO] [review traktor/710179042] page=1 +0 reviews (unique=0)
[2026-04-05T14:40:01.845Z] [INFO] [REVIEW SAVED] /mnt/c/Developer/Review_AI/scraper_project/raw_data/traktor/710179042_reviews.json
[2026-04-05T14:40:01.912Z] [INFO] 
[REVIEW WORKER 4] starting traktor/709414218
[2026-04-05T14:40:02.794Z] [INFO] 
[START REVIEW] category=traktor productId=710170574 startPage=1
[2026-04-05T14:40:03.244Z] [INFO] 
[START REVIEW] category=traktor productId=710179951 startPage=1
[2026-04-05T14:40:04.284Z] [INFO] [review traktor/710179951] page=1 +0 reviews (unique=0)
[2026-04-05T14:40:04.312Z] [INFO] [REVIEW SAVED] /mnt/c/Developer/Review_AI/scraper_project/raw_data/traktor/710179951_reviews.json
[2026-04-05T14:40:04.329Z] [INFO] 
[REVIEW WORKER 2] starting traktor/709407243
[2026-04-05T14:40:04.413Z] [ERROR] [REVIEW ERROR] traktor/710332666
[2026-04-05T14:40:04.417Z] [ERROR] {"name":"Error"}
[2026-04-05T14:40:04.442Z] [INFO] 
[REVIEW WORKER 3] starting traktor/709413389
[2026-04-05T14:40:07.972Z] [INFO] [review traktor/710170574] page=1 +0 reviews (unique=0)
[2026-04-05T14:40:07.999Z] [INFO] [REVIEW SAVED] /mnt/c/Developer/Review_AI/scraper_project/raw_data/traktor/710170574_reviews.json
[2026-04-05T14:40:08.024Z] [INFO] 
[REVIEW WORKER 5] starting traktor/709411501
[2026-04-05T14:40:08.823Z] [INFO] 
[START REVIEW] category=traktor productId=709413389 startPage=1
[2026-04-05T14:40:09.072Z] [INFO] [review traktor/709413389] page=1 +0 reviews (unique=0)
[2026-04-05T14:40:09.085Z] [INFO] [REVIEW SAVED] /mnt/c/Developer/Review_AI/scraper_project/raw_data/traktor/709413389_reviews.json
[2026-04-05T14:40:09.099Z] [INFO] 
[REVIEW WORKER 3] starting traktor/709405442
[2026-04-05T14:40:09.298Z] [INFO] 
[START REVIEW] category=traktor productId=709407243 startPage=1
[2026-04-05T14:40:09.478Z] [INFO] [review traktor/709407243] page=1 +0 reviews (unique=0)
[2026-04-05T14:40:09.485Z] [INFO] [REVIEW SAVED] /mnt/c/Developer/Review_AI/scraper_project/raw_data/traktor/709407243_reviews.json
[2026-04-05T14:40:09.505Z] [INFO] 
[REVIEW WORKER 2] starting traktor/709408868
[2026-04-05T14:40:11.499Z] [INFO] 
[START REVIEW] category=traktor productId=708887936 startPage=1
[2026-04-05T14:40:11.720Z] [INFO] [review traktor/708887936] page=1 +0 reviews (unique=0)
[2026-04-05T14:40:11.755Z] [INFO] [REVIEW SAVED] /mnt/c/Developer/Review_AI/scraper_project/raw_data/traktor/708887936_reviews.json
[2026-04-05T14:40:11.782Z] [INFO] 
[REVIEW WORKER 6] starting traktor/709406232
[2026-04-05T14:40:11.906Z] [INFO] 
[START REVIEW] category=traktor productId=709411501 startPage=1
[2026-04-05T14:40:12.204Z] [INFO] [review traktor/709411501] page=1 +0 reviews (unique=0)
[2026-04-05T14:40:12.230Z] [INFO] [REVIEW SAVED] /mnt/c/Developer/Review_AI/scraper_project/raw_data/traktor/709411501_reviews.json
[2026-04-05T14:40:12.258Z] [INFO] 
[REVIEW WORKER 5] starting traktor/709405913
[2026-04-05T14:40:12.969Z] [INFO] 
[START REVIEW] category=traktor productId=709414218 startPage=1
[2026-04-05T14:40:13.176Z] [INFO] [review traktor/709414218] page=1 +0 reviews (unique=0)
[2026-04-05T14:40:13.210Z] [INFO] [REVIEW SAVED] /mnt/c/Developer/Review_AI/scraper_project/raw_data/traktor/709414218_reviews.json
[2026-04-05T14:40:13.241Z] [INFO] 
[REVIEW WORKER 4] starting traktor/709413467
[2026-04-05T14:40:13.553Z] [INFO] 
[START REVIEW] category=traktor productId=709405442 startPage=1
[2026-04-05T14:40:13.562Z] [INFO] 
[START REVIEW] category=traktor productId=709408868 startPage=1
[2026-04-05T14:40:13.766Z] [INFO] [review traktor/709408868] page=1 +0 reviews (unique=0)
[2026-04-05T14:40:13.786Z] [INFO] [REVIEW SAVED] /mnt/c/Developer/Review_AI/scraper_project/raw_data/traktor/709408868_reviews.json
[2026-04-05T14:40:13.789Z] [INFO] [review traktor/709405442] page=1 +0 reviews (unique=0)
[2026-04-05T14:40:13.802Z] [INFO] [REVIEW SAVED] /mnt/c/Developer/Review_AI/scraper_project/raw_data/traktor/709405442_reviews.json
[2026-04-05T14:40:13.819Z] [INFO] 
[REVIEW WORKER 2] starting traktor/709406299
[2026-04-05T14:40:13.834Z] [INFO] 
[REVIEW WORKER 3] starting traktor/709102288
[2026-04-05T14:40:16.050Z] [INFO] 
[START REVIEW] category=traktor productId=709406232 startPage=1
[2026-04-05T14:40:16.225Z] [INFO] 
[START REVIEW] category=traktor productId=709405913 startPage=1
[2026-04-05T14:40:16.302Z] [INFO] [review traktor/709406232] page=1 +0 reviews (unique=0)
[2026-04-05T14:40:16.353Z] [INFO] [REVIEW SAVED] /mnt/c/Developer/Review_AI/scraper_project/raw_data/traktor/709406232_reviews.json
[2026-04-05T14:40:16.395Z] [INFO] 
[REVIEW WORKER 6] starting traktor/709405693
[2026-04-05T14:40:16.619Z] [INFO] [review traktor/709405913] page=1 +0 reviews (unique=0)
[2026-04-05T14:40:16.678Z] [INFO] [REVIEW SAVED] /mnt/c/Developer/Review_AI/scraper_project/raw_data/traktor/709405913_reviews.json
[2026-04-05T14:40:16.762Z] [INFO] 
[REVIEW WORKER 5] starting traktor/709413374
[2026-04-05T14:40:17.364Z] [INFO] 
[START REVIEW] category=traktor productId=709413467 startPage=1
[2026-04-05T14:40:17.960Z] [INFO] [review traktor/709413467] page=1 +0 reviews (unique=0)
[2026-04-05T14:40:18.002Z] [INFO] [REVIEW SAVED] /mnt/c/Developer/Review_AI/scraper_project/raw_data/traktor/709413467_reviews.json
[2026-04-05T14:40:18.037Z] [INFO] 
[REVIEW WORKER 4] starting traktor/709406494
[2026-04-05T14:40:20.189Z] [INFO] 
[START REVIEW] category=traktor productId=709406299 startPage=1
[2026-04-05T14:40:20.459Z] [INFO] 
[START REVIEW] category=traktor productId=709102288 startPage=1
[2026-04-05T14:40:20.486Z] [INFO] [review traktor/709406299] page=1 +0 reviews (unique=0)
[2026-04-05T14:40:20.504Z] [INFO] [REVIEW SAVED] /mnt/c/Developer/Review_AI/scraper_project/raw_data/traktor/709406299_reviews.json
[2026-04-05T14:40:20.524Z] [INFO] 
[REVIEW WORKER 2] starting traktor/709413631
[2026-04-05T14:40:21.054Z] [INFO] [review traktor/709102288] page=1 +0 reviews (unique=0)
[2026-04-05T14:40:21.076Z] [INFO] [REVIEW SAVED] /mnt/c/Developer/Review_AI/scraper_project/raw_data/traktor/709102288_reviews.json
[2026-04-05T14:40:21.102Z] [INFO] 
[REVIEW WORKER 3] starting traktor/709413969
[2026-04-05T14:40:22.521Z] [INFO] 
[START REVIEW] category=traktor productId=709405693 startPage=1
[2026-04-05T14:40:22.534Z] [INFO] 
[START REVIEW] category=traktor productId=709413374 startPage=1
[2026-04-05T14:40:22.761Z] [INFO] 
[START REVIEW] category=traktor productId=710173640 startPage=1
[2026-04-05T14:40:22.765Z] [INFO] [review traktor/709405693] page=1 +0 reviews (unique=0)
[2026-04-05T14:40:22.777Z] [INFO] [REVIEW SAVED] /mnt/c/Developer/Review_AI/scraper_project/raw_data/traktor/709405693_reviews.json
[2026-04-05T14:40:22.779Z] [INFO] [review traktor/709413374] page=1 +0 reviews (unique=0)
[2026-04-05T14:40:22.803Z] [INFO] [REVIEW SAVED] /mnt/c/Developer/Review_AI/scraper_project/raw_data/traktor/709413374_reviews.json
[2026-04-05T14:40:22.838Z] [INFO] 
[REVIEW WORKER 5] starting traktor/708885019
[2026-04-05T14:40:22.851Z] [INFO] 
[REVIEW WORKER 6] starting traktor/709414135
[2026-04-05T14:40:23.013Z] [INFO] [review traktor/710173640] page=1 +0 reviews (unique=0)
[2026-04-05T14:40:23.028Z] [INFO] [REVIEW SAVED] /mnt/c/Developer/Review_AI/scraper_project/raw_data/traktor/710173640_reviews.json
[2026-04-05T14:40:23.053Z] [INFO] 
[REVIEW WORKER 1] starting traktor/709406039
[2026-04-05T14:40:23.661Z] [INFO] 
[START REVIEW] category=traktor productId=709406494 startPage=1
[2026-04-05T14:40:23.969Z] [INFO] [review traktor/709406494] page=1 +0 reviews (unique=0)
[2026-04-05T14:40:23.988Z] [INFO] [REVIEW SAVED] /mnt/c/Developer/Review_AI/scraper_project/raw_data/traktor/709406494_reviews.json
[2026-04-05T14:40:24.006Z] [INFO] 
[REVIEW WORKER 4] starting traktor/708435483
[2026-04-05T14:40:24.845Z] [INFO] 
[START REVIEW] category=traktor productId=709413631 startPage=1
[2026-04-05T14:40:25.092Z] [INFO] [review traktor/709413631] page=1 +0 reviews (unique=0)
[2026-04-05T14:40:25.131Z] [INFO] [REVIEW SAVED] /mnt/c/Developer/Review_AI/scraper_project/raw_data/traktor/709413631_reviews.json
[2026-04-05T14:40:25.173Z] [INFO] 
[REVIEW WORKER 2] starting traktor/708880387
[2026-04-05T14:40:25.281Z] [INFO] 
[START REVIEW] category=traktor productId=709413969 startPage=1
[2026-04-05T14:40:25.628Z] [INFO] [review traktor/709413969] page=1 +0 reviews (unique=0)
[2026-04-05T14:40:25.676Z] [INFO] [REVIEW SAVED] /mnt/c/Developer/Review_AI/scraper_project/raw_data/traktor/709413969_reviews.json
[2026-04-05T14:40:25.711Z] [INFO] 
[REVIEW WORKER 3] starting traktor/708433818
[2026-04-05T14:40:26.986Z] [INFO] 
[START REVIEW] category=traktor productId=709414135 startPage=1
[2026-04-05T14:40:27.453Z] [INFO] 
[START REVIEW] category=traktor productId=709406039 startPage=1
[2026-04-05T14:40:27.479Z] [INFO] 
[START REVIEW] category=traktor productId=708885019 startPage=1
[2026-04-05T14:40:27.668Z] [INFO] [review traktor/709414135] page=1 +0 reviews (unique=0)
[2026-04-05T14:40:27.757Z] [INFO] [REVIEW SAVED] /mnt/c/Developer/Review_AI/scraper_project/raw_data/traktor/709414135_reviews.json
[2026-04-05T14:40:27.954Z] [INFO] 
[REVIEW WORKER 6] starting traktor/708746010
[2026-04-05T14:40:28.194Z] [INFO] [review traktor/709406039] page=1 +0 reviews (unique=0)
[2026-04-05T14:40:28.370Z] [INFO] [REVIEW SAVED] /mnt/c/Developer/Review_AI/scraper_project/raw_data/traktor/709406039_reviews.json
[2026-04-05T14:40:28.389Z] [INFO] [review traktor/708885019] page=1 +0 reviews (unique=0)
[2026-04-05T14:40:28.459Z] [INFO] [REVIEW SAVED] /mnt/c/Developer/Review_AI/scraper_project/raw_data/traktor/708885019_reviews.json
[2026-04-05T14:40:28.517Z] [INFO] 
[REVIEW WORKER 5] starting traktor/708883399
[2026-04-05T14:40:28.552Z] [INFO] 
[START REVIEW] category=traktor productId=708435483 startPage=1
[2026-04-05T14:40:28.568Z] [INFO] 
[REVIEW WORKER 1] starting traktor/708695578
[2026-04-05T14:40:28.917Z] [INFO] [review traktor/708435483] page=1 +0 reviews (unique=0)
[2026-04-05T14:40:28.936Z] [INFO] [REVIEW SAVED] /mnt/c/Developer/Review_AI/scraper_project/raw_data/traktor/708435483_reviews.json
[2026-04-05T14:40:29.000Z] [INFO] 
[REVIEW WORKER 4] starting traktor/708849416
[2026-04-05T14:40:29.910Z] [INFO] 
[START REVIEW] category=traktor productId=708880387 startPage=1
[2026-04-05T14:40:30.155Z] [INFO] [review traktor/708880387] page=1 +0 reviews (unique=0)
[2026-04-05T14:40:30.165Z] [INFO] [REVIEW SAVED] /mnt/c/Developer/Review_AI/scraper_project/raw_data/traktor/708880387_reviews.json
[2026-04-05T14:40:30.176Z] [INFO] 
[REVIEW WORKER 2] starting traktor/708680916
[2026-04-05T14:40:30.342Z] [INFO] 
[START REVIEW] category=traktor productId=708433818 startPage=1
[2026-04-05T14:40:30.630Z] [INFO] [review traktor/708433818] page=1 +0 reviews (unique=0)
[2026-04-05T14:40:30.648Z] [INFO] [REVIEW SAVED] /mnt/c/Developer/Review_AI/scraper_project/raw_data/traktor/708433818_reviews.json
[2026-04-05T14:40:30.667Z] [INFO] 
[REVIEW WORKER 3] starting traktor/708858381
[2026-04-05T14:40:32.279Z] [INFO] 
[START REVIEW] category=traktor productId=708746010 startPage=1
[2026-04-05T14:40:32.574Z] [INFO] [review traktor/708746010] page=1 +0 reviews (unique=0)
[2026-04-05T14:40:32.613Z] [INFO] [REVIEW SAVED] /mnt/c/Developer/Review_AI/scraper_project/raw_data/traktor/708746010_reviews.json
[2026-04-05T14:40:32.627Z] [INFO] 
[START REVIEW] category=traktor productId=708695578 startPage=1
[2026-04-05T14:40:32.660Z] [INFO] 
[REVIEW WORKER 6] starting traktor/708697168
[2026-04-05T14:40:32.671Z] [INFO] 
[START REVIEW] category=traktor productId=708883399 startPage=1
[2026-04-05T14:40:32.824Z] [INFO] [review traktor/708695578] page=1 +0 reviews (unique=0)
[2026-04-05T14:40:32.847Z] [INFO] [REVIEW SAVED] /mnt/c/Developer/Review_AI/scraper_project/raw_data/traktor/708695578_reviews.json
[2026-04-05T14:40:32.867Z] [INFO] 
[REVIEW WORKER 1] starting traktor/708847535
[2026-04-05T14:40:32.956Z] [INFO] [review traktor/708883399] page=1 +0 reviews (unique=0)
[2026-04-05T14:40:32.984Z] [INFO] [REVIEW SAVED] /mnt/c/Developer/Review_AI/scraper_project/raw_data/traktor/708883399_reviews.json
[2026-04-05T14:40:32.999Z] [INFO] 
[REVIEW WORKER 5] starting traktor/708715788
[2026-04-05T14:40:33.897Z] [INFO] 
[START REVIEW] category=traktor productId=708849416 startPage=1
[2026-04-05T14:40:34.106Z] [INFO] [review traktor/708849416] page=1 +0 reviews (unique=0)
[2026-04-05T14:40:34.121Z] [INFO] [REVIEW SAVED] /mnt/c/Developer/Review_AI/scraper_project/raw_data/traktor/708849416_reviews.json
[2026-04-05T14:40:34.136Z] [INFO] 
[REVIEW WORKER 4] starting traktor/708698473
[2026-04-05T14:40:34.600Z] [INFO] 
[START REVIEW] category=traktor productId=708680916 startPage=1
[2026-04-05T14:40:34.835Z] [INFO] [review traktor/708680916] page=1 +0 reviews (unique=0)
[2026-04-05T14:40:34.860Z] [INFO] [REVIEW SAVED] /mnt/c/Developer/Review_AI/scraper_project/raw_data/traktor/708680916_reviews.json
[2026-04-05T14:40:34.894Z] [INFO] 
[REVIEW WORKER 2] starting traktor/708687080
[2026-04-05T14:40:35.163Z] [INFO] 
[START REVIEW] category=traktor productId=708858381 startPage=1
[2026-04-05T14:40:35.509Z] [INFO] [review traktor/708858381] page=1 +0 reviews (unique=0)
[2026-04-05T14:40:35.545Z] [INFO] [REVIEW SAVED] /mnt/c/Developer/Review_AI/scraper_project/raw_data/traktor/708858381_reviews.json
[2026-04-05T14:40:35.577Z] [INFO] 
[REVIEW WORKER 3] starting traktor/708851319
[2026-04-05T14:40:36.677Z] [INFO] 
[START REVIEW] category=traktor productId=708697168 startPage=1
[2026-04-05T14:40:36.822Z] [INFO] 
[START REVIEW] category=traktor productId=708847535 startPage=1
[2026-04-05T14:40:37.128Z] [INFO] 
[START REVIEW] category=traktor productId=708715788 startPage=1
[2026-04-05T14:40:37.235Z] [INFO] [review traktor/708847535] page=1 +0 reviews (unique=0)
[2026-04-05T14:40:37.324Z] [INFO] [REVIEW SAVED] /mnt/c/Developer/Review_AI/scraper_project/raw_data/traktor/708847535_reviews.json
[2026-04-05T14:40:37.368Z] [INFO] 
[REVIEW WORKER 1] starting traktor/708693573
[2026-04-05T14:40:37.566Z] [INFO] [review traktor/708697168] page=1 +0 reviews (unique=0)
[2026-04-05T14:40:37.655Z] [INFO] [REVIEW SAVED] /mnt/c/Developer/Review_AI/scraper_project/raw_data/traktor/708697168_reviews.json
[2026-04-05T14:40:37.709Z] [INFO] 
[REVIEW WORKER 6] starting traktor/708705127
[2026-04-05T14:40:37.749Z] [INFO] [review traktor/708715788] page=1 +0 reviews (unique=0)
[2026-04-05T14:40:37.774Z] [INFO] [REVIEW SAVED] /mnt/c/Developer/Review_AI/scraper_project/raw_data/traktor/708715788_reviews.json
[2026-04-05T14:40:37.847Z] [INFO] 
[REVIEW WORKER 5] starting traktor/708430755
[2026-04-05T14:40:38.988Z] [INFO] 
[START REVIEW] category=traktor productId=708698473 startPage=1
[2026-04-05T14:40:39.228Z] [INFO] [review traktor/708698473] page=1 +0 reviews (unique=0)
[2026-04-05T14:40:39.242Z] [INFO] [REVIEW SAVED] /mnt/c/Developer/Review_AI/scraper_project/raw_data/traktor/708698473_reviews.json
[2026-04-05T14:40:39.249Z] [INFO] 
[START REVIEW] category=traktor productId=708687080 startPage=1
[2026-04-05T14:40:39.267Z] [INFO] 
[REVIEW WORKER 4] starting traktor/708857627
[2026-04-05T14:40:39.476Z] [INFO] [review traktor/708687080] page=1 +0 reviews (unique=0)
[2026-04-05T14:40:39.491Z] [INFO] [REVIEW SAVED] /mnt/c/Developer/Review_AI/scraper_project/raw_data/traktor/708687080_reviews.json
[2026-04-05T14:40:39.508Z] [INFO] 
[REVIEW WORKER 2] starting traktor/708690566
[2026-04-05T14:40:40.210Z] [INFO] 
[START REVIEW] category=traktor productId=708851319 startPage=1
[2026-04-05T14:40:40.500Z] [INFO] [review traktor/708851319] page=1 +0 reviews (unique=0)
[2026-04-05T14:40:40.550Z] [INFO] [REVIEW SAVED] /mnt/c/Developer/Review_AI/scraper_project/raw_data/traktor/708851319_reviews.json
[2026-04-05T14:40:40.607Z] [INFO] 
[REVIEW WORKER 3] starting traktor/706806464
[2026-04-05T14:40:41.685Z] [INFO] 
[START REVIEW] category=traktor productId=708430755 startPage=1
[2026-04-05T14:40:41.713Z] [INFO] 
[START REVIEW] category=traktor productId=708693573 startPage=1
[2026-04-05T14:40:41.956Z] [INFO] [review traktor/708430755] page=1 +0 reviews (unique=0)
[2026-04-05T14:40:41.983Z] [INFO] [REVIEW SAVED] /mnt/c/Developer/Review_AI/scraper_project/raw_data/traktor/708430755_reviews.json
[2026-04-05T14:40:41.997Z] [INFO] 
[START REVIEW] category=traktor productId=708705127 startPage=1
[2026-04-05T14:40:42.026Z] [INFO] 
[REVIEW WORKER 5] starting traktor/708414173
[2026-04-05T14:40:42.044Z] [INFO] [review traktor/708693573] page=1 +0 reviews (unique=0)
[2026-04-05T14:40:42.070Z] [INFO] [REVIEW SAVED] /mnt/c/Developer/Review_AI/scraper_project/raw_data/traktor/708693573_reviews.json
[2026-04-05T14:40:42.157Z] [INFO] 
[REVIEW WORKER 1] starting traktor/708405885
[2026-04-05T14:40:42.282Z] [INFO] [review traktor/708705127] page=1 +0 reviews (unique=0)
[2026-04-05T14:40:42.308Z] [INFO] [REVIEW SAVED] /mnt/c/Developer/Review_AI/scraper_project/raw_data/traktor/708705127_reviews.json
[2026-04-05T14:40:42.326Z] [INFO] 
[REVIEW WORKER 6] starting traktor/707758059
[2026-04-05T14:40:43.382Z] [INFO] 
[START REVIEW] category=traktor productId=708857627 startPage=1
[2026-04-05T14:40:43.614Z] [INFO] 
[START REVIEW] category=traktor productId=708690566 startPage=1
[2026-04-05T14:40:43.849Z] [INFO] [review traktor/708690566] page=1 +0 reviews (unique=0)
[2026-04-05T14:40:43.864Z] [INFO] [REVIEW SAVED] /mnt/c/Developer/Review_AI/scraper_project/raw_data/traktor/708690566_reviews.json
[2026-04-05T14:40:43.884Z] [INFO] 
[REVIEW WORKER 2] starting traktor/707755787
[2026-04-05T14:40:44.657Z] [INFO] 
[START REVIEW] category=traktor productId=706806464 startPage=1
[2026-04-05T14:40:44.791Z] [INFO] [review traktor/708857627] page=1 +0 reviews (unique=0)
[2026-04-05T14:40:44.806Z] [INFO] [REVIEW SAVED] /mnt/c/Developer/Review_AI/scraper_project/raw_data/traktor/708857627_reviews.json
[2026-04-05T14:40:44.832Z] [INFO] 
[REVIEW WORKER 4] starting traktor/707759882
[2026-04-05T14:40:44.912Z] [INFO] [review traktor/706806464] page=1 +0 reviews (unique=0)
[2026-04-05T14:40:44.932Z] [INFO] [REVIEW SAVED] /mnt/c/Developer/Review_AI/scraper_project/raw_data/traktor/706806464_reviews.json
[2026-04-05T14:40:44.972Z] [INFO] 
[REVIEW WORKER 3] starting traktor/707757514
[2026-04-05T14:40:46.074Z] [INFO] 
[START REVIEW] category=traktor productId=708414173 startPage=1
[2026-04-05T14:40:46.292Z] [INFO] [review traktor/708414173] page=1 +0 reviews (unique=0)
[2026-04-05T14:40:46.334Z] [INFO] [REVIEW SAVED] /mnt/c/Developer/Review_AI/scraper_project/raw_data/traktor/708414173_reviews.json
[2026-04-05T14:40:46.373Z] [INFO] 
[REVIEW WORKER 5] starting traktor/708415294
[2026-04-05T14:40:46.518Z] [INFO] 
[START REVIEW] category=traktor productId=708405885 startPage=1
[2026-04-05T14:40:46.765Z] [INFO] [review traktor/708405885] page=1 +0 reviews (unique=0)
[2026-04-05T14:40:46.808Z] [INFO] [REVIEW SAVED] /mnt/c/Developer/Review_AI/scraper_project/raw_data/traktor/708405885_reviews.json
[2026-04-05T14:40:46.888Z] [INFO] 
[REVIEW WORKER 1] starting traktor/703999038
[2026-04-05T14:40:46.917Z] [INFO] 
[START REVIEW] category=traktor productId=707758059 startPage=1
[2026-04-05T14:40:47.309Z] [INFO] [review traktor/707758059] page=1 +0 reviews (unique=0)
[2026-04-05T14:40:47.375Z] [INFO] [REVIEW SAVED] /mnt/c/Developer/Review_AI/scraper_project/raw_data/traktor/707758059_reviews.json
[2026-04-05T14:40:47.476Z] [INFO] 
[REVIEW WORKER 6] starting traktor/706741065
[2026-04-05T14:40:48.221Z] [INFO] 
[START REVIEW] category=traktor productId=707755787 startPage=1
[2026-04-05T14:40:48.926Z] [INFO] [review traktor/707755787] page=1 +0 reviews (unique=0)
[2026-04-05T14:40:49.030Z] [INFO] [REVIEW SAVED] /mnt/c/Developer/Review_AI/scraper_project/raw_data/traktor/707755787_reviews.json
[2026-04-05T14:40:49.181Z] [INFO] 
[REVIEW WORKER 2] starting traktor/707325657
[2026-04-05T14:40:49.549Z] [INFO] 
[START REVIEW] category=traktor productId=707759882 startPage=1
[2026-04-05T14:40:49.575Z] [INFO] 
[START REVIEW] category=traktor productId=707757514 startPage=1
[2026-04-05T14:40:49.763Z] [INFO] [review traktor/707757514] page=1 +0 reviews (unique=0)
[2026-04-05T14:40:49.793Z] [INFO] [REVIEW SAVED] /mnt/c/Developer/Review_AI/scraper_project/raw_data/traktor/707757514_reviews.json
[2026-04-05T14:40:49.822Z] [INFO] 
[REVIEW WORKER 3] starting traktor/708416523
[2026-04-05T14:40:49.879Z] [INFO] [review traktor/707759882] page=1 +0 reviews (unique=0)
[2026-04-05T14:40:49.903Z] [INFO] [REVIEW SAVED] /mnt/c/Developer/Review_AI/scraper_project/raw_data/traktor/707759882_reviews.json
[2026-04-05T14:40:49.947Z] [INFO] 
[REVIEW WORKER 4] starting traktor/708424138
[2026-04-05T14:40:50.960Z] [INFO] 
[START REVIEW] category=traktor productId=708415294 startPage=1
[2026-04-05T14:40:51.161Z] [INFO] [review traktor/708415294] page=1 +0 reviews (unique=0)
[2026-04-05T14:40:51.177Z] [INFO] [REVIEW SAVED] /mnt/c/Developer/Review_AI/scraper_project/raw_data/traktor/708415294_reviews.json
[2026-04-05T14:40:51.198Z] [INFO] 
[REVIEW WORKER 5] starting traktor/706803127
[2026-04-05T14:40:51.635Z] [INFO] 
[START REVIEW] category=traktor productId=703999038 startPage=1
[2026-04-05T14:40:51.829Z] [INFO] [review traktor/703999038] page=1 +0 reviews (unique=0)
[2026-04-05T14:40:51.844Z] [INFO] [REVIEW SAVED] /mnt/c/Developer/Review_AI/scraper_project/raw_data/traktor/703999038_reviews.json
[2026-04-05T14:40:51.855Z] [INFO] 
[REVIEW WORKER 1] starting traktor/707328304
[2026-04-05T14:40:52.023Z] [INFO] 
[START REVIEW] category=traktor productId=706741065 startPage=1
[2026-04-05T14:40:52.275Z] [INFO] [review traktor/706741065] page=1 +0 reviews (unique=0)
[2026-04-05T14:40:52.300Z] [INFO] [REVIEW SAVED] /mnt/c/Developer/Review_AI/scraper_project/raw_data/traktor/706741065_reviews.json
[2026-04-05T14:40:52.325Z] [INFO] 
[REVIEW WORKER 6] starting traktor/708407618
[2026-04-05T14:40:54.076Z] [INFO] 
[START REVIEW] category=traktor productId=708416523 startPage=1
[2026-04-05T14:40:54.101Z] [INFO] 
[START REVIEW] category=traktor productId=707325657 startPage=1
[2026-04-05T14:40:54.183Z] [INFO] 
[START REVIEW] category=traktor productId=708424138 startPage=1
[2026-04-05T14:40:54.326Z] [INFO] [review traktor/708416523] page=1 +0 reviews (unique=0)
[2026-04-05T14:40:54.365Z] [INFO] [REVIEW SAVED] /mnt/c/Developer/Review_AI/scraper_project/raw_data/traktor/708416523_reviews.json
[2026-04-05T14:40:54.379Z] [INFO] [review traktor/707325657] page=1 +0 reviews (unique=0)
[2026-04-05T14:40:54.418Z] [INFO] [REVIEW SAVED] /mnt/c/Developer/Review_AI/scraper_project/raw_data/traktor/707325657_reviews.json
[2026-04-05T14:40:54.437Z] [INFO] [review traktor/708424138] page=1 +0 reviews (unique=0)
[2026-04-05T14:40:54.485Z] [INFO] [REVIEW SAVED] /mnt/c/Developer/Review_AI/scraper_project/raw_data/traktor/708424138_reviews.json
[2026-04-05T14:40:54.507Z] [INFO] 
[REVIEW WORKER 3] starting traktor/707323412
[2026-04-05T14:40:54.524Z] [INFO] 
[REVIEW WORKER 2] starting traktor/707753681
[2026-04-05T14:40:54.568Z] [INFO] 
[REVIEW WORKER 4] starting traktor/703997544
[2026-04-05T14:40:55.650Z] [INFO] 
[START REVIEW] category=traktor productId=706803127 startPage=1
[2026-04-05T14:40:56.237Z] [INFO] [review traktor/706803127] page=1 +0 reviews (unique=0)
[2026-04-05T14:40:56.287Z] [INFO] [REVIEW SAVED] /mnt/c/Developer/Review_AI/scraper_project/raw_data/traktor/706803127_reviews.json
[2026-04-05T14:40:56.348Z] [INFO] 
[REVIEW WORKER 5] starting traktor/704088840
[2026-04-05T14:40:56.445Z] [INFO] 
[START REVIEW] category=traktor productId=707328304 startPage=1
[2026-04-05T14:40:57.021Z] [INFO] [review traktor/707328304] page=1 +0 reviews (unique=0)
[2026-04-05T14:40:57.158Z] [INFO] [REVIEW SAVED] /mnt/c/Developer/Review_AI/scraper_project/raw_data/traktor/707328304_reviews.json
[2026-04-05T14:40:57.409Z] [INFO] 
[REVIEW WORKER 1] starting traktor/703881750
[2026-04-05T14:40:57.449Z] [INFO] 
[START REVIEW] category=traktor productId=708407618 startPage=1
[2026-04-05T14:40:57.932Z] [INFO] [review traktor/708407618] page=1 +0 reviews (unique=0)
[2026-04-05T14:40:57.951Z] [INFO] [REVIEW SAVED] /mnt/c/Developer/Review_AI/scraper_project/raw_data/traktor/708407618_reviews.json
[2026-04-05T14:40:57.966Z] [INFO] 
[REVIEW WORKER 6] starting traktor/703891351
[2026-04-05T14:40:59.739Z] [INFO] 
[START REVIEW] category=traktor productId=707323412 startPage=1
[2026-04-05T14:41:00.007Z] [INFO] [review traktor/707323412] page=1 +0 reviews (unique=0)
[2026-04-05T14:41:00.050Z] [INFO] [REVIEW SAVED] /mnt/c/Developer/Review_AI/scraper_project/raw_data/traktor/707323412_reviews.json
[2026-04-05T14:41:00.079Z] [INFO] 
[REVIEW WORKER 3] starting traktor/703894641
[2026-04-05T14:41:00.114Z] [INFO] 
[START REVIEW] category=traktor productId=707753681 startPage=1
[2026-04-05T14:41:00.639Z] [INFO] [review traktor/707753681] page=1 +0 reviews (unique=0)
[2026-04-05T14:41:00.679Z] [INFO] [REVIEW SAVED] /mnt/c/Developer/Review_AI/scraper_project/raw_data/traktor/707753681_reviews.json
[2026-04-05T14:41:00.707Z] [INFO] 
[REVIEW WORKER 2] starting traktor/703889112
[2026-04-05T14:41:00.856Z] [INFO] 
[START REVIEW] category=traktor productId=703997544 startPage=1
[2026-04-05T14:41:01.056Z] [INFO] [review traktor/703997544] page=1 +0 reviews (unique=0)
[2026-04-05T14:41:01.093Z] [INFO] [REVIEW SAVED] /mnt/c/Developer/Review_AI/scraper_project/raw_data/traktor/703997544_reviews.json
[2026-04-05T14:41:01.118Z] [INFO] 
[REVIEW WORKER 4] starting traktor/703882585
[2026-04-05T14:41:02.503Z] [INFO] 
[START REVIEW] category=traktor productId=703881750 startPage=1
[2026-04-05T14:41:02.631Z] [INFO] 
[START REVIEW] category=traktor productId=703891351 startPage=1
[2026-04-05T14:41:02.840Z] [INFO] [review traktor/703881750] page=1 +0 reviews (unique=0)
[2026-04-05T14:41:02.857Z] [INFO] [REVIEW SAVED] /mnt/c/Developer/Review_AI/scraper_project/raw_data/traktor/703881750_reviews.json
[2026-04-05T14:41:02.877Z] [INFO] 
[REVIEW WORKER 1] starting traktor/703884570
[2026-04-05T14:41:03.579Z] [INFO] [review traktor/703891351] page=1 +0 reviews (unique=0)
[2026-04-05T14:41:03.600Z] [INFO] [REVIEW SAVED] /mnt/c/Developer/Review_AI/scraper_project/raw_data/traktor/703891351_reviews.json
[2026-04-05T14:41:03.616Z] [INFO] 
[REVIEW WORKER 6] starting traktor/703691841
[2026-04-05T14:41:04.632Z] [INFO] 
[START REVIEW] category=traktor productId=703894641 startPage=1
[2026-04-05T14:41:05.020Z] [INFO] 
[START REVIEW] category=traktor productId=703889112 startPage=1
[2026-04-05T14:41:05.482Z] [INFO] [review traktor/703889112] page=1 +0 reviews (unique=0)
[2026-04-05T14:41:05.501Z] [INFO] [REVIEW SAVED] /mnt/c/Developer/Review_AI/scraper_project/raw_data/traktor/703889112_reviews.json
[2026-04-05T14:41:05.531Z] [INFO] 
[START REVIEW] category=traktor productId=703882585 startPage=1
[2026-04-05T14:41:05.543Z] [INFO] 
[REVIEW WORKER 2] starting traktor/703893504
[2026-04-05T14:41:05.855Z] [INFO] [review traktor/703882585] page=1 +0 reviews (unique=0)
[2026-04-05T14:41:05.870Z] [INFO] [REVIEW SAVED] /mnt/c/Developer/Review_AI/scraper_project/raw_data/traktor/703882585_reviews.json
[2026-04-05T14:41:05.893Z] [INFO] 
[REVIEW WORKER 4] starting traktor/703890210
[2026-04-05T14:41:07.316Z] [INFO] 
[START REVIEW] category=traktor productId=703884570 startPage=1
[2026-04-05T14:41:07.573Z] [INFO] [review traktor/703884570] page=1 +0 reviews (unique=0)
[2026-04-05T14:41:07.616Z] [INFO] [REVIEW SAVED] /mnt/c/Developer/Review_AI/scraper_project/raw_data/traktor/703884570_reviews.json
[2026-04-05T14:41:07.635Z] [INFO] [review traktor/703894641] page=1 +0 reviews (unique=0)
[2026-04-05T14:41:07.681Z] [INFO] [REVIEW SAVED] /mnt/c/Developer/Review_AI/scraper_project/raw_data/traktor/703894641_reviews.json
[2026-04-05T14:41:07.705Z] [INFO] 
[REVIEW WORKER 1] starting traktor/703894179
[2026-04-05T14:41:07.803Z] [INFO] 
[START REVIEW] category=traktor productId=703691841 startPage=1
[2026-04-05T14:41:07.820Z] [INFO] 
[REVIEW WORKER 3] starting traktor/703892451
[2026-04-05T14:41:08.128Z] [INFO] [review traktor/703691841] page=1 +0 reviews (unique=0)
[2026-04-05T14:41:08.176Z] [INFO] [REVIEW SAVED] /mnt/c/Developer/Review_AI/scraper_project/raw_data/traktor/703691841_reviews.json
[2026-04-05T14:41:08.215Z] [INFO] 
[REVIEW WORKER 6] starting traktor/703883011
[2026-04-05T14:41:09.739Z] [INFO] 
[START REVIEW] category=traktor productId=703893504 startPage=1
[2026-04-05T14:41:10.426Z] [INFO] [review traktor/703893504] page=1 +0 reviews (unique=0)
[2026-04-05T14:41:10.447Z] [INFO] [REVIEW SAVED] /mnt/c/Developer/Review_AI/scraper_project/raw_data/traktor/703893504_reviews.json
[2026-04-05T14:41:10.475Z] [INFO] 
[REVIEW WORKER 2] starting traktor/703883692
[2026-04-05T14:41:10.613Z] [INFO] 
[START REVIEW] category=traktor productId=703890210 startPage=1
[2026-04-05T14:41:10.915Z] [INFO] [review traktor/703890210] page=1 +0 reviews (unique=0)
[2026-04-05T14:41:10.946Z] [INFO] [REVIEW SAVED] /mnt/c/Developer/Review_AI/scraper_project/raw_data/traktor/703890210_reviews.json
[2026-04-05T14:41:10.967Z] [INFO] 
[REVIEW WORKER 4] starting traktor/703888174
[2026-04-05T14:41:12.200Z] [INFO] 
[START REVIEW] category=traktor productId=703894179 startPage=1
[2026-04-05T14:41:12.246Z] [INFO] 
[START REVIEW] category=traktor productId=703892451 startPage=1
[2026-04-05T14:41:12.403Z] [INFO] [review traktor/703894179] page=1 +0 reviews (unique=0)
[2026-04-05T14:41:12.430Z] [INFO] [REVIEW SAVED] /mnt/c/Developer/Review_AI/scraper_project/raw_data/traktor/703894179_reviews.json
[2026-04-05T14:41:12.455Z] [INFO] 
[REVIEW WORKER 1] starting traktor/703890792
[2026-04-05T14:41:12.459Z] [INFO] [review traktor/703892451] page=1 +0 reviews (unique=0)
[2026-04-05T14:41:12.476Z] [INFO] [REVIEW SAVED] /mnt/c/Developer/Review_AI/scraper_project/raw_data/traktor/703892451_reviews.json
[2026-04-05T14:41:12.524Z] [INFO] 
[REVIEW WORKER 3] starting traktor/703886569
[2026-04-05T14:41:12.678Z] [INFO] 
[START REVIEW] category=traktor productId=703883011 startPage=1
[2026-04-05T14:41:12.877Z] [INFO] [review traktor/703883011] page=1 +0 reviews (unique=0)
[2026-04-05T14:41:12.901Z] [INFO] [REVIEW SAVED] /mnt/c/Developer/Review_AI/scraper_project/raw_data/traktor/703883011_reviews.json
[2026-04-05T14:41:12.924Z] [INFO] 
[REVIEW WORKER 6] starting traktor/703884073
[2026-04-05T14:41:14.497Z] [INFO] 
[START REVIEW] category=traktor productId=703883692 startPage=1
[2026-04-05T14:41:14.721Z] [INFO] [review traktor/703883692] page=1 +0 reviews (unique=0)
[2026-04-05T14:41:14.751Z] [INFO] [REVIEW SAVED] /mnt/c/Developer/Review_AI/scraper_project/raw_data/traktor/703883692_reviews.json
[2026-04-05T14:41:14.772Z] [INFO] 
[REVIEW WORKER 2] starting traktor/703691404
[2026-04-05T14:41:14.879Z] [INFO] 
[START REVIEW] category=traktor productId=703888174 startPage=1
[2026-04-05T14:41:15.518Z] [INFO] [review traktor/703888174] page=1 +0 reviews (unique=0)
[2026-04-05T14:41:15.550Z] [INFO] [REVIEW SAVED] /mnt/c/Developer/Review_AI/scraper_project/raw_data/traktor/703888174_reviews.json
[2026-04-05T14:41:15.580Z] [INFO] 
[REVIEW WORKER 4] starting traktor/703894986
[2026-04-05T14:41:16.816Z] [INFO] 
[START REVIEW] category=traktor productId=703890792 startPage=1
[2026-04-05T14:41:16.930Z] [INFO] 
[START REVIEW] category=traktor productId=703886569 startPage=1
[2026-04-05T14:41:17.161Z] [INFO] [review traktor/703890792] page=1 +0 reviews (unique=0)
[2026-04-05T14:41:17.289Z] [INFO] [REVIEW SAVED] /mnt/c/Developer/Review_AI/scraper_project/raw_data/traktor/703890792_reviews.json
[2026-04-05T14:41:17.413Z] [INFO] 
[REVIEW WORKER 1] starting traktor/703892939
[2026-04-05T14:41:17.597Z] [INFO] [review traktor/703886569] page=1 +0 reviews (unique=0)
[2026-04-05T14:41:17.674Z] [INFO] [REVIEW SAVED] /mnt/c/Developer/Review_AI/scraper_project/raw_data/traktor/703886569_reviews.json
[2026-04-05T14:41:17.736Z] [INFO] 
[REVIEW WORKER 3] starting traktor/687222678
[2026-04-05T14:41:17.777Z] [INFO] 
[START REVIEW] category=traktor productId=703884073 startPage=1
[2026-04-05T14:41:18.299Z] [INFO] [review traktor/703884073] page=1 +0 reviews (unique=0)
[2026-04-05T14:41:18.315Z] [INFO] [REVIEW SAVED] /mnt/c/Developer/Review_AI/scraper_project/raw_data/traktor/703884073_reviews.json
[2026-04-05T14:41:18.332Z] [INFO] 
[REVIEW WORKER 6] starting traktor/678579378
[2026-04-05T14:41:19.743Z] [INFO] 
[START REVIEW] category=traktor productId=703691404 startPage=1
[2026-04-05T14:41:19.974Z] [INFO] [review traktor/703691404] page=1 +0 reviews (unique=0)
[2026-04-05T14:41:19.986Z] [INFO] [REVIEW SAVED] /mnt/c/Developer/Review_AI/scraper_project/raw_data/traktor/703691404_reviews.json
[2026-04-05T14:41:20.003Z] [INFO] 
[REVIEW WORKER 2] starting traktor/649732379
[2026-04-05T14:41:20.097Z] [INFO] 
[START REVIEW] category=traktor productId=703894986 startPage=1
[2026-04-05T14:41:20.319Z] [INFO] [review traktor/703894986] page=1 +0 reviews (unique=0)
[2026-04-05T14:41:20.346Z] [INFO] [REVIEW SAVED] /mnt/c/Developer/Review_AI/scraper_project/raw_data/traktor/703894986_reviews.json
[2026-04-05T14:41:20.369Z] [INFO] 
[REVIEW WORKER 4] starting traktor/649072442
[2026-04-05T14:41:21.641Z] [INFO] 
[START REVIEW] category=traktor productId=703892939 startPage=1
[2026-04-05T14:41:21.828Z] [INFO] 
[START REVIEW] category=traktor productId=687222678 startPage=1
[2026-04-05T14:41:21.891Z] [INFO] [review traktor/703892939] page=1 +0 reviews (unique=0)
[2026-04-05T14:41:21.923Z] [INFO] [REVIEW SAVED] /mnt/c/Developer/Review_AI/scraper_project/raw_data/traktor/703892939_reviews.json
[2026-04-05T14:41:21.943Z] [INFO] 
[REVIEW WORKER 1] starting traktor/649745590
[2026-04-05T14:41:22.057Z] [INFO] [review traktor/687222678] page=1 +0 reviews (unique=0)
[2026-04-05T14:41:22.072Z] [INFO] [REVIEW SAVED] /mnt/c/Developer/Review_AI/scraper_project/raw_data/traktor/687222678_reviews.json
[2026-04-05T14:41:22.090Z] [INFO] 
[REVIEW WORKER 3] starting traktor/703515134
[2026-04-05T14:41:22.397Z] [INFO] 
[START REVIEW] category=traktor productId=678579378 startPage=1
[2026-04-05T14:41:22.606Z] [INFO] [review traktor/678579378] page=1 +0 reviews (unique=0)
[2026-04-05T14:41:22.621Z] [INFO] [REVIEW SAVED] /mnt/c/Developer/Review_AI/scraper_project/raw_data/traktor/678579378_reviews.json
[2026-04-05T14:41:22.635Z] [INFO] 
[REVIEW WORKER 6] starting traktor/649752552
[2026-04-05T14:41:23.921Z] [INFO] 
[START REVIEW] category=traktor productId=649732379 startPage=1
[2026-04-05T14:41:24.123Z] [INFO] [review traktor/649732379] page=1 +0 reviews (unique=0)
[2026-04-05T14:41:24.156Z] [INFO] [REVIEW SAVED] /mnt/c/Developer/Review_AI/scraper_project/raw_data/traktor/649732379_reviews.json
[2026-04-05T14:41:24.235Z] [INFO] 
[REVIEW WORKER 2] starting traktor/649745224
[2026-04-05T14:41:24.664Z] [INFO] 
[START REVIEW] category=traktor productId=649072442 startPage=1
[2026-04-05T14:41:25.070Z] [INFO] [review traktor/649072442] page=1 +0 reviews (unique=0)
[2026-04-05T14:41:25.219Z] [INFO] [REVIEW SAVED] /mnt/c/Developer/Review_AI/scraper_project/raw_data/traktor/649072442_reviews.json
[2026-04-05T14:41:25.312Z] [INFO] 
[REVIEW WORKER 4] starting traktor/665732763
[2026-04-05T14:41:26.222Z] [INFO] 
[START REVIEW] category=traktor productId=703515134 startPage=1
[2026-04-05T14:41:26.264Z] [INFO] 
[START REVIEW] category=traktor productId=649745590 startPage=1
[2026-04-05T14:41:26.564Z] [INFO] [review traktor/703515134] page=1 +0 reviews (unique=0)
[2026-04-05T14:41:26.583Z] [INFO] [REVIEW SAVED] /mnt/c/Developer/Review_AI/scraper_project/raw_data/traktor/703515134_reviews.json
[2026-04-05T14:41:26.600Z] [INFO] 
[REVIEW WORKER 3] starting traktor/649753359
[2026-04-05T14:41:26.662Z] [INFO] [review traktor/649745590] page=1 +0 reviews (unique=0)
[2026-04-05T14:41:26.689Z] [INFO] [REVIEW SAVED] /mnt/c/Developer/Review_AI/scraper_project/raw_data/traktor/649745590_reviews.json
[2026-04-05T14:41:26.740Z] [INFO] 
[REVIEW WORKER 1] starting traktor/649657966
[2026-04-05T14:41:27.530Z] [INFO] 
[START REVIEW] category=traktor productId=649752552 startPage=1
[2026-04-05T14:41:27.845Z] [INFO] [review traktor/649752552] page=1 +0 reviews (unique=0)
[2026-04-05T14:41:27.862Z] [INFO] [REVIEW SAVED] /mnt/c/Developer/Review_AI/scraper_project/raw_data/traktor/649752552_reviews.json
[2026-04-05T14:41:27.880Z] [INFO] 
[REVIEW WORKER 6] starting traktor/649076007
[2026-04-05T14:41:28.597Z] [INFO] 
[START REVIEW] category=traktor productId=649745224 startPage=1
[2026-04-05T14:41:28.819Z] [INFO] [review traktor/649745224] page=1 +0 reviews (unique=0)
[2026-04-05T14:41:28.847Z] [INFO] [REVIEW SAVED] /mnt/c/Developer/Review_AI/scraper_project/raw_data/traktor/649745224_reviews.json
[2026-04-05T14:41:28.875Z] [INFO] 
[REVIEW WORKER 2] starting traktor/649733314
[2026-04-05T14:41:29.915Z] [INFO] 
[START REVIEW] category=traktor productId=704088840 startPage=1
[2026-04-05T14:41:30.060Z] [INFO] 
[START REVIEW] category=traktor productId=665732763 startPage=1
[2026-04-05T14:41:30.271Z] [INFO] [review traktor/665732763] page=1 +0 reviews (unique=0)
[2026-04-05T14:41:30.301Z] [INFO] [REVIEW SAVED] /mnt/c/Developer/Review_AI/scraper_project/raw_data/traktor/665732763_reviews.json
[2026-04-05T14:41:30.306Z] [INFO] [review traktor/704088840] page=1 +0 reviews (unique=0)
[2026-04-05T14:41:30.327Z] [INFO] [REVIEW SAVED] /mnt/c/Developer/Review_AI/scraper_project/raw_data/traktor/704088840_reviews.json
[2026-04-05T14:41:30.348Z] [INFO] 
[REVIEW WORKER 4] starting traktor/703517911
[2026-04-05T14:41:30.368Z] [INFO] 
[REVIEW WORKER 5] starting traktor/649076585
[2026-04-05T14:41:30.683Z] [INFO] 
[START REVIEW] category=traktor productId=649657966 startPage=1
[2026-04-05T14:41:30.695Z] [INFO] 
[START REVIEW] category=traktor productId=649753359 startPage=1
[2026-04-05T14:41:30.889Z] [INFO] [review traktor/649753359] page=1 +0 reviews (unique=0)
[2026-04-05T14:41:30.918Z] [INFO] [REVIEW SAVED] /mnt/c/Developer/Review_AI/scraper_project/raw_data/traktor/649753359_reviews.json
[2026-04-05T14:41:30.925Z] [INFO] [review traktor/649657966] page=1 +0 reviews (unique=0)
[2026-04-05T14:41:30.952Z] [INFO] [REVIEW SAVED] /mnt/c/Developer/Review_AI/scraper_project/raw_data/traktor/649657966_reviews.json
[2026-04-05T14:41:30.960Z] [INFO] 
[REVIEW WORKER 3] starting traktor/649076329
[2026-04-05T14:41:30.978Z] [INFO] 
[REVIEW WORKER 1] starting traktor/703517108
[2026-04-05T14:41:32.063Z] [INFO] 
[START REVIEW] category=traktor productId=649076007 startPage=1
[2026-04-05T14:41:32.290Z] [INFO] [review traktor/649076007] page=1 +0 reviews (unique=0)
[2026-04-05T14:41:32.335Z] [INFO] [REVIEW SAVED] /mnt/c/Developer/Review_AI/scraper_project/raw_data/traktor/649076007_reviews.json
[2026-04-05T14:41:32.366Z] [INFO] 
[REVIEW WORKER 6] starting traktor/649745312
[2026-04-05T14:41:33.380Z] [INFO] 
[START REVIEW] category=traktor productId=649733314 startPage=1
[2026-04-05T14:41:33.689Z] [INFO] [review traktor/649733314] page=1 +0 reviews (unique=0)
[2026-04-05T14:41:33.786Z] [INFO] [REVIEW SAVED] /mnt/c/Developer/Review_AI/scraper_project/raw_data/traktor/649733314_reviews.json
[2026-04-05T14:41:33.919Z] [INFO] 
[REVIEW WORKER 2] starting traktor/649733537
[2026-04-05T14:41:35.056Z] [INFO] 
[START REVIEW] category=traktor productId=649076585 startPage=1
[2026-04-05T14:41:35.212Z] [INFO] 
[START REVIEW] category=traktor productId=703517911 startPage=1
[2026-04-05T14:41:35.309Z] [INFO] [review traktor/649076585] page=1 +0 reviews (unique=0)
[2026-04-05T14:41:35.343Z] [INFO] [REVIEW SAVED] /mnt/c/Developer/Review_AI/scraper_project/raw_data/traktor/649076585_reviews.json
[2026-04-05T14:41:35.372Z] [INFO] 
[REVIEW WORKER 5] starting traktor/649153455
[2026-04-05T14:41:35.519Z] [INFO] [review traktor/703517911] page=1 +0 reviews (unique=0)
[2026-04-05T14:41:35.553Z] [INFO] [REVIEW SAVED] /mnt/c/Developer/Review_AI/scraper_project/raw_data/traktor/703517911_reviews.json
[2026-04-05T14:41:35.597Z] [INFO] 
[REVIEW WORKER 4] starting traktor/647726713
[2026-04-05T14:41:35.677Z] [INFO] 
[START REVIEW] category=traktor productId=703517108 startPage=1
[2026-04-05T14:41:35.929Z] [INFO] [review traktor/703517108] page=1 +0 reviews (unique=0)
[2026-04-05T14:41:35.945Z] [INFO] [REVIEW SAVED] /mnt/c/Developer/Review_AI/scraper_project/raw_data/traktor/703517108_reviews.json
[2026-04-05T14:41:35.964Z] [INFO] 
[REVIEW WORKER 1] starting traktor/648091716
[2026-04-05T14:41:35.997Z] [INFO] 
[START REVIEW] category=traktor productId=649076329 startPage=1
[2026-04-05T14:41:36.480Z] [INFO] [review traktor/649076329] page=1 +0 reviews (unique=0)
[2026-04-05T14:41:36.499Z] [INFO] [REVIEW SAVED] /mnt/c/Developer/Review_AI/scraper_project/raw_data/traktor/649076329_reviews.json
[2026-04-05T14:41:36.521Z] [INFO] 
[REVIEW WORKER 3] starting traktor/649071991
[2026-04-05T14:41:36.918Z] [INFO] 
[START REVIEW] category=traktor productId=649745312 startPage=1
[2026-04-05T14:41:37.566Z] [INFO] [review traktor/649745312] page=1 +0 reviews (unique=0)
[2026-04-05T14:41:37.598Z] [INFO] [REVIEW SAVED] /mnt/c/Developer/Review_AI/scraper_project/raw_data/traktor/649745312_reviews.json
[2026-04-05T14:41:37.635Z] [INFO] 
[REVIEW WORKER 6] starting traktor/648640867
[2026-04-05T14:41:38.937Z] [INFO] 
[START REVIEW] category=traktor productId=649733537 startPage=1
[2026-04-05T14:41:39.246Z] [INFO] [review traktor/649733537] page=1 +0 reviews (unique=0)
[2026-04-05T14:41:39.287Z] [INFO] [REVIEW SAVED] /mnt/c/Developer/Review_AI/scraper_project/raw_data/traktor/649733537_reviews.json
[2026-04-05T14:41:39.315Z] [INFO] 
[REVIEW WORKER 2] starting traktor/648640355
[2026-04-05T14:41:40.056Z] [INFO] 
[START REVIEW] category=traktor productId=649153455 startPage=1
[2026-04-05T14:41:40.287Z] [INFO] [review traktor/649153455] page=1 +0 reviews (unique=0)
[2026-04-05T14:41:40.307Z] [INFO] [REVIEW SAVED] /mnt/c/Developer/Review_AI/scraper_project/raw_data/traktor/649153455_reviews.json
[2026-04-05T14:41:40.330Z] [INFO] 
[REVIEW WORKER 5] starting traktor/648642917
[2026-04-05T14:41:40.429Z] [INFO] 
[START REVIEW] category=traktor productId=647726713 startPage=1
[2026-04-05T14:41:40.696Z] [INFO] [review traktor/647726713] page=1 +0 reviews (unique=0)
[2026-04-05T14:41:40.742Z] [INFO] [REVIEW SAVED] /mnt/c/Developer/Review_AI/scraper_project/raw_data/traktor/647726713_reviews.json
[2026-04-05T14:41:40.782Z] [INFO] 
[START REVIEW] category=traktor productId=648091716 startPage=1
[2026-04-05T14:41:40.796Z] [INFO] 
[REVIEW WORKER 4] starting traktor/648088749
[2026-04-05T14:41:41.037Z] [INFO] [review traktor/648091716] page=1 +0 reviews (unique=0)
[2026-04-05T14:41:41.086Z] [INFO] [REVIEW SAVED] /mnt/c/Developer/Review_AI/scraper_project/raw_data/traktor/648091716_reviews.json
[2026-04-05T14:41:41.104Z] [INFO] 
[START REVIEW] category=traktor productId=649071991 startPage=1
[2026-04-05T14:41:41.140Z] [INFO] 
[REVIEW WORKER 1] starting traktor/648641382
[2026-04-05T14:41:41.293Z] [INFO] [review traktor/649071991] page=1 +0 reviews (unique=0)
[2026-04-05T14:41:41.326Z] [INFO] [REVIEW SAVED] /mnt/c/Developer/Review_AI/scraper_project/raw_data/traktor/649071991_reviews.json
[2026-04-05T14:41:41.359Z] [INFO] 
[REVIEW WORKER 3] starting traktor/648287158
[2026-04-05T14:41:41.965Z] [INFO] 
[START REVIEW] category=traktor productId=648640867 startPage=1
[2026-04-05T14:41:42.300Z] [INFO] [review traktor/648640867] page=1 +0 reviews (unique=0)
[2026-04-05T14:41:42.332Z] [INFO] [REVIEW SAVED] /mnt/c/Developer/Review_AI/scraper_project/raw_data/traktor/648640867_reviews.json
[2026-04-05T14:41:42.363Z] [INFO] 
[REVIEW WORKER 6] starting traktor/649057372
[2026-04-05T14:41:43.713Z] [INFO] 
[START REVIEW] category=traktor productId=648640355 startPage=1
[2026-04-05T14:41:44.030Z] [INFO] [review traktor/648640355] page=1 +0 reviews (unique=0)
[2026-04-05T14:41:44.060Z] [INFO] [REVIEW SAVED] /mnt/c/Developer/Review_AI/scraper_project/raw_data/traktor/648640355_reviews.json
[2026-04-05T14:41:44.093Z] [INFO] 
[REVIEW WORKER 2] starting traktor/648305207
[2026-04-05T14:41:44.475Z] [INFO] 
[START REVIEW] category=traktor productId=648642917 startPage=1
[2026-04-05T14:41:44.689Z] [INFO] [review traktor/648642917] page=1 +0 reviews (unique=0)
[2026-04-05T14:41:44.721Z] [INFO] [REVIEW SAVED] /mnt/c/Developer/Review_AI/scraper_project/raw_data/traktor/648642917_reviews.json
[2026-04-05T14:41:44.741Z] [INFO] 
[REVIEW WORKER 5] starting traktor/648292055
[2026-04-05T14:41:45.149Z] [INFO] 
[START REVIEW] category=traktor productId=648088749 startPage=1
[2026-04-05T14:41:45.190Z] [INFO] 
[START REVIEW] category=traktor productId=648641382 startPage=1
[2026-04-05T14:41:45.461Z] [INFO] [review traktor/648088749] page=1 +0 reviews (unique=0)
[2026-04-05T14:41:45.502Z] [INFO] [REVIEW SAVED] /mnt/c/Developer/Review_AI/scraper_project/raw_data/traktor/648088749_reviews.json
[2026-04-05T14:41:45.518Z] [INFO] 
[START REVIEW] category=traktor productId=648287158 startPage=1
[2026-04-05T14:41:45.534Z] [INFO] [review traktor/648641382] page=1 +0 reviews (unique=0)
[2026-04-05T14:41:45.580Z] [INFO] [REVIEW SAVED] /mnt/c/Developer/Review_AI/scraper_project/raw_data/traktor/648641382_reviews.json
[2026-04-05T14:41:45.594Z] [INFO] 
[REVIEW WORKER 4] starting traktor/649072229
[2026-04-05T14:41:45.619Z] [INFO] 
[REVIEW WORKER 1] starting traktor/648639324
[2026-04-05T14:41:47.112Z] [INFO] [review traktor/648287158] page=1 +0 reviews (unique=0)
[2026-04-05T14:41:47.131Z] [INFO] [REVIEW SAVED] /mnt/c/Developer/Review_AI/scraper_project/raw_data/traktor/648287158_reviews.json
[2026-04-05T14:41:47.160Z] [INFO] 
[REVIEW WORKER 3] starting traktor/648644159
[2026-04-05T14:41:47.967Z] [INFO] 
[START REVIEW] category=traktor productId=648305207 startPage=1
[2026-04-05T14:41:48.186Z] [INFO] [review traktor/648305207] page=1 +0 reviews (unique=0)
[2026-04-05T14:41:48.208Z] [INFO] [REVIEW SAVED] /mnt/c/Developer/Review_AI/scraper_project/raw_data/traktor/648305207_reviews.json
[2026-04-05T14:41:48.231Z] [INFO] 
[REVIEW WORKER 2] starting traktor/648633055
[2026-04-05T14:41:48.827Z] [INFO] 
[START REVIEW] category=traktor productId=648292055 startPage=1
[2026-04-05T14:41:49.121Z] [INFO] [review traktor/648292055] page=1 +0 reviews (unique=0)
[2026-04-05T14:41:49.155Z] [INFO] [REVIEW SAVED] /mnt/c/Developer/Review_AI/scraper_project/raw_data/traktor/648292055_reviews.json
[2026-04-05T14:41:49.193Z] [INFO] 
[REVIEW WORKER 5] starting traktor/648088567
[2026-04-05T14:41:49.538Z] [INFO] 
[START REVIEW] category=traktor productId=649057372 startPage=1
[2026-04-05T14:41:49.808Z] [INFO] [review traktor/649057372] page=1 +0 reviews (unique=0)
[2026-04-05T14:41:49.887Z] [INFO] [REVIEW SAVED] /mnt/c/Developer/Review_AI/scraper_project/raw_data/traktor/649057372_reviews.json
[2026-04-05T14:41:49.948Z] [INFO] 
[REVIEW WORKER 6] starting traktor/648635774
[2026-04-05T14:41:50.091Z] [INFO] 
[START REVIEW] category=traktor productId=648639324 startPage=1
[2026-04-05T14:41:50.176Z] [INFO] 
[START REVIEW] category=traktor productId=649072229 startPage=1
[2026-04-05T14:41:50.713Z] [INFO] [review traktor/649072229] page=1 +0 reviews (unique=0)
[2026-04-05T14:41:50.852Z] [INFO] [REVIEW SAVED] /mnt/c/Developer/Review_AI/scraper_project/raw_data/traktor/649072229_reviews.json
[2026-04-05T14:41:50.867Z] [INFO] [review traktor/648639324] page=1 +0 reviews (unique=0)
[2026-04-05T14:41:50.930Z] [INFO] [REVIEW SAVED] /mnt/c/Developer/Review_AI/scraper_project/raw_data/traktor/648639324_reviews.json
[2026-04-05T14:41:50.968Z] [INFO] 
[REVIEW WORKER 1] starting traktor/648635486
[2026-04-05T14:41:50.987Z] [INFO] 
[REVIEW WORKER 4] starting traktor/648642192
[2026-04-05T14:41:52.200Z] [INFO] 
[START REVIEW] category=traktor productId=648644159 startPage=1
[2026-04-05T14:41:52.795Z] [INFO] [review traktor/648644159] page=1 +0 reviews (unique=0)
[2026-04-05T14:41:52.823Z] [INFO] [REVIEW SAVED] /mnt/c/Developer/Review_AI/scraper_project/raw_data/traktor/648644159_reviews.json
[2026-04-05T14:41:52.862Z] [INFO] 
[REVIEW WORKER 3] starting traktor/647551928
[2026-04-05T14:41:53.281Z] [INFO] 
[START REVIEW] category=traktor productId=648633055 startPage=1
[2026-04-05T14:41:53.475Z] [INFO] [review traktor/648633055] page=1 +0 reviews (unique=0)
[2026-04-05T14:41:53.501Z] [INFO] [REVIEW SAVED] /mnt/c/Developer/Review_AI/scraper_project/raw_data/traktor/648633055_reviews.json
[2026-04-05T14:41:53.530Z] [INFO] 
[REVIEW WORKER 2] starting traktor/647617018
[2026-04-05T14:41:53.694Z] [INFO] 
[START REVIEW] category=traktor productId=648088567 startPage=1
[2026-04-05T14:41:53.919Z] [INFO] [review traktor/648088567] page=1 +0 reviews (unique=0)
[2026-04-05T14:41:53.940Z] [INFO] [REVIEW SAVED] /mnt/c/Developer/Review_AI/scraper_project/raw_data/traktor/648088567_reviews.json
[2026-04-05T14:41:53.970Z] [INFO] 
[REVIEW WORKER 5] starting traktor/647551868
[2026-04-05T14:41:54.681Z] [INFO] 
[START REVIEW] category=traktor productId=648635774 startPage=1
[2026-04-05T14:41:54.908Z] [INFO] [review traktor/648635774] page=1 +0 reviews (unique=0)
[2026-04-05T14:41:54.942Z] [INFO] [REVIEW SAVED] /mnt/c/Developer/Review_AI/scraper_project/raw_data/traktor/648635774_reviews.json
[2026-04-05T14:41:54.990Z] [INFO] 
[REVIEW WORKER 6] starting traktor/647552029
[2026-04-05T14:41:55.202Z] [INFO] 
[START REVIEW] category=traktor productId=648635486 startPage=1
[2026-04-05T14:41:55.402Z] [INFO] 
[START REVIEW] category=traktor productId=648642192 startPage=1
[2026-04-05T14:41:55.520Z] [INFO] [review traktor/648635486] page=1 +0 reviews (unique=0)
[2026-04-05T14:41:55.556Z] [INFO] [REVIEW SAVED] /mnt/c/Developer/Review_AI/scraper_project/raw_data/traktor/648635486_reviews.json
[2026-04-05T14:41:55.584Z] [INFO] 
[REVIEW WORKER 1] starting traktor/647616479
[2026-04-05T14:41:55.695Z] [INFO] [review traktor/648642192] page=1 +0 reviews (unique=0)
[2026-04-05T14:41:55.741Z] [INFO] [REVIEW SAVED] /mnt/c/Developer/Review_AI/scraper_project/raw_data/traktor/648642192_reviews.json
[2026-04-05T14:41:55.799Z] [INFO] 
[REVIEW WORKER 4] starting traktor/647646294
[2026-04-05T14:41:57.029Z] [INFO] 
[START REVIEW] category=traktor productId=647551928 startPage=1
[2026-04-05T14:41:57.317Z] [INFO] [review traktor/647551928] page=1 +0 reviews (unique=0)
[2026-04-05T14:41:57.338Z] [INFO] [REVIEW SAVED] /mnt/c/Developer/Review_AI/scraper_project/raw_data/traktor/647551928_reviews.json
[2026-04-05T14:41:57.366Z] [INFO] 
[REVIEW WORKER 3] starting traktor/647551446
[2026-04-05T14:41:58.156Z] [INFO] 
[START REVIEW] category=traktor productId=647617018 startPage=1
[2026-04-05T14:41:58.168Z] [INFO] 
[START REVIEW] category=traktor productId=647551868 startPage=1
[2026-04-05T14:41:58.400Z] [INFO] [review traktor/647617018] page=1 +0 reviews (unique=0)
[2026-04-05T14:41:58.424Z] [INFO] [REVIEW SAVED] /mnt/c/Developer/Review_AI/scraper_project/raw_data/traktor/647617018_reviews.json
[2026-04-05T14:41:58.450Z] [INFO] 
[REVIEW WORKER 2] starting traktor/647722324
[2026-04-05T14:41:59.041Z] [INFO] 
[START REVIEW] category=traktor productId=647552029 startPage=1
[2026-04-05T14:41:59.292Z] [INFO] [review traktor/647552029] page=1 +0 reviews (unique=0)
[2026-04-05T14:41:59.348Z] [INFO] [REVIEW SAVED] /mnt/c/Developer/Review_AI/scraper_project/raw_data/traktor/647552029_reviews.json
[2026-04-05T14:41:59.380Z] [INFO] 
[REVIEW WORKER 6] starting traktor/647722058
[2026-04-05T14:41:59.733Z] [INFO] 
[START REVIEW] category=traktor productId=647616479 startPage=1
[2026-04-05T14:41:59.970Z] [INFO] [review traktor/647616479] page=1 +0 reviews (unique=0)
[2026-04-05T14:42:00.008Z] [INFO] [REVIEW SAVED] /mnt/c/Developer/Review_AI/scraper_project/raw_data/traktor/647616479_reviews.json
[2026-04-05T14:42:00.045Z] [INFO] 
[REVIEW WORKER 1] starting traktor/647551690
[2026-04-05T14:42:00.429Z] [INFO] 
[START REVIEW] category=traktor productId=647646294 startPage=1
[2026-04-05T14:42:00.657Z] [INFO] [review traktor/647646294] page=1 +0 reviews (unique=0)
[2026-04-05T14:42:00.712Z] [INFO] [REVIEW SAVED] /mnt/c/Developer/Review_AI/scraper_project/raw_data/traktor/647646294_reviews.json
[2026-04-05T14:42:00.755Z] [INFO] 
[REVIEW WORKER 4] starting traktor/647551530
[2026-04-05T14:42:00.878Z] [INFO] [review traktor/647551868] page=1 +0 reviews (unique=0)
[2026-04-05T14:42:00.903Z] [INFO] [REVIEW SAVED] /mnt/c/Developer/Review_AI/scraper_project/raw_data/traktor/647551868_reviews.json
[2026-04-05T14:42:00.918Z] [INFO] 
[REVIEW WORKER 5] starting traktor/647645961
[2026-04-05T14:42:02.084Z] [INFO] 
[START REVIEW] category=traktor productId=647551446 startPage=1
[2026-04-05T14:42:02.332Z] [INFO] [review traktor/647551446] page=1 +0 reviews (unique=0)
[2026-04-05T14:42:02.353Z] [INFO] [REVIEW SAVED] /mnt/c/Developer/Review_AI/scraper_project/raw_data/traktor/647551446_reviews.json
[2026-04-05T14:42:02.407Z] [INFO] 
[REVIEW WORKER 3] starting traktor/647619050
[2026-04-05T14:42:02.913Z] [INFO] 
[START REVIEW] category=traktor productId=647722324 startPage=1
[2026-04-05T14:42:03.148Z] [INFO] [review traktor/647722324] page=1 +0 reviews (unique=0)
[2026-04-05T14:42:03.178Z] [INFO] [REVIEW SAVED] /mnt/c/Developer/Review_AI/scraper_project/raw_data/traktor/647722324_reviews.json
[2026-04-05T14:42:03.217Z] [INFO] 
[REVIEW WORKER 2] starting traktor/647644047
[2026-04-05T14:42:03.451Z] [INFO] 
[START REVIEW] category=traktor productId=647722058 startPage=1
[2026-04-05T14:42:03.761Z] [INFO] [review traktor/647722058] page=1 +0 reviews (unique=0)
[2026-04-05T14:42:03.776Z] [INFO] [REVIEW SAVED] /mnt/c/Developer/Review_AI/scraper_project/raw_data/traktor/647722058_reviews.json
[2026-04-05T14:42:03.813Z] [INFO] 
[REVIEW WORKER 6] starting traktor/647551918
[2026-04-05T14:42:04.034Z] [INFO] 
[START REVIEW] category=traktor productId=647551690 startPage=1
[2026-04-05T14:42:04.257Z] [INFO] [review traktor/647551690] page=1 +0 reviews (unique=0)
[2026-04-05T14:42:04.288Z] [INFO] [REVIEW SAVED] /mnt/c/Developer/Review_AI/scraper_project/raw_data/traktor/647551690_reviews.json
[2026-04-05T14:42:04.311Z] [INFO] 
[REVIEW WORKER 1] starting traktor/647551791
[2026-04-05T14:42:04.784Z] [INFO] 
[START REVIEW] category=traktor productId=647551530 startPage=1
[2026-04-05T14:42:05.055Z] [INFO] [review traktor/647551530] page=1 +0 reviews (unique=0)
[2026-04-05T14:42:05.095Z] [INFO] [REVIEW SAVED] /mnt/c/Developer/Review_AI/scraper_project/raw_data/traktor/647551530_reviews.json
[2026-04-05T14:42:05.122Z] [INFO] 
[REVIEW WORKER 4] starting traktor/647723425
[2026-04-05T14:42:05.281Z] [INFO] 
[START REVIEW] category=traktor productId=647645961 startPage=1
[2026-04-05T14:42:05.533Z] [INFO] [review traktor/647645961] page=1 +0 reviews (unique=0)
[2026-04-05T14:42:05.565Z] [INFO] [REVIEW SAVED] /mnt/c/Developer/Review_AI/scraper_project/raw_data/traktor/647645961_reviews.json
[2026-04-05T14:42:05.618Z] [INFO] 
[REVIEW WORKER 5] starting traktor/647619746
[2026-04-05T14:42:07.008Z] [INFO] 
[START REVIEW] category=traktor productId=647619050 startPage=1
[2026-04-05T14:42:07.509Z] [INFO] [review traktor/647619050] page=1 +0 reviews (unique=0)
[2026-04-05T14:42:07.647Z] [INFO] [REVIEW SAVED] /mnt/c/Developer/Review_AI/scraper_project/raw_data/traktor/647619050_reviews.json
[2026-04-05T14:42:07.733Z] [INFO] 
[START REVIEW] category=traktor productId=647644047 startPage=1
[2026-04-05T14:42:07.779Z] [INFO] 
[REVIEW WORKER 3] starting traktor/647722725
[2026-04-05T14:42:07.856Z] [INFO] 
[START REVIEW] category=traktor productId=647551918 startPage=1
[2026-04-05T14:42:08.413Z] [INFO] [review traktor/647551918] page=1 +0 reviews (unique=0)
[2026-04-05T14:42:08.511Z] [INFO] [REVIEW SAVED] /mnt/c/Developer/Review_AI/scraper_project/raw_data/traktor/647551918_reviews.json
[2026-04-05T14:42:08.539Z] [INFO] [review traktor/647644047] page=1 +0 reviews (unique=0)
[2026-04-05T14:42:08.648Z] [INFO] [REVIEW SAVED] /mnt/c/Developer/Review_AI/scraper_project/raw_data/traktor/647644047_reviews.json
[2026-04-05T14:42:08.708Z] [INFO] 
[REVIEW WORKER 6] starting traktor/647646469
[2026-04-05T14:42:08.774Z] [INFO] 
[REVIEW WORKER 2] starting traktor/647540952
[2026-04-05T14:42:09.022Z] [INFO] 
[START REVIEW] category=traktor productId=647551791 startPage=1
[2026-04-05T14:42:09.505Z] [INFO] [review traktor/647551791] page=1 +0 reviews (unique=0)
[2026-04-05T14:42:09.523Z] [INFO] [REVIEW SAVED] /mnt/c/Developer/Review_AI/scraper_project/raw_data/traktor/647551791_reviews.json
[2026-04-05T14:42:09.542Z] [INFO] 
[REVIEW WORKER 1] starting traktor/647549369
[2026-04-05T14:42:10.025Z] [INFO] 
[START REVIEW] category=traktor productId=647723425 startPage=1
[2026-04-05T14:42:10.309Z] [INFO] 
[START REVIEW] category=traktor productId=647619746 startPage=1
[2026-04-05T14:42:10.314Z] [INFO] [review traktor/647723425] page=1 +0 reviews (unique=0)
[2026-04-05T14:42:10.337Z] [INFO] [REVIEW SAVED] /mnt/c/Developer/Review_AI/scraper_project/raw_data/traktor/647723425_reviews.json
[2026-04-05T14:42:10.354Z] [INFO] 
[REVIEW WORKER 4] starting traktor/646732110
[2026-04-05T14:42:10.542Z] [INFO] [review traktor/647619746] page=1 +0 reviews (unique=0)
[2026-04-05T14:42:10.555Z] [INFO] [REVIEW SAVED] /mnt/c/Developer/Review_AI/scraper_project/raw_data/traktor/647619746_reviews.json
[2026-04-05T14:42:10.570Z] [INFO] 
[REVIEW WORKER 5] starting traktor/647550523
[2026-04-05T14:42:13.193Z] [INFO] 
[START REVIEW] category=traktor productId=647646469 startPage=1
[2026-04-05T14:42:13.261Z] [INFO] 
[START REVIEW] category=traktor productId=647540952 startPage=1
[2026-04-05T14:42:13.453Z] [INFO] [review traktor/647646469] page=1 +0 reviews (unique=0)
[2026-04-05T14:42:13.484Z] [INFO] [REVIEW SAVED] /mnt/c/Developer/Review_AI/scraper_project/raw_data/traktor/647646469_reviews.json
[2026-04-05T14:42:13.491Z] [INFO] [review traktor/647540952] page=1 +0 reviews (unique=0)
[2026-04-05T14:42:13.520Z] [INFO] [REVIEW SAVED] /mnt/c/Developer/Review_AI/scraper_project/raw_data/traktor/647540952_reviews.json
[2026-04-05T14:42:13.544Z] [INFO] 
[REVIEW WORKER 2] starting traktor/647550108
[2026-04-05T14:42:13.561Z] [INFO] 
[REVIEW WORKER 6] starting traktor/646732009
[2026-04-05T14:42:13.639Z] [INFO] 
[START REVIEW] category=traktor productId=647549369 startPage=1
[2026-04-05T14:42:13.949Z] [INFO] [review traktor/647549369] page=1 +0 reviews (unique=0)
[2026-04-05T14:42:13.975Z] [INFO] [REVIEW SAVED] /mnt/c/Developer/Review_AI/scraper_project/raw_data/traktor/647549369_reviews.json
[2026-04-05T14:42:13.994Z] [INFO] 
[REVIEW WORKER 1] starting traktor/647551262
[2026-04-05T14:42:14.599Z] [INFO] 
[START REVIEW] category=traktor productId=646732110 startPage=1
[2026-04-05T14:42:14.792Z] [INFO] [review traktor/646732110] page=1 +0 reviews (unique=0)
[2026-04-05T14:42:14.799Z] [INFO] [REVIEW SAVED] /mnt/c/Developer/Review_AI/scraper_project/raw_data/traktor/646732110_reviews.json
[2026-04-05T14:42:14.811Z] [INFO] 
[REVIEW WORKER 4] starting traktor/647550366
[2026-04-05T14:42:14.823Z] [INFO] 
[START REVIEW] category=traktor productId=647550523 startPage=1
[2026-04-05T14:42:15.023Z] [INFO] [review traktor/647550523] page=1 +0 reviews (unique=0)
[2026-04-05T14:42:15.032Z] [INFO] [REVIEW SAVED] /mnt/c/Developer/Review_AI/scraper_project/raw_data/traktor/647550523_reviews.json
[2026-04-05T14:42:15.046Z] [INFO] 
[REVIEW WORKER 5] starting traktor/647549618
[2026-04-05T14:42:17.598Z] [INFO] 
[START REVIEW] category=traktor productId=647550108 startPage=1
[2026-04-05T14:42:18.193Z] [INFO] 
[START REVIEW] category=traktor productId=646732009 startPage=1
[2026-04-05T14:42:18.271Z] [INFO] [review traktor/647550108] page=1 +0 reviews (unique=0)
[2026-04-05T14:42:18.477Z] [INFO] [REVIEW SAVED] /mnt/c/Developer/Review_AI/scraper_project/raw_data/traktor/647550108_reviews.json
[2026-04-05T14:42:18.548Z] [INFO] 
[START REVIEW] category=traktor productId=647551262 startPage=1
[2026-04-05T14:42:18.656Z] [INFO] 
[REVIEW WORKER 2] starting traktor/647549843
[2026-04-05T14:42:18.859Z] [INFO] 
[START REVIEW] category=traktor productId=647550366 startPage=1
[2026-04-05T14:42:18.878Z] [INFO] [review traktor/646732009] page=1 +0 reviews (unique=0)
[2026-04-05T14:42:18.926Z] [INFO] [REVIEW SAVED] /mnt/c/Developer/Review_AI/scraper_project/raw_data/traktor/646732009_reviews.json
[2026-04-05T14:42:18.958Z] [INFO] 
[REVIEW WORKER 6] starting traktor/647541077
[2026-04-05T14:42:19.036Z] [INFO] 
[START REVIEW] category=traktor productId=647722725 startPage=1
[2026-04-05T14:42:19.075Z] [INFO] [review traktor/647551262] page=1 +0 reviews (unique=0)
[2026-04-05T14:42:19.106Z] [INFO] [REVIEW SAVED] /mnt/c/Developer/Review_AI/scraper_project/raw_data/traktor/647551262_reviews.json
[2026-04-05T14:42:19.138Z] [INFO] 
[REVIEW WORKER 1] starting traktor/647545256
[2026-04-05T14:42:19.747Z] [INFO] [review traktor/647722725] page=1 +0 reviews (unique=0)
[2026-04-05T14:42:19.761Z] [INFO] [REVIEW SAVED] /mnt/c/Developer/Review_AI/scraper_project/raw_data/traktor/647722725_reviews.json
[2026-04-05T14:42:19.775Z] [INFO] 
[REVIEW WORKER 3] starting traktor/647551434
[2026-04-05T14:42:19.788Z] [INFO] 
[START REVIEW] category=traktor productId=647549618 startPage=1
[2026-04-05T14:42:20.068Z] [INFO] [review traktor/647549618] page=1 +0 reviews (unique=0)
[2026-04-05T14:42:20.082Z] [INFO] [REVIEW SAVED] /mnt/c/Developer/Review_AI/scraper_project/raw_data/traktor/647549618_reviews.json
[2026-04-05T14:42:20.095Z] [INFO] 
[REVIEW WORKER 5] starting traktor/647550797
[2026-04-05T14:42:22.918Z] [INFO] 
[START REVIEW] category=traktor productId=647549843 startPage=1
[2026-04-05T14:42:23.020Z] [INFO] 
[START REVIEW] category=traktor productId=647541077 startPage=1
[2026-04-05T14:42:23.149Z] [INFO] [review traktor/647549843] page=1 +0 reviews (unique=0)
[2026-04-05T14:42:23.169Z] [INFO] [REVIEW SAVED] /mnt/c/Developer/Review_AI/scraper_project/raw_data/traktor/647549843_reviews.json
[2026-04-05T14:42:23.183Z] [INFO] 
[REVIEW WORKER 2] starting traktor/647550242
[2026-04-05T14:42:23.248Z] [INFO] [review traktor/647541077] page=1 +0 reviews (unique=0)
[2026-04-05T14:42:23.267Z] [INFO] [REVIEW SAVED] /mnt/c/Developer/Review_AI/scraper_project/raw_data/traktor/647541077_reviews.json
[2026-04-05T14:42:23.310Z] [INFO] 
[REVIEW WORKER 6] starting traktor/647549764
[2026-04-05T14:42:23.332Z] [INFO] 
[START REVIEW] category=traktor productId=647545256 startPage=1
[2026-04-05T14:42:23.581Z] [INFO] [review traktor/647545256] page=1 +0 reviews (unique=0)
[2026-04-05T14:42:23.595Z] [INFO] [REVIEW SAVED] /mnt/c/Developer/Review_AI/scraper_project/raw_data/traktor/647545256_reviews.json
[2026-04-05T14:42:23.617Z] [INFO] 
[REVIEW WORKER 1] starting traktor/647545188
[2026-04-05T14:42:23.693Z] [INFO] [review traktor/647550366] page=1 +0 reviews (unique=0)
[2026-04-05T14:42:23.721Z] [INFO] [REVIEW SAVED] /mnt/c/Developer/Review_AI/scraper_project/raw_data/traktor/647550366_reviews.json
[2026-04-05T14:42:23.751Z] [INFO] 
[REVIEW WORKER 4] starting traktor/646733328
[2026-04-05T14:42:24.105Z] [INFO] 
[START REVIEW] category=traktor productId=647551434 startPage=1
[2026-04-05T14:42:24.293Z] [INFO] [review traktor/647551434] page=1 +0 reviews (unique=0)
[2026-04-05T14:42:24.332Z] [INFO] [REVIEW SAVED] /mnt/c/Developer/Review_AI/scraper_project/raw_data/traktor/647551434_reviews.json
[2026-04-05T14:42:24.366Z] [INFO] 
[REVIEW WORKER 3] starting traktor/647551046
[2026-04-05T14:42:24.733Z] [INFO] 
[START REVIEW] category=traktor productId=647550797 startPage=1
[2026-04-05T14:42:24.960Z] [INFO] [review traktor/647550797] page=1 +0 reviews (unique=0)
[2026-04-05T14:42:24.997Z] [INFO] [REVIEW SAVED] /mnt/c/Developer/Review_AI/scraper_project/raw_data/traktor/647550797_reviews.json
[2026-04-05T14:42:25.018Z] [INFO] 
[REVIEW WORKER 5] starting traktor/647551175
[2026-04-05T14:42:27.405Z] [INFO] 
[START REVIEW] category=traktor productId=647550242 startPage=1
[2026-04-05T14:42:27.943Z] [INFO] [review traktor/647550242] page=1 +0 reviews (unique=0)
[2026-04-05T14:42:27.971Z] [INFO] [REVIEW SAVED] /mnt/c/Developer/Review_AI/scraper_project/raw_data/traktor/647550242_reviews.json
[2026-04-05T14:42:27.991Z] [INFO] 
[START REVIEW] category=traktor productId=647549764 startPage=1
[2026-04-05T14:42:28.032Z] [INFO] 
[REVIEW WORKER 2] starting traktor/642513834
[2026-04-05T14:42:28.049Z] [INFO] 
[START REVIEW] category=traktor productId=647545188 startPage=1
[2026-04-05T14:42:28.132Z] [INFO] 
[START REVIEW] category=traktor productId=646733328 startPage=1
[2026-04-05T14:42:28.414Z] [INFO] [review traktor/647549764] page=1 +0 reviews (unique=0)
[2026-04-05T14:42:28.439Z] [INFO] [REVIEW SAVED] /mnt/c/Developer/Review_AI/scraper_project/raw_data/traktor/647549764_reviews.json
[2026-04-05T14:42:28.461Z] [INFO] 
[REVIEW WORKER 6] starting traktor/580253012
[2026-04-05T14:42:28.560Z] [INFO] [review traktor/647545188] page=1 +0 reviews (unique=0)
[2026-04-05T14:42:28.580Z] [INFO] [REVIEW SAVED] /mnt/c/Developer/Review_AI/scraper_project/raw_data/traktor/647545188_reviews.json
[2026-04-05T14:42:28.617Z] [INFO] 
[REVIEW WORKER 1] starting traktor/623298501
[2026-04-05T14:42:28.628Z] [INFO] 
[START REVIEW] category=traktor productId=647551046 startPage=1
[2026-04-05T14:42:28.641Z] [INFO] [review traktor/646733328] page=1 +0 reviews (unique=0)
[2026-04-05T14:42:28.672Z] [INFO] [REVIEW SAVED] /mnt/c/Developer/Review_AI/scraper_project/raw_data/traktor/646733328_reviews.json
[2026-04-05T14:42:28.697Z] [INFO] 
[REVIEW WORKER 4] starting traktor/610301379
[2026-04-05T14:42:28.958Z] [INFO] [review traktor/647551046] page=1 +0 reviews (unique=0)
[2026-04-05T14:42:28.975Z] [INFO] [REVIEW SAVED] /mnt/c/Developer/Review_AI/scraper_project/raw_data/traktor/647551046_reviews.json
[2026-04-05T14:42:28.996Z] [INFO] 
[REVIEW WORKER 3] starting traktor/600795083
[2026-04-05T14:42:29.413Z] [INFO] 
[START REVIEW] category=traktor productId=647551175 startPage=1
[2026-04-05T14:42:29.693Z] [INFO] [review traktor/647551175] page=1 +0 reviews (unique=0)
[2026-04-05T14:42:29.720Z] [INFO] [REVIEW SAVED] /mnt/c/Developer/Review_AI/scraper_project/raw_data/traktor/647551175_reviews.json
[2026-04-05T14:42:29.741Z] [INFO] 
[REVIEW WORKER 5] starting traktor/600794569
[2026-04-05T14:42:32.549Z] [INFO] 
[START REVIEW] category=traktor productId=642513834 startPage=1
[2026-04-05T14:42:32.619Z] [INFO] 
[START REVIEW] category=traktor productId=580253012 startPage=1
[2026-04-05T14:42:32.818Z] [INFO] [review traktor/642513834] page=1 +0 reviews (unique=0)
[2026-04-05T14:42:32.845Z] [INFO] [REVIEW SAVED] /mnt/c/Developer/Review_AI/scraper_project/raw_data/traktor/642513834_reviews.json
[2026-04-05T14:42:32.887Z] [INFO] 
[REVIEW WORKER 2] starting traktor/646729796
[2026-04-05T14:42:32.921Z] [INFO] [review traktor/580253012] page=1 +0 reviews (unique=0)
[2026-04-05T14:42:32.944Z] [INFO] [REVIEW SAVED] /mnt/c/Developer/Review_AI/scraper_project/raw_data/traktor/580253012_reviews.json
[2026-04-05T14:42:32.966Z] [INFO] 
[START REVIEW] category=traktor productId=623298501 startPage=1
[2026-04-05T14:42:33.019Z] [INFO] 
[REVIEW WORKER 6] starting traktor/610311626
[2026-04-05T14:42:33.316Z] [INFO] [review traktor/623298501] page=1 +0 reviews (unique=0)
[2026-04-05T14:42:33.349Z] [INFO] [REVIEW SAVED] /mnt/c/Developer/Review_AI/scraper_project/raw_data/traktor/623298501_reviews.json
[2026-04-05T14:42:33.369Z] [INFO] 
[REVIEW WORKER 1] starting traktor/592385797
[2026-04-05T14:42:33.543Z] [INFO] 
[START REVIEW] category=traktor productId=600795083 startPage=1
[2026-04-05T14:42:33.609Z] [INFO] 
[START REVIEW] category=traktor productId=610301379 startPage=1
[2026-04-05T14:42:33.743Z] [INFO] [review traktor/600795083] page=1 +0 reviews (unique=0)
[2026-04-05T14:42:33.773Z] [INFO] [REVIEW SAVED] /mnt/c/Developer/Review_AI/scraper_project/raw_data/traktor/600795083_reviews.json
[2026-04-05T14:42:33.807Z] [INFO] 
[REVIEW WORKER 3] starting traktor/600794594
[2026-04-05T14:42:33.829Z] [INFO] [review traktor/610301379] page=1 +0 reviews (unique=0)
[2026-04-05T14:42:33.858Z] [INFO] [REVIEW SAVED] /mnt/c/Developer/Review_AI/scraper_project/raw_data/traktor/610301379_reviews.json
[2026-04-05T14:42:33.929Z] [INFO] 
[REVIEW WORKER 4] starting traktor/579922205
[2026-04-05T14:42:34.074Z] [INFO] 
[START REVIEW] category=traktor productId=600794569 startPage=1
[2026-04-05T14:42:34.375Z] [INFO] [review traktor/600794569] page=1 +0 reviews (unique=0)
[2026-04-05T14:42:34.424Z] [INFO] [REVIEW SAVED] /mnt/c/Developer/Review_AI/scraper_project/raw_data/traktor/600794569_reviews.json
[2026-04-05T14:42:34.453Z] [INFO] 
[REVIEW WORKER 5] starting traktor/579922141
[2026-04-05T14:42:37.227Z] [INFO] 
[START REVIEW] category=traktor productId=646729796 startPage=1
[2026-04-05T14:42:37.333Z] [INFO] 
[START REVIEW] category=traktor productId=610311626 startPage=1
[2026-04-05T14:42:37.905Z] [INFO] [review traktor/610311626] page=1 +0 reviews (unique=0)
[2026-04-05T14:42:37.945Z] [INFO] [REVIEW SAVED] /mnt/c/Developer/Review_AI/scraper_project/raw_data/traktor/610311626_reviews.json
[2026-04-05T14:42:37.984Z] [INFO] 
[REVIEW WORKER 6] starting traktor/600790721
[2026-04-05T14:42:38.007Z] [INFO] 
[START REVIEW] category=traktor productId=600794594 startPage=1
[2026-04-05T14:42:38.140Z] [INFO] 
[START REVIEW] category=traktor productId=579922205 startPage=1
[2026-04-05T14:42:38.397Z] [INFO] [review traktor/600794594] page=1 +0 reviews (unique=0)
[2026-04-05T14:42:38.466Z] [INFO] [REVIEW SAVED] /mnt/c/Developer/Review_AI/scraper_project/raw_data/traktor/600794594_reviews.json
[2026-04-05T14:42:38.484Z] [INFO] [review traktor/579922205] page=1 +1 reviews (unique=1)
[2026-04-05T14:42:38.587Z] [INFO] [REVIEW SAVED] /mnt/c/Developer/Review_AI/scraper_project/raw_data/traktor/579922205_reviews.json
[2026-04-05T14:42:38.633Z] [INFO] 
[REVIEW WORKER 3] starting traktor/642510116
[2026-04-05T14:42:38.707Z] [INFO] 
[REVIEW WORKER 4] starting traktor/646729594
[2026-04-05T14:42:38.748Z] [INFO] 
[START REVIEW] category=traktor productId=592385797 startPage=1
[2026-04-05T14:42:38.877Z] [INFO] 
[START REVIEW] category=traktor productId=579922141 startPage=1
[2026-04-05T14:42:39.642Z] [INFO] [review traktor/579922141] page=1 +0 reviews (unique=0)
[2026-04-05T14:42:39.650Z] [INFO] [REVIEW SAVED] /mnt/c/Developer/Review_AI/scraper_project/raw_data/traktor/579922141_reviews.json
[2026-04-05T14:42:39.663Z] [INFO] 
[REVIEW WORKER 5] starting traktor/635047468
[2026-04-05T14:42:39.731Z] [INFO] [review traktor/592385797] page=1 +2 reviews (unique=2)
[2026-04-05T14:42:39.747Z] [INFO] [REVIEW SAVED] /mnt/c/Developer/Review_AI/scraper_project/raw_data/traktor/592385797_reviews.json
[2026-04-05T14:42:39.763Z] [INFO] 
[REVIEW WORKER 1] starting traktor/600794294
[2026-04-05T14:42:40.396Z] [INFO] [review traktor/646729796] page=1 +0 reviews (unique=0)
[2026-04-05T14:42:40.404Z] [INFO] [REVIEW SAVED] /mnt/c/Developer/Review_AI/scraper_project/raw_data/traktor/646729796_reviews.json
[2026-04-05T14:42:40.424Z] [INFO] 
[REVIEW WORKER 2] starting traktor/604033918
[2026-04-05T14:42:42.245Z] [INFO] 
[START REVIEW] category=traktor productId=600790721 startPage=1
[2026-04-05T14:42:43.110Z] [INFO] 
[START REVIEW] category=traktor productId=646729594 startPage=1
[2026-04-05T14:42:43.143Z] [INFO] 
[START REVIEW] category=traktor productId=642510116 startPage=1
[2026-04-05T14:42:43.404Z] [INFO] [review traktor/646729594] page=1 +0 reviews (unique=0)
[2026-04-05T14:42:43.439Z] [INFO] [REVIEW SAVED] /mnt/c/Developer/Review_AI/scraper_project/raw_data/traktor/646729594_reviews.json
[2026-04-05T14:42:43.451Z] [INFO] [review traktor/642510116] page=1 +0 reviews (unique=0)
[2026-04-05T14:42:43.483Z] [INFO] [REVIEW SAVED] /mnt/c/Developer/Review_AI/scraper_project/raw_data/traktor/642510116_reviews.json
[2026-04-05T14:42:43.502Z] [INFO] 
[REVIEW WORKER 4] starting traktor/631915381
[2026-04-05T14:42:43.538Z] [INFO] 
[REVIEW WORKER 3] starting traktor/601554629
[2026-04-05T14:42:43.687Z] [INFO] 
[START REVIEW] category=traktor productId=600794294 startPage=1
[2026-04-05T14:42:43.760Z] [INFO] 
[START REVIEW] category=traktor productId=635047468 startPage=1
[2026-04-05T14:42:43.931Z] [INFO] [review traktor/600794294] page=1 +0 reviews (unique=0)
[2026-04-05T14:42:43.951Z] [INFO] [REVIEW SAVED] /mnt/c/Developer/Review_AI/scraper_project/raw_data/traktor/600794294_reviews.json
[2026-04-05T14:42:43.969Z] [INFO] 
[REVIEW WORKER 1] starting traktor/573718034
[2026-04-05T14:42:43.986Z] [INFO] [review traktor/635047468] page=1 +0 reviews (unique=0)
[2026-04-05T14:42:44.007Z] [INFO] [REVIEW SAVED] /mnt/c/Developer/Review_AI/scraper_project/raw_data/traktor/635047468_reviews.json
[2026-04-05T14:42:44.062Z] [INFO] 
[REVIEW WORKER 5] starting traktor/576897248
[2026-04-05T14:42:44.195Z] [INFO] [review traktor/600790721] page=1 +0 reviews (unique=0)
[2026-04-05T14:42:44.233Z] [INFO] [REVIEW SAVED] /mnt/c/Developer/Review_AI/scraper_project/raw_data/traktor/600790721_reviews.json
[2026-04-05T14:42:44.264Z] [INFO] 
[REVIEW WORKER 6] starting traktor/579376686
[2026-04-05T14:42:44.583Z] [INFO] 
[START REVIEW] category=traktor productId=604033918 startPage=1
[2026-04-05T14:42:44.778Z] [INFO] [review traktor/604033918] page=1 +0 reviews (unique=0)
[2026-04-05T14:42:44.807Z] [INFO] [REVIEW SAVED] /mnt/c/Developer/Review_AI/scraper_project/raw_data/traktor/604033918_reviews.json
[2026-04-05T14:42:44.825Z] [INFO] 
[REVIEW WORKER 2] starting traktor/576352381
[2026-04-05T14:42:47.947Z] [INFO] 
[START REVIEW] category=traktor productId=601554629 startPage=1
[2026-04-05T14:42:48.105Z] [INFO] 
[START REVIEW] category=traktor productId=631915381 startPage=1
[2026-04-05T14:42:48.348Z] [INFO] [review traktor/631915381] page=1 +1 reviews (unique=1)
[2026-04-05T14:42:48.384Z] [INFO] [REVIEW SAVED] /mnt/c/Developer/Review_AI/scraper_project/raw_data/traktor/631915381_reviews.json
[2026-04-05T14:42:48.419Z] [INFO] 
[REVIEW WORKER 4] starting traktor/573616343
[2026-04-05T14:42:48.680Z] [INFO] 
[START REVIEW] category=traktor productId=576897248 startPage=1
[2026-04-05T14:42:48.709Z] [INFO] 
[START REVIEW] category=traktor productId=573718034 startPage=1
[2026-04-05T14:42:48.792Z] [INFO] 
[START REVIEW] category=traktor productId=579376686 startPage=1
[2026-04-05T14:42:48.916Z] [INFO] [review traktor/573718034] page=1 +0 reviews (unique=0)
[2026-04-05T14:42:48.948Z] [INFO] [REVIEW SAVED] /mnt/c/Developer/Review_AI/scraper_project/raw_data/traktor/573718034_reviews.json
[2026-04-05T14:42:48.976Z] [INFO] 
[REVIEW WORKER 1] starting traktor/573710712
[2026-04-05T14:42:49.058Z] [INFO] [review traktor/579376686] page=1 +0 reviews (unique=0)
[2026-04-05T14:42:49.092Z] [INFO] [REVIEW SAVED] /mnt/c/Developer/Review_AI/scraper_project/raw_data/traktor/579376686_reviews.json
[2026-04-05T14:42:49.104Z] [INFO] [review traktor/576897248] page=1 +0 reviews (unique=0)
[2026-04-05T14:42:49.120Z] [INFO] [REVIEW SAVED] /mnt/c/Developer/Review_AI/scraper_project/raw_data/traktor/576897248_reviews.json
[2026-04-05T14:42:49.148Z] [INFO] 
[REVIEW WORKER 6] starting traktor/573824888
[2026-04-05T14:42:49.171Z] [INFO] 
[START REVIEW] category=traktor productId=576352381 startPage=1
[2026-04-05T14:42:49.183Z] [INFO] 
[REVIEW WORKER 5] starting traktor/573830910
[2026-04-05T14:42:49.190Z] [INFO] [review traktor/601554629] page=1 +0 reviews (unique=0)
[2026-04-05T14:42:49.207Z] [INFO] [REVIEW SAVED] /mnt/c/Developer/Review_AI/scraper_project/raw_data/traktor/601554629_reviews.json
[2026-04-05T14:42:49.291Z] [INFO] 
[REVIEW WORKER 3] starting traktor/573696862
[2026-04-05T14:42:49.414Z] [INFO] [review traktor/576352381] page=1 +0 reviews (unique=0)
[2026-04-05T14:42:49.435Z] [INFO] [REVIEW SAVED] /mnt/c/Developer/Review_AI/scraper_project/raw_data/traktor/576352381_reviews.json
[2026-04-05T14:42:49.455Z] [INFO] 
[REVIEW WORKER 2] starting traktor/576362154
[2026-04-05T14:42:52.437Z] [INFO] 
[START REVIEW] category=traktor productId=573616343 startPage=1
[2026-04-05T14:42:52.761Z] [INFO] [review traktor/573616343] page=1 +0 reviews (unique=0)
[2026-04-05T14:42:52.798Z] [INFO] [REVIEW SAVED] /mnt/c/Developer/Review_AI/scraper_project/raw_data/traktor/573616343_reviews.json
[2026-04-05T14:42:52.831Z] [INFO] 
[REVIEW WORKER 4] starting traktor/576201576
[2026-04-05T14:42:53.106Z] [INFO] 
[START REVIEW] category=traktor productId=573696862 startPage=1
[2026-04-05T14:42:53.119Z] [INFO] 
[START REVIEW] category=traktor productId=573710712 startPage=1
[2026-04-05T14:42:53.398Z] [INFO] 
[START REVIEW] category=traktor productId=576362154 startPage=1
[2026-04-05T14:42:53.412Z] [INFO] 
[START REVIEW] category=traktor productId=573830910 startPage=1
[2026-04-05T14:42:53.438Z] [INFO] 
[START REVIEW] category=traktor productId=573824888 startPage=1
[2026-04-05T14:42:53.645Z] [INFO] [review traktor/576362154] page=1 +0 reviews (unique=0)
[2026-04-05T14:42:53.670Z] [INFO] [REVIEW SAVED] /mnt/c/Developer/Review_AI/scraper_project/raw_data/traktor/576362154_reviews.json
[2026-04-05T14:42:53.682Z] [INFO] [review traktor/573830910] page=1 +0 reviews (unique=0)
[2026-04-05T14:42:53.700Z] [INFO] [REVIEW SAVED] /mnt/c/Developer/Review_AI/scraper_project/raw_data/traktor/573830910_reviews.json
[2026-04-05T14:42:53.702Z] [INFO] [review traktor/573824888] page=1 +0 reviews (unique=0)
[2026-04-05T14:42:53.721Z] [INFO] [REVIEW SAVED] /mnt/c/Developer/Review_AI/scraper_project/raw_data/traktor/573824888_reviews.json
[2026-04-05T14:42:53.748Z] [INFO] 
[REVIEW WORKER 2] starting traktor/573832711
[2026-04-05T14:42:53.775Z] [INFO] 
[REVIEW WORKER 6] starting traktor/573826343
[2026-04-05T14:42:53.785Z] [INFO] 
[REVIEW WORKER 5] starting traktor/573714949
[2026-04-05T14:42:53.820Z] [INFO] [review traktor/573710712] page=1 +0 reviews (unique=0)
[2026-04-05T14:42:53.843Z] [INFO] [REVIEW SAVED] /mnt/c/Developer/Review_AI/scraper_project/raw_data/traktor/573710712_reviews.json
[2026-04-05T14:42:53.941Z] [INFO] 
[REVIEW WORKER 1] starting traktor/576197793
[2026-04-05T14:42:56.748Z] [INFO] [review traktor/573696862] page=1 +0 reviews (unique=0)
[2026-04-05T14:42:56.777Z] [INFO] [REVIEW SAVED] /mnt/c/Developer/Review_AI/scraper_project/raw_data/traktor/573696862_reviews.json
[2026-04-05T14:42:56.820Z] [INFO] 
[REVIEW WORKER 3] starting traktor/573824042
[2026-04-05T14:42:57.044Z] [INFO] 
[START REVIEW] category=traktor productId=576201576 startPage=1
[2026-04-05T14:42:57.431Z] [INFO] [review traktor/576201576] page=1 +0 reviews (unique=0)
[2026-04-05T14:42:57.485Z] [INFO] [REVIEW SAVED] /mnt/c/Developer/Review_AI/scraper_project/raw_data/traktor/576201576_reviews.json
[2026-04-05T14:42:57.564Z] [INFO] 
[REVIEW WORKER 4] starting traktor/573709835
[2026-04-05T14:42:58.452Z] [INFO] 
[START REVIEW] category=traktor productId=573714949 startPage=1
[2026-04-05T14:42:58.531Z] [INFO] 
[START REVIEW] category=traktor productId=576197793 startPage=1
[2026-04-05T14:42:58.564Z] [INFO] 
[START REVIEW] category=traktor productId=573826343 startPage=1
[2026-04-05T14:42:58.761Z] [INFO] 
[START REVIEW] category=traktor productId=573832711 startPage=1
[2026-04-05T14:42:59.131Z] [INFO] [review traktor/573714949] page=1 +0 reviews (unique=0)
[2026-04-05T14:42:59.228Z] [INFO] [REVIEW SAVED] /mnt/c/Developer/Review_AI/scraper_project/raw_data/traktor/573714949_reviews.json
[2026-04-05T14:42:59.272Z] [INFO] [review traktor/576197793] page=1 +0 reviews (unique=0)
[2026-04-05T14:42:59.439Z] [INFO] [REVIEW SAVED] /mnt/c/Developer/Review_AI/scraper_project/raw_data/traktor/576197793_reviews.json
[2026-04-05T14:42:59.493Z] [INFO] [review traktor/573832711] page=1 +0 reviews (unique=0)
[2026-04-05T14:42:59.599Z] [INFO] [REVIEW SAVED] /mnt/c/Developer/Review_AI/scraper_project/raw_data/traktor/573832711_reviews.json
[2026-04-05T14:42:59.614Z] [INFO] [review traktor/573826343] page=1 +0 reviews (unique=0)
[2026-04-05T14:42:59.679Z] [INFO] [REVIEW SAVED] /mnt/c/Developer/Review_AI/scraper_project/raw_data/traktor/573826343_reviews.json
[2026-04-05T14:42:59.698Z] [INFO] 
[REVIEW WORKER 5] starting traktor/573616238
[2026-04-05T14:42:59.715Z] [INFO] 
[REVIEW WORKER 1] starting traktor/573615630
[2026-04-05T14:42:59.736Z] [INFO] 
[REVIEW WORKER 2] starting traktor/573641806
[2026-04-05T14:42:59.795Z] [INFO] 
[REVIEW WORKER 6] starting traktor/573615312
[2026-04-05T14:43:01.538Z] [INFO] 
[START REVIEW] category=traktor productId=573824042 startPage=1
[2026-04-05T14:43:01.746Z] [INFO] [review traktor/573824042] page=1 +0 reviews (unique=0)
[2026-04-05T14:43:01.767Z] [INFO] [REVIEW SAVED] /mnt/c/Developer/Review_AI/scraper_project/raw_data/traktor/573824042_reviews.json
[2026-04-05T14:43:01.787Z] [INFO] 
[REVIEW WORKER 3] starting traktor/571790548
[2026-04-05T14:43:02.180Z] [INFO] 
[START REVIEW] category=traktor productId=573709835 startPage=1
[2026-04-05T14:43:02.729Z] [INFO] [review traktor/573709835] page=1 +0 reviews (unique=0)
[2026-04-05T14:43:02.755Z] [INFO] [REVIEW SAVED] /mnt/c/Developer/Review_AI/scraper_project/raw_data/traktor/573709835_reviews.json
[2026-04-05T14:43:02.784Z] [INFO] 
[REVIEW WORKER 4] starting traktor/569660726
[2026-04-05T14:43:03.969Z] [INFO] 
[START REVIEW] category=traktor productId=573616238 startPage=1
[2026-04-05T14:43:04.141Z] [INFO] 
[START REVIEW] category=traktor productId=573641806 startPage=1
[2026-04-05T14:43:04.232Z] [INFO] [review traktor/573616238] page=1 +0 reviews (unique=0)
[2026-04-05T14:43:04.279Z] [INFO] [REVIEW SAVED] /mnt/c/Developer/Review_AI/scraper_project/raw_data/traktor/573616238_reviews.json
[2026-04-05T14:43:04.316Z] [INFO] 
[REVIEW WORKER 5] starting traktor/569605078
[2026-04-05T14:43:04.426Z] [INFO] [review traktor/573641806] page=1 +0 reviews (unique=0)
[2026-04-05T14:43:04.475Z] [INFO] [REVIEW SAVED] /mnt/c/Developer/Review_AI/scraper_project/raw_data/traktor/573641806_reviews.json
[2026-04-05T14:43:04.507Z] [INFO] 
[START REVIEW] category=traktor productId=573615312 startPage=1
[2026-04-05T14:43:04.548Z] [INFO] 
[REVIEW WORKER 2] starting traktor/571789720
[2026-04-05T14:43:04.642Z] [INFO] 
[START REVIEW] category=traktor productId=573615630 startPage=1
[2026-04-05T14:43:04.957Z] [INFO] [review traktor/573615630] page=1 +0 reviews (unique=0)
[2026-04-05T14:43:04.998Z] [INFO] [REVIEW SAVED] /mnt/c/Developer/Review_AI/scraper_project/raw_data/traktor/573615630_reviews.json
[2026-04-05T14:43:05.030Z] [INFO] 
[REVIEW WORKER 1] starting traktor/569659417
[2026-04-05T14:43:05.120Z] [INFO] [review traktor/573615312] page=1 +0 reviews (unique=0)
[2026-04-05T14:43:05.162Z] [INFO] [REVIEW SAVED] /mnt/c/Developer/Review_AI/scraper_project/raw_data/traktor/573615312_reviews.json
[2026-04-05T14:43:05.206Z] [INFO] 
[REVIEW WORKER 6] starting traktor/569832025
[2026-04-05T14:43:06.584Z] [INFO] 
[START REVIEW] category=traktor productId=571790548 startPage=1
[2026-04-05T14:43:06.925Z] [INFO] [review traktor/571790548] page=1 +0 reviews (unique=0)
[2026-04-05T14:43:07.000Z] [INFO] [REVIEW SAVED] /mnt/c/Developer/Review_AI/scraper_project/raw_data/traktor/571790548_reviews.json
[2026-04-05T14:43:07.076Z] [INFO] 
[REVIEW WORKER 3] starting traktor/573575553
[2026-04-05T14:43:07.581Z] [INFO] 
[START REVIEW] category=traktor productId=569660726 startPage=1
[2026-04-05T14:43:07.990Z] [INFO] [review traktor/569660726] page=1 +0 reviews (unique=0)
[2026-04-05T14:43:08.074Z] [INFO] [REVIEW SAVED] /mnt/c/Developer/Review_AI/scraper_project/raw_data/traktor/569660726_reviews.json
[2026-04-05T14:43:08.203Z] [INFO] 
[REVIEW WORKER 4] starting traktor/569659173
[2026-04-05T14:43:08.857Z] [INFO] 
[START REVIEW] category=traktor productId=569605078 startPage=1
[2026-04-05T14:43:09.358Z] [INFO] 
[START REVIEW] category=traktor productId=571789720 startPage=1
[2026-04-05T14:43:10.225Z] [INFO] 
[START REVIEW] category=traktor productId=569659417 startPage=1
[2026-04-05T14:43:10.327Z] [INFO] [review traktor/571789720] page=1 +0 reviews (unique=0)
[2026-04-05T14:43:10.354Z] [INFO] [REVIEW SAVED] /mnt/c/Developer/Review_AI/scraper_project/raw_data/traktor/571789720_reviews.json
[2026-04-05T14:43:10.371Z] [INFO] 
[REVIEW WORKER 2] starting traktor/569832228
[2026-04-05T14:43:10.609Z] [INFO] 
[START REVIEW] category=traktor productId=569832025 startPage=1
[2026-04-05T14:43:10.779Z] [INFO] [review traktor/569659417] page=1 +0 reviews (unique=0)
[2026-04-05T14:43:10.795Z] [INFO] [REVIEW SAVED] /mnt/c/Developer/Review_AI/scraper_project/raw_data/traktor/569659417_reviews.json
[2026-04-05T14:43:10.819Z] [INFO] 
[REVIEW WORKER 1] starting traktor/569832069
[2026-04-05T14:43:10.918Z] [INFO] [review traktor/569832025] page=1 +0 reviews (unique=0)
[2026-04-05T14:43:10.942Z] [INFO] [REVIEW SAVED] /mnt/c/Developer/Review_AI/scraper_project/raw_data/traktor/569832025_reviews.json
[2026-04-05T14:43:10.959Z] [INFO] 
[REVIEW WORKER 6] starting traktor/569659751
[2026-04-05T14:43:12.033Z] [INFO] 
[START REVIEW] category=traktor productId=573575553 startPage=1
[2026-04-05T14:43:12.360Z] [INFO] [review traktor/573575553] page=1 +0 reviews (unique=0)
[2026-04-05T14:43:12.375Z] [INFO] [REVIEW SAVED] /mnt/c/Developer/Review_AI/scraper_project/raw_data/traktor/573575553_reviews.json
[2026-04-05T14:43:12.391Z] [INFO] 
[REVIEW WORKER 3] starting traktor/569599392
[2026-04-05T14:43:13.301Z] [INFO] 
[START REVIEW] category=traktor productId=569659173 startPage=1
[2026-04-05T14:43:13.558Z] [INFO] [review traktor/569659173] page=1 +0 reviews (unique=0)
[2026-04-05T14:43:13.576Z] [INFO] [REVIEW SAVED] /mnt/c/Developer/Review_AI/scraper_project/raw_data/traktor/569659173_reviews.json
[2026-04-05T14:43:13.596Z] [INFO] 
[REVIEW WORKER 4] starting traktor/569832002
[2026-04-05T14:43:15.177Z] [INFO] [review traktor/569605078] page=1 +0 reviews (unique=0)
[2026-04-05T14:43:15.200Z] [INFO] [REVIEW SAVED] /mnt/c/Developer/Review_AI/scraper_project/raw_data/traktor/569605078_reviews.json
[2026-04-05T14:43:15.228Z] [INFO] 
[REVIEW WORKER 5] starting traktor/569599716
[2026-04-05T14:43:15.327Z] [INFO] 
[START REVIEW] category=traktor productId=569832228 startPage=1
[2026-04-05T14:43:15.601Z] [INFO] [review traktor/569832228] page=1 +0 reviews (unique=0)
[2026-04-05T14:43:15.627Z] [INFO] [REVIEW SAVED] /mnt/c/Developer/Review_AI/scraper_project/raw_data/traktor/569832228_reviews.json
[2026-04-05T14:43:15.653Z] [INFO] 
[REVIEW WORKER 2] starting traktor/569599620
[2026-04-05T14:43:15.806Z] [INFO] 
[START REVIEW] category=traktor productId=569659751 startPage=1
[2026-04-05T14:43:16.021Z] [INFO] [review traktor/569659751] page=1 +0 reviews (unique=0)
[2026-04-05T14:43:16.040Z] [INFO] [REVIEW SAVED] /mnt/c/Developer/Review_AI/scraper_project/raw_data/traktor/569659751_reviews.json
[2026-04-05T14:43:16.064Z] [INFO] 
[REVIEW WORKER 6] starting traktor/569831980
[2026-04-05T14:43:16.079Z] [INFO] 
[START REVIEW] category=traktor productId=569832069 startPage=1
[2026-04-05T14:43:16.322Z] [INFO] [review traktor/569832069] page=1 +0 reviews (unique=0)
[2026-04-05T14:43:16.337Z] [INFO] [REVIEW SAVED] /mnt/c/Developer/Review_AI/scraper_project/raw_data/traktor/569832069_reviews.json
[2026-04-05T14:43:16.370Z] [INFO] 
[REVIEW WORKER 1] starting traktor/569605737
[2026-04-05T14:43:17.296Z] [INFO] 
[START REVIEW] category=traktor productId=569599392 startPage=1
[2026-04-05T14:43:17.487Z] [INFO] [review traktor/569599392] page=1 +0 reviews (unique=0)
[2026-04-05T14:43:17.540Z] [INFO] [REVIEW SAVED] /mnt/c/Developer/Review_AI/scraper_project/raw_data/traktor/569599392_reviews.json
[2026-04-05T14:43:17.580Z] [INFO] 
[REVIEW WORKER 3] starting traktor/569832301
[2026-04-05T14:43:18.084Z] [INFO] 
[START REVIEW] category=traktor productId=569832002 startPage=1
[2026-04-05T14:43:18.368Z] [INFO] [review traktor/569832002] page=1 +0 reviews (unique=0)
[2026-04-05T14:43:18.425Z] [INFO] [REVIEW SAVED] /mnt/c/Developer/Review_AI/scraper_project/raw_data/traktor/569832002_reviews.json
[2026-04-05T14:43:18.472Z] [INFO] 
[REVIEW WORKER 4] starting traktor/569612429
[2026-04-05T14:43:19.514Z] [INFO] 
[START REVIEW] category=traktor productId=569599716 startPage=1
[2026-04-05T14:43:20.071Z] [INFO] [review traktor/569599716] page=1 +0 reviews (unique=0)
[2026-04-05T14:43:20.097Z] [INFO] [REVIEW SAVED] /mnt/c/Developer/Review_AI/scraper_project/raw_data/traktor/569599716_reviews.json
[2026-04-05T14:43:20.133Z] [INFO] 
[REVIEW WORKER 5] starting traktor/566217823
[2026-04-05T14:43:20.757Z] [INFO] 
[START REVIEW] category=traktor productId=569599620 startPage=1
[2026-04-05T14:43:20.852Z] [INFO] 
[START REVIEW] category=traktor productId=569831980 startPage=1
[2026-04-05T14:43:20.973Z] [INFO] [review traktor/569599620] page=1 +0 reviews (unique=0)
[2026-04-05T14:43:20.997Z] [INFO] [REVIEW SAVED] /mnt/c/Developer/Review_AI/scraper_project/raw_data/traktor/569599620_reviews.json
[2026-04-05T14:43:21.008Z] [INFO] 
[START REVIEW] category=traktor productId=569605737 startPage=1
[2026-04-05T14:43:21.032Z] [INFO] 
[REVIEW WORKER 2] starting traktor/466581933
[2026-04-05T14:43:21.113Z] [INFO] [review traktor/569831980] page=1 +0 reviews (unique=0)
[2026-04-05T14:43:21.152Z] [INFO] [REVIEW SAVED] /mnt/c/Developer/Review_AI/scraper_project/raw_data/traktor/569831980_reviews.json
[2026-04-05T14:43:21.218Z] [INFO] 
[REVIEW WORKER 6] starting traktor/466745138
[2026-04-05T14:43:21.294Z] [INFO] [review traktor/569605737] page=1 +0 reviews (unique=0)
[2026-04-05T14:43:21.321Z] [INFO] [REVIEW SAVED] /mnt/c/Developer/Review_AI/scraper_project/raw_data/traktor/569605737_reviews.json
[2026-04-05T14:43:21.340Z] [INFO] 
[REVIEW WORKER 1] starting traktor/542414450
[2026-04-05T14:43:22.107Z] [INFO] 
[START REVIEW] category=traktor productId=569832301 startPage=1
[2026-04-05T14:43:22.413Z] [INFO] [review traktor/569832301] page=1 +0 reviews (unique=0)
[2026-04-05T14:43:22.431Z] [INFO] [REVIEW SAVED] /mnt/c/Developer/Review_AI/scraper_project/raw_data/traktor/569832301_reviews.json
[2026-04-05T14:43:22.446Z] [INFO] 
[REVIEW WORKER 3] starting traktor/539216076
[2026-04-05T14:43:22.815Z] [INFO] 
[START REVIEW] category=traktor productId=569612429 startPage=1
[2026-04-05T14:43:23.023Z] [INFO] [review traktor/569612429] page=1 +0 reviews (unique=0)
[2026-04-05T14:43:23.044Z] [INFO] [REVIEW SAVED] /mnt/c/Developer/Review_AI/scraper_project/raw_data/traktor/569612429_reviews.json
[2026-04-05T14:43:23.070Z] [INFO] 
[REVIEW WORKER 4] starting traktor/569599173
[2026-04-05T14:43:24.411Z] [INFO] 
[START REVIEW] category=traktor productId=566217823 startPage=1
[2026-04-05T14:43:24.701Z] [INFO] [review traktor/566217823] page=1 +0 reviews (unique=0)
[2026-04-05T14:43:24.745Z] [INFO] [REVIEW SAVED] /mnt/c/Developer/Review_AI/scraper_project/raw_data/traktor/566217823_reviews.json
[2026-04-05T14:43:24.797Z] [INFO] 
[REVIEW WORKER 5] starting traktor/539204404
[2026-04-05T14:43:25.505Z] [INFO] 
[START REVIEW] category=traktor productId=466745138 startPage=1
[2026-04-05T14:43:25.599Z] [INFO] 
[START REVIEW] category=traktor productId=466581933 startPage=1
[2026-04-05T14:43:25.704Z] [INFO] 
[START REVIEW] category=traktor productId=542414450 startPage=1
[2026-04-05T14:43:25.900Z] [INFO] [review traktor/466581933] page=1 +0 reviews (unique=0)
[2026-04-05T14:43:25.980Z] [INFO] [REVIEW SAVED] /mnt/c/Developer/Review_AI/scraper_project/raw_data/traktor/466581933_reviews.json
[2026-04-05T14:43:26.085Z] [INFO] 
[REVIEW WORKER 2] starting traktor/466581944
[2026-04-05T14:43:26.321Z] [INFO] [review traktor/542414450] page=1 +0 reviews (unique=0)
[2026-04-05T14:43:26.462Z] [INFO] [REVIEW SAVED] /mnt/c/Developer/Review_AI/scraper_project/raw_data/traktor/542414450_reviews.json
[2026-04-05T14:43:26.483Z] [INFO] [review traktor/466745138] page=1 +0 reviews (unique=0)
[2026-04-05T14:43:26.538Z] [INFO] [REVIEW SAVED] /mnt/c/Developer/Review_AI/scraper_project/raw_data/traktor/466745138_reviews.json
[2026-04-05T14:43:26.587Z] [INFO] 
[REVIEW WORKER 1] starting traktor/466581943
[2026-04-05T14:43:26.644Z] [INFO] 
[REVIEW WORKER 6] starting traktor/466581942
[2026-04-05T14:43:27.250Z] [INFO] 
[START REVIEW] category=traktor productId=539216076 startPage=1
[2026-04-05T14:43:27.617Z] [INFO] [review traktor/539216076] page=1 +0 reviews (unique=0)
[2026-04-05T14:43:27.687Z] [INFO] [REVIEW SAVED] /mnt/c/Developer/Review_AI/scraper_project/raw_data/traktor/539216076_reviews.json
[2026-04-05T14:43:27.742Z] [INFO] 
[REVIEW WORKER 3] starting traktor/466581910
[2026-04-05T14:43:27.797Z] [INFO] 
[START REVIEW] category=traktor productId=569599173 startPage=1
[2026-04-05T14:43:28.213Z] [INFO] [review traktor/569599173] page=1 +0 reviews (unique=0)
[2026-04-05T14:43:28.233Z] [INFO] [REVIEW SAVED] /mnt/c/Developer/Review_AI/scraper_project/raw_data/traktor/569599173_reviews.json
[2026-04-05T14:43:28.246Z] [INFO] 
[REVIEW WORKER 4] starting traktor/466581909
[2026-04-05T14:43:29.536Z] [INFO] 
[START REVIEW] category=traktor productId=539204404 startPage=1
[2026-04-05T14:43:29.999Z] [INFO] [review traktor/539204404] page=1 +0 reviews (unique=0)
[2026-04-05T14:43:30.022Z] [INFO] [REVIEW SAVED] /mnt/c/Developer/Review_AI/scraper_project/raw_data/traktor/539204404_reviews.json
[2026-04-05T14:43:30.057Z] [INFO] 
[REVIEW WORKER 5] starting traktor/520231673
[2026-04-05T14:43:30.595Z] [INFO] 
[START REVIEW] category=traktor productId=466581944 startPage=1
[2026-04-05T14:43:30.847Z] [INFO] [review traktor/466581944] page=1 +0 reviews (unique=0)
[2026-04-05T14:43:30.868Z] [INFO] [REVIEW SAVED] /mnt/c/Developer/Review_AI/scraper_project/raw_data/traktor/466581944_reviews.json
[2026-04-05T14:43:30.887Z] [INFO] 
[REVIEW WORKER 2] starting traktor/466581908
[2026-04-05T14:43:30.953Z] [INFO] 
[START REVIEW] category=traktor productId=466581942 startPage=1
[2026-04-05T14:43:31.231Z] [INFO] [review traktor/466581942] page=1 +0 reviews (unique=0)
[2026-04-05T14:43:31.253Z] [INFO] [REVIEW SAVED] /mnt/c/Developer/Review_AI/scraper_project/raw_data/traktor/466581942_reviews.json
[2026-04-05T14:43:31.290Z] [INFO] 
[REVIEW WORKER 6] starting traktor/466581938
[2026-04-05T14:43:31.385Z] [INFO] 
[START REVIEW] category=traktor productId=466581943 startPage=1
[2026-04-05T14:43:31.601Z] [INFO] [review traktor/466581943] page=1 +0 reviews (unique=0)
[2026-04-05T14:43:31.614Z] [INFO] [REVIEW SAVED] /mnt/c/Developer/Review_AI/scraper_project/raw_data/traktor/466581943_reviews.json
[2026-04-05T14:43:31.632Z] [INFO] 
[REVIEW WORKER 1] starting traktor/466581906
[2026-04-05T14:43:32.419Z] [INFO] 
[START REVIEW] category=traktor productId=466581910 startPage=1
[2026-04-05T14:43:32.587Z] [INFO] 
[START REVIEW] category=traktor productId=466581909 startPage=1
[2026-04-05T14:43:32.727Z] [INFO] [review traktor/466581910] page=1 +0 reviews (unique=0)
[2026-04-05T14:43:32.766Z] [INFO] [REVIEW SAVED] /mnt/c/Developer/Review_AI/scraper_project/raw_data/traktor/466581910_reviews.json
[2026-04-05T14:43:32.799Z] [INFO] 
[REVIEW WORKER 3] starting traktor/466581937
[2026-04-05T14:43:32.937Z] [INFO] [review traktor/466581909] page=1 +0 reviews (unique=0)
[2026-04-05T14:43:32.974Z] [INFO] [REVIEW SAVED] /mnt/c/Developer/Review_AI/scraper_project/raw_data/traktor/466581909_reviews.json
[2026-04-05T14:43:33.040Z] [INFO] 
[REVIEW WORKER 4] starting traktor/466581905
[2026-04-05T14:43:34.622Z] [INFO] 
[START REVIEW] category=traktor productId=520231673 startPage=1
[2026-04-05T14:43:35.593Z] [INFO] 
[START REVIEW] category=traktor productId=466581908 startPage=1
[2026-04-05T14:43:35.685Z] [INFO] 
[START REVIEW] category=traktor productId=466581938 startPage=1
[2026-04-05T14:43:36.067Z] [INFO] [review traktor/466581908] page=1 +0 reviews (unique=0)
[2026-04-05T14:43:36.110Z] [INFO] [REVIEW SAVED] /mnt/c/Developer/Review_AI/scraper_project/raw_data/traktor/466581908_reviews.json
[2026-04-05T14:43:36.138Z] [INFO] 
[REVIEW WORKER 2] starting traktor/565380300
[2026-04-05T14:43:36.206Z] [INFO] [review traktor/466581938] page=1 +0 reviews (unique=0)
[2026-04-05T14:43:36.230Z] [INFO] [REVIEW SAVED] /mnt/c/Developer/Review_AI/scraper_project/raw_data/traktor/466581938_reviews.json
[2026-04-05T14:43:36.265Z] [INFO] 
[REVIEW WORKER 6] starting traktor/466581904
[2026-04-05T14:43:36.669Z] [INFO] 
[START REVIEW] category=traktor productId=466581906 startPage=1
[2026-04-05T14:43:36.754Z] [INFO] [review traktor/520231673] page=1 +0 reviews (unique=0)
[2026-04-05T14:43:36.785Z] [INFO] [REVIEW SAVED] /mnt/c/Developer/Review_AI/scraper_project/raw_data/traktor/520231673_reviews.json
[2026-04-05T14:43:36.830Z] [INFO] 
[REVIEW WORKER 5] starting traktor/577208583
[2026-04-05T14:43:36.968Z] [INFO] [review traktor/466581906] page=1 +0 reviews (unique=0)
[2026-04-05T14:43:36.991Z] [INFO] [REVIEW SAVED] /mnt/c/Developer/Review_AI/scraper_project/raw_data/traktor/466581906_reviews.json
[2026-04-05T14:43:37.012Z] [INFO] 
[REVIEW WORKER 1] starting traktor/541321057
[2026-04-05T14:43:37.932Z] [INFO] 
[START REVIEW] category=traktor productId=466581937 startPage=1
[2026-04-05T14:43:38.015Z] [INFO] 
[START REVIEW] category=traktor productId=466581905 startPage=1
[2026-04-05T14:43:38.153Z] [INFO] [review traktor/466581937] page=1 +0 reviews (unique=0)
[2026-04-05T14:43:38.168Z] [INFO] [REVIEW SAVED] /mnt/c/Developer/Review_AI/scraper_project/raw_data/traktor/466581937_reviews.json
[2026-04-05T14:43:38.180Z] [INFO] 
[REVIEW WORKER 3] starting traktor/410847326
[2026-04-05T14:43:38.227Z] [INFO] [review traktor/466581905] page=1 +0 reviews (unique=0)
[2026-04-05T14:43:38.243Z] [INFO] [REVIEW SAVED] /mnt/c/Developer/Review_AI/scraper_project/raw_data/traktor/466581905_reviews.json
[2026-04-05T14:43:38.270Z] [INFO] 
[REVIEW WORKER 4] starting traktor/712402869
[2026-04-05T14:43:40.146Z] [INFO] 
[START REVIEW] category=traktor productId=565380300 startPage=1
[2026-04-05T14:43:40.283Z] [INFO] 
[START REVIEW] category=traktor productId=466581904 startPage=1
[2026-04-05T14:43:40.378Z] [INFO] [review traktor/565380300] page=1 +0 reviews (unique=0)
[2026-04-05T14:43:40.398Z] [INFO] [REVIEW SAVED] /mnt/c/Developer/Review_AI/scraper_project/raw_data/traktor/565380300_reviews.json
[2026-04-05T14:43:40.423Z] [INFO] 
[REVIEW WORKER 2] starting traktor/421320688
[2026-04-05T14:43:40.765Z] [INFO] 
[START REVIEW] category=traktor productId=577208583 startPage=1
[2026-04-05T14:43:40.813Z] [INFO] [review traktor/466581904] page=1 +0 reviews (unique=0)
[2026-04-05T14:43:40.852Z] [INFO] [REVIEW SAVED] /mnt/c/Developer/Review_AI/scraper_project/raw_data/traktor/466581904_reviews.json
[2026-04-05T14:43:40.894Z] [INFO] 
[REVIEW WORKER 6] starting traktor/712403162
[2026-04-05T14:43:40.972Z] [INFO] 
[START REVIEW] category=traktor productId=541321057 startPage=1
[2026-04-05T14:43:41.043Z] [INFO] [review traktor/577208583] page=1 +1 reviews (unique=1)
[2026-04-05T14:43:41.087Z] [INFO] [REVIEW SAVED] /mnt/c/Developer/Review_AI/scraper_project/raw_data/traktor/577208583_reviews.json
[2026-04-05T14:43:41.118Z] [INFO] 
[REVIEW WORKER 5] starting traktor/692237486
[2026-04-05T14:43:41.273Z] [INFO] [review traktor/541321057] page=1 +2 reviews (unique=2)
[2026-04-05T14:43:41.345Z] [INFO] [REVIEW SAVED] /mnt/c/Developer/Review_AI/scraper_project/raw_data/traktor/541321057_reviews.json
[2026-04-05T14:43:41.384Z] [INFO] 
[REVIEW WORKER 1] starting traktor/505149333
[2026-04-05T14:43:42.651Z] [INFO] 
[START REVIEW] category=traktor productId=410847326 startPage=1
[2026-04-05T14:43:43.135Z] [INFO] 
[START REVIEW] category=traktor productId=712402869 startPage=1
[2026-04-05T14:43:43.595Z] [INFO] [review traktor/712402869] page=1 +0 reviews (unique=0)
[2026-04-05T14:43:43.662Z] [INFO] [REVIEW SAVED] /mnt/c/Developer/Review_AI/scraper_project/raw_data/traktor/712402869_reviews.json
[2026-04-05T14:43:43.751Z] [INFO] 
[REVIEW WORKER 4] starting traktor/464730145
[2026-04-05T14:43:44.899Z] [INFO] 
[START REVIEW] category=traktor productId=421320688 startPage=1
[2026-04-05T14:43:45.161Z] [INFO] [review traktor/421320688] page=1 +0 reviews (unique=0)
[2026-04-05T14:43:45.178Z] [INFO] [REVIEW SAVED] /mnt/c/Developer/Review_AI/scraper_project/raw_data/traktor/421320688_reviews.json
[2026-04-05T14:43:45.198Z] [INFO] 
[REVIEW WORKER 2] starting traktor/567418177
[2026-04-05T14:43:45.807Z] [INFO] 
[START REVIEW] category=traktor productId=692237486 startPage=1
[2026-04-05T14:43:45.822Z] [INFO] 
[START REVIEW] category=traktor productId=712403162 startPage=1
[2026-04-05T14:43:46.055Z] [INFO] [review traktor/692237486] page=1 +0 reviews (unique=0)
[2026-04-05T14:43:46.073Z] [INFO] [REVIEW SAVED] /mnt/c/Developer/Review_AI/scraper_project/raw_data/traktor/692237486_reviews.json
[2026-04-05T14:43:46.078Z] [INFO] [review traktor/712403162] page=1 +0 reviews (unique=0)
[2026-04-05T14:43:46.096Z] [INFO] [REVIEW SAVED] /mnt/c/Developer/Review_AI/scraper_project/raw_data/traktor/712403162_reviews.json
[2026-04-05T14:43:46.104Z] [INFO] 
[START REVIEW] category=traktor productId=505149333 startPage=1
[2026-04-05T14:43:46.123Z] [INFO] 
[REVIEW WORKER 5] starting traktor/728807940
[2026-04-05T14:43:46.143Z] [INFO] 
[REVIEW WORKER 6] starting traktor/567395623
[2026-04-05T14:43:46.265Z] [INFO] [review traktor/410847326] page=1 +0 reviews (unique=0)
[2026-04-05T14:43:46.297Z] [INFO] [REVIEW SAVED] /mnt/c/Developer/Review_AI/scraper_project/raw_data/traktor/410847326_reviews.json
[2026-04-05T14:43:46.349Z] [INFO] 
[REVIEW WORKER 3] starting traktor/712403072
[2026-04-05T14:43:46.384Z] [INFO] [review traktor/505149333] page=1 +1 reviews (unique=1)
[2026-04-05T14:43:46.424Z] [INFO] [REVIEW SAVED] /mnt/c/Developer/Review_AI/scraper_project/raw_data/traktor/505149333_reviews.json
[2026-04-05T14:43:46.512Z] [INFO] 
[REVIEW WORKER 1] starting traktor/577923813
[2026-04-05T14:43:48.056Z] [INFO] 
[START REVIEW] category=traktor productId=464730145 startPage=1
[2026-04-05T14:43:49.578Z] [INFO] 
[START REVIEW] category=traktor productId=567418177 startPage=1
[2026-04-05T14:43:49.839Z] [INFO] [review traktor/567418177] page=1 +0 reviews (unique=0)
[2026-04-05T14:43:49.869Z] [INFO] [REVIEW SAVED] /mnt/c/Developer/Review_AI/scraper_project/raw_data/traktor/567418177_reviews.json
[2026-04-05T14:43:49.894Z] [INFO] 
[REVIEW WORKER 2] starting traktor/732081589
[2026-04-05T14:43:50.228Z] [INFO] 
[START REVIEW] category=traktor productId=728807940 startPage=1
[2026-04-05T14:43:50.477Z] [INFO] [review traktor/728807940] page=1 +0 reviews (unique=0)
[2026-04-05T14:43:50.523Z] [INFO] [REVIEW SAVED] /mnt/c/Developer/Review_AI/scraper_project/raw_data/traktor/728807940_reviews.json
[2026-04-05T14:43:50.545Z] [INFO] 
[START REVIEW] category=traktor productId=567395623 startPage=1
[2026-04-05T14:43:50.591Z] [INFO] 
[REVIEW WORKER 5] starting traktor/721474105
[2026-04-05T14:43:50.772Z] [INFO] [review traktor/567395623] page=1 +0 reviews (unique=0)
[2026-04-05T14:43:50.837Z] [INFO] [REVIEW SAVED] /mnt/c/Developer/Review_AI/scraper_project/raw_data/traktor/567395623_reviews.json
[2026-04-05T14:43:50.886Z] [INFO] 
[REVIEW WORKER 6] starting traktor/725428353
[2026-04-05T14:43:51.006Z] [INFO] 
[START REVIEW] category=traktor productId=577923813 startPage=1
[2026-04-05T14:43:51.094Z] [INFO] [review traktor/464730145] page=1 +1 reviews (unique=1)
[2026-04-05T14:43:51.137Z] [INFO] [REVIEW SAVED] /mnt/c/Developer/Review_AI/scraper_project/raw_data/traktor/464730145_reviews.json
[2026-04-05T14:43:51.183Z] [INFO] 
[REVIEW WORKER 4] starting traktor/653909861
[2026-04-05T14:43:51.304Z] [INFO] 
[START REVIEW] category=traktor productId=712403072 startPage=1
[2026-04-05T14:43:51.317Z] [INFO] [review traktor/577923813] page=1 +0 reviews (unique=0)
[2026-04-05T14:43:51.366Z] [INFO] [REVIEW SAVED] /mnt/c/Developer/Review_AI/scraper_project/raw_data/traktor/577923813_reviews.json
[2026-04-05T14:43:51.427Z] [INFO] 
[REVIEW WORKER 1] starting traktor/653909860
[2026-04-05T14:43:51.611Z] [INFO] [review traktor/712403072] page=1 +0 reviews (unique=0)
[2026-04-05T14:43:51.645Z] [INFO] [REVIEW SAVED] /mnt/c/Developer/Review_AI/scraper_project/raw_data/traktor/712403072_reviews.json
[2026-04-05T14:43:51.682Z] [INFO] 
[REVIEW WORKER 3] starting traktor/567397230
[2026-04-05T14:43:54.085Z] [INFO] 
[START REVIEW] category=traktor productId=732081589 startPage=1
[2026-04-05T14:43:54.434Z] [INFO] [review traktor/732081589] page=1 +8 reviews (unique=8)
[2026-04-05T14:43:54.724Z] [INFO] 
[START REVIEW] category=traktor productId=721474105 startPage=1
[2026-04-05T14:43:54.794Z] [INFO] 
[START REVIEW] category=traktor productId=725428353 startPage=1
[2026-04-05T14:43:55.069Z] [INFO] [review traktor/732081589] page=2 +8 reviews (unique=16)
[2026-04-05T14:43:55.120Z] [INFO] [review traktor/725428353] page=1 +0 reviews (unique=0)
[2026-04-05T14:43:55.175Z] [INFO] [REVIEW SAVED] /mnt/c/Developer/Review_AI/scraper_project/raw_data/traktor/725428353_reviews.json
[2026-04-05T14:43:55.220Z] [INFO] 
[REVIEW WORKER 6] starting traktor/493626316
[2026-04-05T14:43:55.337Z] [INFO] 
[START REVIEW] category=traktor productId=653909860 startPage=1
[2026-04-05T14:43:55.354Z] [INFO] [review traktor/721474105] page=1 +0 reviews (unique=0)
[2026-04-05T14:43:55.452Z] [INFO] [REVIEW SAVED] /mnt/c/Developer/Review_AI/scraper_project/raw_data/traktor/721474105_reviews.json
[2026-04-05T14:43:55.546Z] [INFO] 
[REVIEW WORKER 5] starting traktor/576246745
[2026-04-05T14:43:55.752Z] [INFO] 
[START REVIEW] category=traktor productId=567397230 startPage=1
[2026-04-05T14:43:55.859Z] [INFO] 
[START REVIEW] category=traktor productId=653909861 startPage=1
[2026-04-05T14:43:55.976Z] [INFO] [review traktor/653909860] page=1 +0 reviews (unique=0)
[2026-04-05T14:43:56.169Z] [INFO] [REVIEW SAVED] /mnt/c/Developer/Review_AI/scraper_project/raw_data/traktor/653909860_reviews.json
[2026-04-05T14:43:56.188Z] [INFO] [review traktor/732081589] page=3 +8 reviews (unique=24)
[2026-04-05T14:43:56.303Z] [INFO] 
[REVIEW WORKER 1] starting traktor/505539938
[2026-04-05T14:43:56.478Z] [INFO] [review traktor/653909861] page=1 +0 reviews (unique=0)
[2026-04-05T14:43:56.496Z] [INFO] [REVIEW SAVED] /mnt/c/Developer/Review_AI/scraper_project/raw_data/traktor/653909861_reviews.json
[2026-04-05T14:43:56.516Z] [INFO] 
[REVIEW WORKER 4] starting traktor/523464048
[2026-04-05T14:43:56.643Z] [INFO] [review traktor/567397230] page=1 +0 reviews (unique=0)
[2026-04-05T14:43:56.657Z] [INFO] [REVIEW SAVED] /mnt/c/Developer/Review_AI/scraper_project/raw_data/traktor/567397230_reviews.json
[2026-04-05T14:43:56.680Z] [INFO] 
[REVIEW WORKER 3] starting traktor/495126784
[2026-04-05T14:43:56.929Z] [INFO] [review traktor/732081589] page=4 +7 reviews (unique=31)
[2026-04-05T14:43:56.941Z] [INFO] [REVIEW SAVED] /mnt/c/Developer/Review_AI/scraper_project/raw_data/traktor/732081589_reviews.json
[2026-04-05T14:43:56.961Z] [INFO] 
[REVIEW WORKER 2] starting traktor/507107869
[2026-04-05T14:43:59.564Z] [INFO] 
[START REVIEW] category=traktor productId=493626316 startPage=1
[2026-04-05T14:44:00.046Z] [INFO] [review traktor/493626316] page=1 +3 reviews (unique=3)
[2026-04-05T14:44:00.069Z] [INFO] [REVIEW SAVED] /mnt/c/Developer/Review_AI/scraper_project/raw_data/traktor/493626316_reviews.json
[2026-04-05T14:44:00.091Z] [INFO] 
[REVIEW WORKER 6] starting traktor/547833153
[2026-04-05T14:44:00.305Z] [INFO] 
[START REVIEW] category=traktor productId=576246745 startPage=1
[2026-04-05T14:44:00.588Z] [INFO] 
[START REVIEW] category=traktor productId=505539938 startPage=1
[2026-04-05T14:44:00.647Z] [INFO] [review traktor/576246745] page=1 +8 reviews (unique=8)
[2026-04-05T14:44:00.674Z] [INFO] [REVIEW SAVED] /mnt/c/Developer/Review_AI/scraper_project/raw_data/traktor/576246745_reviews.json
[2026-04-05T14:44:00.708Z] [INFO] 
[REVIEW WORKER 5] starting traktor/714797181
[2026-04-05T14:44:00.864Z] [INFO] [review traktor/505539938] page=1 +6 reviews (unique=6)
[2026-04-05T14:44:00.897Z] [INFO] [REVIEW SAVED] /mnt/c/Developer/Review_AI/scraper_project/raw_data/traktor/505539938_reviews.json
[2026-04-05T14:44:00.920Z] [INFO] 
[REVIEW WORKER 1] starting traktor/505741196
[2026-04-05T14:44:01.450Z] [INFO] 
[START REVIEW] category=traktor productId=495126784 startPage=1
[2026-04-05T14:44:01.623Z] [INFO] 
[START REVIEW] category=traktor productId=523464048 startPage=1
[2026-04-05T14:44:01.681Z] [INFO] 
[START REVIEW] category=traktor productId=507107869 startPage=1
[2026-04-05T14:44:01.689Z] [INFO] [review traktor/495126784] page=1 +1 reviews (unique=1)
[2026-04-05T14:44:01.730Z] [INFO] [REVIEW SAVED] /mnt/c/Developer/Review_AI/scraper_project/raw_data/traktor/495126784_reviews.json
[2026-04-05T14:44:01.762Z] [INFO] 
[REVIEW WORKER 3] starting traktor/507624584
[2026-04-05T14:44:01.871Z] [INFO] [review traktor/523464048] page=1 +1 reviews (unique=1)
[2026-04-05T14:44:01.916Z] [INFO] [REVIEW SAVED] /mnt/c/Developer/Review_AI/scraper_project/raw_data/traktor/523464048_reviews.json
[2026-04-05T14:44:01.946Z] [INFO] 
[REVIEW WORKER 4] starting traktor/507908013
[2026-04-05T14:44:02.075Z] [INFO] [review traktor/507107869] page=1 +3 reviews (unique=3)
[2026-04-05T14:44:02.115Z] [INFO] [REVIEW SAVED] /mnt/c/Developer/Review_AI/scraper_project/raw_data/traktor/507107869_reviews.json
[2026-04-05T14:44:02.140Z] [INFO] 
[REVIEW WORKER 2] starting traktor/493309196
[2026-04-05T14:44:04.328Z] [INFO] 
[START REVIEW] category=traktor productId=547833153 startPage=1
[2026-04-05T14:44:05.034Z] [INFO] 
[START REVIEW] category=traktor productId=714797181 startPage=1
[2026-04-05T14:44:05.415Z] [INFO] [review traktor/547833153] page=1 +4 reviews (unique=4)
[2026-04-05T14:44:05.485Z] [INFO] [REVIEW SAVED] /mnt/c/Developer/Review_AI/scraper_project/raw_data/traktor/547833153_reviews.json
[2026-04-05T14:44:05.548Z] [INFO] 
[REVIEW WORKER 6] starting traktor/524535757
[2026-04-05T14:44:06.184Z] [INFO] 
[START REVIEW] category=traktor productId=505741196 startPage=1
[2026-04-05T14:44:06.538Z] [INFO] 
[START REVIEW] category=traktor productId=507624584 startPage=1
[2026-04-05T14:44:06.793Z] [INFO] [review traktor/714797181] page=1 +1 reviews (unique=1)
[2026-04-05T14:44:06.823Z] [INFO] [REVIEW SAVED] /mnt/c/Developer/Review_AI/scraper_project/raw_data/traktor/714797181_reviews.json
[2026-04-05T14:44:06.839Z] [INFO] [review traktor/505741196] page=1 +3 reviews (unique=3)
[2026-04-05T14:44:06.862Z] [INFO] [REVIEW SAVED] /mnt/c/Developer/Review_AI/scraper_project/raw_data/traktor/505741196_reviews.json
[2026-04-05T14:44:06.890Z] [INFO] 
[REVIEW WORKER 5] starting traktor/542834923
[2026-04-05T14:44:06.909Z] [INFO] 
[REVIEW WORKER 1] starting traktor/514413915
[2026-04-05T14:44:06.995Z] [INFO] [review traktor/507624584] page=1 +8 reviews (unique=8)
[2026-04-05T14:44:07.015Z] [INFO] [REVIEW SAVED] /mnt/c/Developer/Review_AI/scraper_project/raw_data/traktor/507624584_reviews.json
[2026-04-05T14:44:07.042Z] [INFO] 
[REVIEW WORKER 3] starting traktor/507947893
[2026-04-05T14:44:07.300Z] [INFO] 
[START REVIEW] category=traktor productId=507908013 startPage=1
[2026-04-05T14:44:07.561Z] [INFO] [review traktor/507908013] page=1 +0 reviews (unique=0)
[2026-04-05T14:44:07.588Z] [INFO] [REVIEW SAVED] /mnt/c/Developer/Review_AI/scraper_project/raw_data/traktor/507908013_reviews.json
[2026-04-05T14:44:07.604Z] [INFO] 
[REVIEW WORKER 4] starting traktor/520824349
[2026-04-05T14:44:07.682Z] [INFO] 
[START REVIEW] category=traktor productId=493309196 startPage=1
[2026-04-05T14:44:07.916Z] [INFO] [review traktor/493309196] page=1 +4 reviews (unique=4)
[2026-04-05T14:44:07.946Z] [INFO] [REVIEW SAVED] /mnt/c/Developer/Review_AI/scraper_project/raw_data/traktor/493309196_reviews.json
[2026-04-05T14:44:07.960Z] [INFO] 
[REVIEW WORKER 2] starting traktor/525258454
[2026-04-05T14:44:10.344Z] [INFO] 
[START REVIEW] category=traktor productId=524535757 startPage=1
[2026-04-05T14:44:10.629Z] [INFO] [review traktor/524535757] page=1 +1 reviews (unique=1)
[2026-04-05T14:44:10.656Z] [INFO] [REVIEW SAVED] /mnt/c/Developer/Review_AI/scraper_project/raw_data/traktor/524535757_reviews.json
[2026-04-05T14:44:10.729Z] [INFO] 
[REVIEW WORKER 6] starting traktor/503708572
[2026-04-05T14:44:10.951Z] [INFO] 
[START REVIEW] category=traktor productId=542834923 startPage=1
[2026-04-05T14:44:11.205Z] [INFO] [review traktor/542834923] page=1 +2 reviews (unique=2)
[2026-04-05T14:44:11.243Z] [INFO] [REVIEW SAVED] /mnt/c/Developer/Review_AI/scraper_project/raw_data/traktor/542834923_reviews.json
[2026-04-05T14:44:11.261Z] [INFO] 
[START REVIEW] category=traktor productId=507947893 startPage=1
[2026-04-05T14:44:11.298Z] [INFO] 
[REVIEW WORKER 5] starting traktor/517931904
[2026-04-05T14:44:11.318Z] [INFO] 
[START REVIEW] category=traktor productId=514413915 startPage=1
[2026-04-05T14:44:11.551Z] [INFO] [review traktor/507947893] page=1 +4 reviews (unique=4)
[2026-04-05T14:44:11.594Z] [INFO] [REVIEW SAVED] /mnt/c/Developer/Review_AI/scraper_project/raw_data/traktor/507947893_reviews.json
[2026-04-05T14:44:11.626Z] [INFO] 
[REVIEW WORKER 3] starting traktor/547963753
[2026-04-05T14:44:11.740Z] [INFO] [review traktor/514413915] page=1 +1 reviews (unique=1)
[2026-04-05T14:44:11.792Z] [INFO] [REVIEW SAVED] /mnt/c/Developer/Review_AI/scraper_project/raw_data/traktor/514413915_reviews.json
[2026-04-05T14:44:11.842Z] [INFO] 
[START REVIEW] category=traktor productId=520824349 startPage=1
[2026-04-05T14:44:11.893Z] [INFO] 
[REVIEW WORKER 1] starting traktor/525796983
[2026-04-05T14:44:12.094Z] [INFO] [review traktor/520824349] page=1 +4 reviews (unique=4)
[2026-04-05T14:44:12.132Z] [INFO] [REVIEW SAVED] /mnt/c/Developer/Review_AI/scraper_project/raw_data/traktor/520824349_reviews.json
[2026-04-05T14:44:12.171Z] [INFO] 
[REVIEW WORKER 4] starting traktor/496546168
[2026-04-05T14:44:12.653Z] [INFO] 
[START REVIEW] category=traktor productId=525258454 startPage=1
[2026-04-05T14:44:12.872Z] [INFO] [review traktor/525258454] page=1 +2 reviews (unique=2)
[2026-04-05T14:44:12.900Z] [INFO] [REVIEW SAVED] /mnt/c/Developer/Review_AI/scraper_project/raw_data/traktor/525258454_reviews.json
[2026-04-05T14:44:12.924Z] [INFO] 
[REVIEW WORKER 2] starting traktor/508523630
[2026-04-05T14:44:14.999Z] [INFO] 
[START REVIEW] category=traktor productId=503708572 startPage=1
[2026-04-05T14:44:15.828Z] [INFO] [review traktor/503708572] page=1 +4 reviews (unique=4)
[2026-04-05T14:44:15.860Z] [INFO] [REVIEW SAVED] /mnt/c/Developer/Review_AI/scraper_project/raw_data/traktor/503708572_reviews.json
[2026-04-05T14:44:15.887Z] [INFO] 
[REVIEW WORKER 6] starting traktor/648774862
[2026-04-05T14:44:15.918Z] [INFO] 
[START REVIEW] category=traktor productId=547963753 startPage=1
[2026-04-05T14:44:16.259Z] [INFO] [review traktor/547963753] page=1 +3 reviews (unique=3)
[2026-04-05T14:44:16.274Z] [INFO] [REVIEW SAVED] /mnt/c/Developer/Review_AI/scraper_project/raw_data/traktor/547963753_reviews.json
[2026-04-05T14:44:16.296Z] [INFO] 
[REVIEW WORKER 3] starting traktor/525629713
[2026-04-05T14:44:16.920Z] [INFO] 
[START REVIEW] category=traktor productId=525796983 startPage=1
[2026-04-05T14:44:17.035Z] [INFO] 
[START REVIEW] category=traktor productId=496546168 startPage=1
[2026-04-05T14:44:17.158Z] [INFO] [review traktor/525796983] page=1 +2 reviews (unique=2)
[2026-04-05T14:44:17.178Z] [INFO] [REVIEW SAVED] /mnt/c/Developer/Review_AI/scraper_project/raw_data/traktor/525796983_reviews.json
[2026-04-05T14:44:17.194Z] [INFO] 
[REVIEW WORKER 1] starting traktor/531174703
[2026-04-05T14:44:17.284Z] [INFO] [review traktor/496546168] page=1 +3 reviews (unique=3)
[2026-04-05T14:44:17.308Z] [INFO] [REVIEW SAVED] /mnt/c/Developer/Review_AI/scraper_project/raw_data/traktor/496546168_reviews.json
[2026-04-05T14:44:17.319Z] [INFO] 
[REVIEW WORKER 4] starting traktor/502826175
[2026-04-05T14:44:17.933Z] [INFO] 
[START REVIEW] category=traktor productId=508523630 startPage=1
[2026-04-05T14:44:18.196Z] [INFO] [review traktor/508523630] page=1 +3 reviews (unique=3)
[2026-04-05T14:44:18.208Z] [INFO] [REVIEW SAVED] /mnt/c/Developer/Review_AI/scraper_project/raw_data/traktor/508523630_reviews.json
[2026-04-05T14:44:18.224Z] [INFO] 
[REVIEW WORKER 2] starting traktor/505949647
[2026-04-05T14:44:19.813Z] [INFO] 
[START REVIEW] category=traktor productId=517931904 startPage=1
[2026-04-05T14:44:20.157Z] [INFO] [review traktor/517931904] page=1 +4 reviews (unique=4)
[2026-04-05T14:44:20.213Z] [INFO] [REVIEW SAVED] /mnt/c/Developer/Review_AI/scraper_project/raw_data/traktor/517931904_reviews.json
[2026-04-05T14:44:20.278Z] [INFO] 
[START REVIEW] category=traktor productId=648774862 startPage=1
[2026-04-05T14:44:20.298Z] [INFO] 
[REVIEW WORKER 5] starting traktor/521369375
[2026-04-05T14:44:20.709Z] [INFO] 
[START REVIEW] category=traktor productId=525629713 startPage=1
[2026-04-05T14:44:21.448Z] [INFO] [review traktor/525629713] page=1 +3 reviews (unique=3)
[2026-04-05T14:44:21.623Z] [INFO] [REVIEW SAVED] /mnt/c/Developer/Review_AI/scraper_project/raw_data/traktor/525629713_reviews.json
[2026-04-05T14:44:21.667Z] [INFO] 
[START REVIEW] category=traktor productId=531174703 startPage=1
[2026-04-05T14:44:21.807Z] [INFO] 
[REVIEW WORKER 3] starting traktor/571626910
[2026-04-05T14:44:22.160Z] [INFO] [review traktor/531174703] page=1 +1 reviews (unique=1)
[2026-04-05T14:44:22.235Z] [INFO] [REVIEW SAVED] /mnt/c/Developer/Review_AI/scraper_project/raw_data/traktor/531174703_reviews.json
[2026-04-05T14:44:22.283Z] [INFO] 
[START REVIEW] category=traktor productId=502826175 startPage=1
[2026-04-05T14:44:22.303Z] [INFO] [review traktor/648774862] page=1 +1 reviews (unique=1)
[2026-04-05T14:44:22.371Z] [INFO] [REVIEW SAVED] /mnt/c/Developer/Review_AI/scraper_project/raw_data/traktor/648774862_reviews.json
[2026-04-05T14:44:22.424Z] [INFO] 
[REVIEW WORKER 1] starting traktor/505034101
[2026-04-05T14:44:22.504Z] [INFO] 
[REVIEW WORKER 6] starting traktor/572893297
[2026-04-05T14:44:22.910Z] [INFO] [review traktor/502826175] page=1 +1 reviews (unique=1)
[2026-04-05T14:44:22.925Z] [INFO] [REVIEW SAVED] /mnt/c/Developer/Review_AI/scraper_project/raw_data/traktor/502826175_reviews.json
[2026-04-05T14:44:22.940Z] [INFO] 
[REVIEW WORKER 4] starting traktor/519851401
[2026-04-05T14:44:24.737Z] [INFO] 
[START REVIEW] category=traktor productId=521369375 startPage=1
[2026-04-05T14:44:25.200Z] [INFO] [review traktor/521369375] page=1 +3 reviews (unique=3)
[2026-04-05T14:44:25.238Z] [INFO] [REVIEW SAVED] /mnt/c/Developer/Review_AI/scraper_project/raw_data/traktor/521369375_reviews.json
[2026-04-05T14:44:25.267Z] [INFO] 
[REVIEW WORKER 5] starting traktor/573062686
[2026-04-05T14:44:25.736Z] [INFO] 
[START REVIEW] category=traktor productId=505949647 startPage=1
[2026-04-05T14:44:25.995Z] [INFO] [review traktor/505949647] page=1 +3 reviews (unique=3)
[2026-04-05T14:44:26.023Z] [INFO] [REVIEW SAVED] /mnt/c/Developer/Review_AI/scraper_project/raw_data/traktor/505949647_reviews.json
[2026-04-05T14:44:26.046Z] [INFO] 
[REVIEW WORKER 2] starting traktor/546606883
[2026-04-05T14:44:26.093Z] [INFO] 
[START REVIEW] category=traktor productId=571626910 startPage=1
[2026-04-05T14:44:26.390Z] [INFO] [review traktor/571626910] page=1 +3 reviews (unique=3)
[2026-04-05T14:44:26.408Z] [INFO] [REVIEW SAVED] /mnt/c/Developer/Review_AI/scraper_project/raw_data/traktor/571626910_reviews.json
[2026-04-05T14:44:26.433Z] [INFO] 
[REVIEW WORKER 3] starting traktor/538832165
[2026-04-05T14:44:26.657Z] [INFO] 
[START REVIEW] category=traktor productId=505034101 startPage=1
[2026-04-05T14:44:26.880Z] [INFO] [review traktor/505034101] page=1 +2 reviews (unique=2)
[2026-04-05T14:44:26.899Z] [INFO] [REVIEW SAVED] /mnt/c/Developer/Review_AI/scraper_project/raw_data/traktor/505034101_reviews.json
[2026-04-05T14:44:26.913Z] [INFO] 
[REVIEW WORKER 1] starting traktor/506438774
[2026-04-05T14:44:27.018Z] [INFO] 
[START REVIEW] category=traktor productId=572893297 startPage=1
[2026-04-05T14:44:27.031Z] [INFO] 
[START REVIEW] category=traktor productId=519851401 startPage=1
[2026-04-05T14:44:27.254Z] [INFO] [review traktor/519851401] page=1 +1 reviews (unique=1)
[2026-04-05T14:44:27.285Z] [INFO] [REVIEW SAVED] /mnt/c/Developer/Review_AI/scraper_project/raw_data/traktor/519851401_reviews.json
[2026-04-05T14:44:27.306Z] [INFO] 
[REVIEW WORKER 4] starting traktor/604142073
[2026-04-05T14:44:27.314Z] [INFO] [review traktor/572893297] page=1 +3 reviews (unique=3)
[2026-04-05T14:44:27.338Z] [INFO] [REVIEW SAVED] /mnt/c/Developer/Review_AI/scraper_project/raw_data/traktor/572893297_reviews.json
[2026-04-05T14:44:27.405Z] [INFO] 
[REVIEW WORKER 6] starting traktor/572605628
[2026-04-05T14:44:29.755Z] [INFO] 
[START REVIEW] category=traktor productId=573062686 startPage=1
[2026-04-05T14:44:30.256Z] [INFO] [review traktor/573062686] page=1 +1 reviews (unique=1)
[2026-04-05T14:44:30.509Z] [INFO] [REVIEW SAVED] /mnt/c/Developer/Review_AI/scraper_project/raw_data/traktor/573062686_reviews.json
[2026-04-05T14:44:30.632Z] [INFO] 
[REVIEW WORKER 5] starting traktor/514362185
[2026-04-05T14:44:30.769Z] [INFO] 
[START REVIEW] category=traktor productId=546606883 startPage=1
[2026-04-05T14:44:31.086Z] [INFO] [review traktor/546606883] page=1 +2 reviews (unique=2)
[2026-04-05T14:44:31.118Z] [INFO] [REVIEW SAVED] /mnt/c/Developer/Review_AI/scraper_project/raw_data/traktor/546606883_reviews.json
[2026-04-05T14:44:31.144Z] [INFO] 
[REVIEW WORKER 2] starting traktor/550521207
[2026-04-05T14:44:31.162Z] [INFO] 
[START REVIEW] category=traktor productId=538832165 startPage=1
[2026-04-05T14:44:31.560Z] [INFO] [review traktor/538832165] page=1 +3 reviews (unique=3)
[2026-04-05T14:44:31.575Z] [INFO] [REVIEW SAVED] /mnt/c/Developer/Review_AI/scraper_project/raw_data/traktor/538832165_reviews.json
[2026-04-05T14:44:31.594Z] [INFO] 
[REVIEW WORKER 3] starting traktor/524428744
[2026-04-05T14:44:31.925Z] [INFO] 
[START REVIEW] category=traktor productId=506438774 startPage=1
[2026-04-05T14:44:32.176Z] [INFO] [review traktor/506438774] page=1 +1 reviews (unique=1)
[2026-04-05T14:44:32.191Z] [INFO] [REVIEW SAVED] /mnt/c/Developer/Review_AI/scraper_project/raw_data/traktor/506438774_reviews.json
[2026-04-05T14:44:32.209Z] [INFO] 
[REVIEW WORKER 1] starting traktor/502788157
[2026-04-05T14:44:32.279Z] [INFO] 
[START REVIEW] category=traktor productId=604142073 startPage=1
[2026-04-05T14:44:32.455Z] [INFO] 
[START REVIEW] category=traktor productId=572605628 startPage=1
[2026-04-05T14:44:32.554Z] [INFO] [review traktor/604142073] page=1 +3 reviews (unique=3)
[2026-04-05T14:44:32.563Z] [INFO] [REVIEW SAVED] /mnt/c/Developer/Review_AI/scraper_project/raw_data/traktor/604142073_reviews.json
[2026-04-05T14:44:32.574Z] [INFO] 
[REVIEW WORKER 4] starting traktor/507940107
[2026-04-05T14:44:32.664Z] [INFO] [review traktor/572605628] page=1 +1 reviews (unique=1)
[2026-04-05T14:44:32.689Z] [INFO] [REVIEW SAVED] /mnt/c/Developer/Review_AI/scraper_project/raw_data/traktor/572605628_reviews.json
[2026-04-05T14:44:32.708Z] [INFO] 
[REVIEW WORKER 6] starting traktor/508456960
[2026-04-05T14:44:34.673Z] [INFO] 
[START REVIEW] category=traktor productId=514362185 startPage=1
[2026-04-05T14:44:35.154Z] [INFO] 
[START REVIEW] category=traktor productId=550521207 startPage=1
[2026-04-05T14:44:35.211Z] [INFO] [review traktor/514362185] page=1 +1 reviews (unique=1)
[2026-04-05T14:44:35.238Z] [INFO] [REVIEW SAVED] /mnt/c/Developer/Review_AI/scraper_project/raw_data/traktor/514362185_reviews.json
[2026-04-05T14:44:35.262Z] [INFO] 
[REVIEW WORKER 5] starting traktor/505158226
[2026-04-05T14:44:35.538Z] [INFO] [review traktor/550521207] page=1 +2 reviews (unique=2)
[2026-04-05T14:44:35.563Z] [INFO] [REVIEW SAVED] /mnt/c/Developer/Review_AI/scraper_project/raw_data/traktor/550521207_reviews.json
[2026-04-05T14:44:35.593Z] [INFO] 
[REVIEW WORKER 2] starting traktor/571762532
[2026-04-05T14:44:36.025Z] [INFO] 
[START REVIEW] category=traktor productId=524428744 startPage=1
[2026-04-05T14:44:36.301Z] [INFO] [review traktor/524428744] page=1 +1 reviews (unique=1)
[2026-04-05T14:44:36.322Z] [INFO] [REVIEW SAVED] /mnt/c/Developer/Review_AI/scraper_project/raw_data/traktor/524428744_reviews.json
[2026-04-05T14:44:36.343Z] [INFO] 
[REVIEW WORKER 3] starting traktor/510079127
[2026-04-05T14:44:36.880Z] [INFO] 
[START REVIEW] category=traktor productId=502788157 startPage=1
[2026-04-05T14:44:37.160Z] [INFO] [review traktor/502788157] page=1 +2 reviews (unique=2)
[2026-04-05T14:44:37.182Z] [INFO] [REVIEW SAVED] /mnt/c/Developer/Review_AI/scraper_project/raw_data/traktor/502788157_reviews.json
[2026-04-05T14:44:37.201Z] [INFO] 
[REVIEW WORKER 1] starting traktor/508843876
[2026-04-05T14:44:37.241Z] [INFO] 
[START REVIEW] category=traktor productId=508456960 startPage=1
[2026-04-05T14:44:37.365Z] [INFO] 
[START REVIEW] category=traktor productId=507940107 startPage=1
[2026-04-05T14:44:37.690Z] [INFO] [review traktor/507940107] page=1 +0 reviews (unique=0)
[2026-04-05T14:44:37.732Z] [INFO] [REVIEW SAVED] /mnt/c/Developer/Review_AI/scraper_project/raw_data/traktor/507940107_reviews.json
[2026-04-05T14:44:37.750Z] [INFO] 
[REVIEW WORKER 4] starting traktor/507624753
[2026-04-05T14:44:37.754Z] [INFO] [review traktor/508456960] page=1 +0 reviews (unique=0)
[2026-04-05T14:44:37.770Z] [INFO] [REVIEW SAVED] /mnt/c/Developer/Review_AI/scraper_project/raw_data/traktor/508456960_reviews.json
[2026-04-05T14:44:37.788Z] [INFO] 
[REVIEW WORKER 6] starting traktor/502629479
[2026-04-05T14:44:39.135Z] [INFO] 
[START REVIEW] category=traktor productId=505158226 startPage=1
[2026-04-05T14:44:39.446Z] [INFO] [review traktor/505158226] page=1 +1 reviews (unique=1)
[2026-04-05T14:44:39.483Z] [INFO] [REVIEW SAVED] /mnt/c/Developer/Review_AI/scraper_project/raw_data/traktor/505158226_reviews.json
[2026-04-05T14:44:39.521Z] [INFO] 
[REVIEW WORKER 5] starting traktor/509289807
[2026-04-05T14:44:39.924Z] [INFO] 
[START REVIEW] category=traktor productId=571762532 startPage=1
[2026-04-05T14:44:40.184Z] [INFO] 
[START REVIEW] category=traktor productId=510079127 startPage=1
[2026-04-05T14:44:40.257Z] [INFO] [review traktor/571762532] page=1 +1 reviews (unique=1)
[2026-04-05T14:44:40.351Z] [INFO] [REVIEW SAVED] /mnt/c/Developer/Review_AI/scraper_project/raw_data/traktor/571762532_reviews.json
[2026-04-05T14:44:40.403Z] [INFO] 
[REVIEW WORKER 2] starting traktor/546668802
[2026-04-05T14:44:40.615Z] [INFO] [review traktor/510079127] page=1 +0 reviews (unique=0)
[2026-04-05T14:44:40.869Z] [INFO] [REVIEW SAVED] /mnt/c/Developer/Review_AI/scraper_project/raw_data/traktor/510079127_reviews.json
[2026-04-05T14:44:41.208Z] [INFO] 
[REVIEW WORKER 3] starting traktor/505150243
[2026-04-05T14:44:41.654Z] [INFO] 
[START REVIEW] category=traktor productId=508843876 startPage=1
[2026-04-05T14:44:42.157Z] [INFO] [review traktor/508843876] page=1 +2 reviews (unique=2)
[2026-04-05T14:44:42.232Z] [INFO] [REVIEW SAVED] /mnt/c/Developer/Review_AI/scraper_project/raw_data/traktor/508843876_reviews.json
[2026-04-05T14:44:42.280Z] [INFO] 
[START REVIEW] category=traktor productId=507624753 startPage=1
[2026-04-05T14:44:42.399Z] [INFO] 
[REVIEW WORKER 1] starting traktor/532403937
[2026-04-05T14:44:42.512Z] [INFO] 
[START REVIEW] category=traktor productId=502629479 startPage=1
[2026-04-05T14:44:42.948Z] [INFO] [review traktor/507624753] page=1 +1 reviews (unique=1)
[2026-04-05T14:44:42.986Z] [INFO] [REVIEW SAVED] /mnt/c/Developer/Review_AI/scraper_project/raw_data/traktor/507624753_reviews.json
[2026-04-05T14:44:43.022Z] [INFO] 
[REVIEW WORKER 4] starting traktor/522939537
[2026-04-05T14:44:43.194Z] [INFO] [review traktor/502629479] page=1 +1 reviews (unique=1)
[2026-04-05T14:44:43.213Z] [INFO] [REVIEW SAVED] /mnt/c/Developer/Review_AI/scraper_project/raw_data/traktor/502629479_reviews.json
[2026-04-05T14:44:43.232Z] [INFO] 
[REVIEW WORKER 6] starting traktor/527037652
[2026-04-05T14:44:44.427Z] [INFO] 
[START REVIEW] category=traktor productId=509289807 startPage=1
[2026-04-05T14:44:44.679Z] [INFO] [review traktor/509289807] page=1 +2 reviews (unique=2)
[2026-04-05T14:44:44.694Z] [INFO] [REVIEW SAVED] /mnt/c/Developer/Review_AI/scraper_project/raw_data/traktor/509289807_reviews.json
[2026-04-05T14:44:44.738Z] [INFO] 
[REVIEW WORKER 5] starting traktor/502225906
[2026-04-05T14:44:45.334Z] [INFO] 
[START REVIEW] category=traktor productId=546668802 startPage=1
[2026-04-05T14:44:45.566Z] [INFO] 
[START REVIEW] category=traktor productId=505150243 startPage=1
[2026-04-05T14:44:45.602Z] [INFO] [review traktor/546668802] page=1 +1 reviews (unique=1)
[2026-04-05T14:44:45.618Z] [INFO] [REVIEW SAVED] /mnt/c/Developer/Review_AI/scraper_project/raw_data/traktor/546668802_reviews.json
[2026-04-05T14:44:45.638Z] [INFO] 
[REVIEW WORKER 2] starting traktor/502032146
[2026-04-05T14:44:45.768Z] [INFO] [review traktor/505150243] page=1 +1 reviews (unique=1)
[2026-04-05T14:44:45.783Z] [INFO] [REVIEW SAVED] /mnt/c/Developer/Review_AI/scraper_project/raw_data/traktor/505150243_reviews.json
[2026-04-05T14:44:45.800Z] [INFO] 
[REVIEW WORKER 3] starting traktor/527298189
[2026-04-05T14:44:47.741Z] [INFO] 
[START REVIEW] category=traktor productId=532403937 startPage=1
[2026-04-05T14:44:47.977Z] [INFO] [review traktor/532403937] page=1 +2 reviews (unique=2)
[2026-04-05T14:44:48.012Z] [INFO] [REVIEW SAVED] /mnt/c/Developer/Review_AI/scraper_project/raw_data/traktor/532403937_reviews.json
[2026-04-05T14:44:48.030Z] [INFO] 
[REVIEW WORKER 1] starting traktor/495075715
[2026-04-05T14:44:48.841Z] [INFO] 
[START REVIEW] category=traktor productId=527037652 startPage=1
[2026-04-05T14:44:49.922Z] [INFO] 
[START REVIEW] category=traktor productId=502225906 startPage=1
[2026-04-05T14:44:50.182Z] [INFO] [review traktor/502225906] page=1 +1 reviews (unique=1)
[2026-04-05T14:44:50.227Z] [INFO] [REVIEW SAVED] /mnt/c/Developer/Review_AI/scraper_project/raw_data/traktor/502225906_reviews.json
[2026-04-05T14:44:50.296Z] [INFO] 
[REVIEW WORKER 5] starting traktor/517483098
[2026-04-05T14:44:51.212Z] [INFO] [review traktor/527037652] page=1 +2 reviews (unique=2)
[2026-04-05T14:44:51.285Z] [INFO] [REVIEW SAVED] /mnt/c/Developer/Review_AI/scraper_project/raw_data/traktor/527037652_reviews.json
[2026-04-05T14:44:51.317Z] [INFO] 
[START REVIEW] category=traktor productId=502032146 startPage=1
[2026-04-05T14:44:51.396Z] [INFO] 
[REVIEW WORKER 6] starting traktor/538896026
[2026-04-05T14:44:51.470Z] [INFO] 
[START REVIEW] category=traktor productId=527298189 startPage=1
[2026-04-05T14:44:51.974Z] [INFO] [review traktor/527298189] page=1 +1 reviews (unique=1)
[2026-04-05T14:44:52.145Z] [INFO] [REVIEW SAVED] /mnt/c/Developer/Review_AI/scraper_project/raw_data/traktor/527298189_reviews.json
[2026-04-05T14:44:52.205Z] [INFO] 
[REVIEW WORKER 3] starting traktor/527551671
[2026-04-05T14:44:52.445Z] [INFO] [review traktor/502032146] page=1 +2 reviews (unique=2)
[2026-04-05T14:44:52.479Z] [INFO] [REVIEW SAVED] /mnt/c/Developer/Review_AI/scraper_project/raw_data/traktor/502032146_reviews.json
[2026-04-05T14:44:52.508Z] [INFO] 
[REVIEW WORKER 2] starting traktor/507939008
[2026-04-05T14:44:52.949Z] [INFO] 
[START REVIEW] category=traktor productId=522939537 startPage=1
[2026-04-05T14:44:53.395Z] [INFO] [review traktor/522939537] page=1 +1 reviews (unique=1)
[2026-04-05T14:44:53.413Z] [INFO] [REVIEW SAVED] /mnt/c/Developer/Review_AI/scraper_project/raw_data/traktor/522939537_reviews.json
[2026-04-05T14:44:53.433Z] [INFO] 
[REVIEW WORKER 4] starting traktor/493413455
[2026-04-05T14:44:53.551Z] [INFO] 
[START REVIEW] category=traktor productId=495075715 startPage=1
[2026-04-05T14:44:53.819Z] [INFO] [review traktor/495075715] page=1 +2 reviews (unique=2)
[2026-04-05T14:44:53.830Z] [INFO] [REVIEW SAVED] /mnt/c/Developer/Review_AI/scraper_project/raw_data/traktor/495075715_reviews.json
[2026-04-05T14:44:53.854Z] [INFO] 
[REVIEW WORKER 1] starting traktor/504278889
[2026-04-05T14:44:54.493Z] [INFO] 
[START REVIEW] category=traktor productId=517483098 startPage=1
[2026-04-05T14:44:54.734Z] [INFO] [review traktor/517483098] page=1 +1 reviews (unique=1)
[2026-04-05T14:44:54.750Z] [INFO] [REVIEW SAVED] /mnt/c/Developer/Review_AI/scraper_project/raw_data/traktor/517483098_reviews.json
[2026-04-05T14:44:54.778Z] [INFO] 
[REVIEW WORKER 5] starting traktor/494621875
[2026-04-05T14:44:55.693Z] [INFO] 
[START REVIEW] category=traktor productId=538896026 startPage=1
[2026-04-05T14:44:55.938Z] [INFO] [review traktor/538896026] page=1 +1 reviews (unique=1)
[2026-04-05T14:44:55.959Z] [INFO] [REVIEW SAVED] /mnt/c/Developer/Review_AI/scraper_project/raw_data/traktor/538896026_reviews.json
[2026-04-05T14:44:55.989Z] [INFO] 
[REVIEW WORKER 6] starting traktor/505743759
[2026-04-05T14:44:56.693Z] [INFO] 
[START REVIEW] category=traktor productId=527551671 startPage=1
[2026-04-05T14:44:56.708Z] [INFO] 
[START REVIEW] category=traktor productId=507939008 startPage=1
[2026-04-05T14:44:56.987Z] [INFO] [review traktor/527551671] page=1 +0 reviews (unique=0)
[2026-04-05T14:44:57.023Z] [INFO] [REVIEW SAVED] /mnt/c/Developer/Review_AI/scraper_project/raw_data/traktor/527551671_reviews.json
[2026-04-05T14:44:57.034Z] [INFO] [review traktor/507939008] page=1 +1 reviews (unique=1)
[2026-04-05T14:44:57.070Z] [INFO] [REVIEW SAVED] /mnt/c/Developer/Review_AI/scraper_project/raw_data/traktor/507939008_reviews.json
[2026-04-05T14:44:57.116Z] [INFO] 
[REVIEW WORKER 3] starting traktor/542036035
[2026-04-05T14:44:57.132Z] [INFO] 
[REVIEW WORKER 2] starting traktor/520259437
[2026-04-05T14:44:57.525Z] [INFO] 
[START REVIEW] category=traktor productId=493413455 startPage=1
[2026-04-05T14:44:57.925Z] [INFO] [review traktor/493413455] page=1 +1 reviews (unique=1)
[2026-04-05T14:44:57.985Z] [INFO] [REVIEW SAVED] /mnt/c/Developer/Review_AI/scraper_project/raw_data/traktor/493413455_reviews.json
[2026-04-05T14:44:58.057Z] [INFO] 
[REVIEW WORKER 4] starting traktor/506058310
[2026-04-05T14:44:58.781Z] [INFO] 
[START REVIEW] category=traktor productId=504278889 startPage=1
[2026-04-05T14:44:59.139Z] [INFO] [review traktor/504278889] page=1 +1 reviews (unique=1)
[2026-04-05T14:44:59.190Z] [INFO] [REVIEW SAVED] /mnt/c/Developer/Review_AI/scraper_project/raw_data/traktor/504278889_reviews.json
[2026-04-05T14:44:59.237Z] [INFO] 
[REVIEW WORKER 1] starting traktor/546378757
[2026-04-05T14:44:59.309Z] [INFO] 
[START REVIEW] category=traktor productId=494621875 startPage=1
[2026-04-05T14:44:59.962Z] [INFO] [review traktor/494621875] page=1 +0 reviews (unique=0)
[2026-04-05T14:45:00.041Z] [INFO] [REVIEW SAVED] /mnt/c/Developer/Review_AI/scraper_project/raw_data/traktor/494621875_reviews.json
[2026-04-05T14:45:00.095Z] [INFO] 
[REVIEW WORKER 5] starting traktor/533196979
[2026-04-05T14:45:00.909Z] [INFO] 
[START REVIEW] category=traktor productId=505743759 startPage=1
[2026-04-05T14:45:01.170Z] [INFO] [review traktor/505743759] page=1 +2 reviews (unique=2)
[2026-04-05T14:45:01.199Z] [INFO] [REVIEW SAVED] /mnt/c/Developer/Review_AI/scraper_project/raw_data/traktor/505743759_reviews.json
[2026-04-05T14:45:01.226Z] [INFO] 
[REVIEW WORKER 6] starting traktor/529532324
[2026-04-05T14:45:01.872Z] [INFO] 
[START REVIEW] category=traktor productId=520259437 startPage=1
[2026-04-05T14:45:01.910Z] [INFO] 
[START REVIEW] category=traktor productId=542036035 startPage=1
[2026-04-05T14:45:02.092Z] [INFO] [review traktor/520259437] page=1 +1 reviews (unique=1)
[2026-04-05T14:45:02.105Z] [INFO] [REVIEW SAVED] /mnt/c/Developer/Review_AI/scraper_project/raw_data/traktor/520259437_reviews.json
[2026-04-05T14:45:02.121Z] [INFO] 
[REVIEW WORKER 2] starting traktor/494237385
[2026-04-05T14:45:02.189Z] [INFO] [review traktor/542036035] page=1 +2 reviews (unique=2)
[2026-04-05T14:45:02.214Z] [INFO] [REVIEW SAVED] /mnt/c/Developer/Review_AI/scraper_project/raw_data/traktor/542036035_reviews.json
[2026-04-05T14:45:02.246Z] [INFO] 
[REVIEW WORKER 3] starting traktor/493727281
[2026-04-05T14:45:02.913Z] [INFO] 
[START REVIEW] category=traktor productId=506058310 startPage=1
[2026-04-05T14:45:03.150Z] [INFO] [review traktor/506058310] page=1 +1 reviews (unique=1)
[2026-04-05T14:45:03.170Z] [INFO] [REVIEW SAVED] /mnt/c/Developer/Review_AI/scraper_project/raw_data/traktor/506058310_reviews.json
[2026-04-05T14:45:03.188Z] [INFO] 
[REVIEW WORKER 4] starting traktor/505033511
[2026-04-05T14:45:03.435Z] [INFO] 
[START REVIEW] category=traktor productId=546378757 startPage=1
[2026-04-05T14:45:03.667Z] [INFO] [review traktor/546378757] page=1 +2 reviews (unique=2)
[2026-04-05T14:45:03.687Z] [INFO] [REVIEW SAVED] /mnt/c/Developer/Review_AI/scraper_project/raw_data/traktor/546378757_reviews.json
[2026-04-05T14:45:03.704Z] [INFO] 
[REVIEW WORKER 1] starting traktor/514382999
[2026-04-05T14:45:04.690Z] [INFO] 
[START REVIEW] category=traktor productId=533196979 startPage=1
[2026-04-05T14:45:05.408Z] [INFO] 
[START REVIEW] category=traktor productId=529532324 startPage=1
[2026-04-05T14:45:05.798Z] [INFO] [review traktor/533196979] page=1 +0 reviews (unique=0)
[2026-04-05T14:45:05.860Z] [INFO] [REVIEW SAVED] /mnt/c/Developer/Review_AI/scraper_project/raw_data/traktor/533196979_reviews.json
[2026-04-05T14:45:05.882Z] [INFO] [review traktor/529532324] page=1 +1 reviews (unique=1)
[2026-04-05T14:45:05.967Z] [INFO] [REVIEW SAVED] /mnt/c/Developer/Review_AI/scraper_project/raw_data/traktor/529532324_reviews.json
[2026-04-05T14:45:06.029Z] [INFO] 
[REVIEW WORKER 5] starting traktor/648449287
[2026-04-05T14:45:06.112Z] [INFO] 
[REVIEW WORKER 6] starting traktor/628663934
[2026-04-05T14:45:06.193Z] [INFO] 
[START REVIEW] category=traktor productId=493727281 startPage=1
[2026-04-05T14:45:06.352Z] [INFO] 
[START REVIEW] category=traktor productId=494237385 startPage=1
[2026-04-05T14:45:07.077Z] [INFO] [review traktor/494237385] page=1 +2 reviews (unique=2)
[2026-04-05T14:45:07.139Z] [INFO] [REVIEW SAVED] /mnt/c/Developer/Review_AI/scraper_project/raw_data/traktor/494237385_reviews.json
[2026-04-05T14:45:07.202Z] [INFO] 
[REVIEW WORKER 2] starting traktor/591993102
[2026-04-05T14:45:07.263Z] [INFO] [review traktor/493727281] page=1 +1 reviews (unique=1)
[2026-04-05T14:45:07.325Z] [INFO] [REVIEW SAVED] /mnt/c/Developer/Review_AI/scraper_project/raw_data/traktor/493727281_reviews.json
[2026-04-05T14:45:07.469Z] [INFO] 
[REVIEW WORKER 3] starting traktor/594807964
[2026-04-05T14:45:08.066Z] [INFO] 
[START REVIEW] category=traktor productId=505033511 startPage=1
[2026-04-05T14:45:08.130Z] [INFO] 
[START REVIEW] category=traktor productId=514382999 startPage=1
[2026-04-05T14:45:08.531Z] [INFO] [review traktor/514382999] page=1 +2 reviews (unique=2)
[2026-04-05T14:45:08.549Z] [INFO] [REVIEW SAVED] /mnt/c/Developer/Review_AI/scraper_project/raw_data/traktor/514382999_reviews.json
[2026-04-05T14:45:08.563Z] [INFO] 
[REVIEW WORKER 1] starting traktor/577100909
[2026-04-05T14:45:08.689Z] [INFO] [review traktor/505033511] page=1 +0 reviews (unique=0)
[2026-04-05T14:45:08.701Z] [INFO] [REVIEW SAVED] /mnt/c/Developer/Review_AI/scraper_project/raw_data/traktor/505033511_reviews.json
[2026-04-05T14:45:08.717Z] [INFO] 
[REVIEW WORKER 4] starting traktor/501396171
[2026-04-05T14:45:10.845Z] [INFO] 
[START REVIEW] category=traktor productId=648449287 startPage=1
[2026-04-05T14:45:11.053Z] [INFO] [review traktor/648449287] page=1 +0 reviews (unique=0)
[2026-04-05T14:45:11.084Z] [INFO] [REVIEW SAVED] /mnt/c/Developer/Review_AI/scraper_project/raw_data/traktor/648449287_reviews.json
[2026-04-05T14:45:11.114Z] [INFO] 
[REVIEW WORKER 5] starting traktor/503164785
[2026-04-05T14:45:11.135Z] [INFO] 
[START REVIEW] category=traktor productId=628663934 startPage=1
[2026-04-05T14:45:11.524Z] [INFO] [review traktor/628663934] page=1 +1 reviews (unique=1)
[2026-04-05T14:45:11.549Z] [INFO] [REVIEW SAVED] /mnt/c/Developer/Review_AI/scraper_project/raw_data/traktor/628663934_reviews.json
[2026-04-05T14:45:11.605Z] [INFO] 
[REVIEW WORKER 6] starting traktor/648571012
[2026-04-05T14:45:11.866Z] [INFO] 
[START REVIEW] category=traktor productId=591993102 startPage=1
[2026-04-05T14:45:11.896Z] [INFO] 
[START REVIEW] category=traktor productId=594807964 startPage=1
[2026-04-05T14:45:12.103Z] [INFO] [review traktor/591993102] page=1 +1 reviews (unique=1)
[2026-04-05T14:45:12.120Z] [INFO] [REVIEW SAVED] /mnt/c/Developer/Review_AI/scraper_project/raw_data/traktor/591993102_reviews.json
[2026-04-05T14:45:12.149Z] [INFO] 
[REVIEW WORKER 2] starting traktor/597815885
[2026-04-05T14:45:12.164Z] [INFO] [review traktor/594807964] page=1 +1 reviews (unique=1)
[2026-04-05T14:45:12.188Z] [INFO] [REVIEW SAVED] /mnt/c/Developer/Review_AI/scraper_project/raw_data/traktor/594807964_reviews.json
[2026-04-05T14:45:12.246Z] [INFO] 
[REVIEW WORKER 3] starting traktor/575699775
[2026-04-05T14:45:12.883Z] [INFO] 
[START REVIEW] category=traktor productId=577100909 startPage=1
[2026-04-05T14:45:13.113Z] [INFO] 
[START REVIEW] category=traktor productId=501396171 startPage=1
[2026-04-05T14:45:13.125Z] [INFO] [review traktor/577100909] page=1 +1 reviews (unique=1)
[2026-04-05T14:45:13.156Z] [INFO] [REVIEW SAVED] /mnt/c/Developer/Review_AI/scraper_project/raw_data/traktor/577100909_reviews.json
[2026-04-05T14:45:13.180Z] [INFO] 
[REVIEW WORKER 1] starting traktor/630077726
[2026-04-05T14:45:13.395Z] [INFO] [review traktor/501396171] page=1 +2 reviews (unique=2)
[2026-04-05T14:45:13.439Z] [INFO] [REVIEW SAVED] /mnt/c/Developer/Review_AI/scraper_project/raw_data/traktor/501396171_reviews.json
[2026-04-05T14:45:13.469Z] [INFO] 
[REVIEW WORKER 4] starting traktor/688278231
[2026-04-05T14:45:15.361Z] [INFO] 
[START REVIEW] category=traktor productId=503164785 startPage=1
[2026-04-05T14:45:15.600Z] [INFO] [review traktor/503164785] page=1 +3 reviews (unique=3)
[2026-04-05T14:45:15.614Z] [INFO] [REVIEW SAVED] /mnt/c/Developer/Review_AI/scraper_project/raw_data/traktor/503164785_reviews.json
[2026-04-05T14:45:15.631Z] [INFO] 
[REVIEW WORKER 5] starting traktor/597380841
[2026-04-05T14:45:15.824Z] [INFO] 
[START REVIEW] category=traktor productId=648571012 startPage=1
[2026-04-05T14:45:16.121Z] [INFO] [review traktor/648571012] page=1 +1 reviews (unique=1)
[2026-04-05T14:45:16.142Z] [INFO] [REVIEW SAVED] /mnt/c/Developer/Review_AI/scraper_project/raw_data/traktor/648571012_reviews.json
[2026-04-05T14:45:16.167Z] [INFO] 
[REVIEW WORKER 6] starting traktor/579503416
[2026-04-05T14:45:16.732Z] [INFO] 
[START REVIEW] category=traktor productId=597815885 startPage=1
[2026-04-05T14:45:16.953Z] [INFO] [review traktor/597815885] page=1 +0 reviews (unique=0)
[2026-04-05T14:45:16.989Z] [INFO] [REVIEW SAVED] /mnt/c/Developer/Review_AI/scraper_project/raw_data/traktor/597815885_reviews.json
[2026-04-05T14:45:17.025Z] [INFO] 
[REVIEW WORKER 2] starting traktor/603017638
[2026-04-05T14:45:17.599Z] [INFO] 
[START REVIEW] category=traktor productId=630077726 startPage=1
[2026-04-05T14:45:17.872Z] [INFO] 
[START REVIEW] category=traktor productId=688278231 startPage=1
[2026-04-05T14:45:17.884Z] [INFO] [review traktor/630077726] page=1 +0 reviews (unique=0)
[2026-04-05T14:45:17.943Z] [INFO] [REVIEW SAVED] /mnt/c/Developer/Review_AI/scraper_project/raw_data/traktor/630077726_reviews.json
[2026-04-05T14:45:18.004Z] [INFO] 
[REVIEW WORKER 1] starting traktor/691974148
[2026-04-05T14:45:18.202Z] [INFO] [review traktor/688278231] page=1 +1 reviews (unique=1)
[2026-04-05T14:45:18.272Z] [INFO] [REVIEW SAVED] /mnt/c/Developer/Review_AI/scraper_project/raw_data/traktor/688278231_reviews.json
[2026-04-05T14:45:18.381Z] [INFO] 
[REVIEW WORKER 4] starting traktor/597193347
[2026-04-05T14:45:19.032Z] [INFO] 
[START REVIEW] category=traktor productId=575699775 startPage=1
[2026-04-05T14:45:19.269Z] [INFO] [review traktor/575699775] page=1 +0 reviews (unique=0)
[2026-04-05T14:45:19.288Z] [INFO] [REVIEW SAVED] /mnt/c/Developer/Review_AI/scraper_project/raw_data/traktor/575699775_reviews.json
[2026-04-05T14:45:19.305Z] [INFO] 
[REVIEW WORKER 3] starting traktor/578151246
[2026-04-05T14:45:20.108Z] [INFO] 
[START REVIEW] category=traktor productId=597380841 startPage=1
[2026-04-05T14:45:20.318Z] [INFO] [review traktor/597380841] page=1 +1 reviews (unique=1)
[2026-04-05T14:45:20.338Z] [INFO] [REVIEW SAVED] /mnt/c/Developer/Review_AI/scraper_project/raw_data/traktor/597380841_reviews.json
[2026-04-05T14:45:20.357Z] [INFO] 
[REVIEW WORKER 5] starting traktor/575698891
[2026-04-05T14:45:20.365Z] [INFO] 
[START REVIEW] category=traktor productId=579503416 startPage=1
[2026-04-05T14:45:20.580Z] [INFO] [review traktor/579503416] page=1 +1 reviews (unique=1)
[2026-04-05T14:45:20.609Z] [INFO] [REVIEW SAVED] /mnt/c/Developer/Review_AI/scraper_project/raw_data/traktor/579503416_reviews.json
[2026-04-05T14:45:20.629Z] [INFO] 
[REVIEW WORKER 6] starting traktor/589941239
[2026-04-05T14:45:21.444Z] [INFO] 
[START REVIEW] category=traktor productId=603017638 startPage=1
[2026-04-05T14:45:21.749Z] [INFO] [review traktor/603017638] page=1 +1 reviews (unique=1)
[2026-04-05T14:45:21.876Z] [INFO] [REVIEW SAVED] /mnt/c/Developer/Review_AI/scraper_project/raw_data/traktor/603017638_reviews.json
[2026-04-05T14:45:21.975Z] [INFO] 
[REVIEW WORKER 2] starting traktor/570710278
[2026-04-05T14:45:22.883Z] [INFO] 
[START REVIEW] category=traktor productId=691974148 startPage=1
[2026-04-05T14:45:23.092Z] [INFO] [review traktor/691974148] page=1 +0 reviews (unique=0)
[2026-04-05T14:45:23.108Z] [INFO] [REVIEW SAVED] /mnt/c/Developer/Review_AI/scraper_project/raw_data/traktor/691974148_reviews.json
[2026-04-05T14:45:23.134Z] [INFO] 
[REVIEW WORKER 1] starting traktor/549699265
[2026-04-05T14:45:23.585Z] [INFO] 
[START REVIEW] category=traktor productId=597193347 startPage=1
[2026-04-05T14:45:23.805Z] [INFO] [review traktor/597193347] page=1 +1 reviews (unique=1)
[2026-04-05T14:45:23.828Z] [INFO] [REVIEW SAVED] /mnt/c/Developer/Review_AI/scraper_project/raw_data/traktor/597193347_reviews.json
[2026-04-05T14:45:23.839Z] [INFO] 
[START REVIEW] category=traktor productId=578151246 startPage=1
[2026-04-05T14:45:23.867Z] [INFO] 
[REVIEW WORKER 4] starting traktor/548917333
[2026-04-05T14:45:24.100Z] [INFO] [review traktor/578151246] page=1 +1 reviews (unique=1)
[2026-04-05T14:45:24.130Z] [INFO] [REVIEW SAVED] /mnt/c/Developer/Review_AI/scraper_project/raw_data/traktor/578151246_reviews.json
[2026-04-05T14:45:24.148Z] [INFO] 
[REVIEW WORKER 3] starting traktor/542036973
[2026-04-05T14:45:24.876Z] [INFO] 
[START REVIEW] category=traktor productId=575698891 startPage=1
[2026-04-05T14:45:24.898Z] [INFO] 
[START REVIEW] category=traktor productId=589941239 startPage=1
[2026-04-05T14:45:25.106Z] [INFO] [review traktor/575698891] page=1 +1 reviews (unique=1)
[2026-04-05T14:45:25.125Z] [INFO] [REVIEW SAVED] /mnt/c/Developer/Review_AI/scraper_project/raw_data/traktor/575698891_reviews.json
[2026-04-05T14:45:25.131Z] [INFO] [review traktor/589941239] page=1 +1 reviews (unique=1)
[2026-04-05T14:45:25.154Z] [INFO] [REVIEW SAVED] /mnt/c/Developer/Review_AI/scraper_project/raw_data/traktor/589941239_reviews.json
[2026-04-05T14:45:25.174Z] [INFO] 
[REVIEW WORKER 5] starting traktor/573700660
[2026-04-05T14:45:25.186Z] [INFO] 
[REVIEW WORKER 6] starting traktor/551030814
[2026-04-05T14:45:25.973Z] [INFO] 
[START REVIEW] category=traktor productId=570710278 startPage=1
[2026-04-05T14:45:26.184Z] [INFO] [review traktor/570710278] page=1 +0 reviews (unique=0)
[2026-04-05T14:45:26.209Z] [INFO] [REVIEW SAVED] /mnt/c/Developer/Review_AI/scraper_project/raw_data/traktor/570710278_reviews.json
[2026-04-05T14:45:26.226Z] [INFO] 
[REVIEW WORKER 2] starting traktor/548252875
[2026-04-05T14:45:27.709Z] [INFO] 
[START REVIEW] category=traktor productId=549699265 startPage=1
[2026-04-05T14:45:27.980Z] [INFO] [review traktor/549699265] page=1 +1 reviews (unique=1)
[2026-04-05T14:45:28.025Z] [INFO] [REVIEW SAVED] /mnt/c/Developer/Review_AI/scraper_project/raw_data/traktor/549699265_reviews.json
[2026-04-05T14:45:28.078Z] [INFO] 
[REVIEW WORKER 1] starting traktor/541307301
[2026-04-05T14:45:28.246Z] [INFO] 
[START REVIEW] category=traktor productId=548917333 startPage=1
[2026-04-05T14:45:28.786Z] [INFO] 
[START REVIEW] category=traktor productId=542036973 startPage=1
[2026-04-05T14:45:29.332Z] [INFO] [review traktor/542036973] page=1 +1 reviews (unique=1)
[2026-04-05T14:45:29.405Z] [INFO] [REVIEW SAVED] /mnt/c/Developer/Review_AI/scraper_project/raw_data/traktor/542036973_reviews.json
[2026-04-05T14:45:29.486Z] [INFO] 
[REVIEW WORKER 3] starting traktor/569179915
[2026-04-05T14:45:29.516Z] [INFO] 
[START REVIEW] category=traktor productId=573700660 startPage=1
[2026-04-05T14:45:30.264Z] [INFO] [review traktor/573700660] page=1 +1 reviews (unique=1)
[2026-04-05T14:45:30.386Z] [INFO] [REVIEW SAVED] /mnt/c/Developer/Review_AI/scraper_project/raw_data/traktor/573700660_reviews.json
[2026-04-05T14:45:30.445Z] [INFO] 
[REVIEW WORKER 5] starting traktor/549678408
[2026-04-05T14:45:30.607Z] [INFO] [review traktor/548917333] page=1 +1 reviews (unique=1)
[2026-04-05T14:45:30.730Z] [INFO] [REVIEW SAVED] /mnt/c/Developer/Review_AI/scraper_project/raw_data/traktor/548917333_reviews.json
[2026-04-05T14:45:30.753Z] [INFO] 
[START REVIEW] category=traktor productId=551030814 startPage=1
[2026-04-05T14:45:30.833Z] [INFO] 
[REVIEW WORKER 4] starting traktor/541633283
[2026-04-05T14:45:31.042Z] [INFO] [review traktor/551030814] page=1 +1 reviews (unique=1)
[2026-04-05T14:45:31.064Z] [INFO] [REVIEW SAVED] /mnt/c/Developer/Review_AI/scraper_project/raw_data/traktor/551030814_reviews.json
[2026-04-05T14:45:31.085Z] [INFO] 
[REVIEW WORKER 6] starting traktor/567427167
[2026-04-05T14:45:31.285Z] [INFO] 
[START REVIEW] category=traktor productId=548252875 startPage=1
[2026-04-05T14:45:31.521Z] [INFO] [review traktor/548252875] page=1 +0 reviews (unique=0)
[2026-04-05T14:45:31.542Z] [INFO] [REVIEW SAVED] /mnt/c/Developer/Review_AI/scraper_project/raw_data/traktor/548252875_reviews.json
[2026-04-05T14:45:31.555Z] [INFO] 
[REVIEW WORKER 2] starting traktor/545737865
[2026-04-05T14:45:32.353Z] [INFO] 
[START REVIEW] category=traktor productId=541307301 startPage=1
[2026-04-05T14:45:32.582Z] [INFO] [review traktor/541307301] page=1 +0 reviews (unique=0)
[2026-04-05T14:45:32.598Z] [INFO] [REVIEW SAVED] /mnt/c/Developer/Review_AI/scraper_project/raw_data/traktor/541307301_reviews.json
[2026-04-05T14:45:32.640Z] [INFO] 
[REVIEW WORKER 1] starting traktor/572881940
[2026-04-05T14:45:33.591Z] [INFO] 
[START REVIEW] category=traktor productId=569179915 startPage=1
[2026-04-05T14:45:33.804Z] [INFO] [review traktor/569179915] page=1 +1 reviews (unique=1)
[2026-04-05T14:45:33.821Z] [INFO] [REVIEW SAVED] /mnt/c/Developer/Review_AI/scraper_project/raw_data/traktor/569179915_reviews.json
[2026-04-05T14:45:33.856Z] [INFO] 
[REVIEW WORKER 3] starting traktor/569639143
[2026-04-05T14:45:34.957Z] [INFO] 
[START REVIEW] category=traktor productId=541633283 startPage=1
[2026-04-05T14:45:35.187Z] [INFO] [review traktor/541633283] page=1 +0 reviews (unique=0)
[2026-04-05T14:45:35.209Z] [INFO] [REVIEW SAVED] /mnt/c/Developer/Review_AI/scraper_project/raw_data/traktor/541633283_reviews.json
[2026-04-05T14:45:35.234Z] [INFO] 
[REVIEW WORKER 4] starting traktor/546606663
[2026-04-05T14:45:35.892Z] [INFO] 
[START REVIEW] category=traktor productId=567427167 startPage=1
[2026-04-05T14:45:35.916Z] [INFO] 
[START REVIEW] category=traktor productId=545737865 startPage=1
[2026-04-05T14:45:36.159Z] [INFO] [review traktor/567427167] page=1 +0 reviews (unique=0)
[2026-04-05T14:45:36.198Z] [INFO] [REVIEW SAVED] /mnt/c/Developer/Review_AI/scraper_project/raw_data/traktor/567427167_reviews.json
[2026-04-05T14:45:36.237Z] [INFO] 
[REVIEW WORKER 6] starting traktor/569414084
[2026-04-05T14:45:36.355Z] [INFO] [review traktor/545737865] page=1 +0 reviews (unique=0)
[2026-04-05T14:45:36.391Z] [INFO] [REVIEW SAVED] /mnt/c/Developer/Review_AI/scraper_project/raw_data/traktor/545737865_reviews.json
[2026-04-05T14:45:36.453Z] [INFO] 
[REVIEW WORKER 2] starting traktor/546992000
[2026-04-05T14:45:36.728Z] [INFO] 
[START REVIEW] category=traktor productId=572881940 startPage=1
[2026-04-05T14:45:37.191Z] [INFO] [review traktor/572881940] page=1 +1 reviews (unique=1)
[2026-04-05T14:45:37.229Z] [INFO] [REVIEW SAVED] /mnt/c/Developer/Review_AI/scraper_project/raw_data/traktor/572881940_reviews.json
[2026-04-05T14:45:37.270Z] [INFO] 
[REVIEW WORKER 1] starting traktor/566883090
[2026-04-05T14:45:38.142Z] [INFO] 
[START REVIEW] category=traktor productId=569639143 startPage=1
[2026-04-05T14:45:38.739Z] [INFO] [review traktor/569639143] page=1 +1 reviews (unique=1)
[2026-04-05T14:45:38.830Z] [INFO] [REVIEW SAVED] /mnt/c/Developer/Review_AI/scraper_project/raw_data/traktor/569639143_reviews.json
[2026-04-05T14:45:38.897Z] [INFO] 
[REVIEW WORKER 3] starting traktor/540407626
[2026-04-05T14:45:39.850Z] [INFO] 
[START REVIEW] category=traktor productId=549678408 startPage=1
[2026-04-05T14:45:40.175Z] [INFO] 
[START REVIEW] category=traktor productId=546606663 startPage=1
[2026-04-05T14:45:40.202Z] [INFO] [review traktor/549678408] page=1 +1 reviews (unique=1)
[2026-04-05T14:45:40.244Z] [INFO] [REVIEW SAVED] /mnt/c/Developer/Review_AI/scraper_project/raw_data/traktor/549678408_reviews.json
[2026-04-05T14:45:40.282Z] [INFO] 
[REVIEW WORKER 5] starting traktor/539972943
[2026-04-05T14:45:40.460Z] [INFO] [review traktor/546606663] page=1 +0 reviews (unique=0)
[2026-04-05T14:45:40.491Z] [INFO] [REVIEW SAVED] /mnt/c/Developer/Review_AI/scraper_project/raw_data/traktor/546606663_reviews.json
[2026-04-05T14:45:40.530Z] [INFO] 
[REVIEW WORKER 4] starting traktor/518909231
[2026-04-05T14:45:40.668Z] [INFO] 
[START REVIEW] category=traktor productId=546992000 startPage=1
[2026-04-05T14:45:40.804Z] [INFO] 
[START REVIEW] category=traktor productId=569414084 startPage=1
[2026-04-05T14:45:40.878Z] [INFO] [review traktor/546992000] page=1 +0 reviews (unique=0)
[2026-04-05T14:45:40.901Z] [INFO] [REVIEW SAVED] /mnt/c/Developer/Review_AI/scraper_project/raw_data/traktor/546992000_reviews.json
[2026-04-05T14:45:40.923Z] [INFO] 
[REVIEW WORKER 2] starting traktor/533267210
[2026-04-05T14:45:41.004Z] [INFO] [review traktor/569414084] page=1 +1 reviews (unique=1)
[2026-04-05T14:45:41.034Z] [INFO] [REVIEW SAVED] /mnt/c/Developer/Review_AI/scraper_project/raw_data/traktor/569414084_reviews.json
[2026-04-05T14:45:41.063Z] [INFO] 
[REVIEW WORKER 6] starting traktor/518828847
[2026-04-05T14:45:41.618Z] [INFO] 
[START REVIEW] category=traktor productId=566883090 startPage=1
[2026-04-05T14:45:41.837Z] [INFO] [review traktor/566883090] page=1 +0 reviews (unique=0)
[2026-04-05T14:45:41.873Z] [INFO] [REVIEW SAVED] /mnt/c/Developer/Review_AI/scraper_project/raw_data/traktor/566883090_reviews.json
[2026-04-05T14:45:41.907Z] [INFO] 
[REVIEW WORKER 1] starting traktor/538402514
[2026-04-05T14:45:43.229Z] [INFO] 
[START REVIEW] category=traktor productId=540407626 startPage=1
[2026-04-05T14:45:43.512Z] [INFO] [review traktor/540407626] page=1 +0 reviews (unique=0)
[2026-04-05T14:45:43.530Z] [INFO] [REVIEW SAVED] /mnt/c/Developer/Review_AI/scraper_project/raw_data/traktor/540407626_reviews.json
[2026-04-05T14:45:43.552Z] [INFO] 
[REVIEW WORKER 3] starting traktor/536646362
[2026-04-05T14:45:44.424Z] [INFO] 
[START REVIEW] category=traktor productId=539972943 startPage=1
[2026-04-05T14:45:44.512Z] [INFO] 
[START REVIEW] category=traktor productId=518909231 startPage=1
[2026-04-05T14:45:44.678Z] [INFO] [review traktor/539972943] page=1 +0 reviews (unique=0)
[2026-04-05T14:45:44.698Z] [INFO] [REVIEW SAVED] /mnt/c/Developer/Review_AI/scraper_project/raw_data/traktor/539972943_reviews.json
[2026-04-05T14:45:44.727Z] [INFO] 
[REVIEW WORKER 5] starting traktor/524422885
[2026-04-05T14:45:44.818Z] [INFO] [review traktor/518909231] page=1 +0 reviews (unique=0)
[2026-04-05T14:45:44.864Z] [INFO] [REVIEW SAVED] /mnt/c/Developer/Review_AI/scraper_project/raw_data/traktor/518909231_reviews.json
[2026-04-05T14:45:44.912Z] [INFO] 
[REVIEW WORKER 4] starting traktor/531943037
[2026-04-05T14:45:45.048Z] [INFO] 
[START REVIEW] category=traktor productId=533267210 startPage=1
[2026-04-05T14:45:45.081Z] [INFO] 
[START REVIEW] category=traktor productId=518828847 startPage=1
[2026-04-05T14:45:45.305Z] [INFO] [review traktor/518828847] page=1 +0 reviews (unique=0)
[2026-04-05T14:45:45.337Z] [INFO] [REVIEW SAVED] /mnt/c/Developer/Review_AI/scraper_project/raw_data/traktor/518828847_reviews.json
[2026-04-05T14:45:45.352Z] [INFO] [review traktor/533267210] page=1 +0 reviews (unique=0)
[2026-04-05T14:45:45.384Z] [INFO] [REVIEW SAVED] /mnt/c/Developer/Review_AI/scraper_project/raw_data/traktor/533267210_reviews.json
[2026-04-05T14:45:45.411Z] [INFO] 
[REVIEW WORKER 6] starting traktor/528975982
[2026-04-05T14:45:45.441Z] [INFO] 
[REVIEW WORKER 2] starting traktor/522239881
[2026-04-05T14:45:46.485Z] [INFO] 
[START REVIEW] category=traktor productId=538402514 startPage=1
[2026-04-05T14:45:46.665Z] [INFO] [review traktor/538402514] page=1 +0 reviews (unique=0)
[2026-04-05T14:45:46.682Z] [INFO] [REVIEW SAVED] /mnt/c/Developer/Review_AI/scraper_project/raw_data/traktor/538402514_reviews.json
[2026-04-05T14:45:46.698Z] [INFO] 
[REVIEW WORKER 1] starting traktor/524426863
[2026-04-05T14:45:47.681Z] [INFO] 
[START REVIEW] category=traktor productId=536646362 startPage=1
[2026-04-05T14:45:47.908Z] [INFO] [review traktor/536646362] page=1 +0 reviews (unique=0)
[2026-04-05T14:45:47.931Z] [INFO] [REVIEW SAVED] /mnt/c/Developer/Review_AI/scraper_project/raw_data/traktor/536646362_reviews.json
[2026-04-05T14:45:47.961Z] [INFO] 
[REVIEW WORKER 3] starting traktor/537611771
[2026-04-05T14:45:48.970Z] [INFO] 
[START REVIEW] category=traktor productId=531943037 startPage=1
[2026-04-05T14:45:49.220Z] [INFO] [review traktor/531943037] page=1 +1 reviews (unique=1)
[2026-04-05T14:45:49.246Z] [INFO] [REVIEW SAVED] /mnt/c/Developer/Review_AI/scraper_project/raw_data/traktor/531943037_reviews.json
[2026-04-05T14:45:49.280Z] [INFO] 
[REVIEW WORKER 4] starting traktor/533452859
[2026-04-05T14:45:49.668Z] [INFO] 
[START REVIEW] category=traktor productId=522239881 startPage=1
[2026-04-05T14:45:49.834Z] [INFO] 
[START REVIEW] category=traktor productId=528975982 startPage=1
[2026-04-05T14:45:49.860Z] [INFO] [review traktor/522239881] page=1 +1 reviews (unique=1)
[2026-04-05T14:45:49.875Z] [INFO] [REVIEW SAVED] /mnt/c/Developer/Review_AI/scraper_project/raw_data/traktor/522239881_reviews.json
[2026-04-05T14:45:49.894Z] [INFO] 
[REVIEW WORKER 2] starting traktor/539559128
[2026-04-05T14:45:50.033Z] [INFO] [review traktor/528975982] page=1 +1 reviews (unique=1)
[2026-04-05T14:45:50.054Z] [INFO] [REVIEW SAVED] /mnt/c/Developer/Review_AI/scraper_project/raw_data/traktor/528975982_reviews.json
[2026-04-05T14:45:50.076Z] [INFO] 
[REVIEW WORKER 6] starting traktor/540406599
[2026-04-05T14:45:50.794Z] [INFO] 
[START REVIEW] category=traktor productId=524426863 startPage=1
[2026-04-05T14:45:50.812Z] [INFO] 
[START REVIEW] category=traktor productId=524422885 startPage=1
[2026-04-05T14:45:51.020Z] [INFO] [review traktor/524422885] page=1 +1 reviews (unique=1)
[2026-04-05T14:45:51.062Z] [INFO] [REVIEW SAVED] /mnt/c/Developer/Review_AI/scraper_project/raw_data/traktor/524422885_reviews.json
[2026-04-05T14:45:51.089Z] [INFO] [review traktor/524426863] page=1 +1 reviews (unique=1)
[2026-04-05T14:45:51.131Z] [INFO] [REVIEW SAVED] /mnt/c/Developer/Review_AI/scraper_project/raw_data/traktor/524426863_reviews.json
[2026-04-05T14:45:51.174Z] [INFO] 
[REVIEW WORKER 5] starting traktor/533213723
[2026-04-05T14:45:51.195Z] [INFO] 
[REVIEW WORKER 1] starting traktor/531035474
[2026-04-05T14:45:52.047Z] [INFO] 
[START REVIEW] category=traktor productId=537611771 startPage=1
[2026-04-05T14:45:52.333Z] [INFO] [review traktor/537611771] page=1 +1 reviews (unique=1)
[2026-04-05T14:45:52.377Z] [INFO] [REVIEW SAVED] /mnt/c/Developer/Review_AI/scraper_project/raw_data/traktor/537611771_reviews.json
[2026-04-05T14:45:52.415Z] [INFO] 
[REVIEW WORKER 3] starting traktor/521631950
[2026-04-05T14:45:53.767Z] [INFO] 
[START REVIEW] category=traktor productId=533452859 startPage=1
[2026-04-05T14:45:53.987Z] [INFO] 
[START REVIEW] category=traktor productId=539559128 startPage=1
[2026-04-05T14:45:54.261Z] [INFO] [review traktor/533452859] page=1 +1 reviews (unique=1)
[2026-04-05T14:45:54.285Z] [INFO] [REVIEW SAVED] /mnt/c/Developer/Review_AI/scraper_project/raw_data/traktor/533452859_reviews.json
[2026-04-05T14:45:54.313Z] [INFO] 
[REVIEW WORKER 4] starting traktor/525630376
[2026-04-05T14:45:54.390Z] [INFO] [review traktor/539559128] page=1 +0 reviews (unique=0)
[2026-04-05T14:45:54.419Z] [INFO] [REVIEW SAVED] /mnt/c/Developer/Review_AI/scraper_project/raw_data/traktor/539559128_reviews.json
[2026-04-05T14:45:54.444Z] [INFO] 
[REVIEW WORKER 2] starting traktor/535178648
[2026-04-05T14:45:54.711Z] [INFO] 
[START REVIEW] category=traktor productId=540406599 startPage=1
[2026-04-05T14:45:54.926Z] [INFO] [review traktor/540406599] page=1 +1 reviews (unique=1)
[2026-04-05T14:45:54.947Z] [INFO] [REVIEW SAVED] /mnt/c/Developer/Review_AI/scraper_project/raw_data/traktor/540406599_reviews.json
[2026-04-05T14:45:54.966Z] [INFO] 
[REVIEW WORKER 6] starting traktor/507322908
[2026-04-05T14:45:55.526Z] [INFO] 
[START REVIEW] category=traktor productId=533213723 startPage=1
[2026-04-05T14:45:55.775Z] [INFO] [review traktor/533213723] page=1 +1 reviews (unique=1)
[2026-04-05T14:45:55.788Z] [INFO] [REVIEW SAVED] /mnt/c/Developer/Review_AI/scraper_project/raw_data/traktor/533213723_reviews.json
[2026-04-05T14:45:55.812Z] [INFO] 
[REVIEW WORKER 5] starting traktor/504028779
[2026-04-05T14:45:56.126Z] [INFO] 
[START REVIEW] category=traktor productId=531035474 startPage=1
[2026-04-05T14:45:56.342Z] [INFO] [review traktor/531035474] page=1 +1 reviews (unique=1)
[2026-04-05T14:45:56.361Z] [INFO] [REVIEW SAVED] /mnt/c/Developer/Review_AI/scraper_project/raw_data/traktor/531035474_reviews.json
[2026-04-05T14:45:56.376Z] [INFO] 
[REVIEW WORKER 1] starting traktor/505739494
[2026-04-05T14:45:56.936Z] [INFO] 
[START REVIEW] category=traktor productId=521631950 startPage=1
[2026-04-05T14:45:57.224Z] [INFO] [review traktor/521631950] page=1 +0 reviews (unique=0)
[2026-04-05T14:45:57.251Z] [INFO] [REVIEW SAVED] /mnt/c/Developer/Review_AI/scraper_project/raw_data/traktor/521631950_reviews.json
[2026-04-05T14:45:57.299Z] [INFO] 
[REVIEW WORKER 3] starting traktor/514382187
[2026-04-05T14:45:58.645Z] [INFO] 
[START REVIEW] category=traktor productId=525630376 startPage=1
[2026-04-05T14:45:58.748Z] [INFO] 
[START REVIEW] category=traktor productId=535178648 startPage=1
[2026-04-05T14:45:58.885Z] [INFO] [review traktor/525630376] page=1 +0 reviews (unique=0)
[2026-04-05T14:45:58.933Z] [INFO] [REVIEW SAVED] /mnt/c/Developer/Review_AI/scraper_project/raw_data/traktor/525630376_reviews.json
[2026-04-05T14:45:58.981Z] [INFO] 
[REVIEW WORKER 4] starting traktor/504018860
[2026-04-05T14:45:59.008Z] [INFO] [review traktor/535178648] page=1 +0 reviews (unique=0)
[2026-04-05T14:45:59.050Z] [INFO] [REVIEW SAVED] /mnt/c/Developer/Review_AI/scraper_project/raw_data/traktor/535178648_reviews.json
[2026-04-05T14:45:59.091Z] [INFO] 
[START REVIEW] category=traktor productId=507322908 startPage=1
[2026-04-05T14:45:59.146Z] [INFO] 
[REVIEW WORKER 2] starting traktor/514363808
[2026-04-05T14:45:59.362Z] [INFO] [review traktor/507322908] page=1 +0 reviews (unique=0)
[2026-04-05T14:45:59.416Z] [INFO] [REVIEW SAVED] /mnt/c/Developer/Review_AI/scraper_project/raw_data/traktor/507322908_reviews.json
[2026-04-05T14:45:59.504Z] [INFO] 
[REVIEW WORKER 6] starting traktor/506721978
[2026-04-05T14:46:00.472Z] [INFO] 
[START REVIEW] category=traktor productId=504028779 startPage=1
[2026-04-05T14:46:00.685Z] [INFO] [review traktor/504028779] page=1 +0 reviews (unique=0)
[2026-04-05T14:46:00.708Z] [INFO] [REVIEW SAVED] /mnt/c/Developer/Review_AI/scraper_project/raw_data/traktor/504028779_reviews.json
[2026-04-05T14:46:00.734Z] [INFO] 
[REVIEW WORKER 5] starting traktor/505983105
[2026-04-05T14:46:00.985Z] [INFO] 
[START REVIEW] category=traktor productId=505739494 startPage=1
[2026-04-05T14:46:01.203Z] [INFO] [review traktor/505739494] page=1 +0 reviews (unique=0)
[2026-04-05T14:46:01.217Z] [INFO] [REVIEW SAVED] /mnt/c/Developer/Review_AI/scraper_project/raw_data/traktor/505739494_reviews.json
[2026-04-05T14:46:01.237Z] [INFO] 
[REVIEW WORKER 1] starting traktor/504668991
[2026-04-05T14:46:01.814Z] [INFO] 
[START REVIEW] category=traktor productId=514382187 startPage=1
[2026-04-05T14:46:02.259Z] [INFO] [review traktor/514382187] page=1 +1 reviews (unique=1)
[2026-04-05T14:46:02.298Z] [INFO] [REVIEW SAVED] /mnt/c/Developer/Review_AI/scraper_project/raw_data/traktor/514382187_reviews.json
[2026-04-05T14:46:02.341Z] [INFO] 
[REVIEW WORKER 3] starting traktor/517482612
[2026-04-05T14:46:03.301Z] [INFO] 
[START REVIEW] category=traktor productId=514363808 startPage=1
[2026-04-05T14:46:03.337Z] [INFO] 
[START REVIEW] category=traktor productId=504018860 startPage=1
[2026-04-05T14:46:03.609Z] [INFO] [review traktor/514363808] page=1 +1 reviews (unique=1)
[2026-04-05T14:46:03.803Z] [INFO] [REVIEW SAVED] /mnt/c/Developer/Review_AI/scraper_project/raw_data/traktor/514363808_reviews.json
[2026-04-05T14:46:03.856Z] [INFO] [review traktor/504018860] page=1 +1 reviews (unique=1)
[2026-04-05T14:46:03.957Z] [INFO] [REVIEW SAVED] /mnt/c/Developer/Review_AI/scraper_project/raw_data/traktor/504018860_reviews.json
[2026-04-05T14:46:04.119Z] [INFO] 
[REVIEW WORKER 2] starting traktor/507320753
[2026-04-05T14:46:04.170Z] [INFO] 
[REVIEW WORKER 4] starting traktor/506234463
[2026-04-05T14:46:04.380Z] [INFO] 
[START REVIEW] category=traktor productId=506721978 startPage=1
[2026-04-05T14:46:04.893Z] [INFO] [review traktor/506721978] page=1 +1 reviews (unique=1)
[2026-04-05T14:46:04.979Z] [INFO] [REVIEW SAVED] /mnt/c/Developer/Review_AI/scraper_project/raw_data/traktor/506721978_reviews.json
[2026-04-05T14:46:05.075Z] [INFO] 
[REVIEW WORKER 6] starting traktor/505307981
[2026-04-05T14:46:05.520Z] [INFO] 
[START REVIEW] category=traktor productId=505983105 startPage=1
[2026-04-05T14:46:05.809Z] [INFO] 
[START REVIEW] category=traktor productId=504668991 startPage=1
[2026-04-05T14:46:05.945Z] [INFO] [review traktor/505983105] page=1 +0 reviews (unique=0)
[2026-04-05T14:46:06.000Z] [INFO] [REVIEW SAVED] /mnt/c/Developer/Review_AI/scraper_project/raw_data/traktor/505983105_reviews.json
[2026-04-05T14:46:06.041Z] [INFO] 
[REVIEW WORKER 5] starting traktor/505658231
[2026-04-05T14:46:06.327Z] [INFO] [review traktor/504668991] page=1 +0 reviews (unique=0)
[2026-04-05T14:46:06.339Z] [INFO] [REVIEW SAVED] /mnt/c/Developer/Review_AI/scraper_project/raw_data/traktor/504668991_reviews.json
[2026-04-05T14:46:06.354Z] [INFO] 
[REVIEW WORKER 1] starting traktor/505209768
[2026-04-05T14:46:07.032Z] [INFO] 
[START REVIEW] category=traktor productId=517482612 startPage=1
[2026-04-05T14:46:07.270Z] [INFO] [review traktor/517482612] page=1 +1 reviews (unique=1)
[2026-04-05T14:46:07.290Z] [INFO] [REVIEW SAVED] /mnt/c/Developer/Review_AI/scraper_project/raw_data/traktor/517482612_reviews.json
[2026-04-05T14:46:07.309Z] [INFO] 
[REVIEW WORKER 3] starting traktor/507469896
[2026-04-05T14:46:08.542Z] [INFO] 
[START REVIEW] category=traktor productId=507320753 startPage=1
[2026-04-05T14:46:08.760Z] [INFO] 
[START REVIEW] category=traktor productId=506234463 startPage=1
[2026-04-05T14:46:08.835Z] [INFO] [review traktor/507320753] page=1 +0 reviews (unique=0)
[2026-04-05T14:46:08.866Z] [INFO] [REVIEW SAVED] /mnt/c/Developer/Review_AI/scraper_project/raw_data/traktor/507320753_reviews.json
[2026-04-05T14:46:08.895Z] [INFO] 
[REVIEW WORKER 2] starting traktor/508456439
[2026-04-05T14:46:09.576Z] [INFO] [review traktor/506234463] page=1 +1 reviews (unique=1)
[2026-04-05T14:46:09.588Z] [INFO] [REVIEW SAVED] /mnt/c/Developer/Review_AI/scraper_project/raw_data/traktor/506234463_reviews.json
[2026-04-05T14:46:09.617Z] [INFO] 
[START REVIEW] category=traktor productId=505307981 startPage=1
[2026-04-05T14:46:09.669Z] [INFO] 
[REVIEW WORKER 4] starting traktor/506322391
[2026-04-05T14:46:09.944Z] [INFO] [review traktor/505307981] page=1 +0 reviews (unique=0)
[2026-04-05T14:46:09.961Z] [INFO] [REVIEW SAVED] /mnt/c/Developer/Review_AI/scraper_project/raw_data/traktor/505307981_reviews.json
[2026-04-05T14:46:09.986Z] [INFO] 
[REVIEW WORKER 6] starting traktor/508147286
[2026-04-05T14:46:10.577Z] [INFO] 
[START REVIEW] category=traktor productId=505658231 startPage=1
[2026-04-05T14:46:11.185Z] [INFO] 
[START REVIEW] category=traktor productId=505209768 startPage=1
[2026-04-05T14:46:11.550Z] [INFO] [review traktor/505209768] page=1 +1 reviews (unique=1)
[2026-04-05T14:46:11.591Z] [INFO] [REVIEW SAVED] /mnt/c/Developer/Review_AI/scraper_project/raw_data/traktor/505209768_reviews.json
[2026-04-05T14:46:11.636Z] [INFO] 
[REVIEW WORKER 1] starting traktor/505961719
[2026-04-05T14:46:12.160Z] [INFO] 
[START REVIEW] category=traktor productId=507469896 startPage=1
[2026-04-05T14:46:12.628Z] [INFO] [review traktor/507469896] page=1 +1 reviews (unique=1)
[2026-04-05T14:46:12.724Z] [INFO] [REVIEW SAVED] /mnt/c/Developer/Review_AI/scraper_project/raw_data/traktor/507469896_reviews.json
[2026-04-05T14:46:12.890Z] [INFO] 
[REVIEW WORKER 3] starting traktor/503294303
[2026-04-05T14:46:13.597Z] [INFO] 
[START REVIEW] category=traktor productId=508456439 startPage=1
[2026-04-05T14:46:14.064Z] [INFO] 
[START REVIEW] category=traktor productId=506322391 startPage=1
[2026-04-05T14:46:14.291Z] [INFO] [review traktor/508456439] page=1 +0 reviews (unique=0)
[2026-04-05T14:46:14.338Z] [INFO] [REVIEW SAVED] /mnt/c/Developer/Review_AI/scraper_project/raw_data/traktor/508456439_reviews.json
[2026-04-05T14:46:14.367Z] [INFO] 
[REVIEW WORKER 2] starting traktor/501739524
[2026-04-05T14:46:14.386Z] [INFO] [review traktor/505658231] page=1 +0 reviews (unique=0)
[2026-04-05T14:46:14.417Z] [INFO] [REVIEW SAVED] /mnt/c/Developer/Review_AI/scraper_project/raw_data/traktor/505658231_reviews.json
[2026-04-05T14:46:14.433Z] [INFO] [review traktor/506322391] page=1 +0 reviews (unique=0)
[2026-04-05T14:46:14.461Z] [INFO] [REVIEW SAVED] /mnt/c/Developer/Review_AI/scraper_project/raw_data/traktor/506322391_reviews.json
[2026-04-05T14:46:14.486Z] [INFO] 
[REVIEW WORKER 5] starting traktor/502067912
[2026-04-05T14:46:14.557Z] [INFO] 
[REVIEW WORKER 4] starting traktor/503615138
[2026-04-05T14:46:14.621Z] [INFO] 
[START REVIEW] category=traktor productId=508147286 startPage=1
[2026-04-05T14:46:14.994Z] [INFO] [review traktor/508147286] page=1 +1 reviews (unique=1)
[2026-04-05T14:46:15.013Z] [INFO] [REVIEW SAVED] /mnt/c/Developer/Review_AI/scraper_project/raw_data/traktor/508147286_reviews.json
[2026-04-05T14:46:15.042Z] [INFO] 
[REVIEW WORKER 6] starting traktor/502801694
[2026-04-05T14:46:15.928Z] [INFO] 
[START REVIEW] category=traktor productId=505961719 startPage=1
[2026-04-05T14:46:16.162Z] [INFO] [review traktor/505961719] page=1 +0 reviews (unique=0)
[2026-04-05T14:46:16.181Z] [INFO] [REVIEW SAVED] /mnt/c/Developer/Review_AI/scraper_project/raw_data/traktor/505961719_reviews.json
[2026-04-05T14:46:16.199Z] [INFO] 
[REVIEW WORKER 1] starting traktor/502341273
[2026-04-05T14:46:17.094Z] [INFO] 
[START REVIEW] category=traktor productId=503294303 startPage=1
[2026-04-05T14:46:17.318Z] [INFO] [review traktor/503294303] page=1 +1 reviews (unique=1)
[2026-04-05T14:46:17.352Z] [INFO] [REVIEW SAVED] /mnt/c/Developer/Review_AI/scraper_project/raw_data/traktor/503294303_reviews.json
[2026-04-05T14:46:17.374Z] [INFO] 
[REVIEW WORKER 3] starting traktor/502336153
[2026-04-05T14:46:18.620Z] [INFO] 
[START REVIEW] category=traktor productId=502067912 startPage=1
[2026-04-05T14:46:18.646Z] [INFO] 
[START REVIEW] category=traktor productId=503615138 startPage=1
[2026-04-05T14:46:18.773Z] [INFO] 
[START REVIEW] category=traktor productId=501739524 startPage=1
[2026-04-05T14:46:18.903Z] [INFO] [review traktor/503615138] page=1 +1 reviews (unique=1)
[2026-04-05T14:46:18.942Z] [INFO] [REVIEW SAVED] /mnt/c/Developer/Review_AI/scraper_project/raw_data/traktor/503615138_reviews.json
[2026-04-05T14:46:18.952Z] [INFO] [review traktor/502067912] page=1 +1 reviews (unique=1)
[2026-04-05T14:46:18.989Z] [INFO] [REVIEW SAVED] /mnt/c/Developer/Review_AI/scraper_project/raw_data/traktor/502067912_reviews.json
[2026-04-05T14:46:19.024Z] [INFO] 
[REVIEW WORKER 4] starting traktor/494233789
[2026-04-05T14:46:19.040Z] [INFO] 
[REVIEW WORKER 5] starting traktor/494027355
[2026-04-05T14:46:19.101Z] [INFO] [review traktor/501739524] page=1 +1 reviews (unique=1)
[2026-04-05T14:46:19.141Z] [INFO] [REVIEW SAVED] /mnt/c/Developer/Review_AI/scraper_project/raw_data/traktor/501739524_reviews.json
[2026-04-05T14:46:19.157Z] [INFO] 
[START REVIEW] category=traktor productId=502801694 startPage=1
[2026-04-05T14:46:19.304Z] [INFO] 
[REVIEW WORKER 2] starting traktor/493962552
[2026-04-05T14:46:20.527Z] [INFO] 
[START REVIEW] category=traktor productId=502341273 startPage=1
[2026-04-05T14:46:20.810Z] [INFO] [review traktor/502341273] page=1 +0 reviews (unique=0)
[2026-04-05T14:46:20.824Z] [INFO] [REVIEW SAVED] /mnt/c/Developer/Review_AI/scraper_project/raw_data/traktor/502341273_reviews.json
[2026-04-05T14:46:20.850Z] [INFO] 
[REVIEW WORKER 1] starting traktor/503513423
[2026-04-05T14:46:21.786Z] [INFO] 
[START REVIEW] category=traktor productId=502336153 startPage=1
[2026-04-05T14:46:22.351Z] [INFO] [review traktor/502336153] page=1 +0 reviews (unique=0)
[2026-04-05T14:46:22.366Z] [INFO] [REVIEW SAVED] /mnt/c/Developer/Review_AI/scraper_project/raw_data/traktor/502336153_reviews.json
[2026-04-05T14:46:22.389Z] [INFO] 
[REVIEW WORKER 3] starting traktor/502785626
[2026-04-05T14:46:22.672Z] [INFO] [review traktor/502801694] page=1 +1 reviews (unique=1)
[2026-04-05T14:46:22.693Z] [INFO] [REVIEW SAVED] /mnt/c/Developer/Review_AI/scraper_project/raw_data/traktor/502801694_reviews.json
[2026-04-05T14:46:22.725Z] [INFO] 
[REVIEW WORKER 6] starting traktor/503965275
[2026-04-05T14:46:23.262Z] [INFO] 
[START REVIEW] category=traktor productId=494233789 startPage=1
[2026-04-05T14:46:23.685Z] [INFO] [review traktor/494233789] page=1 +0 reviews (unique=0)
[2026-04-05T14:46:23.748Z] [INFO] [REVIEW SAVED] /mnt/c/Developer/Review_AI/scraper_project/raw_data/traktor/494233789_reviews.json
[2026-04-05T14:46:23.794Z] [INFO] 
[REVIEW WORKER 4] starting traktor/493623544
[2026-04-05T14:46:23.967Z] [INFO] 
[START REVIEW] category=traktor productId=494027355 startPage=1
[2026-04-05T14:46:24.240Z] [INFO] [review traktor/494027355] page=1 +1 reviews (unique=1)
[2026-04-05T14:46:24.318Z] [INFO] [REVIEW SAVED] /mnt/c/Developer/Review_AI/scraper_project/raw_data/traktor/494027355_reviews.json
[2026-04-05T14:46:24.359Z] [INFO] 
[START REVIEW] category=traktor productId=493962552 startPage=1
[2026-04-05T14:46:24.487Z] [INFO] 
[REVIEW WORKER 5] starting traktor/503455893
[2026-04-05T14:46:25.093Z] [INFO] [review traktor/493962552] page=1 +1 reviews (unique=1)
[2026-04-05T14:46:25.157Z] [INFO] [REVIEW SAVED] /mnt/c/Developer/Review_AI/scraper_project/raw_data/traktor/493962552_reviews.json
[2026-04-05T14:46:25.235Z] [INFO] 
[REVIEW WORKER 2] starting traktor/502090773
[2026-04-05T14:46:26.082Z] [INFO] 
[START REVIEW] category=traktor productId=503513423 startPage=1
[2026-04-05T14:46:26.627Z] [INFO] [review traktor/503513423] page=1 +0 reviews (unique=0)
[2026-04-05T14:46:26.655Z] [INFO] [REVIEW SAVED] /mnt/c/Developer/Review_AI/scraper_project/raw_data/traktor/503513423_reviews.json
[2026-04-05T14:46:26.682Z] [INFO] 
[REVIEW WORKER 1] starting traktor/494255788
[2026-04-05T14:46:27.325Z] [INFO] 
[START REVIEW] category=traktor productId=502785626 startPage=1
[2026-04-05T14:46:27.495Z] [INFO] 
[START REVIEW] category=traktor productId=503965275 startPage=1
[2026-04-05T14:46:27.530Z] [INFO] [review traktor/502785626] page=1 +1 reviews (unique=1)
[2026-04-05T14:46:27.553Z] [INFO] [REVIEW SAVED] /mnt/c/Developer/Review_AI/scraper_project/raw_data/traktor/502785626_reviews.json
[2026-04-05T14:46:27.578Z] [INFO] 
[REVIEW WORKER 3] starting traktor/501734685
[2026-04-05T14:46:27.805Z] [INFO] [review traktor/503965275] page=1 +0 reviews (unique=0)
[2026-04-05T14:46:27.834Z] [INFO] [REVIEW SAVED] /mnt/c/Developer/Review_AI/scraper_project/raw_data/traktor/503965275_reviews.json
[2026-04-05T14:46:27.868Z] [INFO] 
[REVIEW WORKER 6] starting traktor/501687803
[2026-04-05T14:46:28.435Z] [INFO] 
[START REVIEW] category=traktor productId=493623544 startPage=1
[2026-04-05T14:46:28.643Z] [INFO] [review traktor/493623544] page=1 +0 reviews (unique=0)
[2026-04-05T14:46:28.661Z] [INFO] [REVIEW SAVED] /mnt/c/Developer/Review_AI/scraper_project/raw_data/traktor/493623544_reviews.json
[2026-04-05T14:46:28.677Z] [INFO] 
[REVIEW WORKER 4] starting traktor/501869206
[2026-04-05T14:46:28.896Z] [INFO] 
[START REVIEW] category=traktor productId=503455893 startPage=1
[2026-04-05T14:46:29.244Z] [INFO] [review traktor/503455893] page=1 +0 reviews (unique=0)
[2026-04-05T14:46:29.260Z] [INFO] [REVIEW SAVED] /mnt/c/Developer/Review_AI/scraper_project/raw_data/traktor/503455893_reviews.json
[2026-04-05T14:46:29.276Z] [INFO] 
[REVIEW WORKER 5] starting traktor/503707910
[2026-04-05T14:46:29.595Z] [INFO] 
[START REVIEW] category=traktor productId=502090773 startPage=1
[2026-04-05T14:46:29.829Z] [INFO] [review traktor/502090773] page=1 +1 reviews (unique=1)
[2026-04-05T14:46:29.853Z] [INFO] [REVIEW SAVED] /mnt/c/Developer/Review_AI/scraper_project/raw_data/traktor/502090773_reviews.json
[2026-04-05T14:46:29.875Z] [INFO] 
[REVIEW WORKER 2] starting traktor/650818319
[2026-04-05T14:46:31.152Z] [INFO] 
[START REVIEW] category=traktor productId=494255788 startPage=1
[2026-04-05T14:46:31.395Z] [INFO] [review traktor/494255788] page=1 +1 reviews (unique=1)
[2026-04-05T14:46:31.467Z] [INFO] [REVIEW SAVED] /mnt/c/Developer/Review_AI/scraper_project/raw_data/traktor/494255788_reviews.json
[2026-04-05T14:46:31.510Z] [INFO] 
[REVIEW WORKER 1] starting traktor/528832067
[2026-04-05T14:46:32.066Z] [INFO] 
[START REVIEW] category=traktor productId=501734685 startPage=1
[2026-04-05T14:46:32.512Z] [INFO] [review traktor/501734685] page=1 +1 reviews (unique=1)
[2026-04-05T14:46:32.676Z] [INFO] [REVIEW SAVED] /mnt/c/Developer/Review_AI/scraper_project/raw_data/traktor/501734685_reviews.json
[2026-04-05T14:46:32.857Z] [INFO] 
[START REVIEW] category=traktor productId=501687803 startPage=1
[2026-04-05T14:46:32.984Z] [INFO] 
[REVIEW WORKER 3] starting traktor/576068444
[2026-04-05T14:46:33.513Z] [INFO] 
[START REVIEW] category=traktor productId=501869206 startPage=1
[2026-04-05T14:46:33.777Z] [INFO] [review traktor/501687803] page=1 +0 reviews (unique=0)
[2026-04-05T14:46:33.847Z] [INFO] [REVIEW SAVED] /mnt/c/Developer/Review_AI/scraper_project/raw_data/traktor/501687803_reviews.json
[2026-04-05T14:46:33.913Z] [INFO] 
[REVIEW WORKER 6] starting traktor/550893054
[2026-04-05T14:46:34.388Z] [INFO] [review traktor/501869206] page=1 +0 reviews (unique=0)
[2026-04-05T14:46:34.449Z] [INFO] [REVIEW SAVED] /mnt/c/Developer/Review_AI/scraper_project/raw_data/traktor/501869206_reviews.json
[2026-04-05T14:46:34.470Z] [INFO] 
[START REVIEW] category=traktor productId=503707910 startPage=1
[2026-04-05T14:46:34.510Z] [INFO] 
[REVIEW WORKER 4] starting traktor/571761784
[2026-04-05T14:46:34.942Z] [INFO] [review traktor/503707910] page=1 +1 reviews (unique=1)
[2026-04-05T14:46:34.956Z] [INFO] [REVIEW SAVED] /mnt/c/Developer/Review_AI/scraper_project/raw_data/traktor/503707910_reviews.json
[2026-04-05T14:46:34.971Z] [INFO] 
[REVIEW WORKER 5] starting traktor/506124358
[2026-04-05T14:46:35.136Z] [INFO] 
[START REVIEW] category=traktor productId=650818319 startPage=1
[2026-04-05T14:46:35.360Z] [INFO] [review traktor/650818319] page=1 +0 reviews (unique=0)
[2026-04-05T14:46:35.383Z] [INFO] [REVIEW SAVED] /mnt/c/Developer/Review_AI/scraper_project/raw_data/traktor/650818319_reviews.json
[2026-04-05T14:46:35.397Z] [INFO] 
[REVIEW WORKER 2] starting traktor/574621452
[2026-04-05T14:46:37.548Z] [INFO] 
[START REVIEW] category=traktor productId=576068444 startPage=1
[2026-04-05T14:46:38.119Z] [INFO] 
[START REVIEW] category=traktor productId=550893054 startPage=1
[2026-04-05T14:46:38.325Z] [INFO] [review traktor/576068444] page=1 +0 reviews (unique=0)
[2026-04-05T14:46:38.342Z] [INFO] [REVIEW SAVED] /mnt/c/Developer/Review_AI/scraper_project/raw_data/traktor/576068444_reviews.json
[2026-04-05T14:46:38.375Z] [INFO] 
[REVIEW WORKER 3] starting traktor/598530529
[2026-04-05T14:46:38.643Z] [INFO] [review traktor/550893054] page=1 +1 reviews (unique=1)
[2026-04-05T14:46:38.674Z] [INFO] [REVIEW SAVED] /mnt/c/Developer/Review_AI/scraper_project/raw_data/traktor/550893054_reviews.json
[2026-04-05T14:46:38.693Z] [INFO] 
[START REVIEW] category=traktor productId=528832067 startPage=1
[2026-04-05T14:46:38.725Z] [INFO] 
[REVIEW WORKER 6] starting traktor/507878740
[2026-04-05T14:46:39.043Z] [INFO] [review traktor/528832067] page=1 +1 reviews (unique=1)
[2026-04-05T14:46:39.063Z] [INFO] [REVIEW SAVED] /mnt/c/Developer/Review_AI/scraper_project/raw_data/traktor/528832067_reviews.json
[2026-04-05T14:46:39.083Z] [INFO] 
[REVIEW WORKER 1] starting traktor/493571705
[2026-04-05T14:46:39.897Z] [INFO] 
[START REVIEW] category=traktor productId=571761784 startPage=1
[2026-04-05T14:46:40.214Z] [INFO] [review traktor/571761784] page=1 +1 reviews (unique=1)
[2026-04-05T14:46:40.275Z] [INFO] [REVIEW SAVED] /mnt/c/Developer/Review_AI/scraper_project/raw_data/traktor/571761784_reviews.json
[2026-04-05T14:46:40.312Z] [INFO] 
[REVIEW WORKER 4] starting traktor/507634131
[2026-04-05T14:46:40.380Z] [INFO] 
[START REVIEW] category=traktor productId=506124358 startPage=1
[2026-04-05T14:46:40.638Z] [INFO] [review traktor/506124358] page=1 +1 reviews (unique=1)
[2026-04-05T14:46:40.675Z] [INFO] [REVIEW SAVED] /mnt/c/Developer/Review_AI/scraper_project/raw_data/traktor/506124358_reviews.json
[2026-04-05T14:46:40.716Z] [INFO] 
[START REVIEW] category=traktor productId=574621452 startPage=1
[2026-04-05T14:46:40.734Z] [INFO] 
[REVIEW WORKER 5] starting traktor/546160411
[2026-04-05T14:46:40.972Z] [INFO] [review traktor/574621452] page=1 +1 reviews (unique=1)
[2026-04-05T14:46:41.019Z] [INFO] [REVIEW SAVED] /mnt/c/Developer/Review_AI/scraper_project/raw_data/traktor/574621452_reviews.json
[2026-04-05T14:46:41.073Z] [INFO] 
[REVIEW WORKER 2] starting traktor/506123932
[2026-04-05T14:46:43.244Z] [INFO] 
[START REVIEW] category=traktor productId=598530529 startPage=1
[2026-04-05T14:46:43.336Z] [INFO] 
[START REVIEW] category=traktor productId=507878740 startPage=1
[2026-04-05T14:46:43.575Z] [INFO] [review traktor/507878740] page=1 +1 reviews (unique=1)
[2026-04-05T14:46:43.599Z] [INFO] [REVIEW SAVED] /mnt/c/Developer/Review_AI/scraper_project/raw_data/traktor/507878740_reviews.json
[2026-04-05T14:46:43.620Z] [INFO] 
[START REVIEW] category=traktor productId=493571705 startPage=1
[2026-04-05T14:46:43.643Z] [INFO] 
[REVIEW WORKER 6] starting traktor/493504403
[2026-04-05T14:46:43.965Z] [INFO] [review traktor/493571705] page=1 +1 reviews (unique=1)
[2026-04-05T14:46:43.981Z] [INFO] [REVIEW SAVED] /mnt/c/Developer/Review_AI/scraper_project/raw_data/traktor/493571705_reviews.json
[2026-04-05T14:46:44.007Z] [INFO] 
[REVIEW WORKER 1] starting traktor/528343783
[2026-04-05T14:46:44.684Z] [INFO] [review traktor/598530529] page=1 +0 reviews (unique=0)
[2026-04-05T14:46:44.720Z] [INFO] [REVIEW SAVED] /mnt/c/Developer/Review_AI/scraper_project/raw_data/traktor/598530529_reviews.json
[2026-04-05T14:46:44.748Z] [INFO] 
[REVIEW WORKER 3] starting traktor/506976045
[2026-04-05T14:46:44.921Z] [INFO] 
[START REVIEW] category=traktor productId=546160411 startPage=1
[2026-04-05T14:46:45.134Z] [INFO] [review traktor/546160411] page=1 +0 reviews (unique=0)
[2026-04-05T14:46:45.175Z] [INFO] [REVIEW SAVED] /mnt/c/Developer/Review_AI/scraper_project/raw_data/traktor/546160411_reviews.json
[2026-04-05T14:46:45.243Z] [INFO] 
[REVIEW WORKER 5] starting traktor/537285244
[2026-04-05T14:46:45.808Z] [INFO] 
[START REVIEW] category=traktor productId=506123932 startPage=1
[2026-04-05T14:46:46.050Z] [INFO] [review traktor/506123932] page=1 +3 reviews (unique=3)
[2026-04-05T14:46:46.084Z] [INFO] [REVIEW SAVED] /mnt/c/Developer/Review_AI/scraper_project/raw_data/traktor/506123932_reviews.json
[2026-04-05T14:46:46.116Z] [INFO] 
[REVIEW WORKER 2] starting traktor/493489174
[2026-04-05T14:46:47.880Z] [INFO] 
[START REVIEW] category=traktor productId=493504403 startPage=1
[2026-04-05T14:46:48.290Z] [INFO] 
[START REVIEW] category=traktor productId=528343783 startPage=1
[2026-04-05T14:46:48.553Z] [INFO] 
[START REVIEW] category=traktor productId=507634131 startPage=1
[2026-04-05T14:46:48.675Z] [INFO] [review traktor/528343783] page=1 +0 reviews (unique=0)
[2026-04-05T14:46:48.698Z] [INFO] [REVIEW SAVED] /mnt/c/Developer/Review_AI/scraper_project/raw_data/traktor/528343783_reviews.json
[2026-04-05T14:46:48.707Z] [INFO] [review traktor/493504403] page=1 +1 reviews (unique=1)
[2026-04-05T14:46:48.727Z] [INFO] [REVIEW SAVED] /mnt/c/Developer/Review_AI/scraper_project/raw_data/traktor/493504403_reviews.json
[2026-04-05T14:46:48.746Z] [INFO] 
[REVIEW WORKER 1] starting traktor/648781526
[2026-04-05T14:46:48.777Z] [INFO] 
[REVIEW WORKER 6] starting traktor/507104925
[2026-04-05T14:46:48.916Z] [INFO] [review traktor/507634131] page=1 +1 reviews (unique=1)
[2026-04-05T14:46:48.941Z] [INFO] [REVIEW SAVED] /mnt/c/Developer/Review_AI/scraper_project/raw_data/traktor/507634131_reviews.json
[2026-04-05T14:46:48.971Z] [INFO] 
[REVIEW WORKER 4] starting traktor/503292186
[2026-04-05T14:46:50.189Z] [INFO] 
[START REVIEW] category=traktor productId=506976045 startPage=1
[2026-04-05T14:46:50.561Z] [INFO] [review traktor/506976045] page=1 +0 reviews (unique=0)
[2026-04-05T14:46:50.583Z] [INFO] [REVIEW SAVED] /mnt/c/Developer/Review_AI/scraper_project/raw_data/traktor/506976045_reviews.json
[2026-04-05T14:46:50.603Z] [INFO] 
[REVIEW WORKER 3] starting traktor/738696545
[2026-04-05T14:46:50.895Z] [INFO] 
[START REVIEW] category=traktor productId=537285244 startPage=1
[2026-04-05T14:46:51.133Z] [INFO] [review traktor/537285244] page=1 +1 reviews (unique=1)
[2026-04-05T14:46:51.157Z] [INFO] [REVIEW SAVED] /mnt/c/Developer/Review_AI/scraper_project/raw_data/traktor/537285244_reviews.json
[2026-04-05T14:46:51.176Z] [INFO] 
[REVIEW WORKER 5] starting traktor/738674317
[2026-04-05T14:46:51.927Z] [INFO] 
[START REVIEW] category=traktor productId=493489174 startPage=1
[2026-04-05T14:46:52.208Z] [INFO] [review traktor/493489174] page=1 +0 reviews (unique=0)
[2026-04-05T14:46:52.250Z] [INFO] [REVIEW SAVED] /mnt/c/Developer/Review_AI/scraper_project/raw_data/traktor/493489174_reviews.json
[2026-04-05T14:46:52.308Z] [INFO] 
[REVIEW WORKER 2] starting traktor/549645359
[2026-04-05T14:46:53.315Z] [INFO] 
[START REVIEW] category=traktor productId=507104925 startPage=1
[2026-04-05T14:46:53.430Z] [INFO] 
[START REVIEW] category=traktor productId=648781526 startPage=1
[2026-04-05T14:46:53.594Z] [INFO] 
[START REVIEW] category=traktor productId=503292186 startPage=1
[2026-04-05T14:46:54.189Z] [INFO] [review traktor/503292186] page=1 +1 reviews (unique=1)
[2026-04-05T14:46:54.244Z] [INFO] [REVIEW SAVED] /mnt/c/Developer/Review_AI/scraper_project/raw_data/traktor/503292186_reviews.json
[2026-04-05T14:46:54.277Z] [INFO] [review traktor/507104925] page=1 +1 reviews (unique=1)
[2026-04-05T14:46:54.343Z] [INFO] [REVIEW SAVED] /mnt/c/Developer/Review_AI/scraper_project/raw_data/traktor/507104925_reviews.json
[2026-04-05T14:46:54.394Z] [INFO] 
[REVIEW WORKER 4] starting traktor/738685290
[2026-04-05T14:46:54.498Z] [INFO] 
[REVIEW WORKER 6] starting traktor/502379135
[2026-04-05T14:46:55.764Z] [INFO] 
[START REVIEW] category=traktor productId=738696545 startPage=1
[2026-04-05T14:46:56.307Z] [INFO] [review traktor/738696545] page=1 +0 reviews (unique=0)
[2026-04-05T14:46:56.400Z] [INFO] [REVIEW SAVED] /mnt/c/Developer/Review_AI/scraper_project/raw_data/traktor/738696545_reviews.json
[2026-04-05T14:46:56.495Z] [INFO] [review traktor/648781526] page=1 +1 reviews (unique=1)
[2026-04-05T14:46:56.581Z] [INFO] [REVIEW SAVED] /mnt/c/Developer/Review_AI/scraper_project/raw_data/traktor/648781526_reviews.json
[2026-04-05T14:46:56.670Z] [INFO] 
[REVIEW WORKER 1] starting traktor/738817830
[2026-04-05T14:46:56.705Z] [INFO] 
[START REVIEW] category=traktor productId=738674317 startPage=1
[2026-04-05T14:46:56.721Z] [INFO] 
[REVIEW WORKER 3] starting traktor/738696950
[2026-04-05T14:46:56.899Z] [INFO] 
[START REVIEW] category=traktor productId=549645359 startPage=1
[2026-04-05T14:46:57.039Z] [INFO] [review traktor/738674317] page=1 +0 reviews (unique=0)
[2026-04-05T14:46:57.059Z] [INFO] [REVIEW SAVED] /mnt/c/Developer/Review_AI/scraper_project/raw_data/traktor/738674317_reviews.json
[2026-04-05T14:46:57.078Z] [INFO] 
[REVIEW WORKER 5] starting traktor/522237746
[2026-04-05T14:46:57.212Z] [INFO] [review traktor/549645359] page=1 +1 reviews (unique=1)
[2026-04-05T14:46:57.226Z] [INFO] [REVIEW SAVED] /mnt/c/Developer/Review_AI/scraper_project/raw_data/traktor/549645359_reviews.json
[2026-04-05T14:46:57.241Z] [INFO] 
[REVIEW WORKER 2] starting traktor/738699029
[2026-04-05T14:46:58.880Z] [INFO] 
[START REVIEW] category=traktor productId=502379135 startPage=1
[2026-04-05T14:46:59.099Z] [INFO] [review traktor/502379135] page=1 +1 reviews (unique=1)
[2026-04-05T14:46:59.125Z] [INFO] [REVIEW SAVED] /mnt/c/Developer/Review_AI/scraper_project/raw_data/traktor/502379135_reviews.json
[2026-04-05T14:46:59.145Z] [INFO] 
[REVIEW WORKER 6] starting traktor/495076337
[2026-04-05T14:46:59.164Z] [INFO] 
[START REVIEW] category=traktor productId=738685290 startPage=1
[2026-04-05T14:46:59.402Z] [INFO] [review traktor/738685290] page=1 +0 reviews (unique=0)
[2026-04-05T14:46:59.420Z] [INFO] [REVIEW SAVED] /mnt/c/Developer/Review_AI/scraper_project/raw_data/traktor/738685290_reviews.json
[2026-04-05T14:46:59.440Z] [INFO] 
[REVIEW WORKER 4] starting traktor/738687412
[2026-04-05T14:47:01.389Z] [INFO] 
[START REVIEW] category=traktor productId=738696950 startPage=1
[2026-04-05T14:47:01.413Z] [INFO] 
[START REVIEW] category=traktor productId=522237746 startPage=1
[2026-04-05T14:47:01.992Z] [INFO] 
[START REVIEW] category=traktor productId=738817830 startPage=1
[2026-04-05T14:47:02.508Z] [INFO] 
[START REVIEW] category=traktor productId=738699029 startPage=1
[2026-04-05T14:47:02.901Z] [INFO] [review traktor/738696950] page=1 +0 reviews (unique=0)
[2026-04-05T14:47:02.938Z] [INFO] [REVIEW SAVED] /mnt/c/Developer/Review_AI/scraper_project/raw_data/traktor/738696950_reviews.json
[2026-04-05T14:47:02.964Z] [INFO] 
[REVIEW WORKER 3] starting traktor/738674867
[2026-04-05T14:47:02.998Z] [INFO] [review traktor/522237746] page=1 +1 reviews (unique=1)
[2026-04-05T14:47:03.058Z] [INFO] [REVIEW SAVED] /mnt/c/Developer/Review_AI/scraper_project/raw_data/traktor/522237746_reviews.json
[2026-04-05T14:47:03.083Z] [INFO] [review traktor/738817830] page=1 +0 reviews (unique=0)
[2026-04-05T14:47:03.138Z] [INFO] [REVIEW SAVED] /mnt/c/Developer/Review_AI/scraper_project/raw_data/traktor/738817830_reviews.json
[2026-04-05T14:47:03.182Z] [INFO] 
[REVIEW WORKER 5] starting traktor/738818812
[2026-04-05T14:47:03.206Z] [INFO] 
[REVIEW WORKER 1] starting traktor/738819568
[2026-04-05T14:47:03.237Z] [INFO] [review traktor/738699029] page=1 +0 reviews (unique=0)
[2026-04-05T14:47:03.273Z] [INFO] [REVIEW SAVED] /mnt/c/Developer/Review_AI/scraper_project/raw_data/traktor/738699029_reviews.json
[2026-04-05T14:47:03.297Z] [INFO] 
[REVIEW WORKER 2] starting traktor/738697885
[2026-04-05T14:47:05.493Z] [INFO] 
[START REVIEW] category=traktor productId=495076337 startPage=1
[2026-04-05T14:47:05.737Z] [INFO] [review traktor/495076337] page=1 +1 reviews (unique=1)
[2026-04-05T14:47:05.761Z] [INFO] [REVIEW SAVED] /mnt/c/Developer/Review_AI/scraper_project/raw_data/traktor/495076337_reviews.json
[2026-04-05T14:47:05.776Z] [INFO] 
[REVIEW WORKER 6] starting traktor/738697434
[2026-04-05T14:47:05.969Z] [INFO] 
[START REVIEW] category=traktor productId=738687412 startPage=1
[2026-04-05T14:47:06.317Z] [INFO] [review traktor/738687412] page=1 +0 reviews (unique=0)
[2026-04-05T14:47:06.346Z] [INFO] [REVIEW SAVED] /mnt/c/Developer/Review_AI/scraper_project/raw_data/traktor/738687412_reviews.json
[2026-04-05T14:47:06.382Z] [INFO] 
[REVIEW WORKER 4] starting traktor/549643452
[2026-04-05T14:47:07.725Z] [INFO] 
[START REVIEW] category=traktor productId=738819568 startPage=1
[2026-04-05T14:47:07.740Z] [INFO] 
[START REVIEW] category=traktor productId=738674867 startPage=1
[2026-04-05T14:47:07.750Z] [INFO] 
[START REVIEW] category=traktor productId=738697885 startPage=1
[2026-04-05T14:47:07.767Z] [INFO] 
[START REVIEW] category=traktor productId=738818812 startPage=1
[2026-04-05T14:47:07.962Z] [INFO] [review traktor/738674867] page=1 +0 reviews (unique=0)
[2026-04-05T14:47:07.981Z] [INFO] [REVIEW SAVED] /mnt/c/Developer/Review_AI/scraper_project/raw_data/traktor/738674867_reviews.json
[2026-04-05T14:47:07.987Z] [INFO] [review traktor/738818812] page=1 +0 reviews (unique=0)
[2026-04-05T14:47:08.019Z] [INFO] [REVIEW SAVED] /mnt/c/Developer/Review_AI/scraper_project/raw_data/traktor/738818812_reviews.json
[2026-04-05T14:47:08.022Z] [INFO] [review traktor/738697885] page=1 +0 reviews (unique=0)
[2026-04-05T14:47:08.038Z] [INFO] [REVIEW SAVED] /mnt/c/Developer/Review_AI/scraper_project/raw_data/traktor/738697885_reviews.json
[2026-04-05T14:47:08.046Z] [INFO] [review traktor/738819568] page=1 +0 reviews (unique=0)
[2026-04-05T14:47:08.068Z] [INFO] [REVIEW SAVED] /mnt/c/Developer/Review_AI/scraper_project/raw_data/traktor/738819568_reviews.json
[2026-04-05T14:47:08.080Z] [INFO] 
[REVIEW WORKER 3] starting traktor/738677080
[2026-04-05T14:47:08.092Z] [INFO] 
[REVIEW WORKER 5] starting traktor/738658022
[2026-04-05T14:47:08.099Z] [INFO] 
[REVIEW WORKER 2] starting traktor/738389440
[2026-04-05T14:47:08.130Z] [INFO] 
[REVIEW WORKER 1] starting traktor/738168829
[2026-04-05T14:47:09.997Z] [INFO] 
[START REVIEW] category=traktor productId=738697434 startPage=1
[2026-04-05T14:47:10.338Z] [INFO] [review traktor/738697434] page=1 +0 reviews (unique=0)
[2026-04-05T14:47:10.375Z] [INFO] [REVIEW SAVED] /mnt/c/Developer/Review_AI/scraper_project/raw_data/traktor/738697434_reviews.json
[2026-04-05T14:47:10.415Z] [INFO] 
[REVIEW WORKER 6] starting traktor/738523360
[2026-04-05T14:47:11.082Z] [INFO] 
[START REVIEW] category=traktor productId=549643452 startPage=1
[2026-04-05T14:47:11.433Z] [INFO] [review traktor/549643452] page=1 +1 reviews (unique=1)
[2026-04-05T14:47:11.486Z] [INFO] [REVIEW SAVED] /mnt/c/Developer/Review_AI/scraper_project/raw_data/traktor/549643452_reviews.json
[2026-04-05T14:47:11.522Z] [INFO] 
[REVIEW WORKER 4] starting traktor/738479968
[2026-04-05T14:47:13.334Z] [INFO] 
[START REVIEW] category=traktor productId=738677080 startPage=1
[2026-04-05T14:47:13.349Z] [INFO] 
[START REVIEW] category=traktor productId=738389440 startPage=1
[2026-04-05T14:47:13.365Z] [INFO] 
[START REVIEW] category=traktor productId=738168829 startPage=1
[2026-04-05T14:47:13.378Z] [INFO] 
[START REVIEW] category=traktor productId=738658022 startPage=1
[2026-04-05T14:47:13.749Z] [INFO] [review traktor/738677080] page=1 +0 reviews (unique=0)
[2026-04-05T14:47:13.786Z] [INFO] [REVIEW SAVED] /mnt/c/Developer/Review_AI/scraper_project/raw_data/traktor/738677080_reviews.json
[2026-04-05T14:47:13.812Z] [INFO] 
[REVIEW WORKER 3] starting traktor/738392134
[2026-04-05T14:47:13.829Z] [INFO] [review traktor/738658022] page=1 +0 reviews (unique=0)
[2026-04-05T14:47:13.855Z] [INFO] [REVIEW SAVED] /mnt/c/Developer/Review_AI/scraper_project/raw_data/traktor/738658022_reviews.json
[2026-04-05T14:47:13.873Z] [INFO] 
[REVIEW WORKER 5] starting traktor/738160922
[2026-04-05T14:47:13.925Z] [INFO] [review traktor/738389440] page=1 +0 reviews (unique=0)
[2026-04-05T14:47:13.943Z] [INFO] [REVIEW SAVED] /mnt/c/Developer/Review_AI/scraper_project/raw_data/traktor/738389440_reviews.json
[2026-04-05T14:47:13.950Z] [INFO] [review traktor/738168829] page=1 +0 reviews (unique=0)
[2026-04-05T14:47:13.976Z] [INFO] [REVIEW SAVED] /mnt/c/Developer/Review_AI/scraper_project/raw_data/traktor/738168829_reviews.json
[2026-04-05T14:47:14.032Z] [INFO] 
[REVIEW WORKER 2] starting traktor/738480706
[2026-04-05T14:47:14.068Z] [INFO] 
[REVIEW WORKER 1] starting traktor/738523683
[2026-04-05T14:47:15.764Z] [INFO] 
[START REVIEW] category=traktor productId=738523360 startPage=1
[2026-04-05T14:47:15.960Z] [INFO] [review traktor/738523360] page=1 +0 reviews (unique=0)
[2026-04-05T14:47:15.996Z] [INFO] [REVIEW SAVED] /mnt/c/Developer/Review_AI/scraper_project/raw_data/traktor/738523360_reviews.json
[2026-04-05T14:47:16.037Z] [INFO] 
[REVIEW WORKER 6] starting traktor/738206631
[2026-04-05T14:47:16.366Z] [INFO] 
[START REVIEW] category=traktor productId=738479968 startPage=1
[2026-04-05T14:47:16.613Z] [INFO] [review traktor/738479968] page=1 +0 reviews (unique=0)
[2026-04-05T14:47:16.648Z] [INFO] [REVIEW SAVED] /mnt/c/Developer/Review_AI/scraper_project/raw_data/traktor/738479968_reviews.json
[2026-04-05T14:47:16.687Z] [INFO] 
[REVIEW WORKER 4] starting traktor/738168536
[2026-04-05T14:47:18.560Z] [INFO] 
[START REVIEW] category=traktor productId=738160922 startPage=1
[2026-04-05T14:47:18.572Z] [INFO] 
[START REVIEW] category=traktor productId=738392134 startPage=1
[2026-04-05T14:47:18.707Z] [INFO] 
[START REVIEW] category=traktor productId=738523683 startPage=1
[2026-04-05T14:47:19.000Z] [INFO] 
[START REVIEW] category=traktor productId=738480706 startPage=1
[2026-04-05T14:47:20.254Z] [INFO] [review traktor/738392134] page=1 +0 reviews (unique=0)
[2026-04-05T14:47:20.276Z] [INFO] [REVIEW SAVED] /mnt/c/Developer/Review_AI/scraper_project/raw_data/traktor/738392134_reviews.json
[2026-04-05T14:47:20.288Z] [INFO] [review traktor/738523683] page=1 +0 reviews (unique=0)
[2026-04-05T14:47:20.319Z] [INFO] [REVIEW SAVED] /mnt/c/Developer/Review_AI/scraper_project/raw_data/traktor/738523683_reviews.json
[2026-04-05T14:47:20.334Z] [INFO] 
[REVIEW WORKER 3] starting traktor/738391438
[2026-04-05T14:47:20.418Z] [INFO] 
[REVIEW WORKER 1] starting traktor/738335022
[2026-04-05T14:47:20.426Z] [INFO] [review traktor/738160922] page=1 +0 reviews (unique=0)
[2026-04-05T14:47:20.464Z] [INFO] [REVIEW SAVED] /mnt/c/Developer/Review_AI/scraper_project/raw_data/traktor/738160922_reviews.json
[2026-04-05T14:47:20.480Z] [INFO] [review traktor/738480706] page=1 +0 reviews (unique=0)
[2026-04-05T14:47:20.510Z] [INFO] [REVIEW SAVED] /mnt/c/Developer/Review_AI/scraper_project/raw_data/traktor/738480706_reviews.json
[2026-04-05T14:47:20.520Z] [INFO] 
[REVIEW WORKER 5] starting traktor/738477129
[2026-04-05T14:47:20.591Z] [INFO] 
[REVIEW WORKER 2] starting traktor/738187376
[2026-04-05T14:47:22.441Z] [INFO] 
[START REVIEW] category=traktor productId=738206631 startPage=1
[2026-04-05T14:47:23.029Z] [INFO] 
[START REVIEW] category=traktor productId=738168536 startPage=1
[2026-04-05T14:47:23.408Z] [INFO] [review traktor/738168536] page=1 +0 reviews (unique=0)
[2026-04-05T14:47:23.432Z] [INFO] [REVIEW SAVED] /mnt/c/Developer/Review_AI/scraper_project/raw_data/traktor/738168536_reviews.json
[2026-04-05T14:47:23.446Z] [INFO] 
[REVIEW WORKER 4] starting traktor/738660885
[2026-04-05T14:47:25.588Z] [INFO] 
[START REVIEW] category=traktor productId=738477129 startPage=1
[2026-04-05T14:47:25.610Z] [INFO] 
[START REVIEW] category=traktor productId=738187376 startPage=1
[2026-04-05T14:47:25.621Z] [INFO] 
[START REVIEW] category=traktor productId=738335022 startPage=1
[2026-04-05T14:47:25.623Z] [INFO] [review traktor/738206631] page=1 +0 reviews (unique=0)
[2026-04-05T14:47:25.639Z] [INFO] [REVIEW SAVED] /mnt/c/Developer/Review_AI/scraper_project/raw_data/traktor/738206631_reviews.json
[2026-04-05T14:47:25.653Z] [INFO] 
[REVIEW WORKER 6] starting traktor/738206774
[2026-04-05T14:47:25.820Z] [INFO] [review traktor/738477129] page=1 +0 reviews (unique=0)
[2026-04-05T14:47:25.833Z] [INFO] [REVIEW SAVED] /mnt/c/Developer/Review_AI/scraper_project/raw_data/traktor/738477129_reviews.json
[2026-04-05T14:47:25.836Z] [INFO] [review traktor/738187376] page=1 +0 reviews (unique=0)
[2026-04-05T14:47:25.851Z] [INFO] [REVIEW SAVED] /mnt/c/Developer/Review_AI/scraper_project/raw_data/traktor/738187376_reviews.json
[2026-04-05T14:47:25.854Z] [INFO] [review traktor/738335022] page=1 +0 reviews (unique=0)
[2026-04-05T14:47:25.881Z] [INFO] [REVIEW SAVED] /mnt/c/Developer/Review_AI/scraper_project/raw_data/traktor/738335022_reviews.json
[2026-04-05T14:47:25.886Z] [INFO] 
[REVIEW WORKER 5] starting traktor/738187812
[2026-04-05T14:47:25.893Z] [INFO] 
[REVIEW WORKER 2] starting traktor/738392988
[2026-04-05T14:47:25.910Z] [INFO] 
[REVIEW WORKER 1] starting traktor/738168033
[2026-04-05T14:47:28.003Z] [INFO] 
[START REVIEW] category=traktor productId=738660885 startPage=1
[2026-04-05T14:47:28.403Z] [INFO] [review traktor/738660885] page=1 +0 reviews (unique=0)
[2026-04-05T14:47:28.444Z] [INFO] [REVIEW SAVED] /mnt/c/Developer/Review_AI/scraper_project/raw_data/traktor/738660885_reviews.json
[2026-04-05T14:47:28.478Z] [INFO] 
[REVIEW WORKER 4] starting traktor/464319695
[2026-04-05T14:47:30.235Z] [INFO] 
[START REVIEW] category=traktor productId=738206774 startPage=1
[2026-04-05T14:47:30.285Z] [INFO] 
[START REVIEW] category=traktor productId=738187812 startPage=1
[2026-04-05T14:47:30.318Z] [INFO] 
[START REVIEW] category=traktor productId=738168033 startPage=1
[2026-04-05T14:47:30.754Z] [INFO] 
[START REVIEW] category=traktor productId=738392988 startPage=1
[2026-04-05T14:47:30.777Z] [INFO] [review traktor/738168033] page=1 +0 reviews (unique=0)
[2026-04-05T14:47:30.861Z] [INFO] [REVIEW SAVED] /mnt/c/Developer/Review_AI/scraper_project/raw_data/traktor/738168033_reviews.json
[2026-04-05T14:47:30.871Z] [INFO] [review traktor/738206774] page=1 +0 reviews (unique=0)
[2026-04-05T14:47:31.010Z] [INFO] [REVIEW SAVED] /mnt/c/Developer/Review_AI/scraper_project/raw_data/traktor/738206774_reviews.json
[2026-04-05T14:47:31.127Z] [INFO] 
[REVIEW WORKER 1] starting traktor/460268806
[2026-04-05T14:47:31.167Z] [INFO] 
[REVIEW WORKER 6] starting traktor/569853693
[2026-04-05T14:47:31.342Z] [INFO] [review traktor/738187812] page=1 +0 reviews (unique=0)
[2026-04-05T14:47:31.372Z] [INFO] [REVIEW SAVED] /mnt/c/Developer/Review_AI/scraper_project/raw_data/traktor/738187812_reviews.json
[2026-04-05T14:47:31.400Z] [INFO] 
[START REVIEW] category=traktor productId=738391438 startPage=1
[2026-04-05T14:47:31.410Z] [INFO] [review traktor/738392988] page=1 +0 reviews (unique=0)
[2026-04-05T14:47:31.451Z] [INFO] [REVIEW SAVED] /mnt/c/Developer/Review_AI/scraper_project/raw_data/traktor/738392988_reviews.json
[2026-04-05T14:47:31.504Z] [INFO] 
[REVIEW WORKER 5] starting traktor/647541842
[2026-04-05T14:47:31.525Z] [INFO] 
[REVIEW WORKER 2] starting traktor/505615471
[2026-04-05T14:47:31.726Z] [INFO] [review traktor/738391438] page=1 +0 reviews (unique=0)
[2026-04-05T14:47:31.740Z] [INFO] [REVIEW SAVED] /mnt/c/Developer/Review_AI/scraper_project/raw_data/traktor/738391438_reviews.json
[2026-04-05T14:47:31.757Z] [INFO] 
[REVIEW WORKER 3] starting traktor/460288514
[2026-04-05T14:47:33.095Z] [INFO] 
[START REVIEW] category=traktor productId=464319695 startPage=1
[2026-04-05T14:47:33.316Z] [INFO] [review traktor/464319695] page=1 +0 reviews (unique=0)
[2026-04-05T14:47:33.334Z] [INFO] [REVIEW SAVED] /mnt/c/Developer/Review_AI/scraper_project/raw_data/traktor/464319695_reviews.json
[2026-04-05T14:47:33.360Z] [INFO] 
[REVIEW WORKER 4] starting traktor/458564538
[2026-04-05T14:47:35.447Z] [INFO] 
[START REVIEW] category=traktor productId=505615471 startPage=1
[2026-04-05T14:47:35.466Z] [INFO] 
[START REVIEW] category=traktor productId=569853693 startPage=1
[2026-04-05T14:47:35.484Z] [INFO] 
[START REVIEW] category=traktor productId=460268806 startPage=1
[2026-04-05T14:47:35.505Z] [INFO] 
[START REVIEW] category=traktor productId=647541842 startPage=1
[2026-04-05T14:47:35.843Z] [INFO] [review traktor/569853693] page=1 +2 reviews (unique=2)
[2026-04-05T14:47:35.872Z] [INFO] [REVIEW SAVED] /mnt/c/Developer/Review_AI/scraper_project/raw_data/traktor/569853693_reviews.json
[2026-04-05T14:47:35.878Z] [INFO] [review traktor/647541842] page=1 +0 reviews (unique=0)
[2026-04-05T14:47:35.908Z] [INFO] [REVIEW SAVED] /mnt/c/Developer/Review_AI/scraper_project/raw_data/traktor/647541842_reviews.json
[2026-04-05T14:47:35.917Z] [INFO] [review traktor/505615471] page=1 +0 reviews (unique=0)
[2026-04-05T14:47:35.937Z] [INFO] [REVIEW SAVED] /mnt/c/Developer/Review_AI/scraper_project/raw_data/traktor/505615471_reviews.json
[2026-04-05T14:47:35.942Z] [INFO] [review traktor/460268806] page=1 +8 reviews (unique=8)
[2026-04-05T14:47:35.972Z] [INFO] 
[REVIEW WORKER 6] starting traktor/531339576
[2026-04-05T14:47:35.982Z] [INFO] 
[REVIEW WORKER 5] starting traktor/576857142
[2026-04-05T14:47:35.990Z] [INFO] 
[REVIEW WORKER 2] starting traktor/737471490
[2026-04-05T14:47:36.588Z] [INFO] [review traktor/460268806] page=2 +6 reviews (unique=14)
[2026-04-05T14:47:36.613Z] [INFO] [REVIEW SAVED] /mnt/c/Developer/Review_AI/scraper_project/raw_data/traktor/460268806_reviews.json
[2026-04-05T14:47:36.631Z] [INFO] 
[REVIEW WORKER 1] starting traktor/542871148
[2026-04-05T14:47:36.745Z] [INFO] 
[START REVIEW] category=traktor productId=460288514 startPage=1
[2026-04-05T14:47:36.993Z] [INFO] [review traktor/460288514] page=1 +8 reviews (unique=8)
[2026-04-05T14:47:37.030Z] [INFO] [REVIEW SAVED] /mnt/c/Developer/Review_AI/scraper_project/raw_data/traktor/460288514_reviews.json
[2026-04-05T14:47:37.146Z] [INFO] 
[REVIEW WORKER 3] starting traktor/421308900
[2026-04-05T14:47:38.258Z] [INFO] 
[START REVIEW] category=traktor productId=458564538 startPage=1
[2026-04-05T14:47:38.737Z] [INFO] [review traktor/458564538] page=1 +4 reviews (unique=4)
[2026-04-05T14:47:38.785Z] [INFO] [REVIEW SAVED] /mnt/c/Developer/Review_AI/scraper_project/raw_data/traktor/458564538_reviews.json
[2026-04-05T14:47:38.817Z] [INFO] 
[REVIEW WORKER 4] starting traktor/513294688
[2026-04-05T14:47:40.624Z] [INFO] 
[START REVIEW] category=traktor productId=576857142 startPage=1
[2026-04-05T14:47:40.636Z] [INFO] 
[START REVIEW] category=traktor productId=737471490 startPage=1
[2026-04-05T14:47:40.651Z] [INFO] 
[START REVIEW] category=traktor productId=531339576 startPage=1
[2026-04-05T14:47:40.888Z] [INFO] [review traktor/576857142] page=1 +0 reviews (unique=0)
[2026-04-05T14:47:40.909Z] [INFO] [REVIEW SAVED] /mnt/c/Developer/Review_AI/scraper_project/raw_data/traktor/576857142_reviews.json
[2026-04-05T14:47:40.917Z] [INFO] [review traktor/737471490] page=1 +8 reviews (unique=8)
[2026-04-05T14:47:40.925Z] [INFO] [review traktor/531339576] page=1 +0 reviews (unique=0)
[2026-04-05T14:47:40.942Z] [INFO] [REVIEW SAVED] /mnt/c/Developer/Review_AI/scraper_project/raw_data/traktor/531339576_reviews.json
[2026-04-05T14:47:40.958Z] [INFO] 
[REVIEW WORKER 5] starting traktor/517929958
[2026-04-05T14:47:40.981Z] [INFO] 
[REVIEW WORKER 6] starting traktor/548766572
[2026-04-05T14:47:41.145Z] [INFO] 
[START REVIEW] category=traktor productId=542871148 startPage=1
[2026-04-05T14:47:41.469Z] [INFO] [review traktor/542871148] page=1 +0 reviews (unique=0)
[2026-04-05T14:47:41.498Z] [INFO] [REVIEW SAVED] /mnt/c/Developer/Review_AI/scraper_project/raw_data/traktor/542871148_reviews.json
[2026-04-05T14:47:41.502Z] [INFO] [review traktor/737471490] page=2 +2 reviews (unique=10)
[2026-04-05T14:47:41.516Z] [INFO] [REVIEW SAVED] /mnt/c/Developer/Review_AI/scraper_project/raw_data/traktor/737471490_reviews.json
[2026-04-05T14:47:41.532Z] [INFO] 
[REVIEW WORKER 1] starting traktor/709093690
[2026-04-05T14:47:41.548Z] [INFO] 
[REVIEW WORKER 2] starting traktor/537934057
[2026-04-05T14:47:42.075Z] [INFO] 
[START REVIEW] category=traktor productId=421308900 startPage=1
[2026-04-05T14:47:42.316Z] [INFO] [review traktor/421308900] page=1 +7 reviews (unique=7)
[2026-04-05T14:47:42.332Z] [INFO] [REVIEW SAVED] /mnt/c/Developer/Review_AI/scraper_project/raw_data/traktor/421308900_reviews.json
[2026-04-05T14:47:42.350Z] [INFO] 
[REVIEW WORKER 3] starting traktor/527064240
[2026-04-05T14:47:43.670Z] [INFO] 
[START REVIEW] category=traktor productId=513294688 startPage=1
[2026-04-05T14:47:44.509Z] [INFO] [review traktor/513294688] page=1 +0 reviews (unique=0)
[2026-04-05T14:47:44.538Z] [INFO] [REVIEW SAVED] /mnt/c/Developer/Review_AI/scraper_project/raw_data/traktor/513294688_reviews.json
[2026-04-05T14:47:44.571Z] [INFO] 
[REVIEW WORKER 4] starting traktor/713423739
[2026-04-05T14:47:45.420Z] [INFO] 
[START REVIEW] category=traktor productId=517929958 startPage=1
[2026-04-05T14:47:45.950Z] [INFO] [review traktor/517929958] page=1 +8 reviews (unique=8)
[2026-04-05T14:47:46.046Z] [INFO] 
[START REVIEW] category=traktor productId=709093690 startPage=1
[2026-04-05T14:47:46.475Z] [INFO] [review traktor/709093690] page=1 +0 reviews (unique=0)
[2026-04-05T14:47:46.544Z] [INFO] [REVIEW SAVED] /mnt/c/Developer/Review_AI/scraper_project/raw_data/traktor/709093690_reviews.json
[2026-04-05T14:47:46.578Z] [INFO] 
[START REVIEW] category=traktor productId=537934057 startPage=1
[2026-04-05T14:47:46.626Z] [INFO] 
[REVIEW WORKER 1] starting traktor/555337542
[2026-04-05T14:47:46.719Z] [INFO] [review traktor/517929958] page=2 +2 reviews (unique=10)
[2026-04-05T14:47:46.758Z] [INFO] [REVIEW SAVED] /mnt/c/Developer/Review_AI/scraper_project/raw_data/traktor/517929958_reviews.json
[2026-04-05T14:47:46.844Z] [INFO] 
[START REVIEW] category=traktor productId=527064240 startPage=1
[2026-04-05T14:47:46.864Z] [INFO] [review traktor/537934057] page=1 +0 reviews (unique=0)
[2026-04-05T14:47:46.918Z] [INFO] [REVIEW SAVED] /mnt/c/Developer/Review_AI/scraper_project/raw_data/traktor/537934057_reviews.json
[2026-04-05T14:47:47.200Z] [INFO] [review traktor/527064240] page=1 +3 reviews (unique=3)
[2026-04-05T14:47:47.238Z] [INFO] [REVIEW SAVED] /mnt/c/Developer/Review_AI/scraper_project/raw_data/traktor/527064240_reviews.json
[2026-04-05T14:47:48.936Z] [INFO] 
[START REVIEW] category=traktor productId=713423739 startPage=1
[2026-04-05T14:47:49.210Z] [INFO] [review traktor/713423739] page=1 +1 reviews (unique=1)
[2026-04-05T14:47:49.225Z] [INFO] [REVIEW SAVED] /mnt/c/Developer/Review_AI/scraper_project/raw_data/traktor/713423739_reviews.json
[2026-04-05T14:47:50.668Z] [INFO] 
[START REVIEW] category=traktor productId=555337542 startPage=1
[2026-04-05T14:47:50.893Z] [INFO] [review traktor/555337542] page=1 +4 reviews (unique=4)
[2026-04-05T14:47:50.904Z] [INFO] [REVIEW SAVED] /mnt/c/Developer/Review_AI/scraper_project/raw_data/traktor/555337542_reviews.json
[2026-04-05T14:48:42.284Z] [ERROR] [REVIEW ERROR] traktor/548766572
[2026-04-05T14:48:42.297Z] [ERROR] {"name":"TimeoutError"}
[2026-04-05T14:48:42.328Z] [INFO] 
All review jobs finished.
