[2026-04-05T10:42:04.684Z] [INFO] [RESUME] summary file: /Users/artifact/Developer/review_ai/Review_AI/scraper_project/logs/review_run_2026-04-04T19-24-10-361Z_summary.json
[2026-04-05T10:42:04.685Z] [INFO] [RESUME] continuing from runId=review_run_2026-04-04T19-24-10-361Z
[2026-04-05T10:42:04.685Z] [INFO] [RUN] id=review_run_2026-04-05T10-42-04-623Z
[2026-04-05T10:42:04.685Z] [INFO] [RUN] log file: /Users/artifact/Developer/review_ai/Review_AI/scraper_project/logs/review_run_2026-04-05T10-42-04-623Z.log
[2026-04-05T10:42:04.685Z] [INFO] [RUN] summary file: /Users/artifact/Developer/review_ai/Review_AI/scraper_project/logs/review_run_2026-04-05T10-42-04-623Z_summary.json
[2026-04-05T10:42:05.413Z] [INFO] [REVIEWS] loaded 1990 review jobs from /Users/artifact/Developer/review_ai/Review_AI/scraper_project/product_ids
[2026-04-05T10:42:05.413Z] [INFO] [REVIEWS] category filter: agiz-dis-bakimi, aksesuar-ve-tuning
[2026-04-05T10:42:05.413Z] [INFO] [REVIEWS] resume mode enabled from review_run_2026-04-04T19-24-10-361Z
[2026-04-05T10:42:05.413Z] [INFO] [REVIEWS] concurrency: 3
[2026-04-05T10:42:05.413Z] [INFO] 
[REVIEW WORKER 1] starting agiz-dis-bakimi/646972459
[2026-04-05T10:42:05.414Z] [INFO] 
[REVIEW WORKER 2] starting agiz-dis-bakimi/436694886
[2026-04-05T10:42:05.414Z] [INFO] 
[REVIEW WORKER 3] starting agiz-dis-bakimi/647870271
[2026-04-05T10:42:09.500Z] [INFO] 
[START REVIEW] category=agiz-dis-bakimi productId=646972459 startPage=37
[2026-04-05T10:42:09.719Z] [INFO] 
[START REVIEW] category=agiz-dis-bakimi productId=436694886 startPage=1
[2026-04-05T10:42:10.685Z] [INFO] 
[START REVIEW] category=agiz-dis-bakimi productId=647870271 startPage=1
[2026-04-05T10:42:12.737Z] [INFO] [review agiz-dis-bakimi/646972459] page=37 +8 reviews (unique=296)
[2026-04-05T10:42:13.088Z] [INFO] [review agiz-dis-bakimi/436694886] page=1 +8 reviews (unique=8)
[2026-04-05T10:42:13.416Z] [INFO] [review agiz-dis-bakimi/647870271] page=1 +8 reviews (unique=8)
[2026-04-05T10:42:14.568Z] [INFO] [review agiz-dis-bakimi/647870271] page=2 +8 reviews (unique=16)
[2026-04-05T10:42:15.263Z] [INFO] [review agiz-dis-bakimi/436694886] page=2 +4 reviews (unique=12)
[2026-04-05T10:42:15.269Z] [INFO] [REVIEW SAVED] /Users/artifact/Developer/review_ai/Review_AI/scraper_project/raw_data/agiz-dis-bakimi/436694886_reviews.json
[2026-04-05T10:42:15.279Z] [INFO] 
[REVIEW WORKER 2] starting agiz-dis-bakimi/569478866
[2026-04-05T10:42:15.458Z] [INFO] [review agiz-dis-bakimi/646972459] page=38 +8 reviews (unique=304)
[2026-04-05T10:42:15.468Z] [INFO] [review agiz-dis-bakimi/647870271] page=3 +4 reviews (unique=20)
[2026-04-05T10:42:15.469Z] [INFO] [REVIEW SAVED] /Users/artifact/Developer/review_ai/Review_AI/scraper_project/raw_data/agiz-dis-bakimi/647870271_reviews.json
[2026-04-05T10:42:15.479Z] [INFO] 
[REVIEW WORKER 3] starting agiz-dis-bakimi/723165497
[2026-04-05T10:42:16.116Z] [INFO] [review agiz-dis-bakimi/646972459] page=39 +8 reviews (unique=312)
[2026-04-05T10:42:16.670Z] [INFO] [review agiz-dis-bakimi/646972459] page=40 +8 reviews (unique=320)
[2026-04-05T10:42:16.674Z] [INFO] [REVIEW PARTIAL SAVED] /Users/artifact/Developer/review_ai/Review_AI/scraper_project/raw_data/agiz-dis-bakimi/646972459_reviews.partial.json
[2026-04-05T10:42:17.920Z] [INFO] [review agiz-dis-bakimi/646972459] page=41 +8 reviews (unique=328)
[2026-04-05T10:42:18.551Z] [INFO] [review agiz-dis-bakimi/646972459] page=42 +8 reviews (unique=336)
[2026-04-05T10:42:19.181Z] [INFO] [review agiz-dis-bakimi/646972459] page=43 +8 reviews (unique=344)
[2026-04-05T10:42:19.918Z] [INFO] [review agiz-dis-bakimi/646972459] page=44 +8 reviews (unique=352)
[2026-04-05T10:42:20.615Z] [INFO] [review agiz-dis-bakimi/646972459] page=45 +8 reviews (unique=360)
[2026-04-05T10:42:20.625Z] [INFO] [REVIEW PARTIAL SAVED] /Users/artifact/Developer/review_ai/Review_AI/scraper_project/raw_data/agiz-dis-bakimi/646972459_reviews.partial.json
[2026-04-05T10:42:20.928Z] [INFO] 
[START REVIEW] category=agiz-dis-bakimi productId=569478866 startPage=1
[2026-04-05T10:42:20.935Z] [INFO] 
[START REVIEW] category=agiz-dis-bakimi productId=723165497 startPage=1
[2026-04-05T10:42:21.114Z] [INFO] [review agiz-dis-bakimi/723165497] page=1 +3 reviews (unique=3)
[2026-04-05T10:42:21.115Z] [INFO] [REVIEW SAVED] /Users/artifact/Developer/review_ai/Review_AI/scraper_project/raw_data/agiz-dis-bakimi/723165497_reviews.json
[2026-04-05T10:42:21.136Z] [INFO] 
[REVIEW WORKER 3] starting agiz-dis-bakimi/659668791
[2026-04-05T10:42:21.254Z] [INFO] [review agiz-dis-bakimi/646972459] page=46 +8 reviews (unique=368)
[2026-04-05T10:42:22.274Z] [INFO] [review agiz-dis-bakimi/646972459] page=47 +8 reviews (unique=376)
[2026-04-05T10:42:22.277Z] [INFO] [review agiz-dis-bakimi/569478866] page=1 +8 reviews (unique=8)
[2026-04-05T10:42:23.076Z] [INFO] [review agiz-dis-bakimi/646972459] page=48 +8 reviews (unique=384)
[2026-04-05T10:42:23.653Z] [INFO] [review agiz-dis-bakimi/569478866] page=2 +8 reviews (unique=16)
[2026-04-05T10:42:23.747Z] [INFO] [review agiz-dis-bakimi/646972459] page=49 +8 reviews (unique=392)
[2026-04-05T10:42:24.169Z] [INFO] [review agiz-dis-bakimi/569478866] page=3 +8 reviews (unique=24)
[2026-04-05T10:42:24.399Z] [INFO] [review agiz-dis-bakimi/646972459] page=50 +8 reviews (unique=400)
[2026-04-05T10:42:24.403Z] [INFO] [REVIEW PARTIAL SAVED] /Users/artifact/Developer/review_ai/Review_AI/scraper_project/raw_data/agiz-dis-bakimi/646972459_reviews.partial.json
[2026-04-05T10:42:24.740Z] [INFO] [review agiz-dis-bakimi/569478866] page=4 +8 reviews (unique=32)
[2026-04-05T10:42:25.172Z] [INFO] [review agiz-dis-bakimi/646972459] page=51 +8 reviews (unique=408)
[2026-04-05T10:42:25.335Z] [INFO] [review agiz-dis-bakimi/569478866] page=5 +8 reviews (unique=40)
[2026-04-05T10:42:25.336Z] [INFO] [REVIEW PARTIAL SAVED] /Users/artifact/Developer/review_ai/Review_AI/scraper_project/raw_data/agiz-dis-bakimi/569478866_reviews.partial.json
[2026-04-05T10:42:25.864Z] [INFO] [review agiz-dis-bakimi/646972459] page=52 +8 reviews (unique=416)
[2026-04-05T10:42:25.894Z] [INFO] [review agiz-dis-bakimi/569478866] page=6 +8 reviews (unique=48)
[2026-04-05T10:42:25.908Z] [INFO] 
[START REVIEW] category=agiz-dis-bakimi productId=659668791 startPage=1
[2026-04-05T10:42:26.401Z] [INFO] [review agiz-dis-bakimi/646972459] page=53 +8 reviews (unique=424)
[2026-04-05T10:42:26.707Z] [INFO] [review agiz-dis-bakimi/569478866] page=7 +8 reviews (unique=56)
[2026-04-05T10:42:26.980Z] [INFO] [review agiz-dis-bakimi/646972459] page=54 +8 reviews (unique=432)
[2026-04-05T10:42:27.348Z] [INFO] [review agiz-dis-bakimi/569478866] page=8 +8 reviews (unique=64)
[2026-04-05T10:42:27.629Z] [INFO] [review agiz-dis-bakimi/646972459] page=55 +8 reviews (unique=440)
[2026-04-05T10:42:27.636Z] [INFO] [REVIEW PARTIAL SAVED] /Users/artifact/Developer/review_ai/Review_AI/scraper_project/raw_data/agiz-dis-bakimi/646972459_reviews.partial.json
[2026-04-05T10:42:27.952Z] [INFO] [review agiz-dis-bakimi/569478866] page=9 +8 reviews (unique=72)
[2026-04-05T10:42:28.181Z] [INFO] [review agiz-dis-bakimi/646972459] page=56 +8 reviews (unique=448)
[2026-04-05T10:42:28.605Z] [INFO] [review agiz-dis-bakimi/569478866] page=10 +8 reviews (unique=80)
[2026-04-05T10:42:28.607Z] [INFO] [REVIEW PARTIAL SAVED] /Users/artifact/Developer/review_ai/Review_AI/scraper_project/raw_data/agiz-dis-bakimi/569478866_reviews.partial.json
[2026-04-05T10:42:28.917Z] [INFO] [review agiz-dis-bakimi/659668791] page=1 +6 reviews (unique=6)
[2026-04-05T10:42:28.918Z] [INFO] [REVIEW SAVED] /Users/artifact/Developer/review_ai/Review_AI/scraper_project/raw_data/agiz-dis-bakimi/659668791_reviews.json
[2026-04-05T10:42:28.930Z] [INFO] 
[REVIEW WORKER 3] starting agiz-dis-bakimi/436695808
[2026-04-05T10:42:29.136Z] [INFO] [review agiz-dis-bakimi/569478866] page=11 +8 reviews (unique=88)
[2026-04-05T10:42:29.163Z] [INFO] [review agiz-dis-bakimi/646972459] page=57 +8 reviews (unique=456)
[2026-04-05T10:42:30.655Z] [INFO] [review agiz-dis-bakimi/569478866] page=12 +8 reviews (unique=96)
[2026-04-05T10:42:30.734Z] [INFO] [review agiz-dis-bakimi/646972459] page=58 +8 reviews (unique=464)
[2026-04-05T10:42:32.192Z] [INFO] [review agiz-dis-bakimi/569478866] page=13 +8 reviews (unique=104)
[2026-04-05T10:42:32.218Z] [INFO] [review agiz-dis-bakimi/646972459] page=59 +8 reviews (unique=472)
[2026-04-05T10:42:35.265Z] [INFO] [review agiz-dis-bakimi/569478866] page=14 +8 reviews (unique=112)
[2026-04-05T10:42:35.389Z] [INFO] [review agiz-dis-bakimi/646972459] page=60 +8 reviews (unique=480)
[2026-04-05T10:42:35.395Z] [INFO] [REVIEW PARTIAL SAVED] /Users/artifact/Developer/review_ai/Review_AI/scraper_project/raw_data/agiz-dis-bakimi/646972459_reviews.partial.json
[2026-04-05T10:42:38.964Z] [INFO] [review agiz-dis-bakimi/569478866] page=15 +8 reviews (unique=120)
[2026-04-05T10:42:38.967Z] [INFO] [REVIEW PARTIAL SAVED] /Users/artifact/Developer/review_ai/Review_AI/scraper_project/raw_data/agiz-dis-bakimi/569478866_reviews.partial.json
[2026-04-05T10:42:39.036Z] [INFO] [review agiz-dis-bakimi/646972459] page=61 +8 reviews (unique=488)
[2026-04-05T10:42:43.140Z] [INFO] [review agiz-dis-bakimi/646972459] page=62 +8 reviews (unique=496)
[2026-04-05T10:42:43.254Z] [INFO] [review agiz-dis-bakimi/569478866] page=16 +8 reviews (unique=128)
[2026-04-05T10:42:48.084Z] [INFO] [review agiz-dis-bakimi/646972459] page=63 +8 reviews (unique=504)
[2026-04-05T10:42:48.305Z] [INFO] [review agiz-dis-bakimi/569478866] page=17 +8 reviews (unique=136)
[2026-04-05T10:42:50.425Z] [INFO] [review agiz-dis-bakimi/646972459] page=64 +8 reviews (unique=512)
[2026-04-05T10:42:50.461Z] [INFO] [review agiz-dis-bakimi/569478866] page=18 +8 reviews (unique=144)
[2026-04-05T10:42:51.434Z] [INFO] [review agiz-dis-bakimi/569478866] page=19 +8 reviews (unique=152)
[2026-04-05T10:42:51.518Z] [INFO] [review agiz-dis-bakimi/646972459] page=65 +8 reviews (unique=520)
[2026-04-05T10:42:51.525Z] [INFO] [REVIEW PARTIAL SAVED] /Users/artifact/Developer/review_ai/Review_AI/scraper_project/raw_data/agiz-dis-bakimi/646972459_reviews.partial.json
[2026-04-05T10:42:52.033Z] [INFO] [review agiz-dis-bakimi/569478866] page=20 +8 reviews (unique=160)
[2026-04-05T10:42:52.034Z] [INFO] [REVIEW PARTIAL SAVED] /Users/artifact/Developer/review_ai/Review_AI/scraper_project/raw_data/agiz-dis-bakimi/569478866_reviews.partial.json
[2026-04-05T10:42:52.182Z] [INFO] [review agiz-dis-bakimi/646972459] page=66 +8 reviews (unique=528)
[2026-04-05T10:42:52.729Z] [INFO] [review agiz-dis-bakimi/569478866] page=21 +8 reviews (unique=168)
[2026-04-05T10:42:52.744Z] [INFO] [review agiz-dis-bakimi/646972459] page=67 +8 reviews (unique=536)
[2026-04-05T10:42:53.256Z] [INFO] 
[START REVIEW] category=agiz-dis-bakimi productId=436695808 startPage=1
[2026-04-05T10:42:53.290Z] [INFO] [review agiz-dis-bakimi/569478866] page=22 +8 reviews (unique=176)
[2026-04-05T10:42:53.346Z] [INFO] [review agiz-dis-bakimi/646972459] page=68 +8 reviews (unique=544)
[2026-04-05T10:42:53.630Z] [INFO] [review agiz-dis-bakimi/436695808] page=1 +8 reviews (unique=8)
[2026-04-05T10:42:53.970Z] [INFO] [review agiz-dis-bakimi/646972459] page=69 +8 reviews (unique=552)
[2026-04-05T10:42:53.986Z] [INFO] [review agiz-dis-bakimi/569478866] page=23 +8 reviews (unique=184)
[2026-04-05T10:42:54.206Z] [INFO] [review agiz-dis-bakimi/436695808] page=2 +8 reviews (unique=16)
[2026-04-05T10:42:54.714Z] [INFO] [review agiz-dis-bakimi/569478866] page=24 +8 reviews (unique=192)
[2026-04-05T10:42:54.728Z] [INFO] [review agiz-dis-bakimi/646972459] page=70 +8 reviews (unique=560)
[2026-04-05T10:42:54.734Z] [INFO] [REVIEW PARTIAL SAVED] /Users/artifact/Developer/review_ai/Review_AI/scraper_project/raw_data/agiz-dis-bakimi/646972459_reviews.partial.json
[2026-04-05T10:42:54.737Z] [INFO] [review agiz-dis-bakimi/436695808] page=3 +8 reviews (unique=24)
[2026-04-05T10:42:54.738Z] [INFO] [REVIEW SAVED] /Users/artifact/Developer/review_ai/Review_AI/scraper_project/raw_data/agiz-dis-bakimi/436695808_reviews.json
[2026-04-05T10:42:54.745Z] [INFO] 
[REVIEW WORKER 3] starting agiz-dis-bakimi/722372678
[2026-04-05T10:42:55.207Z] [INFO] [review agiz-dis-bakimi/569478866] page=25 +8 reviews (unique=200)
[2026-04-05T10:42:55.210Z] [INFO] [REVIEW PARTIAL SAVED] /Users/artifact/Developer/review_ai/Review_AI/scraper_project/raw_data/agiz-dis-bakimi/569478866_reviews.partial.json
[2026-04-05T10:42:55.490Z] [INFO] [review agiz-dis-bakimi/646972459] page=71 +8 reviews (unique=568)
[2026-04-05T10:42:55.736Z] [INFO] [review agiz-dis-bakimi/569478866] page=26 +8 reviews (unique=208)
[2026-04-05T10:42:56.111Z] [INFO] [review agiz-dis-bakimi/646972459] page=72 +8 reviews (unique=576)
[2026-04-05T10:42:56.354Z] [INFO] [review agiz-dis-bakimi/569478866] page=27 +8 reviews (unique=216)
[2026-04-05T10:42:56.641Z] [INFO] [review agiz-dis-bakimi/646972459] page=73 +8 reviews (unique=584)
[2026-04-05T10:42:57.141Z] [INFO] [review agiz-dis-bakimi/569478866] page=28 +8 reviews (unique=224)
[2026-04-05T10:42:57.349Z] [INFO] [review agiz-dis-bakimi/646972459] page=74 +8 reviews (unique=592)
[2026-04-05T10:42:57.708Z] [INFO] [review agiz-dis-bakimi/569478866] page=29 +8 reviews (unique=232)
[2026-04-05T10:42:57.922Z] [INFO] [review agiz-dis-bakimi/646972459] page=75 +8 reviews (unique=600)
[2026-04-05T10:42:57.927Z] [INFO] [REVIEW PARTIAL SAVED] /Users/artifact/Developer/review_ai/Review_AI/scraper_project/raw_data/agiz-dis-bakimi/646972459_reviews.partial.json
[2026-04-05T10:42:58.026Z] [INFO] 
[START REVIEW] category=agiz-dis-bakimi productId=722372678 startPage=1
[2026-04-05T10:42:58.328Z] [INFO] [review agiz-dis-bakimi/569478866] page=30 +8 reviews (unique=240)
[2026-04-05T10:42:58.331Z] [INFO] [REVIEW PARTIAL SAVED] /Users/artifact/Developer/review_ai/Review_AI/scraper_project/raw_data/agiz-dis-bakimi/569478866_reviews.partial.json
[2026-04-05T10:42:58.351Z] [INFO] [review agiz-dis-bakimi/722372678] page=1 +8 reviews (unique=8)
[2026-04-05T10:42:58.427Z] [INFO] [review agiz-dis-bakimi/646972459] page=76 +8 reviews (unique=608)
[2026-04-05T10:42:58.820Z] [INFO] [review agiz-dis-bakimi/569478866] page=31 +8 reviews (unique=248)
[2026-04-05T10:42:59.234Z] [INFO] [review agiz-dis-bakimi/722372678] page=2 +8 reviews (unique=16)
[2026-04-05T10:42:59.237Z] [INFO] [review agiz-dis-bakimi/646972459] page=77 +8 reviews (unique=616)
[2026-04-05T10:42:59.357Z] [INFO] [review agiz-dis-bakimi/569478866] page=32 +8 reviews (unique=256)
[2026-04-05T10:42:59.799Z] [INFO] [review agiz-dis-bakimi/646972459] page=78 +8 reviews (unique=624)
[2026-04-05T10:42:59.888Z] [INFO] [review agiz-dis-bakimi/722372678] page=3 +8 reviews (unique=24)
[2026-04-05T10:42:59.889Z] [INFO] [REVIEW SAVED] /Users/artifact/Developer/review_ai/Review_AI/scraper_project/raw_data/agiz-dis-bakimi/722372678_reviews.json
[2026-04-05T10:42:59.900Z] [INFO] 
[REVIEW WORKER 3] starting agiz-dis-bakimi/726833115
[2026-04-05T10:42:59.918Z] [INFO] [review agiz-dis-bakimi/569478866] page=33 +8 reviews (unique=264)
[2026-04-05T10:43:00.569Z] [INFO] [review agiz-dis-bakimi/569478866] page=34 +8 reviews (unique=272)
[2026-04-05T10:43:00.601Z] [INFO] [review agiz-dis-bakimi/646972459] page=79 +8 reviews (unique=632)
[2026-04-05T10:43:01.172Z] [INFO] [review agiz-dis-bakimi/569478866] page=35 +8 reviews (unique=280)
[2026-04-05T10:43:01.174Z] [INFO] [REVIEW PARTIAL SAVED] /Users/artifact/Developer/review_ai/Review_AI/scraper_project/raw_data/agiz-dis-bakimi/569478866_reviews.partial.json
[2026-04-05T10:43:01.306Z] [INFO] [review agiz-dis-bakimi/646972459] page=80 +8 reviews (unique=640)
[2026-04-05T10:43:01.313Z] [INFO] [REVIEW PARTIAL SAVED] /Users/artifact/Developer/review_ai/Review_AI/scraper_project/raw_data/agiz-dis-bakimi/646972459_reviews.partial.json
[2026-04-05T10:43:01.772Z] [INFO] [review agiz-dis-bakimi/569478866] page=36 +8 reviews (unique=288)
[2026-04-05T10:43:01.905Z] [INFO] [review agiz-dis-bakimi/646972459] page=81 +8 reviews (unique=648)
[2026-04-05T10:43:02.911Z] [INFO] [review agiz-dis-bakimi/569478866] page=37 +8 reviews (unique=296)
[2026-04-05T10:43:02.923Z] [INFO] [review agiz-dis-bakimi/646972459] page=82 +8 reviews (unique=656)
[2026-04-05T10:43:03.967Z] [INFO] [review agiz-dis-bakimi/646972459] page=83 +8 reviews (unique=664)
[2026-04-05T10:43:03.974Z] [INFO] [review agiz-dis-bakimi/569478866] page=38 +8 reviews (unique=304)
[2026-04-05T10:43:04.215Z] [INFO] 
[START REVIEW] category=agiz-dis-bakimi productId=726833115 startPage=1
[2026-04-05T10:43:04.639Z] [INFO] [review agiz-dis-bakimi/569478866] page=39 +1 reviews (unique=305)
[2026-04-05T10:43:04.643Z] [INFO] [REVIEW SAVED] /Users/artifact/Developer/review_ai/Review_AI/scraper_project/raw_data/agiz-dis-bakimi/569478866_reviews.json
[2026-04-05T10:43:04.646Z] [INFO] [review agiz-dis-bakimi/646972459] page=84 +8 reviews (unique=672)
[2026-04-05T10:43:04.653Z] [INFO] 
[REVIEW WORKER 2] starting agiz-dis-bakimi/513238749
[2026-04-05T10:43:05.216Z] [INFO] [review agiz-dis-bakimi/646972459] page=85 +8 reviews (unique=680)
[2026-04-05T10:43:05.221Z] [INFO] [REVIEW PARTIAL SAVED] /Users/artifact/Developer/review_ai/Review_AI/scraper_project/raw_data/agiz-dis-bakimi/646972459_reviews.partial.json
[2026-04-05T10:43:05.955Z] [INFO] [review agiz-dis-bakimi/646972459] page=86 +8 reviews (unique=688)
[2026-04-05T10:43:06.574Z] [INFO] [review agiz-dis-bakimi/646972459] page=87 +8 reviews (unique=696)
[2026-04-05T10:43:07.009Z] [INFO] [review agiz-dis-bakimi/726833115] page=1 +3 reviews (unique=3)
[2026-04-05T10:43:07.010Z] [INFO] [REVIEW SAVED] /Users/artifact/Developer/review_ai/Review_AI/scraper_project/raw_data/agiz-dis-bakimi/726833115_reviews.json
[2026-04-05T10:43:07.018Z] [INFO] 
[REVIEW WORKER 3] starting agiz-dis-bakimi/496811319
[2026-04-05T10:43:07.668Z] [INFO] [review agiz-dis-bakimi/646972459] page=88 +8 reviews (unique=704)
[2026-04-05T10:43:08.244Z] [INFO] [review agiz-dis-bakimi/646972459] page=89 +8 reviews (unique=712)
[2026-04-05T10:43:09.135Z] [INFO] 
[START REVIEW] category=agiz-dis-bakimi productId=513238749 startPage=1
[2026-04-05T10:43:09.463Z] [INFO] [review agiz-dis-bakimi/646972459] page=90 +8 reviews (unique=720)
[2026-04-05T10:43:09.467Z] [INFO] [REVIEW PARTIAL SAVED] /Users/artifact/Developer/review_ai/Review_AI/scraper_project/raw_data/agiz-dis-bakimi/646972459_reviews.partial.json
[2026-04-05T10:43:09.515Z] [INFO] [review agiz-dis-bakimi/513238749] page=1 +6 reviews (unique=6)
[2026-04-05T10:43:09.515Z] [INFO] [REVIEW SAVED] /Users/artifact/Developer/review_ai/Review_AI/scraper_project/raw_data/agiz-dis-bakimi/513238749_reviews.json
[2026-04-05T10:43:09.519Z] [INFO] 
[REVIEW WORKER 2] starting agiz-dis-bakimi/737363518
[2026-04-05T10:43:10.224Z] [INFO] [review agiz-dis-bakimi/646972459] page=91 +8 reviews (unique=728)
[2026-04-05T10:43:10.904Z] [INFO] [review agiz-dis-bakimi/646972459] page=92 +8 reviews (unique=736)
[2026-04-05T10:43:12.656Z] [INFO] [review agiz-dis-bakimi/646972459] page=93 +8 reviews (unique=744)
[2026-04-05T10:43:14.054Z] [INFO] [review agiz-dis-bakimi/646972459] page=94 +8 reviews (unique=752)
[2026-04-05T10:43:14.642Z] [INFO] [review agiz-dis-bakimi/646972459] page=95 +8 reviews (unique=760)
[2026-04-05T10:43:14.648Z] [INFO] [REVIEW PARTIAL SAVED] /Users/artifact/Developer/review_ai/Review_AI/scraper_project/raw_data/agiz-dis-bakimi/646972459_reviews.partial.json
[2026-04-05T10:43:15.342Z] [INFO] 
[START REVIEW] category=agiz-dis-bakimi productId=496811319 startPage=1
[2026-04-05T10:43:16.004Z] [INFO] [review agiz-dis-bakimi/646972459] page=96 +8 reviews (unique=768)
[2026-04-05T10:43:16.074Z] [INFO] [review agiz-dis-bakimi/496811319] page=1 +8 reviews (unique=8)
[2026-04-05T10:43:16.389Z] [INFO] 
[START REVIEW] category=agiz-dis-bakimi productId=737363518 startPage=1
[2026-04-05T10:43:17.868Z] [INFO] [review agiz-dis-bakimi/737363518] page=1 +8 reviews (unique=8)
[2026-04-05T10:43:17.872Z] [INFO] [review agiz-dis-bakimi/646972459] page=97 +8 reviews (unique=776)
[2026-04-05T10:43:18.417Z] [INFO] [review agiz-dis-bakimi/496811319] page=2 +8 reviews (unique=16)
[2026-04-05T10:43:20.640Z] [INFO] [review agiz-dis-bakimi/737363518] page=2 +8 reviews (unique=16)
[2026-04-05T10:43:20.651Z] [INFO] [review agiz-dis-bakimi/646972459] page=98 +8 reviews (unique=784)
[2026-04-05T10:43:20.800Z] [INFO] [review agiz-dis-bakimi/496811319] page=3 +8 reviews (unique=24)
[2026-04-05T10:43:22.449Z] [INFO] [review agiz-dis-bakimi/737363518] page=3 +8 reviews (unique=24)
[2026-04-05T10:43:22.934Z] [INFO] [review agiz-dis-bakimi/496811319] page=4 +8 reviews (unique=32)
[2026-04-05T10:43:24.599Z] [INFO] [review agiz-dis-bakimi/737363518] page=4 +8 reviews (unique=32)
[2026-04-05T10:43:24.607Z] [INFO] [review agiz-dis-bakimi/496811319] page=5 +8 reviews (unique=40)
[2026-04-05T10:43:24.607Z] [INFO] [REVIEW PARTIAL SAVED] /Users/artifact/Developer/review_ai/Review_AI/scraper_project/raw_data/agiz-dis-bakimi/496811319_reviews.partial.json
[2026-04-05T10:43:24.822Z] [INFO] [review agiz-dis-bakimi/646972459] page=99 +8 reviews (unique=792)
[2026-04-05T10:43:25.827Z] [INFO] [review agiz-dis-bakimi/737363518] page=5 +8 reviews (unique=40)
[2026-04-05T10:43:25.830Z] [INFO] [REVIEW PARTIAL SAVED] /Users/artifact/Developer/review_ai/Review_AI/scraper_project/raw_data/agiz-dis-bakimi/737363518_reviews.partial.json
[2026-04-05T10:43:25.879Z] [INFO] [review agiz-dis-bakimi/496811319] page=6 +8 reviews (unique=48)
[2026-04-05T10:43:26.223Z] [INFO] [review agiz-dis-bakimi/646972459] page=100 +8 reviews (unique=800)
[2026-04-05T10:43:26.234Z] [INFO] [REVIEW PARTIAL SAVED] /Users/artifact/Developer/review_ai/Review_AI/scraper_project/raw_data/agiz-dis-bakimi/646972459_reviews.partial.json
[2026-04-05T10:43:27.408Z] [INFO] [review agiz-dis-bakimi/737363518] page=6 +8 reviews (unique=48)
[2026-04-05T10:43:27.662Z] [INFO] [review agiz-dis-bakimi/496811319] page=7 +8 reviews (unique=56)
[2026-04-05T10:43:27.865Z] [INFO] [review agiz-dis-bakimi/646972459] page=101 +8 reviews (unique=808)
[2026-04-05T10:43:28.278Z] [INFO] [review agiz-dis-bakimi/737363518] page=7 +8 reviews (unique=56)
[2026-04-05T10:43:28.393Z] [INFO] [review agiz-dis-bakimi/496811319] page=8 +3 reviews (unique=59)
[2026-04-05T10:43:28.394Z] [INFO] [REVIEW SAVED] /Users/artifact/Developer/review_ai/Review_AI/scraper_project/raw_data/agiz-dis-bakimi/496811319_reviews.json
[2026-04-05T10:43:28.402Z] [INFO] 
[REVIEW WORKER 3] starting agiz-dis-bakimi/701283810
[2026-04-05T10:43:28.670Z] [INFO] [review agiz-dis-bakimi/646972459] page=102 +8 reviews (unique=816)
[2026-04-05T10:43:29.156Z] [INFO] [review agiz-dis-bakimi/737363518] page=8 +8 reviews (unique=64)
[2026-04-05T10:43:29.858Z] [INFO] [review agiz-dis-bakimi/646972459] page=103 +8 reviews (unique=824)
[2026-04-05T10:43:30.792Z] [INFO] [review agiz-dis-bakimi/737363518] page=9 +8 reviews (unique=72)
[2026-04-05T10:43:31.344Z] [INFO] [review agiz-dis-bakimi/646972459] page=104 +8 reviews (unique=832)
[2026-04-05T10:43:32.085Z] [INFO] [review agiz-dis-bakimi/737363518] page=10 +8 reviews (unique=80)
[2026-04-05T10:43:32.089Z] [INFO] [REVIEW PARTIAL SAVED] /Users/artifact/Developer/review_ai/Review_AI/scraper_project/raw_data/agiz-dis-bakimi/737363518_reviews.partial.json
[2026-04-05T10:43:32.421Z] [INFO] [review agiz-dis-bakimi/646972459] page=105 +8 reviews (unique=840)
[2026-04-05T10:43:32.434Z] [INFO] [REVIEW PARTIAL SAVED] /Users/artifact/Developer/review_ai/Review_AI/scraper_project/raw_data/agiz-dis-bakimi/646972459_reviews.partial.json
[2026-04-05T10:43:32.806Z] [INFO] [review agiz-dis-bakimi/737363518] page=11 +8 reviews (unique=88)
[2026-04-05T10:43:33.382Z] [INFO] [review agiz-dis-bakimi/646972459] page=106 +8 reviews (unique=848)
[2026-04-05T10:43:33.825Z] [INFO] [review agiz-dis-bakimi/737363518] page=12 +8 reviews (unique=96)
[2026-04-05T10:43:34.674Z] [INFO] [review agiz-dis-bakimi/646972459] page=107 +8 reviews (unique=856)
[2026-04-05T10:43:35.538Z] [INFO] [review agiz-dis-bakimi/737363518] page=13 +8 reviews (unique=104)
[2026-04-05T10:43:36.159Z] [INFO] [review agiz-dis-bakimi/646972459] page=108 +8 reviews (unique=864)
[2026-04-05T10:43:36.466Z] [INFO] [review agiz-dis-bakimi/737363518] page=14 +8 reviews (unique=112)
[2026-04-05T10:43:36.823Z] [INFO] [review agiz-dis-bakimi/646972459] page=109 +8 reviews (unique=872)
[2026-04-05T10:43:37.844Z] [INFO] [review agiz-dis-bakimi/737363518] page=15 +8 reviews (unique=120)
[2026-04-05T10:43:37.846Z] [INFO] [REVIEW PARTIAL SAVED] /Users/artifact/Developer/review_ai/Review_AI/scraper_project/raw_data/agiz-dis-bakimi/737363518_reviews.partial.json
[2026-04-05T10:43:38.395Z] [INFO] [review agiz-dis-bakimi/646972459] page=110 +8 reviews (unique=880)
[2026-04-05T10:43:38.404Z] [INFO] [REVIEW PARTIAL SAVED] /Users/artifact/Developer/review_ai/Review_AI/scraper_project/raw_data/agiz-dis-bakimi/646972459_reviews.partial.json
[2026-04-05T10:43:39.142Z] [INFO] 
[START REVIEW] category=agiz-dis-bakimi productId=701283810 startPage=1
[2026-04-05T10:43:39.379Z] [INFO] [review agiz-dis-bakimi/737363518] page=16 +8 reviews (unique=128)
[2026-04-05T10:43:39.655Z] [INFO] [review agiz-dis-bakimi/646972459] page=111 +8 reviews (unique=888)
[2026-04-05T10:43:39.947Z] [INFO] [review agiz-dis-bakimi/701283810] page=1 +5 reviews (unique=5)
[2026-04-05T10:43:39.949Z] [INFO] [REVIEW SAVED] /Users/artifact/Developer/review_ai/Review_AI/scraper_project/raw_data/agiz-dis-bakimi/701283810_reviews.json
[2026-04-05T10:43:39.967Z] [INFO] 
[REVIEW WORKER 3] starting agiz-dis-bakimi/582031522
[2026-04-05T10:43:40.589Z] [INFO] [review agiz-dis-bakimi/737363518] page=17 +8 reviews (unique=136)
[2026-04-05T10:43:40.702Z] [INFO] [review agiz-dis-bakimi/646972459] page=112 +8 reviews (unique=896)
[2026-04-05T10:43:41.302Z] [INFO] [review agiz-dis-bakimi/646972459] page=113 +8 reviews (unique=904)
[2026-04-05T10:43:41.309Z] [INFO] [review agiz-dis-bakimi/737363518] page=18 +8 reviews (unique=144)
[2026-04-05T10:43:42.600Z] [INFO] [review agiz-dis-bakimi/646972459] page=114 +8 reviews (unique=912)
[2026-04-05T10:43:42.660Z] [INFO] [review agiz-dis-bakimi/737363518] page=19 +1 reviews (unique=145)
[2026-04-05T10:43:42.662Z] [INFO] [REVIEW SAVED] /Users/artifact/Developer/review_ai/Review_AI/scraper_project/raw_data/agiz-dis-bakimi/737363518_reviews.json
[2026-04-05T10:43:42.669Z] [INFO] 
[REVIEW WORKER 2] starting agiz-dis-bakimi/513261058
[2026-04-05T10:43:43.732Z] [INFO] [review agiz-dis-bakimi/646972459] page=115 +8 reviews (unique=920)
[2026-04-05T10:43:43.745Z] [INFO] [REVIEW PARTIAL SAVED] /Users/artifact/Developer/review_ai/Review_AI/scraper_project/raw_data/agiz-dis-bakimi/646972459_reviews.partial.json
[2026-04-05T10:43:44.685Z] [INFO] [review agiz-dis-bakimi/646972459] page=116 +8 reviews (unique=928)
[2026-04-05T10:43:45.639Z] [INFO] [review agiz-dis-bakimi/646972459] page=117 +8 reviews (unique=936)
[2026-04-05T10:43:46.566Z] [INFO] 
[START REVIEW] category=agiz-dis-bakimi productId=582031522 startPage=1
[2026-04-05T10:43:47.491Z] [INFO] [review agiz-dis-bakimi/646972459] page=118 +8 reviews (unique=944)
[2026-04-05T10:43:47.954Z] [INFO] [review agiz-dis-bakimi/582031522] page=1 +8 reviews (unique=8)
[2026-04-05T10:43:49.057Z] [INFO] [review agiz-dis-bakimi/646972459] page=119 +8 reviews (unique=952)
[2026-04-05T10:43:49.183Z] [INFO] [review agiz-dis-bakimi/582031522] page=2 +8 reviews (unique=16)
[2026-04-05T10:43:49.804Z] [INFO] [review agiz-dis-bakimi/646972459] page=120 +8 reviews (unique=960)
[2026-04-05T10:43:49.819Z] [INFO] [REVIEW PARTIAL SAVED] /Users/artifact/Developer/review_ai/Review_AI/scraper_project/raw_data/agiz-dis-bakimi/646972459_reviews.partial.json
[2026-04-05T10:43:49.835Z] [INFO] [review agiz-dis-bakimi/582031522] page=3 +8 reviews (unique=24)
[2026-04-05T10:43:51.148Z] [INFO] [review agiz-dis-bakimi/582031522] page=4 +8 reviews (unique=32)
[2026-04-05T10:43:51.152Z] [INFO] [review agiz-dis-bakimi/646972459] page=121 +8 reviews (unique=968)
[2026-04-05T10:43:52.455Z] [INFO] [review agiz-dis-bakimi/646972459] page=122 +8 reviews (unique=976)
[2026-04-05T10:43:52.464Z] [INFO] [review agiz-dis-bakimi/582031522] page=5 +8 reviews (unique=40)
[2026-04-05T10:43:52.465Z] [INFO] [REVIEW PARTIAL SAVED] /Users/artifact/Developer/review_ai/Review_AI/scraper_project/raw_data/agiz-dis-bakimi/582031522_reviews.partial.json
[2026-04-05T10:43:52.660Z] [INFO] 
[START REVIEW] category=agiz-dis-bakimi productId=513261058 startPage=1
[2026-04-05T10:43:53.007Z] [INFO] [review agiz-dis-bakimi/513261058] page=1 +8 reviews (unique=8)
[2026-04-05T10:43:53.104Z] [INFO] [review agiz-dis-bakimi/646972459] page=123 +8 reviews (unique=984)
[2026-04-05T10:43:53.176Z] [INFO] [review agiz-dis-bakimi/582031522] page=6 +2 reviews (unique=42)
[2026-04-05T10:43:53.178Z] [INFO] [REVIEW SAVED] /Users/artifact/Developer/review_ai/Review_AI/scraper_project/raw_data/agiz-dis-bakimi/582031522_reviews.json
[2026-04-05T10:43:53.183Z] [INFO] 
[REVIEW WORKER 3] starting agiz-dis-bakimi/734846293
[2026-04-05T10:43:53.833Z] [INFO] [review agiz-dis-bakimi/513261058] page=2 +8 reviews (unique=16)
[2026-04-05T10:43:53.847Z] [INFO] [review agiz-dis-bakimi/646972459] page=124 +8 reviews (unique=992)
[2026-04-05T10:43:54.447Z] [INFO] [review agiz-dis-bakimi/513261058] page=3 +8 reviews (unique=24)
[2026-04-05T10:43:54.481Z] [INFO] [review agiz-dis-bakimi/646972459] page=125 +8 reviews (unique=1000)
[2026-04-05T10:43:54.493Z] [INFO] [REVIEW PARTIAL SAVED] /Users/artifact/Developer/review_ai/Review_AI/scraper_project/raw_data/agiz-dis-bakimi/646972459_reviews.partial.json
[2026-04-05T10:43:55.060Z] [INFO] [review agiz-dis-bakimi/646972459] page=126 +8 reviews (unique=1008)
[2026-04-05T10:43:55.103Z] [INFO] [review agiz-dis-bakimi/513261058] page=4 +8 reviews (unique=32)
[2026-04-05T10:43:55.856Z] [INFO] [review agiz-dis-bakimi/646972459] page=127 +8 reviews (unique=1016)
[2026-04-05T10:43:55.859Z] [INFO] [review agiz-dis-bakimi/513261058] page=5 +5 reviews (unique=37)
[2026-04-05T10:43:55.861Z] [INFO] [REVIEW PARTIAL SAVED] /Users/artifact/Developer/review_ai/Review_AI/scraper_project/raw_data/agiz-dis-bakimi/513261058_reviews.partial.json
[2026-04-05T10:43:55.862Z] [INFO] [REVIEW SAVED] /Users/artifact/Developer/review_ai/Review_AI/scraper_project/raw_data/agiz-dis-bakimi/513261058_reviews.json
[2026-04-05T10:43:55.868Z] [INFO] 
[REVIEW WORKER 2] starting agiz-dis-bakimi/647407951
[2026-04-05T10:43:56.485Z] [INFO] [review agiz-dis-bakimi/646972459] page=128 +8 reviews (unique=1024)
[2026-04-05T10:43:57.118Z] [INFO] [review agiz-dis-bakimi/646972459] page=129 +8 reviews (unique=1032)
[2026-04-05T10:43:57.167Z] [INFO] 
[START REVIEW] category=agiz-dis-bakimi productId=734846293 startPage=1
[2026-04-05T10:43:57.370Z] [INFO] [review agiz-dis-bakimi/734846293] page=1 +8 reviews (unique=8)
[2026-04-05T10:43:57.652Z] [INFO] [review agiz-dis-bakimi/646972459] page=130 +8 reviews (unique=1040)
[2026-04-05T10:43:57.658Z] [INFO] [REVIEW PARTIAL SAVED] /Users/artifact/Developer/review_ai/Review_AI/scraper_project/raw_data/agiz-dis-bakimi/646972459_reviews.partial.json
[2026-04-05T10:43:58.304Z] [INFO] [review agiz-dis-bakimi/646972459] page=131 +8 reviews (unique=1048)
[2026-04-05T10:43:58.481Z] [INFO] [review agiz-dis-bakimi/734846293] page=2 +8 reviews (unique=16)
[2026-04-05T10:43:59.008Z] [INFO] 
[START REVIEW] category=agiz-dis-bakimi productId=647407951 startPage=1
[2026-04-05T10:43:59.114Z] [INFO] [review agiz-dis-bakimi/646972459] page=132 +8 reviews (unique=1056)
[2026-04-05T10:43:59.356Z] [INFO] [review agiz-dis-bakimi/734846293] page=3 +8 reviews (unique=24)
[2026-04-05T10:43:59.733Z] [INFO] [review agiz-dis-bakimi/647407951] page=1 +8 reviews (unique=8)
[2026-04-05T10:43:59.737Z] [INFO] [review agiz-dis-bakimi/646972459] page=133 +8 reviews (unique=1064)
[2026-04-05T10:44:00.050Z] [INFO] [review agiz-dis-bakimi/734846293] page=4 +8 reviews (unique=32)
[2026-04-05T10:44:00.346Z] [INFO] [review agiz-dis-bakimi/647407951] page=2 +8 reviews (unique=16)
[2026-04-05T10:44:00.619Z] [INFO] [review agiz-dis-bakimi/646972459] page=134 +8 reviews (unique=1072)
[2026-04-05T10:44:00.647Z] [INFO] [review agiz-dis-bakimi/734846293] page=5 +8 reviews (unique=40)
[2026-04-05T10:44:00.648Z] [INFO] [REVIEW PARTIAL SAVED] /Users/artifact/Developer/review_ai/Review_AI/scraper_project/raw_data/agiz-dis-bakimi/734846293_reviews.partial.json
[2026-04-05T10:44:01.132Z] [INFO] [review agiz-dis-bakimi/647407951] page=3 +2 reviews (unique=18)
[2026-04-05T10:44:01.133Z] [INFO] [REVIEW SAVED] /Users/artifact/Developer/review_ai/Review_AI/scraper_project/raw_data/agiz-dis-bakimi/647407951_reviews.json
[2026-04-05T10:44:01.152Z] [INFO] 
[REVIEW WORKER 2] starting agiz-dis-bakimi/666755684
[2026-04-05T10:44:01.260Z] [INFO] [review agiz-dis-bakimi/646972459] page=135 +8 reviews (unique=1080)
[2026-04-05T10:44:01.270Z] [INFO] [REVIEW PARTIAL SAVED] /Users/artifact/Developer/review_ai/Review_AI/scraper_project/raw_data/agiz-dis-bakimi/646972459_reviews.partial.json
[2026-04-05T10:44:01.295Z] [INFO] [review agiz-dis-bakimi/734846293] page=6 +8 reviews (unique=48)
[2026-04-05T10:44:01.788Z] [INFO] [review agiz-dis-bakimi/734846293] page=7 +8 reviews (unique=56)
[2026-04-05T10:44:01.878Z] [INFO] [review agiz-dis-bakimi/646972459] page=136 +8 reviews (unique=1088)
[2026-04-05T10:44:02.377Z] [INFO] [review agiz-dis-bakimi/646972459] page=137 +8 reviews (unique=1096)
[2026-04-05T10:44:02.385Z] [INFO] [review agiz-dis-bakimi/734846293] page=8 +8 reviews (unique=64)
[2026-04-05T10:44:03.003Z] [INFO] [review agiz-dis-bakimi/646972459] page=138 +8 reviews (unique=1104)
[2026-04-05T10:44:03.037Z] [INFO] [review agiz-dis-bakimi/734846293] page=9 +8 reviews (unique=72)
[2026-04-05T10:44:03.659Z] [INFO] [review agiz-dis-bakimi/734846293] page=10 +8 reviews (unique=80)
[2026-04-05T10:44:03.660Z] [INFO] [REVIEW PARTIAL SAVED] /Users/artifact/Developer/review_ai/Review_AI/scraper_project/raw_data/agiz-dis-bakimi/734846293_reviews.partial.json
[2026-04-05T10:44:03.715Z] [INFO] [review agiz-dis-bakimi/646972459] page=139 +8 reviews (unique=1112)
[2026-04-05T10:44:04.242Z] [INFO] [review agiz-dis-bakimi/734846293] page=11 +8 reviews (unique=88)
[2026-04-05T10:44:04.477Z] [INFO] 
[START REVIEW] category=agiz-dis-bakimi productId=666755684 startPage=1
[2026-04-05T10:44:04.502Z] [INFO] [review agiz-dis-bakimi/646972459] page=140 +8 reviews (unique=1120)
[2026-04-05T10:44:04.514Z] [INFO] [REVIEW PARTIAL SAVED] /Users/artifact/Developer/review_ai/Review_AI/scraper_project/raw_data/agiz-dis-bakimi/646972459_reviews.partial.json
[2026-04-05T10:44:04.855Z] [INFO] [review agiz-dis-bakimi/666755684] page=1 +8 reviews (unique=8)
[2026-04-05T10:44:04.861Z] [INFO] [review agiz-dis-bakimi/734846293] page=12 +8 reviews (unique=96)
[2026-04-05T10:44:05.387Z] [INFO] [review agiz-dis-bakimi/646972459] page=141 +8 reviews (unique=1128)
[2026-04-05T10:44:05.487Z] [INFO] [review agiz-dis-bakimi/734846293] page=13 +8 reviews (unique=104)
[2026-04-05T10:44:05.506Z] [INFO] [review agiz-dis-bakimi/666755684] page=2 +8 reviews (unique=16)
[2026-04-05T10:44:06.005Z] [INFO] [review agiz-dis-bakimi/646972459] page=142 +8 reviews (unique=1136)
[2026-04-05T10:44:06.125Z] [INFO] [review agiz-dis-bakimi/666755684] page=3 +8 reviews (unique=24)
[2026-04-05T10:44:06.196Z] [INFO] [review agiz-dis-bakimi/734846293] page=14 +8 reviews (unique=112)
[2026-04-05T10:44:06.729Z] [INFO] [review agiz-dis-bakimi/646972459] page=143 +8 reviews (unique=1144)
[2026-04-05T10:44:06.736Z] [INFO] [review agiz-dis-bakimi/666755684] page=4 +8 reviews (unique=32)
[2026-04-05T10:44:06.749Z] [INFO] [review agiz-dis-bakimi/734846293] page=15 +8 reviews (unique=120)
[2026-04-05T10:44:06.751Z] [INFO] [REVIEW PARTIAL SAVED] /Users/artifact/Developer/review_ai/Review_AI/scraper_project/raw_data/agiz-dis-bakimi/734846293_reviews.partial.json
[2026-04-05T10:44:06.753Z] [INFO] [REVIEW SAVED] /Users/artifact/Developer/review_ai/Review_AI/scraper_project/raw_data/agiz-dis-bakimi/734846293_reviews.json
[2026-04-05T10:44:06.763Z] [INFO] 
[REVIEW WORKER 3] starting agiz-dis-bakimi/569478858
[2026-04-05T10:44:07.230Z] [INFO] [review agiz-dis-bakimi/646972459] page=144 +8 reviews (unique=1152)
[2026-04-05T10:44:07.476Z] [INFO] [review agiz-dis-bakimi/666755684] page=5 +8 reviews (unique=40)
[2026-04-05T10:44:07.477Z] [INFO] [REVIEW PARTIAL SAVED] /Users/artifact/Developer/review_ai/Review_AI/scraper_project/raw_data/agiz-dis-bakimi/666755684_reviews.partial.json
[2026-04-05T10:44:07.810Z] [INFO] [review agiz-dis-bakimi/646972459] page=145 +8 reviews (unique=1160)
[2026-04-05T10:44:07.827Z] [INFO] [REVIEW PARTIAL SAVED] /Users/artifact/Developer/review_ai/Review_AI/scraper_project/raw_data/agiz-dis-bakimi/646972459_reviews.partial.json
[2026-04-05T10:44:08.136Z] [INFO] [review agiz-dis-bakimi/666755684] page=6 +8 reviews (unique=48)
[2026-04-05T10:44:08.683Z] [INFO] [review agiz-dis-bakimi/646972459] page=146 +3 reviews (unique=1163)
[2026-04-05T10:44:08.696Z] [INFO] [REVIEW SAVED] /Users/artifact/Developer/review_ai/Review_AI/scraper_project/raw_data/agiz-dis-bakimi/646972459_reviews.json
[2026-04-05T10:44:08.704Z] [INFO] 
[REVIEW WORKER 1] starting agiz-dis-bakimi/638258007
[2026-04-05T10:44:08.819Z] [INFO] [review agiz-dis-bakimi/666755684] page=7 +8 reviews (unique=56)
[2026-04-05T10:44:09.472Z] [INFO] [review agiz-dis-bakimi/666755684] page=8 +8 reviews (unique=64)
[2026-04-05T10:44:09.926Z] [INFO] 
[START REVIEW] category=agiz-dis-bakimi productId=569478858 startPage=1
[2026-04-05T10:44:10.213Z] [INFO] [review agiz-dis-bakimi/666755684] page=9 +8 reviews (unique=72)
[2026-04-05T10:44:10.359Z] [INFO] [review agiz-dis-bakimi/569478858] page=1 +8 reviews (unique=8)
[2026-04-05T10:44:10.704Z] [INFO] [review agiz-dis-bakimi/666755684] page=10 +8 reviews (unique=80)
[2026-04-05T10:44:10.705Z] [INFO] [REVIEW PARTIAL SAVED] /Users/artifact/Developer/review_ai/Review_AI/scraper_project/raw_data/agiz-dis-bakimi/666755684_reviews.partial.json
[2026-04-05T10:44:10.869Z] [INFO] [review agiz-dis-bakimi/569478858] page=2 +8 reviews (unique=16)
[2026-04-05T10:44:11.905Z] [INFO] [review agiz-dis-bakimi/569478858] page=3 +8 reviews (unique=24)
[2026-04-05T10:44:11.910Z] [INFO] [review agiz-dis-bakimi/666755684] page=11 +8 reviews (unique=88)
[2026-04-05T10:44:12.649Z] [INFO] [review agiz-dis-bakimi/569478858] page=4 +8 reviews (unique=32)
[2026-04-05T10:44:12.882Z] [INFO] [review agiz-dis-bakimi/666755684] page=12 +8 reviews (unique=96)
[2026-04-05T10:44:13.146Z] [INFO] [review agiz-dis-bakimi/569478858] page=5 +8 reviews (unique=40)
[2026-04-05T10:44:13.147Z] [INFO] [REVIEW PARTIAL SAVED] /Users/artifact/Developer/review_ai/Review_AI/scraper_project/raw_data/agiz-dis-bakimi/569478858_reviews.partial.json
[2026-04-05T10:44:13.354Z] [INFO] 
[START REVIEW] category=agiz-dis-bakimi productId=638258007 startPage=1
[2026-04-05T10:44:13.528Z] [INFO] [review agiz-dis-bakimi/666755684] page=13 +8 reviews (unique=104)
[2026-04-05T10:44:13.658Z] [INFO] [review agiz-dis-bakimi/638258007] page=1 +8 reviews (unique=8)
[2026-04-05T10:44:13.699Z] [INFO] [review agiz-dis-bakimi/569478858] page=6 +8 reviews (unique=48)
[2026-04-05T10:44:14.203Z] [INFO] [review agiz-dis-bakimi/666755684] page=14 +8 reviews (unique=112)
[2026-04-05T10:44:14.204Z] [INFO] [review agiz-dis-bakimi/638258007] page=2 +8 reviews (unique=16)
[2026-04-05T10:44:14.282Z] [INFO] [review agiz-dis-bakimi/569478858] page=7 +8 reviews (unique=56)
[2026-04-05T10:44:14.849Z] [INFO] [review agiz-dis-bakimi/638258007] page=3 +5 reviews (unique=21)
[2026-04-05T10:44:14.850Z] [INFO] [REVIEW SAVED] /Users/artifact/Developer/review_ai/Review_AI/scraper_project/raw_data/agiz-dis-bakimi/638258007_reviews.json
[2026-04-05T10:44:14.858Z] [INFO] [review agiz-dis-bakimi/666755684] page=15 +8 reviews (unique=120)
[2026-04-05T10:44:14.860Z] [INFO] [REVIEW PARTIAL SAVED] /Users/artifact/Developer/review_ai/Review_AI/scraper_project/raw_data/agiz-dis-bakimi/666755684_reviews.partial.json
[2026-04-05T10:44:14.863Z] [INFO] 
[REVIEW WORKER 1] starting agiz-dis-bakimi/637437411
[2026-04-05T10:44:15.479Z] [INFO] [review agiz-dis-bakimi/666755684] page=16 +8 reviews (unique=128)
[2026-04-05T10:44:16.002Z] [INFO] [review agiz-dis-bakimi/666755684] page=17 +8 reviews (unique=136)
[2026-04-05T10:44:16.528Z] [INFO] [review agiz-dis-bakimi/666755684] page=18 +8 reviews (unique=144)
[2026-04-05T10:44:17.099Z] [INFO] [review agiz-dis-bakimi/666755684] page=19 +8 reviews (unique=152)
[2026-04-05T10:44:17.697Z] [INFO] [review agiz-dis-bakimi/569478858] page=8 +8 reviews (unique=64)
[2026-04-05T10:44:17.883Z] [INFO] [review agiz-dis-bakimi/666755684] page=20 +8 reviews (unique=160)
[2026-04-05T10:44:17.886Z] [INFO] [REVIEW PARTIAL SAVED] /Users/artifact/Developer/review_ai/Review_AI/scraper_project/raw_data/agiz-dis-bakimi/666755684_reviews.partial.json
[2026-04-05T10:44:18.255Z] [INFO] [review agiz-dis-bakimi/569478858] page=9 +7 reviews (unique=71)
[2026-04-05T10:44:18.257Z] [INFO] [REVIEW SAVED] /Users/artifact/Developer/review_ai/Review_AI/scraper_project/raw_data/agiz-dis-bakimi/569478858_reviews.json
[2026-04-05T10:44:18.269Z] [INFO] 
[REVIEW WORKER 3] starting agiz-dis-bakimi/589574597
[2026-04-05T10:44:18.478Z] [INFO] 
[START REVIEW] category=agiz-dis-bakimi productId=637437411 startPage=1
[2026-04-05T10:44:18.650Z] [INFO] [review agiz-dis-bakimi/637437411] page=1 +8 reviews (unique=8)
[2026-04-05T10:44:19.293Z] [INFO] [review agiz-dis-bakimi/637437411] page=2 +8 reviews (unique=16)
[2026-04-05T10:44:19.961Z] [INFO] [review agiz-dis-bakimi/637437411] page=3 +8 reviews (unique=24)
[2026-04-05T10:44:20.555Z] [INFO] [review agiz-dis-bakimi/637437411] page=4 +8 reviews (unique=32)
[2026-04-05T10:44:21.148Z] [INFO] [review agiz-dis-bakimi/637437411] page=5 +8 reviews (unique=40)
[2026-04-05T10:44:21.149Z] [INFO] [REVIEW PARTIAL SAVED] /Users/artifact/Developer/review_ai/Review_AI/scraper_project/raw_data/agiz-dis-bakimi/637437411_reviews.partial.json
[2026-04-05T10:44:21.573Z] [INFO] 
[START REVIEW] category=agiz-dis-bakimi productId=589574597 startPage=1
[2026-04-05T10:44:21.856Z] [INFO] [review agiz-dis-bakimi/637437411] page=6 +8 reviews (unique=48)
[2026-04-05T10:44:21.859Z] [INFO] [review agiz-dis-bakimi/589574597] page=1 +8 reviews (unique=8)
[2026-04-05T10:44:22.096Z] [INFO] [review agiz-dis-bakimi/666755684] page=21 +8 reviews (unique=168)
[2026-04-05T10:44:22.455Z] [INFO] [review agiz-dis-bakimi/637437411] page=7 +8 reviews (unique=56)
[2026-04-05T10:44:22.464Z] [INFO] [review agiz-dis-bakimi/589574597] page=2 +8 reviews (unique=16)
[2026-04-05T10:44:22.630Z] [INFO] [review agiz-dis-bakimi/666755684] page=22 +8 reviews (unique=176)
[2026-04-05T10:44:23.101Z] [INFO] [review agiz-dis-bakimi/589574597] page=3 +8 reviews (unique=24)
[2026-04-05T10:44:23.137Z] [INFO] [review agiz-dis-bakimi/637437411] page=8 +8 reviews (unique=64)
[2026-04-05T10:44:23.271Z] [INFO] [review agiz-dis-bakimi/666755684] page=23 +8 reviews (unique=184)
[2026-04-05T10:44:23.716Z] [INFO] [review agiz-dis-bakimi/589574597] page=4 +8 reviews (unique=32)
[2026-04-05T10:44:23.766Z] [INFO] [review agiz-dis-bakimi/637437411] page=9 +8 reviews (unique=72)
[2026-04-05T10:44:23.875Z] [INFO] [review agiz-dis-bakimi/666755684] page=24 +8 reviews (unique=192)
[2026-04-05T10:44:24.343Z] [INFO] [review agiz-dis-bakimi/589574597] page=5 +8 reviews (unique=40)
[2026-04-05T10:44:24.345Z] [INFO] [REVIEW PARTIAL SAVED] /Users/artifact/Developer/review_ai/Review_AI/scraper_project/raw_data/agiz-dis-bakimi/589574597_reviews.partial.json
[2026-04-05T10:44:24.359Z] [INFO] [review agiz-dis-bakimi/637437411] page=10 +8 reviews (unique=80)
[2026-04-05T10:44:24.361Z] [INFO] [REVIEW PARTIAL SAVED] /Users/artifact/Developer/review_ai/Review_AI/scraper_project/raw_data/agiz-dis-bakimi/637437411_reviews.partial.json
[2026-04-05T10:44:24.471Z] [INFO] [review agiz-dis-bakimi/666755684] page=25 +8 reviews (unique=200)
[2026-04-05T10:44:24.475Z] [INFO] [REVIEW PARTIAL SAVED] /Users/artifact/Developer/review_ai/Review_AI/scraper_project/raw_data/agiz-dis-bakimi/666755684_reviews.partial.json
[2026-04-05T10:44:24.937Z] [INFO] [review agiz-dis-bakimi/589574597] page=6 +8 reviews (unique=48)
[2026-04-05T10:44:24.939Z] [INFO] [review agiz-dis-bakimi/637437411] page=11 +8 reviews (unique=88)
[2026-04-05T10:44:25.070Z] [INFO] [review agiz-dis-bakimi/666755684] page=26 +8 reviews (unique=208)
[2026-04-05T10:44:25.444Z] [INFO] [review agiz-dis-bakimi/589574597] page=7 +8 reviews (unique=56)
[2026-04-05T10:44:25.545Z] [INFO] [review agiz-dis-bakimi/637437411] page=12 +7 reviews (unique=95)
[2026-04-05T10:44:25.549Z] [INFO] [REVIEW SAVED] /Users/artifact/Developer/review_ai/Review_AI/scraper_project/raw_data/agiz-dis-bakimi/637437411_reviews.json
[2026-04-05T10:44:25.557Z] [INFO] [review agiz-dis-bakimi/666755684] page=27 +8 reviews (unique=216)
[2026-04-05T10:44:25.561Z] [INFO] 
[REVIEW WORKER 1] starting agiz-dis-bakimi/732744207
[2026-04-05T10:44:26.039Z] [INFO] [review agiz-dis-bakimi/589574597] page=8 +8 reviews (unique=64)
[2026-04-05T10:44:26.124Z] [INFO] [review agiz-dis-bakimi/666755684] page=28 +8 reviews (unique=224)
[2026-04-05T10:44:26.554Z] [INFO] [review agiz-dis-bakimi/589574597] page=9 +8 reviews (unique=72)
[2026-04-05T10:44:26.624Z] [INFO] [review agiz-dis-bakimi/666755684] page=29 +8 reviews (unique=232)
[2026-04-05T10:44:27.080Z] [INFO] [review agiz-dis-bakimi/589574597] page=10 +8 reviews (unique=80)
[2026-04-05T10:44:27.082Z] [INFO] [REVIEW PARTIAL SAVED] /Users/artifact/Developer/review_ai/Review_AI/scraper_project/raw_data/agiz-dis-bakimi/589574597_reviews.partial.json
[2026-04-05T10:44:27.323Z] [INFO] [review agiz-dis-bakimi/666755684] page=30 +8 reviews (unique=240)
[2026-04-05T10:44:27.326Z] [INFO] [REVIEW PARTIAL SAVED] /Users/artifact/Developer/review_ai/Review_AI/scraper_project/raw_data/agiz-dis-bakimi/666755684_reviews.partial.json
[2026-04-05T10:44:27.889Z] [INFO] [review agiz-dis-bakimi/589574597] page=11 +8 reviews (unique=88)
[2026-04-05T10:44:28.021Z] [INFO] [review agiz-dis-bakimi/666755684] page=31 +8 reviews (unique=248)
[2026-04-05T10:44:28.531Z] [INFO] [review agiz-dis-bakimi/589574597] page=12 +8 reviews (unique=96)
[2026-04-05T10:44:28.651Z] [INFO] [review agiz-dis-bakimi/666755684] page=32 +8 reviews (unique=256)
[2026-04-05T10:44:28.937Z] [INFO] 
[START REVIEW] category=agiz-dis-bakimi productId=732744207 startPage=1
[2026-04-05T10:44:29.134Z] [INFO] [review agiz-dis-bakimi/732744207] page=1 +4 reviews (unique=4)
[2026-04-05T10:44:29.135Z] [INFO] [REVIEW SAVED] /Users/artifact/Developer/review_ai/Review_AI/scraper_project/raw_data/agiz-dis-bakimi/732744207_reviews.json
[2026-04-05T10:44:29.143Z] [INFO] 
[REVIEW WORKER 1] starting agiz-dis-bakimi/719946765
[2026-04-05T10:44:29.164Z] [INFO] [review agiz-dis-bakimi/589574597] page=13 +8 reviews (unique=104)
[2026-04-05T10:44:29.274Z] [INFO] [review agiz-dis-bakimi/666755684] page=33 +8 reviews (unique=264)
[2026-04-05T10:44:29.734Z] [INFO] [review agiz-dis-bakimi/589574597] page=14 +8 reviews (unique=112)
[2026-04-05T10:44:29.874Z] [INFO] [review agiz-dis-bakimi/666755684] page=34 +8 reviews (unique=272)
[2026-04-05T10:44:30.523Z] [INFO] [review agiz-dis-bakimi/589574597] page=15 +8 reviews (unique=120)
[2026-04-05T10:44:30.526Z] [INFO] [REVIEW PARTIAL SAVED] /Users/artifact/Developer/review_ai/Review_AI/scraper_project/raw_data/agiz-dis-bakimi/589574597_reviews.partial.json
[2026-04-05T10:44:30.563Z] [INFO] [review agiz-dis-bakimi/666755684] page=35 +8 reviews (unique=280)
[2026-04-05T10:44:30.567Z] [INFO] [REVIEW PARTIAL SAVED] /Users/artifact/Developer/review_ai/Review_AI/scraper_project/raw_data/agiz-dis-bakimi/666755684_reviews.partial.json
[2026-04-05T10:44:31.298Z] [INFO] [review agiz-dis-bakimi/666755684] page=36 +8 reviews (unique=288)
[2026-04-05T10:44:31.307Z] [INFO] [review agiz-dis-bakimi/589574597] page=16 +8 reviews (unique=128)
[2026-04-05T10:44:31.867Z] [INFO] [review agiz-dis-bakimi/666755684] page=37 +8 reviews (unique=296)
[2026-04-05T10:44:31.959Z] [INFO] [review agiz-dis-bakimi/589574597] page=17 +8 reviews (unique=136)
[2026-04-05T10:44:32.544Z] [INFO] [review agiz-dis-bakimi/666755684] page=38 +8 reviews (unique=304)
[2026-04-05T10:44:32.546Z] [INFO] [review agiz-dis-bakimi/589574597] page=18 +8 reviews (unique=144)
[2026-04-05T10:44:32.593Z] [INFO] 
[START REVIEW] category=agiz-dis-bakimi productId=719946765 startPage=1
[2026-04-05T10:44:32.764Z] [INFO] [review agiz-dis-bakimi/719946765] page=1 +0 reviews (unique=0)
[2026-04-05T10:44:32.766Z] [INFO] [REVIEW SAVED] /Users/artifact/Developer/review_ai/Review_AI/scraper_project/raw_data/agiz-dis-bakimi/719946765_reviews.json
[2026-04-05T10:44:32.774Z] [INFO] 
[REVIEW WORKER 1] starting agiz-dis-bakimi/718240393
[2026-04-05T10:44:33.230Z] [INFO] [review agiz-dis-bakimi/589574597] page=19 +8 reviews (unique=152)
[2026-04-05T10:44:33.437Z] [INFO] [review agiz-dis-bakimi/666755684] page=39 +8 reviews (unique=312)
[2026-04-05T10:44:33.810Z] [INFO] [review agiz-dis-bakimi/589574597] page=20 +8 reviews (unique=160)
[2026-04-05T10:44:33.815Z] [INFO] [REVIEW PARTIAL SAVED] /Users/artifact/Developer/review_ai/Review_AI/scraper_project/raw_data/agiz-dis-bakimi/589574597_reviews.partial.json
[2026-04-05T10:44:33.970Z] [INFO] [review agiz-dis-bakimi/666755684] page=40 +8 reviews (unique=320)
[2026-04-05T10:44:33.976Z] [INFO] [REVIEW PARTIAL SAVED] /Users/artifact/Developer/review_ai/Review_AI/scraper_project/raw_data/agiz-dis-bakimi/666755684_reviews.partial.json
[2026-04-05T10:44:34.350Z] [INFO] [review agiz-dis-bakimi/589574597] page=21 +8 reviews (unique=168)
[2026-04-05T10:44:34.647Z] [INFO] [review agiz-dis-bakimi/666755684] page=41 +8 reviews (unique=328)
[2026-04-05T10:44:34.878Z] [INFO] [review agiz-dis-bakimi/589574597] page=22 +3 reviews (unique=171)
[2026-04-05T10:44:34.883Z] [INFO] [REVIEW SAVED] /Users/artifact/Developer/review_ai/Review_AI/scraper_project/raw_data/agiz-dis-bakimi/589574597_reviews.json
[2026-04-05T10:44:34.895Z] [INFO] 
[REVIEW WORKER 3] starting agiz-dis-bakimi/636170092
[2026-04-05T10:44:35.287Z] [INFO] [review agiz-dis-bakimi/666755684] page=42 +8 reviews (unique=336)
[2026-04-05T10:44:36.087Z] [INFO] [review agiz-dis-bakimi/666755684] page=43 +8 reviews (unique=344)
[2026-04-05T10:44:36.297Z] [INFO] 
[START REVIEW] category=agiz-dis-bakimi productId=718240393 startPage=1
[2026-04-05T10:44:36.566Z] [INFO] [review agiz-dis-bakimi/718240393] page=1 +8 reviews (unique=8)
[2026-04-05T10:44:36.806Z] [INFO] [review agiz-dis-bakimi/666755684] page=44 +8 reviews (unique=352)
[2026-04-05T10:44:37.220Z] [INFO] [review agiz-dis-bakimi/718240393] page=2 +8 reviews (unique=16)
[2026-04-05T10:44:37.402Z] [INFO] [review agiz-dis-bakimi/666755684] page=45 +8 reviews (unique=360)
[2026-04-05T10:44:37.406Z] [INFO] [REVIEW PARTIAL SAVED] /Users/artifact/Developer/review_ai/Review_AI/scraper_project/raw_data/agiz-dis-bakimi/666755684_reviews.partial.json
[2026-04-05T10:44:37.910Z] [INFO] [review agiz-dis-bakimi/718240393] page=3 +8 reviews (unique=24)
[2026-04-05T10:44:38.197Z] [INFO] [review agiz-dis-bakimi/666755684] page=46 +8 reviews (unique=368)
[2026-04-05T10:44:38.655Z] [INFO] [review agiz-dis-bakimi/718240393] page=4 +8 reviews (unique=32)
[2026-04-05T10:44:38.891Z] [INFO] 
[START REVIEW] category=agiz-dis-bakimi productId=636170092 startPage=1
[2026-04-05T10:44:39.043Z] [INFO] [review agiz-dis-bakimi/666755684] page=47 +8 reviews (unique=376)
[2026-04-05T10:44:39.167Z] [INFO] [review agiz-dis-bakimi/636170092] page=1 +1 reviews (unique=1)
[2026-04-05T10:44:39.168Z] [INFO] [REVIEW SAVED] /Users/artifact/Developer/review_ai/Review_AI/scraper_project/raw_data/agiz-dis-bakimi/636170092_reviews.json
[2026-04-05T10:44:39.180Z] [INFO] 
[REVIEW WORKER 3] starting agiz-dis-bakimi/514240321
[2026-04-05T10:44:39.266Z] [INFO] [review agiz-dis-bakimi/718240393] page=5 +8 reviews (unique=40)
[2026-04-05T10:44:39.268Z] [INFO] [REVIEW PARTIAL SAVED] /Users/artifact/Developer/review_ai/Review_AI/scraper_project/raw_data/agiz-dis-bakimi/718240393_reviews.partial.json
[2026-04-05T10:44:39.649Z] [INFO] [review agiz-dis-bakimi/666755684] page=48 +8 reviews (unique=384)
[2026-04-05T10:44:39.872Z] [INFO] [review agiz-dis-bakimi/718240393] page=6 +8 reviews (unique=48)
[2026-04-05T10:44:40.241Z] [INFO] [review agiz-dis-bakimi/666755684] page=49 +8 reviews (unique=392)
[2026-04-05T10:44:40.407Z] [INFO] [review agiz-dis-bakimi/718240393] page=7 +8 reviews (unique=56)
[2026-04-05T10:44:40.926Z] [INFO] [review agiz-dis-bakimi/666755684] page=50 +8 reviews (unique=400)
[2026-04-05T10:44:40.930Z] [INFO] [REVIEW PARTIAL SAVED] /Users/artifact/Developer/review_ai/Review_AI/scraper_project/raw_data/agiz-dis-bakimi/666755684_reviews.partial.json
[2026-04-05T10:44:41.061Z] [INFO] [review agiz-dis-bakimi/718240393] page=8 +8 reviews (unique=64)
[2026-04-05T10:44:41.598Z] [INFO] [review agiz-dis-bakimi/718240393] page=9 +8 reviews (unique=72)
[2026-04-05T10:44:41.600Z] [INFO] [review agiz-dis-bakimi/666755684] page=51 +8 reviews (unique=408)
[2026-04-05T10:44:42.240Z] [INFO] 
[START REVIEW] category=agiz-dis-bakimi productId=514240321 startPage=1
[2026-04-05T10:44:42.277Z] [INFO] [review agiz-dis-bakimi/718240393] page=10 +8 reviews (unique=80)
[2026-04-05T10:44:42.278Z] [INFO] [REVIEW PARTIAL SAVED] /Users/artifact/Developer/review_ai/Review_AI/scraper_project/raw_data/agiz-dis-bakimi/718240393_reviews.partial.json
[2026-04-05T10:44:42.288Z] [INFO] [review agiz-dis-bakimi/666755684] page=52 +8 reviews (unique=416)
[2026-04-05T10:44:42.441Z] [INFO] [review agiz-dis-bakimi/514240321] page=1 +8 reviews (unique=8)
[2026-04-05T10:44:42.442Z] [INFO] [REVIEW SAVED] /Users/artifact/Developer/review_ai/Review_AI/scraper_project/raw_data/agiz-dis-bakimi/514240321_reviews.json
[2026-04-05T10:44:42.448Z] [INFO] 
[REVIEW WORKER 3] starting agiz-dis-bakimi/732446530
[2026-04-05T10:44:42.871Z] [INFO] [review agiz-dis-bakimi/718240393] page=11 +8 reviews (unique=88)
[2026-04-05T10:44:42.930Z] [INFO] [review agiz-dis-bakimi/666755684] page=53 +8 reviews (unique=424)
[2026-04-05T10:44:43.463Z] [INFO] [review agiz-dis-bakimi/666755684] page=54 +8 reviews (unique=432)
[2026-04-05T10:44:43.472Z] [INFO] [review agiz-dis-bakimi/718240393] page=12 +8 reviews (unique=96)
[2026-04-05T10:44:44.082Z] [INFO] [review agiz-dis-bakimi/718240393] page=13 +6 reviews (unique=102)
[2026-04-05T10:44:44.085Z] [INFO] [REVIEW SAVED] /Users/artifact/Developer/review_ai/Review_AI/scraper_project/raw_data/agiz-dis-bakimi/718240393_reviews.json
[2026-04-05T10:44:44.094Z] [INFO] [review agiz-dis-bakimi/666755684] page=55 +8 reviews (unique=440)
[2026-04-05T10:44:44.099Z] [INFO] [REVIEW PARTIAL SAVED] /Users/artifact/Developer/review_ai/Review_AI/scraper_project/raw_data/agiz-dis-bakimi/666755684_reviews.partial.json
[2026-04-05T10:44:44.099Z] [INFO] 
[REVIEW WORKER 1] starting agiz-dis-bakimi/707736963
[2026-04-05T10:44:44.941Z] [INFO] [review agiz-dis-bakimi/666755684] page=56 +8 reviews (unique=448)
[2026-04-05T10:44:45.496Z] [INFO] 
[START REVIEW] category=agiz-dis-bakimi productId=732446530 startPage=1
[2026-04-05T10:44:45.556Z] [INFO] [review agiz-dis-bakimi/666755684] page=57 +8 reviews (unique=456)
[2026-04-05T10:44:45.657Z] [INFO] [review agiz-dis-bakimi/732446530] page=1 +8 reviews (unique=8)
[2026-04-05T10:44:46.208Z] [INFO] [review agiz-dis-bakimi/732446530] page=2 +8 reviews (unique=16)
[2026-04-05T10:44:46.677Z] [INFO] [review agiz-dis-bakimi/666755684] page=58 +8 reviews (unique=464)
[2026-04-05T10:44:46.779Z] [INFO] [review agiz-dis-bakimi/732446530] page=3 +8 reviews (unique=24)
[2026-04-05T10:44:47.227Z] [INFO] [review agiz-dis-bakimi/666755684] page=59 +8 reviews (unique=472)
[2026-04-05T10:44:47.441Z] [INFO] [review agiz-dis-bakimi/732446530] page=4 +8 reviews (unique=32)
[2026-04-05T10:44:47.923Z] [INFO] [review agiz-dis-bakimi/666755684] page=60 +8 reviews (unique=480)
[2026-04-05T10:44:47.927Z] [INFO] [REVIEW PARTIAL SAVED] /Users/artifact/Developer/review_ai/Review_AI/scraper_project/raw_data/agiz-dis-bakimi/666755684_reviews.partial.json
[2026-04-05T10:44:48.084Z] [INFO] [review agiz-dis-bakimi/732446530] page=5 +8 reviews (unique=40)
[2026-04-05T10:44:48.085Z] [INFO] [REVIEW PARTIAL SAVED] /Users/artifact/Developer/review_ai/Review_AI/scraper_project/raw_data/agiz-dis-bakimi/732446530_reviews.partial.json
[2026-04-05T10:44:48.463Z] [INFO] [review agiz-dis-bakimi/666755684] page=61 +8 reviews (unique=488)
[2026-04-05T10:44:48.667Z] [INFO] 
[START REVIEW] category=agiz-dis-bakimi productId=707736963 startPage=1
[2026-04-05T10:44:48.692Z] [INFO] [review agiz-dis-bakimi/732446530] page=6 +8 reviews (unique=48)
[2026-04-05T10:44:48.897Z] [INFO] [review agiz-dis-bakimi/707736963] page=1 +8 reviews (unique=8)
[2026-04-05T10:44:48.898Z] [INFO] [REVIEW SAVED] /Users/artifact/Developer/review_ai/Review_AI/scraper_project/raw_data/agiz-dis-bakimi/707736963_reviews.json
[2026-04-05T10:44:48.905Z] [INFO] 
[REVIEW WORKER 1] starting agiz-dis-bakimi/598888318
[2026-04-05T10:44:49.020Z] [INFO] [review agiz-dis-bakimi/666755684] page=62 +8 reviews (unique=496)
[2026-04-05T10:44:49.317Z] [INFO] [review agiz-dis-bakimi/732446530] page=7 +8 reviews (unique=56)
[2026-04-05T10:44:49.634Z] [INFO] [review agiz-dis-bakimi/666755684] page=63 +8 reviews (unique=504)
[2026-04-05T10:44:49.798Z] [INFO] [review agiz-dis-bakimi/732446530] page=8 +8 reviews (unique=64)
[2026-04-05T10:44:50.541Z] [INFO] [review agiz-dis-bakimi/732446530] page=9 +4 reviews (unique=68)
[2026-04-05T10:44:50.543Z] [INFO] [REVIEW SAVED] /Users/artifact/Developer/review_ai/Review_AI/scraper_project/raw_data/agiz-dis-bakimi/732446530_reviews.json
[2026-04-05T10:44:50.551Z] [INFO] [review agiz-dis-bakimi/666755684] page=64 +8 reviews (unique=512)
[2026-04-05T10:44:50.552Z] [INFO] 
[REVIEW WORKER 3] starting agiz-dis-bakimi/598810717
[2026-04-05T10:44:51.104Z] [INFO] [review agiz-dis-bakimi/666755684] page=65 +8 reviews (unique=520)
[2026-04-05T10:44:51.108Z] [INFO] [REVIEW PARTIAL SAVED] /Users/artifact/Developer/review_ai/Review_AI/scraper_project/raw_data/agiz-dis-bakimi/666755684_reviews.partial.json
[2026-04-05T10:44:51.735Z] [INFO] [review agiz-dis-bakimi/666755684] page=66 +8 reviews (unique=528)
[2026-04-05T10:44:52.330Z] [INFO] 
[START REVIEW] category=agiz-dis-bakimi productId=598888318 startPage=1
[2026-04-05T10:44:52.575Z] [INFO] [review agiz-dis-bakimi/666755684] page=67 +8 reviews (unique=536)
[2026-04-05T10:44:52.651Z] [INFO] [review agiz-dis-bakimi/598888318] page=1 +8 reviews (unique=8)
[2026-04-05T10:44:53.079Z] [INFO] [review agiz-dis-bakimi/666755684] page=68 +8 reviews (unique=544)
[2026-04-05T10:44:53.357Z] [INFO] [review agiz-dis-bakimi/598888318] page=2 +8 reviews (unique=16)
[2026-04-05T10:44:53.829Z] [INFO] [review agiz-dis-bakimi/666755684] page=69 +8 reviews (unique=552)
[2026-04-05T10:44:54.045Z] [INFO] [review agiz-dis-bakimi/598888318] page=3 +8 reviews (unique=24)
[2026-04-05T10:44:54.279Z] [INFO] 
[START REVIEW] category=agiz-dis-bakimi productId=598810717 startPage=1
[2026-04-05T10:44:54.459Z] [INFO] [review agiz-dis-bakimi/598810717] page=1 +8 reviews (unique=8)
[2026-04-05T10:44:54.584Z] [INFO] [review agiz-dis-bakimi/598888318] page=4 +8 reviews (unique=32)
[2026-04-05T10:44:54.698Z] [INFO] [review agiz-dis-bakimi/666755684] page=70 +8 reviews (unique=560)
[2026-04-05T10:44:54.701Z] [INFO] [REVIEW PARTIAL SAVED] /Users/artifact/Developer/review_ai/Review_AI/scraper_project/raw_data/agiz-dis-bakimi/666755684_reviews.partial.json
[2026-04-05T10:44:54.986Z] [INFO] [review agiz-dis-bakimi/598810717] page=2 +6 reviews (unique=14)
[2026-04-05T10:44:54.987Z] [INFO] [REVIEW SAVED] /Users/artifact/Developer/review_ai/Review_AI/scraper_project/raw_data/agiz-dis-bakimi/598810717_reviews.json
[2026-04-05T10:44:54.992Z] [INFO] 
[REVIEW WORKER 3] starting agiz-dis-bakimi/474567301
[2026-04-05T10:44:55.130Z] [INFO] [review agiz-dis-bakimi/598888318] page=5 +1 reviews (unique=33)
[2026-04-05T10:44:55.131Z] [INFO] [REVIEW PARTIAL SAVED] /Users/artifact/Developer/review_ai/Review_AI/scraper_project/raw_data/agiz-dis-bakimi/598888318_reviews.partial.json
[2026-04-05T10:44:55.132Z] [INFO] [REVIEW SAVED] /Users/artifact/Developer/review_ai/Review_AI/scraper_project/raw_data/agiz-dis-bakimi/598888318_reviews.json
[2026-04-05T10:44:55.167Z] [INFO] 
[REVIEW WORKER 1] starting agiz-dis-bakimi/732417687
[2026-04-05T10:44:55.259Z] [INFO] [review agiz-dis-bakimi/666755684] page=71 +8 reviews (unique=568)
[2026-04-05T10:44:55.771Z] [INFO] [review agiz-dis-bakimi/666755684] page=72 +8 reviews (unique=576)
[2026-04-05T10:44:56.795Z] [INFO] [review agiz-dis-bakimi/666755684] page=73 +8 reviews (unique=584)
[2026-04-05T10:44:57.859Z] [INFO] [review agiz-dis-bakimi/666755684] page=74 +8 reviews (unique=592)
[2026-04-05T10:44:58.032Z] [INFO] 
[START REVIEW] category=agiz-dis-bakimi productId=474567301 startPage=1
[2026-04-05T10:44:58.353Z] [INFO] [review agiz-dis-bakimi/474567301] page=1 +8 reviews (unique=8)
[2026-04-05T10:44:58.626Z] [INFO] [review agiz-dis-bakimi/666755684] page=75 +8 reviews (unique=600)
[2026-04-05T10:44:58.632Z] [INFO] [REVIEW PARTIAL SAVED] /Users/artifact/Developer/review_ai/Review_AI/scraper_project/raw_data/agiz-dis-bakimi/666755684_reviews.partial.json
[2026-04-05T10:44:58.901Z] [INFO] [review agiz-dis-bakimi/474567301] page=2 +8 reviews (unique=16)
[2026-04-05T10:44:58.935Z] [INFO] 
[START REVIEW] category=agiz-dis-bakimi productId=732417687 startPage=1
[2026-04-05T10:44:59.247Z] [INFO] [review agiz-dis-bakimi/732417687] page=1 +8 reviews (unique=8)
[2026-04-05T10:44:59.893Z] [INFO] [review agiz-dis-bakimi/474567301] page=3 +8 reviews (unique=24)
[2026-04-05T10:45:00.056Z] [INFO] [review agiz-dis-bakimi/666755684] page=76 +8 reviews (unique=608)
[2026-04-05T10:45:00.333Z] [INFO] [review agiz-dis-bakimi/732417687] page=2 +8 reviews (unique=16)
[2026-04-05T10:45:00.538Z] [INFO] [review agiz-dis-bakimi/474567301] page=4 +8 reviews (unique=32)
[2026-04-05T10:45:00.682Z] [INFO] [review agiz-dis-bakimi/666755684] page=77 +8 reviews (unique=616)
[2026-04-05T10:45:00.907Z] [INFO] [review agiz-dis-bakimi/732417687] page=3 +8 reviews (unique=24)
[2026-04-05T10:45:01.164Z] [INFO] [review agiz-dis-bakimi/474567301] page=5 +8 reviews (unique=40)
[2026-04-05T10:45:01.165Z] [INFO] [REVIEW PARTIAL SAVED] /Users/artifact/Developer/review_ai/Review_AI/scraper_project/raw_data/agiz-dis-bakimi/474567301_reviews.partial.json
[2026-04-05T10:45:01.375Z] [INFO] [review agiz-dis-bakimi/666755684] page=78 +8 reviews (unique=624)
[2026-04-05T10:45:01.461Z] [INFO] [review agiz-dis-bakimi/732417687] page=4 +8 reviews (unique=32)
[2026-04-05T10:45:01.774Z] [INFO] [review agiz-dis-bakimi/474567301] page=6 +8 reviews (unique=48)
[2026-04-05T10:45:01.983Z] [INFO] [review agiz-dis-bakimi/666755684] page=79 +8 reviews (unique=632)
[2026-04-05T10:45:02.078Z] [INFO] [review agiz-dis-bakimi/732417687] page=5 +8 reviews (unique=40)
[2026-04-05T10:45:02.080Z] [INFO] [REVIEW PARTIAL SAVED] /Users/artifact/Developer/review_ai/Review_AI/scraper_project/raw_data/agiz-dis-bakimi/732417687_reviews.partial.json
[2026-04-05T10:45:02.347Z] [INFO] [review agiz-dis-bakimi/474567301] page=7 +8 reviews (unique=56)
[2026-04-05T10:45:02.573Z] [INFO] [review agiz-dis-bakimi/732417687] page=6 +1 reviews (unique=41)
[2026-04-05T10:45:02.576Z] [INFO] [REVIEW SAVED] /Users/artifact/Developer/review_ai/Review_AI/scraper_project/raw_data/agiz-dis-bakimi/732417687_reviews.json
[2026-04-05T10:45:02.593Z] [INFO] 
[REVIEW WORKER 1] starting agiz-dis-bakimi/513733004
[2026-04-05T10:45:02.637Z] [INFO] [review agiz-dis-bakimi/666755684] page=80 +8 reviews (unique=640)
[2026-04-05T10:45:02.643Z] [INFO] [REVIEW PARTIAL SAVED] /Users/artifact/Developer/review_ai/Review_AI/scraper_project/raw_data/agiz-dis-bakimi/666755684_reviews.partial.json
[2026-04-05T10:45:03.060Z] [INFO] [review agiz-dis-bakimi/474567301] page=8 +8 reviews (unique=64)
[2026-04-05T10:45:03.283Z] [INFO] [review agiz-dis-bakimi/666755684] page=81 +8 reviews (unique=648)
[2026-04-05T10:45:03.690Z] [INFO] [review agiz-dis-bakimi/474567301] page=9 +8 reviews (unique=72)
[2026-04-05T10:45:04.027Z] [INFO] [review agiz-dis-bakimi/666755684] page=82 +8 reviews (unique=656)
[2026-04-05T10:45:04.323Z] [INFO] [review agiz-dis-bakimi/474567301] page=10 +8 reviews (unique=80)
[2026-04-05T10:45:04.325Z] [INFO] [REVIEW PARTIAL SAVED] /Users/artifact/Developer/review_ai/Review_AI/scraper_project/raw_data/agiz-dis-bakimi/474567301_reviews.partial.json
[2026-04-05T10:45:04.654Z] [INFO] [review agiz-dis-bakimi/666755684] page=83 +8 reviews (unique=664)
[2026-04-05T10:45:05.072Z] [INFO] [review agiz-dis-bakimi/474567301] page=11 +8 reviews (unique=88)
[2026-04-05T10:45:05.213Z] [INFO] [review agiz-dis-bakimi/666755684] page=84 +8 reviews (unique=672)
[2026-04-05T10:45:05.679Z] [INFO] [review agiz-dis-bakimi/474567301] page=12 +8 reviews (unique=96)
[2026-04-05T10:45:05.752Z] [INFO] 
[START REVIEW] category=agiz-dis-bakimi productId=513733004 startPage=1
[2026-04-05T10:45:05.821Z] [INFO] [review agiz-dis-bakimi/666755684] page=85 +8 reviews (unique=680)
[2026-04-05T10:45:05.829Z] [INFO] [REVIEW PARTIAL SAVED] /Users/artifact/Developer/review_ai/Review_AI/scraper_project/raw_data/agiz-dis-bakimi/666755684_reviews.partial.json
[2026-04-05T10:45:05.941Z] [INFO] [review agiz-dis-bakimi/513733004] page=1 +8 reviews (unique=8)
[2026-04-05T10:45:06.276Z] [INFO] [review agiz-dis-bakimi/474567301] page=13 +8 reviews (unique=104)
[2026-04-05T10:45:06.438Z] [INFO] [review agiz-dis-bakimi/666755684] page=86 +8 reviews (unique=688)
[2026-04-05T10:45:06.540Z] [INFO] [review agiz-dis-bakimi/513733004] page=2 +8 reviews (unique=16)
[2026-04-05T10:45:06.863Z] [INFO] [review agiz-dis-bakimi/474567301] page=14 +8 reviews (unique=112)
[2026-04-05T10:45:07.143Z] [INFO] [review agiz-dis-bakimi/666755684] page=87 +8 reviews (unique=696)
[2026-04-05T10:45:07.304Z] [INFO] [review agiz-dis-bakimi/513733004] page=3 +8 reviews (unique=24)
[2026-04-05T10:45:07.492Z] [INFO] [review agiz-dis-bakimi/474567301] page=15 +8 reviews (unique=120)
[2026-04-05T10:45:07.494Z] [INFO] [REVIEW PARTIAL SAVED] /Users/artifact/Developer/review_ai/Review_AI/scraper_project/raw_data/agiz-dis-bakimi/474567301_reviews.partial.json
[2026-04-05T10:45:07.717Z] [INFO] [review agiz-dis-bakimi/666755684] page=88 +8 reviews (unique=704)
[2026-04-05T10:45:07.867Z] [INFO] [review agiz-dis-bakimi/513733004] page=4 +8 reviews (unique=32)
[2026-04-05T10:45:08.025Z] [INFO] [review agiz-dis-bakimi/474567301] page=16 +8 reviews (unique=128)
[2026-04-05T10:45:08.347Z] [INFO] [review agiz-dis-bakimi/666755684] page=89 +8 reviews (unique=712)
[2026-04-05T10:45:08.459Z] [INFO] [review agiz-dis-bakimi/513733004] page=5 +8 reviews (unique=40)
[2026-04-05T10:45:08.461Z] [INFO] [REVIEW PARTIAL SAVED] /Users/artifact/Developer/review_ai/Review_AI/scraper_project/raw_data/agiz-dis-bakimi/513733004_reviews.partial.json
[2026-04-05T10:45:08.637Z] [INFO] [review agiz-dis-bakimi/474567301] page=17 +8 reviews (unique=136)
[2026-04-05T10:45:08.928Z] [INFO] [review agiz-dis-bakimi/666755684] page=90 +8 reviews (unique=720)
[2026-04-05T10:45:08.939Z] [INFO] [REVIEW PARTIAL SAVED] /Users/artifact/Developer/review_ai/Review_AI/scraper_project/raw_data/agiz-dis-bakimi/666755684_reviews.partial.json
[2026-04-05T10:45:09.039Z] [INFO] [review agiz-dis-bakimi/513733004] page=6 +8 reviews (unique=48)
[2026-04-05T10:45:09.236Z] [INFO] [review agiz-dis-bakimi/474567301] page=18 +8 reviews (unique=144)
[2026-04-05T10:45:09.491Z] [INFO] [review agiz-dis-bakimi/666755684] page=91 +8 reviews (unique=728)
[2026-04-05T10:45:09.666Z] [INFO] [review agiz-dis-bakimi/513733004] page=7 +8 reviews (unique=56)
[2026-04-05T10:45:09.829Z] [INFO] [review agiz-dis-bakimi/474567301] page=19 +8 reviews (unique=152)
[2026-04-05T10:45:10.057Z] [INFO] [review agiz-dis-bakimi/666755684] page=92 +8 reviews (unique=736)
[2026-04-05T10:45:10.284Z] [INFO] [review agiz-dis-bakimi/513733004] page=8 +8 reviews (unique=64)
[2026-04-05T10:45:10.447Z] [INFO] [review agiz-dis-bakimi/474567301] page=20 +8 reviews (unique=160)
[2026-04-05T10:45:10.449Z] [INFO] [REVIEW PARTIAL SAVED] /Users/artifact/Developer/review_ai/Review_AI/scraper_project/raw_data/agiz-dis-bakimi/474567301_reviews.partial.json
[2026-04-05T10:45:10.855Z] [INFO] [review agiz-dis-bakimi/513733004] page=9 +8 reviews (unique=72)
[2026-04-05T10:45:11.083Z] [INFO] [review agiz-dis-bakimi/474567301] page=21 +8 reviews (unique=168)
[2026-04-05T10:45:11.123Z] [INFO] [review agiz-dis-bakimi/666755684] page=93 +8 reviews (unique=744)
[2026-04-05T10:45:11.490Z] [INFO] [review agiz-dis-bakimi/513733004] page=10 +8 reviews (unique=80)
[2026-04-05T10:45:11.491Z] [INFO] [REVIEW PARTIAL SAVED] /Users/artifact/Developer/review_ai/Review_AI/scraper_project/raw_data/agiz-dis-bakimi/513733004_reviews.partial.json
[2026-04-05T10:45:11.700Z] [INFO] [review agiz-dis-bakimi/474567301] page=22 +8 reviews (unique=176)
[2026-04-05T10:45:11.840Z] [INFO] [review agiz-dis-bakimi/666755684] page=94 +8 reviews (unique=752)
[2026-04-05T10:45:11.991Z] [INFO] [review agiz-dis-bakimi/513733004] page=11 +8 reviews (unique=88)
[2026-04-05T10:45:12.380Z] [INFO] [review agiz-dis-bakimi/474567301] page=23 +8 reviews (unique=184)
[2026-04-05T10:45:12.504Z] [INFO] [review agiz-dis-bakimi/513733004] page=12 +8 reviews (unique=96)
[2026-04-05T10:45:12.624Z] [INFO] [review agiz-dis-bakimi/666755684] page=95 +8 reviews (unique=760)
[2026-04-05T10:45:12.633Z] [INFO] [REVIEW PARTIAL SAVED] /Users/artifact/Developer/review_ai/Review_AI/scraper_project/raw_data/agiz-dis-bakimi/666755684_reviews.partial.json
[2026-04-05T10:45:12.910Z] [INFO] [review agiz-dis-bakimi/474567301] page=24 +8 reviews (unique=192)
[2026-04-05T10:45:13.047Z] [INFO] [review agiz-dis-bakimi/513733004] page=13 +8 reviews (unique=104)
[2026-04-05T10:45:13.217Z] [INFO] [review agiz-dis-bakimi/666755684] page=96 +8 reviews (unique=768)
[2026-04-05T10:45:13.491Z] [INFO] [review agiz-dis-bakimi/474567301] page=25 +8 reviews (unique=200)
[2026-04-05T10:45:13.495Z] [INFO] [REVIEW PARTIAL SAVED] /Users/artifact/Developer/review_ai/Review_AI/scraper_project/raw_data/agiz-dis-bakimi/474567301_reviews.partial.json
[2026-04-05T10:45:13.612Z] [INFO] [review agiz-dis-bakimi/513733004] page=14 +8 reviews (unique=112)
[2026-04-05T10:45:13.823Z] [INFO] [review agiz-dis-bakimi/666755684] page=97 +8 reviews (unique=776)
[2026-04-05T10:45:14.039Z] [INFO] [review agiz-dis-bakimi/474567301] page=26 +8 reviews (unique=208)
[2026-04-05T10:45:14.171Z] [INFO] [review agiz-dis-bakimi/513733004] page=15 +8 reviews (unique=120)
[2026-04-05T10:45:14.174Z] [INFO] [REVIEW PARTIAL SAVED] /Users/artifact/Developer/review_ai/Review_AI/scraper_project/raw_data/agiz-dis-bakimi/513733004_reviews.partial.json
[2026-04-05T10:45:14.483Z] [INFO] [review agiz-dis-bakimi/666755684] page=98 +8 reviews (unique=784)
[2026-04-05T10:45:14.639Z] [INFO] [review agiz-dis-bakimi/474567301] page=27 +8 reviews (unique=216)
[2026-04-05T10:45:14.776Z] [INFO] [review agiz-dis-bakimi/513733004] page=16 +8 reviews (unique=128)
[2026-04-05T10:45:15.106Z] [INFO] [review agiz-dis-bakimi/666755684] page=99 +8 reviews (unique=792)
[2026-04-05T10:45:15.296Z] [INFO] [review agiz-dis-bakimi/474567301] page=28 +8 reviews (unique=224)
[2026-04-05T10:45:15.349Z] [INFO] [review agiz-dis-bakimi/513733004] page=17 +8 reviews (unique=136)
[2026-04-05T10:45:15.730Z] [INFO] [review agiz-dis-bakimi/666755684] page=100 +8 reviews (unique=800)
[2026-04-05T10:45:15.737Z] [INFO] [REVIEW PARTIAL SAVED] /Users/artifact/Developer/review_ai/Review_AI/scraper_project/raw_data/agiz-dis-bakimi/666755684_reviews.partial.json
[2026-04-05T10:45:15.871Z] [INFO] [review agiz-dis-bakimi/474567301] page=29 +8 reviews (unique=232)
[2026-04-05T10:45:16.056Z] [INFO] [review agiz-dis-bakimi/513733004] page=18 +8 reviews (unique=144)
[2026-04-05T10:45:16.408Z] [INFO] [review agiz-dis-bakimi/666755684] page=101 +8 reviews (unique=808)
[2026-04-05T10:45:16.576Z] [INFO] [review agiz-dis-bakimi/474567301] page=30 +8 reviews (unique=240)
[2026-04-05T10:45:16.580Z] [INFO] [REVIEW PARTIAL SAVED] /Users/artifact/Developer/review_ai/Review_AI/scraper_project/raw_data/agiz-dis-bakimi/474567301_reviews.partial.json
[2026-04-05T10:45:16.584Z] [INFO] [review agiz-dis-bakimi/513733004] page=19 +8 reviews (unique=152)
[2026-04-05T10:45:17.161Z] [INFO] [review agiz-dis-bakimi/513733004] page=20 +7 reviews (unique=159)
[2026-04-05T10:45:17.164Z] [INFO] [REVIEW PARTIAL SAVED] /Users/artifact/Developer/review_ai/Review_AI/scraper_project/raw_data/agiz-dis-bakimi/513733004_reviews.partial.json
[2026-04-05T10:45:17.166Z] [INFO] [REVIEW SAVED] /Users/artifact/Developer/review_ai/Review_AI/scraper_project/raw_data/agiz-dis-bakimi/513733004_reviews.json
[2026-04-05T10:45:17.179Z] [INFO] 
[REVIEW WORKER 1] starting agiz-dis-bakimi/646005525
[2026-04-05T10:45:17.364Z] [INFO] [review agiz-dis-bakimi/666755684] page=102 +8 reviews (unique=816)
[2026-04-05T10:45:17.391Z] [INFO] [review agiz-dis-bakimi/474567301] page=31 +8 reviews (unique=248)
[2026-04-05T10:45:17.982Z] [INFO] [review agiz-dis-bakimi/474567301] page=32 +8 reviews (unique=256)
[2026-04-05T10:45:17.990Z] [INFO] [review agiz-dis-bakimi/666755684] page=103 +8 reviews (unique=824)
[2026-04-05T10:45:18.680Z] [INFO] [review agiz-dis-bakimi/666755684] page=104 +8 reviews (unique=832)
[2026-04-05T10:45:18.683Z] [INFO] [review agiz-dis-bakimi/474567301] page=33 +8 reviews (unique=264)
[2026-04-05T10:45:19.220Z] [INFO] [review agiz-dis-bakimi/474567301] page=34 +8 reviews (unique=272)
[2026-04-05T10:45:19.261Z] [INFO] [review agiz-dis-bakimi/666755684] page=105 +8 reviews (unique=840)
[2026-04-05T10:45:19.265Z] [INFO] [REVIEW PARTIAL SAVED] /Users/artifact/Developer/review_ai/Review_AI/scraper_project/raw_data/agiz-dis-bakimi/666755684_reviews.partial.json
[2026-04-05T10:45:19.885Z] [INFO] [review agiz-dis-bakimi/474567301] page=35 +8 reviews (unique=280)
[2026-04-05T10:45:19.887Z] [INFO] [REVIEW PARTIAL SAVED] /Users/artifact/Developer/review_ai/Review_AI/scraper_project/raw_data/agiz-dis-bakimi/474567301_reviews.partial.json
[2026-04-05T10:45:19.908Z] [INFO] [review agiz-dis-bakimi/666755684] page=106 +8 reviews (unique=848)
[2026-04-05T10:45:20.498Z] [INFO] [review agiz-dis-bakimi/474567301] page=36 +8 reviews (unique=288)
[2026-04-05T10:45:20.502Z] [INFO] [review agiz-dis-bakimi/666755684] page=107 +8 reviews (unique=856)
[2026-04-05T10:45:20.712Z] [INFO] 
[START REVIEW] category=agiz-dis-bakimi productId=646005525 startPage=1
[2026-04-05T10:45:21.013Z] [INFO] [review agiz-dis-bakimi/646005525] page=1 +8 reviews (unique=8)
[2026-04-05T10:45:21.037Z] [INFO] [review agiz-dis-bakimi/666755684] page=108 +8 reviews (unique=864)
[2026-04-05T10:45:21.059Z] [INFO] [review agiz-dis-bakimi/474567301] page=37 +8 reviews (unique=296)
[2026-04-05T10:45:21.593Z] [INFO] [review agiz-dis-bakimi/666755684] page=109 +8 reviews (unique=872)
[2026-04-05T10:45:21.636Z] [INFO] [review agiz-dis-bakimi/646005525] page=2 +8 reviews (unique=16)
[2026-04-05T10:45:21.698Z] [INFO] [review agiz-dis-bakimi/474567301] page=38 +8 reviews (unique=304)
[2026-04-05T10:45:22.187Z] [INFO] [review agiz-dis-bakimi/666755684] page=110 +8 reviews (unique=880)
[2026-04-05T10:45:22.201Z] [INFO] [REVIEW PARTIAL SAVED] /Users/artifact/Developer/review_ai/Review_AI/scraper_project/raw_data/agiz-dis-bakimi/666755684_reviews.partial.json
[2026-04-05T10:45:22.204Z] [INFO] [review agiz-dis-bakimi/646005525] page=3 +8 reviews (unique=24)
[2026-04-05T10:45:22.281Z] [INFO] [review agiz-dis-bakimi/474567301] page=39 +8 reviews (unique=312)
[2026-04-05T10:45:22.753Z] [INFO] [review agiz-dis-bakimi/646005525] page=4 +4 reviews (unique=28)
[2026-04-05T10:45:22.756Z] [INFO] [REVIEW SAVED] /Users/artifact/Developer/review_ai/Review_AI/scraper_project/raw_data/agiz-dis-bakimi/646005525_reviews.json
[2026-04-05T10:45:22.771Z] [INFO] 
[REVIEW WORKER 1] starting agiz-dis-bakimi/569356217
[2026-04-05T10:45:22.898Z] [INFO] [review agiz-dis-bakimi/666755684] page=111 +8 reviews (unique=888)
[2026-04-05T10:45:22.900Z] [INFO] [review agiz-dis-bakimi/474567301] page=40 +8 reviews (unique=320)
[2026-04-05T10:45:22.902Z] [INFO] [REVIEW PARTIAL SAVED] /Users/artifact/Developer/review_ai/Review_AI/scraper_project/raw_data/agiz-dis-bakimi/474567301_reviews.partial.json
[2026-04-05T10:45:23.474Z] [INFO] [review agiz-dis-bakimi/474567301] page=41 +8 reviews (unique=328)
[2026-04-05T10:45:23.480Z] [INFO] [review agiz-dis-bakimi/666755684] page=112 +8 reviews (unique=896)
[2026-04-05T10:45:24.095Z] [INFO] [review agiz-dis-bakimi/474567301] page=42 +8 reviews (unique=336)
[2026-04-05T10:45:24.111Z] [INFO] [review agiz-dis-bakimi/666755684] page=113 +8 reviews (unique=904)
[2026-04-05T10:45:24.709Z] [INFO] [review agiz-dis-bakimi/474567301] page=43 +8 reviews (unique=344)
[2026-04-05T10:45:24.720Z] [INFO] [review agiz-dis-bakimi/666755684] page=114 +8 reviews (unique=912)
[2026-04-05T10:45:25.202Z] [INFO] [review agiz-dis-bakimi/474567301] page=44 +8 reviews (unique=352)
[2026-04-05T10:45:25.312Z] [INFO] [review agiz-dis-bakimi/666755684] page=115 +8 reviews (unique=920)
[2026-04-05T10:45:25.318Z] [INFO] [REVIEW PARTIAL SAVED] /Users/artifact/Developer/review_ai/Review_AI/scraper_project/raw_data/agiz-dis-bakimi/666755684_reviews.partial.json
[2026-04-05T10:45:25.745Z] [INFO] [review agiz-dis-bakimi/474567301] page=45 +8 reviews (unique=360)
[2026-04-05T10:45:25.747Z] [INFO] [REVIEW PARTIAL SAVED] /Users/artifact/Developer/review_ai/Review_AI/scraper_project/raw_data/agiz-dis-bakimi/474567301_reviews.partial.json
[2026-04-05T10:45:25.888Z] [INFO] 
[START REVIEW] category=agiz-dis-bakimi productId=569356217 startPage=1
[2026-04-05T10:45:26.015Z] [INFO] [review agiz-dis-bakimi/666755684] page=116 +8 reviews (unique=928)
[2026-04-05T10:45:26.146Z] [INFO] [review agiz-dis-bakimi/569356217] page=1 +8 reviews (unique=8)
[2026-04-05T10:45:26.967Z] [INFO] [review agiz-dis-bakimi/474567301] page=46 +8 reviews (unique=368)
[2026-04-05T10:45:27.065Z] [INFO] [review agiz-dis-bakimi/666755684] page=117 +8 reviews (unique=936)
[2026-04-05T10:45:27.674Z] [INFO] [review agiz-dis-bakimi/569356217] page=2 +8 reviews (unique=16)
[2026-04-05T10:45:28.862Z] [INFO] [review agiz-dis-bakimi/569356217] page=3 +8 reviews (unique=24)
[2026-04-05T10:45:29.473Z] [INFO] [review agiz-dis-bakimi/569356217] page=4 +8 reviews (unique=32)
[2026-04-05T10:45:30.041Z] [INFO] [review agiz-dis-bakimi/569356217] page=5 +8 reviews (unique=40)
[2026-04-05T10:45:30.044Z] [INFO] [REVIEW PARTIAL SAVED] /Users/artifact/Developer/review_ai/Review_AI/scraper_project/raw_data/agiz-dis-bakimi/569356217_reviews.partial.json
[2026-04-05T10:45:30.659Z] [INFO] [review agiz-dis-bakimi/569356217] page=6 +2 reviews (unique=42)
[2026-04-05T10:45:30.662Z] [INFO] [REVIEW SAVED] /Users/artifact/Developer/review_ai/Review_AI/scraper_project/raw_data/agiz-dis-bakimi/569356217_reviews.json
[2026-04-05T10:45:30.676Z] [INFO] 
[REVIEW WORKER 1] starting agiz-dis-bakimi/583568159
[2026-04-05T10:45:33.011Z] [INFO] [review agiz-dis-bakimi/474567301] page=47 +8 reviews (unique=376)
[2026-04-05T10:45:33.034Z] [INFO] [review agiz-dis-bakimi/666755684] page=118 +8 reviews (unique=944)
[2026-04-05T10:45:33.553Z] [INFO] [review agiz-dis-bakimi/666755684] page=119 +8 reviews (unique=952)
[2026-04-05T10:45:33.660Z] [INFO] [review agiz-dis-bakimi/474567301] page=48 +8 reviews (unique=384)
[2026-04-05T10:45:33.924Z] [INFO] 
[START REVIEW] category=agiz-dis-bakimi productId=583568159 startPage=1
[2026-04-05T10:45:34.063Z] [INFO] [review agiz-dis-bakimi/583568159] page=1 +8 reviews (unique=8)
[2026-04-05T10:45:34.179Z] [INFO] [review agiz-dis-bakimi/474567301] page=49 +8 reviews (unique=392)
[2026-04-05T10:45:34.187Z] [INFO] [review agiz-dis-bakimi/666755684] page=120 +8 reviews (unique=960)
[2026-04-05T10:45:34.198Z] [INFO] [REVIEW PARTIAL SAVED] /Users/artifact/Developer/review_ai/Review_AI/scraper_project/raw_data/agiz-dis-bakimi/666755684_reviews.partial.json
[2026-04-05T10:45:34.659Z] [INFO] [review agiz-dis-bakimi/583568159] page=2 +8 reviews (unique=16)
[2026-04-05T10:45:34.810Z] [INFO] [review agiz-dis-bakimi/474567301] page=50 +8 reviews (unique=400)
[2026-04-05T10:45:34.814Z] [INFO] [REVIEW PARTIAL SAVED] /Users/artifact/Developer/review_ai/Review_AI/scraper_project/raw_data/agiz-dis-bakimi/474567301_reviews.partial.json
[2026-04-05T10:45:34.833Z] [INFO] [review agiz-dis-bakimi/666755684] page=121 +8 reviews (unique=968)
[2026-04-05T10:45:35.146Z] [INFO] [review agiz-dis-bakimi/583568159] page=3 +8 reviews (unique=24)
[2026-04-05T10:45:35.557Z] [INFO] [review agiz-dis-bakimi/474567301] page=51 +8 reviews (unique=408)
[2026-04-05T10:45:35.588Z] [INFO] [review agiz-dis-bakimi/666755684] page=122 +8 reviews (unique=976)
[2026-04-05T10:45:35.657Z] [INFO] [review agiz-dis-bakimi/583568159] page=4 +5 reviews (unique=29)
[2026-04-05T10:45:35.659Z] [INFO] [REVIEW SAVED] /Users/artifact/Developer/review_ai/Review_AI/scraper_project/raw_data/agiz-dis-bakimi/583568159_reviews.json
[2026-04-05T10:45:35.674Z] [INFO] 
[REVIEW WORKER 1] starting agiz-dis-bakimi/580608641
[2026-04-05T10:45:36.183Z] [INFO] [review agiz-dis-bakimi/666755684] page=123 +8 reviews (unique=984)
[2026-04-05T10:45:36.232Z] [INFO] [review agiz-dis-bakimi/474567301] page=52 +8 reviews (unique=416)
[2026-04-05T10:45:36.756Z] [INFO] [review agiz-dis-bakimi/666755684] page=124 +8 reviews (unique=992)
[2026-04-05T10:45:36.839Z] [INFO] [review agiz-dis-bakimi/474567301] page=53 +8 reviews (unique=424)
[2026-04-05T10:45:37.354Z] [INFO] [review agiz-dis-bakimi/666755684] page=125 +8 reviews (unique=1000)
[2026-04-05T10:45:37.360Z] [INFO] [REVIEW PARTIAL SAVED] /Users/artifact/Developer/review_ai/Review_AI/scraper_project/raw_data/agiz-dis-bakimi/666755684_reviews.partial.json
[2026-04-05T10:45:37.559Z] [INFO] [review agiz-dis-bakimi/474567301] page=54 +8 reviews (unique=432)
[2026-04-05T10:45:38.035Z] [INFO] [review agiz-dis-bakimi/666755684] page=126 +8 reviews (unique=1008)
[2026-04-05T10:45:38.111Z] [INFO] [review agiz-dis-bakimi/474567301] page=55 +8 reviews (unique=440)
[2026-04-05T10:45:38.114Z] [INFO] [REVIEW PARTIAL SAVED] /Users/artifact/Developer/review_ai/Review_AI/scraper_project/raw_data/agiz-dis-bakimi/474567301_reviews.partial.json
[2026-04-05T10:45:38.669Z] [INFO] [review agiz-dis-bakimi/666755684] page=127 +8 reviews (unique=1016)
[2026-04-05T10:45:38.776Z] [INFO] [review agiz-dis-bakimi/474567301] page=56 +8 reviews (unique=448)
[2026-04-05T10:45:39.043Z] [INFO] 
[START REVIEW] category=agiz-dis-bakimi productId=580608641 startPage=1
[2026-04-05T10:45:39.178Z] [INFO] [review agiz-dis-bakimi/580608641] page=1 +8 reviews (unique=8)
[2026-04-05T10:45:39.289Z] [INFO] [review agiz-dis-bakimi/666755684] page=128 +8 reviews (unique=1024)
[2026-04-05T10:45:39.377Z] [INFO] [review agiz-dis-bakimi/474567301] page=57 +8 reviews (unique=456)
[2026-04-05T10:45:39.795Z] [INFO] [review agiz-dis-bakimi/580608641] page=2 +8 reviews (unique=16)
[2026-04-05T10:45:39.915Z] [INFO] [review agiz-dis-bakimi/666755684] page=129 +8 reviews (unique=1032)
[2026-04-05T10:45:39.974Z] [INFO] [review agiz-dis-bakimi/474567301] page=58 +8 reviews (unique=464)
[2026-04-05T10:45:40.325Z] [INFO] [review agiz-dis-bakimi/580608641] page=3 +8 reviews (unique=24)
[2026-04-05T10:45:40.555Z] [INFO] [review agiz-dis-bakimi/666755684] page=130 +8 reviews (unique=1040)
[2026-04-05T10:45:40.563Z] [INFO] [REVIEW PARTIAL SAVED] /Users/artifact/Developer/review_ai/Review_AI/scraper_project/raw_data/agiz-dis-bakimi/666755684_reviews.partial.json
[2026-04-05T10:45:40.687Z] [INFO] [review agiz-dis-bakimi/474567301] page=59 +8 reviews (unique=472)
[2026-04-05T10:45:40.881Z] [INFO] [review agiz-dis-bakimi/580608641] page=4 +8 reviews (unique=32)
[2026-04-05T10:45:41.154Z] [INFO] [review agiz-dis-bakimi/666755684] page=131 +8 reviews (unique=1048)
[2026-04-05T10:45:41.263Z] [INFO] [review agiz-dis-bakimi/474567301] page=60 +8 reviews (unique=480)
[2026-04-05T10:45:41.270Z] [INFO] [REVIEW PARTIAL SAVED] /Users/artifact/Developer/review_ai/Review_AI/scraper_project/raw_data/agiz-dis-bakimi/474567301_reviews.partial.json
[2026-04-05T10:45:41.437Z] [INFO] [review agiz-dis-bakimi/580608641] page=5 +8 reviews (unique=40)
[2026-04-05T10:45:41.440Z] [INFO] [REVIEW PARTIAL SAVED] /Users/artifact/Developer/review_ai/Review_AI/scraper_project/raw_data/agiz-dis-bakimi/580608641_reviews.partial.json
[2026-04-05T10:45:41.748Z] [INFO] [review agiz-dis-bakimi/666755684] page=132 +8 reviews (unique=1056)
[2026-04-05T10:45:41.892Z] [INFO] [review agiz-dis-bakimi/474567301] page=61 +8 reviews (unique=488)
[2026-04-05T10:45:42.064Z] [INFO] [review agiz-dis-bakimi/580608641] page=6 +8 reviews (unique=48)
[2026-04-05T10:45:42.359Z] [INFO] [review agiz-dis-bakimi/666755684] page=133 +8 reviews (unique=1064)
[2026-04-05T10:45:42.456Z] [INFO] [review agiz-dis-bakimi/474567301] page=62 +8 reviews (unique=496)
[2026-04-05T10:45:42.638Z] [INFO] [review agiz-dis-bakimi/580608641] page=7 +8 reviews (unique=56)
[2026-04-05T10:45:42.998Z] [INFO] [review agiz-dis-bakimi/474567301] page=63 +8 reviews (unique=504)
[2026-04-05T10:45:43.003Z] [INFO] [review agiz-dis-bakimi/666755684] page=134 +8 reviews (unique=1072)
[2026-04-05T10:45:43.143Z] [INFO] [review agiz-dis-bakimi/580608641] page=8 +8 reviews (unique=64)
[2026-04-05T10:45:43.650Z] [INFO] [review agiz-dis-bakimi/666755684] page=135 +8 reviews (unique=1080)
[2026-04-05T10:45:43.661Z] [INFO] [REVIEW PARTIAL SAVED] /Users/artifact/Developer/review_ai/Review_AI/scraper_project/raw_data/agiz-dis-bakimi/666755684_reviews.partial.json
[2026-04-05T10:45:43.665Z] [INFO] [review agiz-dis-bakimi/474567301] page=64 +8 reviews (unique=512)
[2026-04-05T10:45:43.732Z] [INFO] [review agiz-dis-bakimi/580608641] page=9 +8 reviews (unique=72)
[2026-04-05T10:45:44.262Z] [INFO] [review agiz-dis-bakimi/666755684] page=136 +8 reviews (unique=1088)
[2026-04-05T10:45:44.282Z] [INFO] [review agiz-dis-bakimi/474567301] page=65 +8 reviews (unique=520)
[2026-04-05T10:45:44.288Z] [INFO] [REVIEW PARTIAL SAVED] /Users/artifact/Developer/review_ai/Review_AI/scraper_project/raw_data/agiz-dis-bakimi/474567301_reviews.partial.json
[2026-04-05T10:45:44.291Z] [INFO] [review agiz-dis-bakimi/580608641] page=10 +8 reviews (unique=80)
[2026-04-05T10:45:44.292Z] [INFO] [REVIEW PARTIAL SAVED] /Users/artifact/Developer/review_ai/Review_AI/scraper_project/raw_data/agiz-dis-bakimi/580608641_reviews.partial.json
[2026-04-05T10:45:44.889Z] [INFO] [review agiz-dis-bakimi/666755684] page=137 +8 reviews (unique=1096)
[2026-04-05T10:45:44.894Z] [INFO] [review agiz-dis-bakimi/580608641] page=11 +8 reviews (unique=88)
[2026-04-05T10:45:44.900Z] [INFO] [review agiz-dis-bakimi/474567301] page=66 +8 reviews (unique=528)
[2026-04-05T10:45:45.429Z] [INFO] [review agiz-dis-bakimi/580608641] page=12 +8 reviews (unique=96)
[2026-04-05T10:45:45.607Z] [INFO] [review agiz-dis-bakimi/474567301] page=67 +8 reviews (unique=536)
[2026-04-05T10:45:45.689Z] [INFO] [review agiz-dis-bakimi/666755684] page=138 +8 reviews (unique=1104)
[2026-04-05T10:45:46.132Z] [INFO] [review agiz-dis-bakimi/580608641] page=13 +8 reviews (unique=104)
[2026-04-05T10:45:46.145Z] [INFO] [review agiz-dis-bakimi/474567301] page=68 +8 reviews (unique=544)
[2026-04-05T10:45:46.348Z] [INFO] [review agiz-dis-bakimi/666755684] page=139 +8 reviews (unique=1112)
[2026-04-05T10:45:46.670Z] [INFO] [review agiz-dis-bakimi/474567301] page=69 +8 reviews (unique=552)
[2026-04-05T10:45:46.681Z] [INFO] [review agiz-dis-bakimi/580608641] page=14 +8 reviews (unique=112)
[2026-04-05T10:45:46.984Z] [INFO] [review agiz-dis-bakimi/666755684] page=140 +8 reviews (unique=1120)
[2026-04-05T10:45:46.999Z] [INFO] [REVIEW PARTIAL SAVED] /Users/artifact/Developer/review_ai/Review_AI/scraper_project/raw_data/agiz-dis-bakimi/666755684_reviews.partial.json
[2026-04-05T10:45:47.279Z] [INFO] [review agiz-dis-bakimi/474567301] page=70 +8 reviews (unique=560)
[2026-04-05T10:45:47.286Z] [INFO] [REVIEW PARTIAL SAVED] /Users/artifact/Developer/review_ai/Review_AI/scraper_project/raw_data/agiz-dis-bakimi/474567301_reviews.partial.json
[2026-04-05T10:45:47.289Z] [INFO] [review agiz-dis-bakimi/580608641] page=15 +8 reviews (unique=120)
[2026-04-05T10:45:47.291Z] [INFO] [REVIEW PARTIAL SAVED] /Users/artifact/Developer/review_ai/Review_AI/scraper_project/raw_data/agiz-dis-bakimi/580608641_reviews.partial.json
[2026-04-05T10:45:47.292Z] [INFO] [REVIEW SAVED] /Users/artifact/Developer/review_ai/Review_AI/scraper_project/raw_data/agiz-dis-bakimi/580608641_reviews.json
[2026-04-05T10:45:47.304Z] [INFO] 
[REVIEW WORKER 1] starting agiz-dis-bakimi/593196576
[2026-04-05T10:45:47.636Z] [INFO] [review agiz-dis-bakimi/666755684] page=141 +8 reviews (unique=1128)
[2026-04-05T10:45:48.059Z] [INFO] [review agiz-dis-bakimi/474567301] page=71 +8 reviews (unique=568)
[2026-04-05T10:45:48.268Z] [INFO] [review agiz-dis-bakimi/666755684] page=142 +8 reviews (unique=1136)
[2026-04-05T10:45:48.599Z] [INFO] [review agiz-dis-bakimi/474567301] page=72 +8 reviews (unique=576)
[2026-04-05T10:45:48.864Z] [INFO] [review agiz-dis-bakimi/666755684] page=143 +8 reviews (unique=1144)
[2026-04-05T10:45:49.233Z] [INFO] [review agiz-dis-bakimi/474567301] page=73 +8 reviews (unique=584)
[2026-04-05T10:45:49.495Z] [INFO] [review agiz-dis-bakimi/666755684] page=144 +8 reviews (unique=1152)
[2026-04-05T10:45:49.838Z] [INFO] [review agiz-dis-bakimi/474567301] page=74 +8 reviews (unique=592)
[2026-04-05T10:45:50.124Z] [INFO] [review agiz-dis-bakimi/666755684] page=145 +8 reviews (unique=1160)
[2026-04-05T10:45:50.132Z] [INFO] [REVIEW PARTIAL SAVED] /Users/artifact/Developer/review_ai/Review_AI/scraper_project/raw_data/agiz-dis-bakimi/666755684_reviews.partial.json
[2026-04-05T10:45:50.372Z] [INFO] [review agiz-dis-bakimi/474567301] page=75 +8 reviews (unique=600)
[2026-04-05T10:45:50.376Z] [INFO] [REVIEW PARTIAL SAVED] /Users/artifact/Developer/review_ai/Review_AI/scraper_project/raw_data/agiz-dis-bakimi/474567301_reviews.partial.json
[2026-04-05T10:45:50.726Z] [INFO] 
[START REVIEW] category=agiz-dis-bakimi productId=593196576 startPage=1
[2026-04-05T10:45:50.877Z] [INFO] [review agiz-dis-bakimi/666755684] page=146 +8 reviews (unique=1168)
[2026-04-05T10:45:50.879Z] [INFO] [review agiz-dis-bakimi/593196576] page=1 +8 reviews (unique=8)
[2026-04-05T10:45:50.914Z] [INFO] [review agiz-dis-bakimi/474567301] page=76 +8 reviews (unique=608)
[2026-04-05T10:45:51.380Z] [INFO] [review agiz-dis-bakimi/593196576] page=2 +8 reviews (unique=16)
[2026-04-05T10:45:51.473Z] [INFO] [review agiz-dis-bakimi/666755684] page=147 +8 reviews (unique=1176)
[2026-04-05T10:45:51.476Z] [INFO] [review agiz-dis-bakimi/474567301] page=77 +8 reviews (unique=616)
[2026-04-05T10:45:51.887Z] [INFO] [review agiz-dis-bakimi/593196576] page=3 +6 reviews (unique=22)
[2026-04-05T10:45:51.889Z] [INFO] [REVIEW SAVED] /Users/artifact/Developer/review_ai/Review_AI/scraper_project/raw_data/agiz-dis-bakimi/593196576_reviews.json
[2026-04-05T10:45:51.903Z] [INFO] 
[REVIEW WORKER 1] starting agiz-dis-bakimi/729269036
[2026-04-05T10:45:52.017Z] [INFO] [review agiz-dis-bakimi/474567301] page=78 +8 reviews (unique=624)
[2026-04-05T10:45:52.228Z] [INFO] [review agiz-dis-bakimi/666755684] page=148 +8 reviews (unique=1184)
[2026-04-05T10:45:52.575Z] [INFO] [review agiz-dis-bakimi/474567301] page=79 +8 reviews (unique=632)
[2026-04-05T10:45:52.918Z] [INFO] [review agiz-dis-bakimi/666755684] page=149 +8 reviews (unique=1192)
[2026-04-05T10:45:53.300Z] [INFO] [review agiz-dis-bakimi/474567301] page=80 +8 reviews (unique=640)
[2026-04-05T10:45:53.304Z] [INFO] [REVIEW PARTIAL SAVED] /Users/artifact/Developer/review_ai/Review_AI/scraper_project/raw_data/agiz-dis-bakimi/474567301_reviews.partial.json
[2026-04-05T10:45:53.515Z] [INFO] [review agiz-dis-bakimi/666755684] page=150 +8 reviews (unique=1200)
[2026-04-05T10:45:53.529Z] [INFO] [REVIEW PARTIAL SAVED] /Users/artifact/Developer/review_ai/Review_AI/scraper_project/raw_data/agiz-dis-bakimi/666755684_reviews.partial.json
[2026-04-05T10:45:53.889Z] [INFO] [review agiz-dis-bakimi/474567301] page=81 +8 reviews (unique=648)
[2026-04-05T10:45:54.202Z] [INFO] [review agiz-dis-bakimi/666755684] page=151 +8 reviews (unique=1208)
[2026-04-05T10:45:54.682Z] [INFO] [review agiz-dis-bakimi/474567301] page=82 +8 reviews (unique=656)
[2026-04-05T10:45:54.735Z] [INFO] [review agiz-dis-bakimi/666755684] page=152 +8 reviews (unique=1216)
[2026-04-05T10:45:55.167Z] [INFO] 
[START REVIEW] category=agiz-dis-bakimi productId=729269036 startPage=1
[2026-04-05T10:45:55.390Z] [INFO] [review agiz-dis-bakimi/729269036] page=1 +3 reviews (unique=3)
[2026-04-05T10:45:55.391Z] [INFO] [REVIEW SAVED] /Users/artifact/Developer/review_ai/Review_AI/scraper_project/raw_data/agiz-dis-bakimi/729269036_reviews.json
[2026-04-05T10:45:55.396Z] [INFO] 
[REVIEW WORKER 1] starting agiz-dis-bakimi/707314486
[2026-04-05T10:45:55.509Z] [INFO] [review agiz-dis-bakimi/474567301] page=83 +8 reviews (unique=664)
[2026-04-05T10:45:55.586Z] [INFO] [review agiz-dis-bakimi/666755684] page=153 +8 reviews (unique=1224)
[2026-04-05T10:45:56.159Z] [INFO] [review agiz-dis-bakimi/474567301] page=84 +8 reviews (unique=672)
[2026-04-05T10:45:56.419Z] [INFO] [review agiz-dis-bakimi/666755684] page=154 +8 reviews (unique=1232)
[2026-04-05T10:45:56.716Z] [INFO] [review agiz-dis-bakimi/474567301] page=85 +8 reviews (unique=680)
[2026-04-05T10:45:56.725Z] [INFO] [REVIEW PARTIAL SAVED] /Users/artifact/Developer/review_ai/Review_AI/scraper_project/raw_data/agiz-dis-bakimi/474567301_reviews.partial.json
[2026-04-05T10:45:57.112Z] [INFO] [review agiz-dis-bakimi/666755684] page=155 +8 reviews (unique=1240)
[2026-04-05T10:45:57.122Z] [INFO] [REVIEW PARTIAL SAVED] /Users/artifact/Developer/review_ai/Review_AI/scraper_project/raw_data/agiz-dis-bakimi/666755684_reviews.partial.json
[2026-04-05T10:45:57.324Z] [INFO] [review agiz-dis-bakimi/474567301] page=86 +8 reviews (unique=688)
[2026-04-05T10:45:57.664Z] [INFO] [review agiz-dis-bakimi/666755684] page=156 +8 reviews (unique=1248)
[2026-04-05T10:45:57.953Z] [INFO] [review agiz-dis-bakimi/474567301] page=87 +8 reviews (unique=696)
[2026-04-05T10:45:58.286Z] [INFO] [review agiz-dis-bakimi/666755684] page=157 +8 reviews (unique=1256)
[2026-04-05T10:45:58.478Z] [INFO] 
[START REVIEW] category=agiz-dis-bakimi productId=707314486 startPage=1
[2026-04-05T10:45:58.542Z] [INFO] [review agiz-dis-bakimi/474567301] page=88 +8 reviews (unique=704)
[2026-04-05T10:45:59.029Z] [INFO] [review agiz-dis-bakimi/666755684] page=158 +8 reviews (unique=1264)
[2026-04-05T10:45:59.207Z] [INFO] [review agiz-dis-bakimi/474567301] page=89 +8 reviews (unique=712)
[2026-04-05T10:45:59.767Z] [INFO] [review agiz-dis-bakimi/474567301] page=90 +8 reviews (unique=720)
[2026-04-05T10:45:59.777Z] [INFO] [REVIEW PARTIAL SAVED] /Users/artifact/Developer/review_ai/Review_AI/scraper_project/raw_data/agiz-dis-bakimi/474567301_reviews.partial.json
[2026-04-05T10:45:59.787Z] [INFO] [review agiz-dis-bakimi/666755684] page=159 +8 reviews (unique=1272)
[2026-04-05T10:46:00.348Z] [INFO] [review agiz-dis-bakimi/474567301] page=91 +8 reviews (unique=728)
[2026-04-05T10:46:00.351Z] [INFO] [review agiz-dis-bakimi/666755684] page=160 +8 reviews (unique=1280)
[2026-04-05T10:46:00.362Z] [INFO] [REVIEW PARTIAL SAVED] /Users/artifact/Developer/review_ai/Review_AI/scraper_project/raw_data/agiz-dis-bakimi/666755684_reviews.partial.json
[2026-04-05T10:46:00.961Z] [INFO] [review agiz-dis-bakimi/666755684] page=161 +8 reviews (unique=1288)
[2026-04-05T10:46:00.975Z] [INFO] [review agiz-dis-bakimi/474567301] page=92 +8 reviews (unique=736)
[2026-04-05T10:46:01.437Z] [INFO] [review agiz-dis-bakimi/707314486] page=1 +8 reviews (unique=8)
[2026-04-05T10:46:01.686Z] [INFO] [review agiz-dis-bakimi/666755684] page=162 +8 reviews (unique=1296)
[2026-04-05T10:46:01.690Z] [INFO] [review agiz-dis-bakimi/474567301] page=93 +8 reviews (unique=744)
[2026-04-05T10:46:02.015Z] [INFO] [review agiz-dis-bakimi/707314486] page=2 +5 reviews (unique=13)
[2026-04-05T10:46:02.017Z] [INFO] [REVIEW SAVED] /Users/artifact/Developer/review_ai/Review_AI/scraper_project/raw_data/agiz-dis-bakimi/707314486_reviews.json
[2026-04-05T10:46:02.033Z] [INFO] 
[REVIEW WORKER 1] starting agiz-dis-bakimi/634903477
[2026-04-05T10:46:02.296Z] [INFO] [review agiz-dis-bakimi/474567301] page=94 +8 reviews (unique=752)
[2026-04-05T10:46:02.329Z] [INFO] [review agiz-dis-bakimi/666755684] page=163 +8 reviews (unique=1304)
[2026-04-05T10:46:02.913Z] [INFO] [review agiz-dis-bakimi/474567301] page=95 +8 reviews (unique=760)
[2026-04-05T10:46:02.922Z] [INFO] [REVIEW PARTIAL SAVED] /Users/artifact/Developer/review_ai/Review_AI/scraper_project/raw_data/agiz-dis-bakimi/474567301_reviews.partial.json
[2026-04-05T10:46:02.963Z] [INFO] [review agiz-dis-bakimi/666755684] page=164 +8 reviews (unique=1312)
[2026-04-05T10:46:03.524Z] [INFO] [review agiz-dis-bakimi/474567301] page=96 +8 reviews (unique=768)
[2026-04-05T10:46:03.529Z] [INFO] [review agiz-dis-bakimi/666755684] page=165 +8 reviews (unique=1320)
[2026-04-05T10:46:03.544Z] [INFO] [REVIEW PARTIAL SAVED] /Users/artifact/Developer/review_ai/Review_AI/scraper_project/raw_data/agiz-dis-bakimi/666755684_reviews.partial.json
[2026-04-05T10:46:04.159Z] [INFO] [review agiz-dis-bakimi/474567301] page=97 +8 reviews (unique=776)
[2026-04-05T10:46:04.182Z] [INFO] [review agiz-dis-bakimi/666755684] page=166 +8 reviews (unique=1328)
[2026-04-05T10:46:04.815Z] [INFO] [review agiz-dis-bakimi/666755684] page=167 +8 reviews (unique=1336)
[2026-04-05T10:46:04.818Z] [INFO] [review agiz-dis-bakimi/474567301] page=98 +8 reviews (unique=784)
[2026-04-05T10:46:05.460Z] [INFO] [review agiz-dis-bakimi/474567301] page=99 +8 reviews (unique=792)
[2026-04-05T10:46:05.475Z] [INFO] [review agiz-dis-bakimi/666755684] page=168 +8 reviews (unique=1344)
[2026-04-05T10:46:05.795Z] [INFO] 
[START REVIEW] category=agiz-dis-bakimi productId=634903477 startPage=1
[2026-04-05T10:46:05.999Z] [INFO] [review agiz-dis-bakimi/634903477] page=1 +5 reviews (unique=5)
[2026-04-05T10:46:06.000Z] [INFO] [REVIEW SAVED] /Users/artifact/Developer/review_ai/Review_AI/scraper_project/raw_data/agiz-dis-bakimi/634903477_reviews.json
[2026-04-05T10:46:06.011Z] [INFO] 
[REVIEW WORKER 1] starting agiz-dis-bakimi/582020114
[2026-04-05T10:46:06.029Z] [INFO] [review agiz-dis-bakimi/474567301] page=100 +8 reviews (unique=800)
[2026-04-05T10:46:06.035Z] [INFO] [REVIEW PARTIAL SAVED] /Users/artifact/Developer/review_ai/Review_AI/scraper_project/raw_data/agiz-dis-bakimi/474567301_reviews.partial.json
[2026-04-05T10:46:06.126Z] [INFO] [review agiz-dis-bakimi/666755684] page=169 +8 reviews (unique=1352)
[2026-04-05T10:46:06.661Z] [INFO] [review agiz-dis-bakimi/474567301] page=101 +8 reviews (unique=808)
[2026-04-05T10:46:06.805Z] [INFO] [review agiz-dis-bakimi/666755684] page=170 +8 reviews (unique=1360)
[2026-04-05T10:46:06.841Z] [INFO] [REVIEW PARTIAL SAVED] /Users/artifact/Developer/review_ai/Review_AI/scraper_project/raw_data/agiz-dis-bakimi/666755684_reviews.partial.json
[2026-04-05T10:46:07.214Z] [INFO] [review agiz-dis-bakimi/474567301] page=102 +8 reviews (unique=816)
[2026-04-05T10:46:07.456Z] [INFO] [review agiz-dis-bakimi/666755684] page=171 +8 reviews (unique=1368)
[2026-04-05T10:46:07.852Z] [INFO] [review agiz-dis-bakimi/474567301] page=103 +8 reviews (unique=824)
[2026-04-05T10:46:08.027Z] [INFO] [review agiz-dis-bakimi/666755684] page=172 +8 reviews (unique=1376)
[2026-04-05T10:46:08.352Z] [INFO] [review agiz-dis-bakimi/474567301] page=104 +8 reviews (unique=832)
[2026-04-05T10:46:08.682Z] [INFO] [review agiz-dis-bakimi/666755684] page=173 +8 reviews (unique=1384)
[2026-04-05T10:46:08.876Z] [INFO] [review agiz-dis-bakimi/474567301] page=105 +8 reviews (unique=840)
[2026-04-05T10:46:08.883Z] [INFO] [REVIEW PARTIAL SAVED] /Users/artifact/Developer/review_ai/Review_AI/scraper_project/raw_data/agiz-dis-bakimi/474567301_reviews.partial.json
[2026-04-05T10:46:09.233Z] [INFO] [review agiz-dis-bakimi/666755684] page=174 +8 reviews (unique=1392)
[2026-04-05T10:46:09.356Z] [INFO] 
[START REVIEW] category=agiz-dis-bakimi productId=582020114 startPage=1
[2026-04-05T10:46:09.535Z] [INFO] [review agiz-dis-bakimi/474567301] page=106 +8 reviews (unique=848)
[2026-04-05T10:46:09.537Z] [INFO] [review agiz-dis-bakimi/582020114] page=1 +8 reviews (unique=8)
[2026-04-05T10:46:09.538Z] [INFO] [REVIEW SAVED] /Users/artifact/Developer/review_ai/Review_AI/scraper_project/raw_data/agiz-dis-bakimi/582020114_reviews.json
[2026-04-05T10:46:09.544Z] [INFO] 
[REVIEW WORKER 1] starting agiz-dis-bakimi/646035586
[2026-04-05T10:46:10.069Z] [INFO] [review agiz-dis-bakimi/474567301] page=107 +8 reviews (unique=856)
[2026-04-05T10:46:10.073Z] [INFO] [review agiz-dis-bakimi/666755684] page=175 +8 reviews (unique=1400)
[2026-04-05T10:46:10.089Z] [INFO] [REVIEW PARTIAL SAVED] /Users/artifact/Developer/review_ai/Review_AI/scraper_project/raw_data/agiz-dis-bakimi/666755684_reviews.partial.json
[2026-04-05T10:46:10.716Z] [INFO] [review agiz-dis-bakimi/666755684] page=176 +8 reviews (unique=1408)
[2026-04-05T10:46:10.893Z] [INFO] [review agiz-dis-bakimi/474567301] page=108 +8 reviews (unique=864)
[2026-04-05T10:46:11.292Z] [INFO] [review agiz-dis-bakimi/666755684] page=177 +8 reviews (unique=1416)
[2026-04-05T10:46:11.466Z] [INFO] [review agiz-dis-bakimi/474567301] page=109 +8 reviews (unique=872)
[2026-04-05T10:46:11.906Z] [INFO] [review agiz-dis-bakimi/666755684] page=178 +8 reviews (unique=1424)
[2026-04-05T10:46:12.167Z] [INFO] [review agiz-dis-bakimi/474567301] page=110 +8 reviews (unique=880)
[2026-04-05T10:46:12.173Z] [INFO] [REVIEW PARTIAL SAVED] /Users/artifact/Developer/review_ai/Review_AI/scraper_project/raw_data/agiz-dis-bakimi/474567301_reviews.partial.json
[2026-04-05T10:46:12.523Z] [INFO] [review agiz-dis-bakimi/666755684] page=179 +8 reviews (unique=1432)
[2026-04-05T10:46:12.797Z] [INFO] [review agiz-dis-bakimi/474567301] page=111 +8 reviews (unique=888)
[2026-04-05T10:46:12.859Z] [INFO] 
[START REVIEW] category=agiz-dis-bakimi productId=646035586 startPage=1
[2026-04-05T10:46:13.029Z] [INFO] [review agiz-dis-bakimi/646035586] page=1 +8 reviews (unique=8)
[2026-04-05T10:46:13.200Z] [INFO] [review agiz-dis-bakimi/666755684] page=180 +8 reviews (unique=1440)
[2026-04-05T10:46:13.214Z] [INFO] [REVIEW PARTIAL SAVED] /Users/artifact/Developer/review_ai/Review_AI/scraper_project/raw_data/agiz-dis-bakimi/666755684_reviews.partial.json
[2026-04-05T10:46:13.368Z] [INFO] [review agiz-dis-bakimi/474567301] page=112 +8 reviews (unique=896)
[2026-04-05T10:46:13.644Z] [INFO] [review agiz-dis-bakimi/646035586] page=2 +8 reviews (unique=16)
[2026-04-05T10:46:13.824Z] [INFO] [review agiz-dis-bakimi/666755684] page=181 +8 reviews (unique=1448)
[2026-04-05T10:46:14.007Z] [INFO] [review agiz-dis-bakimi/474567301] page=113 +8 reviews (unique=904)
[2026-04-05T10:46:14.301Z] [INFO] [review agiz-dis-bakimi/646035586] page=3 +8 reviews (unique=24)
[2026-04-05T10:46:14.452Z] [INFO] [review agiz-dis-bakimi/666755684] page=182 +8 reviews (unique=1456)
[2026-04-05T10:46:14.577Z] [INFO] [review agiz-dis-bakimi/474567301] page=114 +8 reviews (unique=912)
[2026-04-05T10:46:14.892Z] [INFO] [review agiz-dis-bakimi/646035586] page=4 +8 reviews (unique=32)
[2026-04-05T10:46:15.292Z] [INFO] [review agiz-dis-bakimi/666755684] page=183 +8 reviews (unique=1464)
[2026-04-05T10:46:15.412Z] [INFO] [review agiz-dis-bakimi/474567301] page=115 +8 reviews (unique=920)
[2026-04-05T10:46:15.417Z] [INFO] [REVIEW PARTIAL SAVED] /Users/artifact/Developer/review_ai/Review_AI/scraper_project/raw_data/agiz-dis-bakimi/474567301_reviews.partial.json
[2026-04-05T10:46:15.471Z] [INFO] [review agiz-dis-bakimi/646035586] page=5 +8 reviews (unique=40)
[2026-04-05T10:46:15.472Z] [INFO] [REVIEW PARTIAL SAVED] /Users/artifact/Developer/review_ai/Review_AI/scraper_project/raw_data/agiz-dis-bakimi/646035586_reviews.partial.json
[2026-04-05T10:46:15.919Z] [INFO] [review agiz-dis-bakimi/666755684] page=184 +8 reviews (unique=1472)
[2026-04-05T10:46:15.939Z] [INFO] [review agiz-dis-bakimi/474567301] page=116 +8 reviews (unique=928)
[2026-04-05T10:46:16.039Z] [INFO] [review agiz-dis-bakimi/646035586] page=6 +8 reviews (unique=48)
[2026-04-05T10:46:16.490Z] [INFO] [review agiz-dis-bakimi/666755684] page=185 +8 reviews (unique=1480)
[2026-04-05T10:46:16.506Z] [INFO] [REVIEW PARTIAL SAVED] /Users/artifact/Developer/review_ai/Review_AI/scraper_project/raw_data/agiz-dis-bakimi/666755684_reviews.partial.json
[2026-04-05T10:46:16.512Z] [INFO] [review agiz-dis-bakimi/474567301] page=117 +8 reviews (unique=936)
[2026-04-05T10:46:16.620Z] [INFO] [review agiz-dis-bakimi/646035586] page=7 +8 reviews (unique=56)
[2026-04-05T10:46:17.103Z] [INFO] [review agiz-dis-bakimi/666755684] page=186 +8 reviews (unique=1488)
[2026-04-05T10:46:17.178Z] [INFO] [review agiz-dis-bakimi/646035586] page=8 +8 reviews (unique=64)
[2026-04-05T10:46:17.237Z] [INFO] [review agiz-dis-bakimi/474567301] page=118 +8 reviews (unique=944)
[2026-04-05T10:46:17.816Z] [INFO] [review agiz-dis-bakimi/646035586] page=9 +8 reviews (unique=72)
[2026-04-05T10:46:17.893Z] [INFO] [review agiz-dis-bakimi/474567301] page=119 +8 reviews (unique=952)
[2026-04-05T10:46:17.965Z] [INFO] [review agiz-dis-bakimi/666755684] page=187 +8 reviews (unique=1496)
[2026-04-05T10:46:18.487Z] [INFO] [review agiz-dis-bakimi/474567301] page=120 +8 reviews (unique=960)
[2026-04-05T10:46:18.499Z] [INFO] [REVIEW PARTIAL SAVED] /Users/artifact/Developer/review_ai/Review_AI/scraper_project/raw_data/agiz-dis-bakimi/474567301_reviews.partial.json
[2026-04-05T10:46:18.502Z] [INFO] [review agiz-dis-bakimi/646035586] page=10 +8 reviews (unique=80)
[2026-04-05T10:46:18.504Z] [INFO] [REVIEW PARTIAL SAVED] /Users/artifact/Developer/review_ai/Review_AI/scraper_project/raw_data/agiz-dis-bakimi/646035586_reviews.partial.json
[2026-04-05T10:46:18.606Z] [INFO] [review agiz-dis-bakimi/666755684] page=188 +8 reviews (unique=1504)
[2026-04-05T10:46:19.041Z] [INFO] [review agiz-dis-bakimi/646035586] page=11 +8 reviews (unique=88)
[2026-04-05T10:46:19.112Z] [INFO] [review agiz-dis-bakimi/474567301] page=121 +8 reviews (unique=968)
[2026-04-05T10:46:19.283Z] [INFO] [review agiz-dis-bakimi/666755684] page=189 +8 reviews (unique=1512)
[2026-04-05T10:46:19.684Z] [INFO] [review agiz-dis-bakimi/474567301] page=122 +8 reviews (unique=976)
[2026-04-05T10:46:19.866Z] [INFO] [review agiz-dis-bakimi/666755684] page=190 +8 reviews (unique=1520)
[2026-04-05T10:46:19.877Z] [INFO] [REVIEW PARTIAL SAVED] /Users/artifact/Developer/review_ai/Review_AI/scraper_project/raw_data/agiz-dis-bakimi/666755684_reviews.partial.json
[2026-04-05T10:46:19.950Z] [INFO] [review agiz-dis-bakimi/646035586] page=12 +8 reviews (unique=96)
[2026-04-05T10:46:20.214Z] [INFO] [review agiz-dis-bakimi/474567301] page=123 +8 reviews (unique=984)
[2026-04-05T10:46:20.534Z] [INFO] [review agiz-dis-bakimi/666755684] page=191 +8 reviews (unique=1528)
[2026-04-05T10:46:20.537Z] [INFO] [review agiz-dis-bakimi/646035586] page=13 +8 reviews (unique=104)
[2026-04-05T10:46:20.734Z] [INFO] [review agiz-dis-bakimi/474567301] page=124 +8 reviews (unique=992)
[2026-04-05T10:46:21.084Z] [INFO] [review agiz-dis-bakimi/646035586] page=14 +8 reviews (unique=112)
[2026-04-05T10:46:21.126Z] [INFO] [review agiz-dis-bakimi/666755684] page=192 +8 reviews (unique=1536)
[2026-04-05T10:46:21.337Z] [INFO] [review agiz-dis-bakimi/474567301] page=125 +8 reviews (unique=1000)
[2026-04-05T10:46:21.347Z] [INFO] [REVIEW PARTIAL SAVED] /Users/artifact/Developer/review_ai/Review_AI/scraper_project/raw_data/agiz-dis-bakimi/474567301_reviews.partial.json
[2026-04-05T10:46:21.799Z] [INFO] [review agiz-dis-bakimi/646035586] page=15 +8 reviews (unique=120)
[2026-04-05T10:46:21.801Z] [INFO] [REVIEW PARTIAL SAVED] /Users/artifact/Developer/review_ai/Review_AI/scraper_project/raw_data/agiz-dis-bakimi/646035586_reviews.partial.json
[2026-04-05T10:46:21.938Z] [INFO] [review agiz-dis-bakimi/666755684] page=193 +8 reviews (unique=1544)
[2026-04-05T10:46:21.961Z] [INFO] [review agiz-dis-bakimi/474567301] page=126 +8 reviews (unique=1008)
[2026-04-05T10:46:22.393Z] [INFO] [review agiz-dis-bakimi/646035586] page=16 +8 reviews (unique=128)
[2026-04-05T10:46:22.634Z] [INFO] [review agiz-dis-bakimi/666755684] page=194 +8 reviews (unique=1552)
[2026-04-05T10:46:22.639Z] [INFO] [review agiz-dis-bakimi/474567301] page=127 +8 reviews (unique=1016)
[2026-04-05T10:46:23.036Z] [INFO] [review agiz-dis-bakimi/646035586] page=17 +8 reviews (unique=136)
[2026-04-05T10:46:23.194Z] [INFO] [review agiz-dis-bakimi/666755684] page=195 +8 reviews (unique=1560)
[2026-04-05T10:46:23.213Z] [INFO] [REVIEW PARTIAL SAVED] /Users/artifact/Developer/review_ai/Review_AI/scraper_project/raw_data/agiz-dis-bakimi/666755684_reviews.partial.json
[2026-04-05T10:46:23.330Z] [INFO] [review agiz-dis-bakimi/474567301] page=128 +8 reviews (unique=1024)
[2026-04-05T10:46:23.694Z] [INFO] [review agiz-dis-bakimi/646035586] page=18 +8 reviews (unique=144)
[2026-04-05T10:46:23.871Z] [INFO] [review agiz-dis-bakimi/474567301] page=129 +8 reviews (unique=1032)
[2026-04-05T10:46:23.873Z] [INFO] [review agiz-dis-bakimi/666755684] page=196 +8 reviews (unique=1568)
[2026-04-05T10:46:24.257Z] [INFO] [review agiz-dis-bakimi/646035586] page=19 +8 reviews (unique=152)
[2026-04-05T10:46:24.497Z] [INFO] [review agiz-dis-bakimi/474567301] page=130 +8 reviews (unique=1040)
[2026-04-05T10:46:24.511Z] [INFO] [REVIEW PARTIAL SAVED] /Users/artifact/Developer/review_ai/Review_AI/scraper_project/raw_data/agiz-dis-bakimi/474567301_reviews.partial.json
[2026-04-05T10:46:24.514Z] [INFO] [review agiz-dis-bakimi/666755684] page=197 +8 reviews (unique=1576)
[2026-04-05T10:46:24.858Z] [INFO] [review agiz-dis-bakimi/646035586] page=20 +8 reviews (unique=160)
[2026-04-05T10:46:24.862Z] [INFO] [REVIEW PARTIAL SAVED] /Users/artifact/Developer/review_ai/Review_AI/scraper_project/raw_data/agiz-dis-bakimi/646035586_reviews.partial.json
[2026-04-05T10:46:25.103Z] [INFO] [review agiz-dis-bakimi/474567301] page=131 +8 reviews (unique=1048)
[2026-04-05T10:46:25.108Z] [INFO] [review agiz-dis-bakimi/666755684] page=198 +8 reviews (unique=1584)
[2026-04-05T10:46:25.393Z] [INFO] [review agiz-dis-bakimi/646035586] page=21 +8 reviews (unique=168)
[2026-04-05T10:46:25.778Z] [INFO] [review agiz-dis-bakimi/474567301] page=132 +8 reviews (unique=1056)
[2026-04-05T10:46:25.783Z] [INFO] [review agiz-dis-bakimi/666755684] page=199 +8 reviews (unique=1592)
[2026-04-05T10:46:26.041Z] [INFO] [review agiz-dis-bakimi/646035586] page=22 +8 reviews (unique=176)
[2026-04-05T10:46:26.329Z] [INFO] [review agiz-dis-bakimi/474567301] page=133 +8 reviews (unique=1064)
[2026-04-05T10:46:26.414Z] [INFO] [review agiz-dis-bakimi/666755684] page=200 +8 reviews (unique=1600)
[2026-04-05T10:46:26.434Z] [INFO] [REVIEW PARTIAL SAVED] /Users/artifact/Developer/review_ai/Review_AI/scraper_project/raw_data/agiz-dis-bakimi/666755684_reviews.partial.json
[2026-04-05T10:46:26.576Z] [INFO] [review agiz-dis-bakimi/646035586] page=23 +8 reviews (unique=184)
[2026-04-05T10:46:26.893Z] [INFO] [review agiz-dis-bakimi/474567301] page=134 +8 reviews (unique=1072)
[2026-04-05T10:46:26.999Z] [INFO] [review agiz-dis-bakimi/666755684] page=201 +8 reviews (unique=1608)
[2026-04-05T10:46:27.079Z] [INFO] [review agiz-dis-bakimi/646035586] page=24 +8 reviews (unique=192)
[2026-04-05T10:46:27.481Z] [INFO] [review agiz-dis-bakimi/474567301] page=135 +8 reviews (unique=1080)
[2026-04-05T10:46:27.495Z] [INFO] [REVIEW PARTIAL SAVED] /Users/artifact/Developer/review_ai/Review_AI/scraper_project/raw_data/agiz-dis-bakimi/474567301_reviews.partial.json
[2026-04-05T10:46:27.592Z] [INFO] [review agiz-dis-bakimi/666755684] page=202 +8 reviews (unique=1616)
[2026-04-05T10:46:27.596Z] [INFO] [review agiz-dis-bakimi/646035586] page=25 +8 reviews (unique=200)
[2026-04-05T10:46:27.600Z] [INFO] [REVIEW PARTIAL SAVED] /Users/artifact/Developer/review_ai/Review_AI/scraper_project/raw_data/agiz-dis-bakimi/646035586_reviews.partial.json
[2026-04-05T10:46:28.034Z] [INFO] [review agiz-dis-bakimi/474567301] page=136 +8 reviews (unique=1088)
[2026-04-05T10:46:28.152Z] [INFO] [review agiz-dis-bakimi/666755684] page=203 +8 reviews (unique=1624)
[2026-04-05T10:46:28.163Z] [INFO] [review agiz-dis-bakimi/646035586] page=26 +8 reviews (unique=208)
[2026-04-05T10:46:28.587Z] [INFO] [review agiz-dis-bakimi/474567301] page=137 +8 reviews (unique=1096)
[2026-04-05T10:46:28.741Z] [INFO] [review agiz-dis-bakimi/666755684] page=204 +8 reviews (unique=1632)
[2026-04-05T10:46:28.746Z] [INFO] [review agiz-dis-bakimi/646035586] page=27 +8 reviews (unique=216)
[2026-04-05T10:46:29.219Z] [INFO] [review agiz-dis-bakimi/474567301] page=138 +8 reviews (unique=1104)
[2026-04-05T10:46:29.347Z] [INFO] [review agiz-dis-bakimi/646035586] page=28 +8 reviews (unique=224)
[2026-04-05T10:46:29.406Z] [INFO] [review agiz-dis-bakimi/666755684] page=205 +8 reviews (unique=1640)
[2026-04-05T10:46:29.423Z] [INFO] [REVIEW PARTIAL SAVED] /Users/artifact/Developer/review_ai/Review_AI/scraper_project/raw_data/agiz-dis-bakimi/666755684_reviews.partial.json
[2026-04-05T10:46:29.880Z] [INFO] [review agiz-dis-bakimi/646035586] page=29 +8 reviews (unique=232)
[2026-04-05T10:46:29.973Z] [INFO] [review agiz-dis-bakimi/474567301] page=139 +8 reviews (unique=1112)
[2026-04-05T10:46:29.993Z] [INFO] [review agiz-dis-bakimi/666755684] page=206 +8 reviews (unique=1648)
[2026-04-05T10:46:30.427Z] [INFO] [review agiz-dis-bakimi/646035586] page=30 +8 reviews (unique=240)
[2026-04-05T10:46:30.429Z] [INFO] [REVIEW PARTIAL SAVED] /Users/artifact/Developer/review_ai/Review_AI/scraper_project/raw_data/agiz-dis-bakimi/646035586_reviews.partial.json
[2026-04-05T10:46:30.589Z] [INFO] [review agiz-dis-bakimi/474567301] page=140 +8 reviews (unique=1120)
[2026-04-05T10:46:30.601Z] [INFO] [REVIEW PARTIAL SAVED] /Users/artifact/Developer/review_ai/Review_AI/scraper_project/raw_data/agiz-dis-bakimi/474567301_reviews.partial.json
[2026-04-05T10:46:30.605Z] [INFO] [review agiz-dis-bakimi/666755684] page=207 +8 reviews (unique=1656)
[2026-04-05T10:46:31.021Z] [INFO] [review agiz-dis-bakimi/646035586] page=31 +8 reviews (unique=248)
[2026-04-05T10:46:31.275Z] [INFO] [review agiz-dis-bakimi/666755684] page=208 +8 reviews (unique=1664)
[2026-04-05T10:46:31.548Z] [INFO] [review agiz-dis-bakimi/646035586] page=32 +8 reviews (unique=256)
[2026-04-05T10:46:31.566Z] [INFO] [review agiz-dis-bakimi/474567301] page=141 +8 reviews (unique=1128)
[2026-04-05T10:46:31.834Z] [INFO] [review agiz-dis-bakimi/666755684] page=209 +8 reviews (unique=1672)
[2026-04-05T10:46:32.181Z] [INFO] [review agiz-dis-bakimi/646035586] page=33 +8 reviews (unique=264)
[2026-04-05T10:46:32.202Z] [INFO] [review agiz-dis-bakimi/474567301] page=142 +8 reviews (unique=1136)
[2026-04-05T10:46:32.437Z] [INFO] [review agiz-dis-bakimi/666755684] page=210 +8 reviews (unique=1680)
[2026-04-05T10:46:32.449Z] [INFO] [REVIEW PARTIAL SAVED] /Users/artifact/Developer/review_ai/Review_AI/scraper_project/raw_data/agiz-dis-bakimi/666755684_reviews.partial.json
[2026-04-05T10:46:32.720Z] [INFO] [review agiz-dis-bakimi/646035586] page=34 +8 reviews (unique=272)
[2026-04-05T10:46:32.832Z] [INFO] [review agiz-dis-bakimi/474567301] page=143 +8 reviews (unique=1144)
[2026-04-05T10:46:33.261Z] [INFO] [review agiz-dis-bakimi/666755684] page=211 +8 reviews (unique=1688)
[2026-04-05T10:46:33.294Z] [INFO] [review agiz-dis-bakimi/646035586] page=35 +8 reviews (unique=280)
[2026-04-05T10:46:33.300Z] [INFO] [REVIEW PARTIAL SAVED] /Users/artifact/Developer/review_ai/Review_AI/scraper_project/raw_data/agiz-dis-bakimi/646035586_reviews.partial.json
[2026-04-05T10:46:33.526Z] [INFO] [review agiz-dis-bakimi/474567301] page=144 +8 reviews (unique=1152)
[2026-04-05T10:46:33.841Z] [INFO] [review agiz-dis-bakimi/646035586] page=36 +8 reviews (unique=288)
[2026-04-05T10:46:33.872Z] [INFO] [review agiz-dis-bakimi/666755684] page=212 +8 reviews (unique=1696)
[2026-04-05T10:46:34.166Z] [INFO] [review agiz-dis-bakimi/474567301] page=145 +8 reviews (unique=1160)
[2026-04-05T10:46:34.178Z] [INFO] [REVIEW PARTIAL SAVED] /Users/artifact/Developer/review_ai/Review_AI/scraper_project/raw_data/agiz-dis-bakimi/474567301_reviews.partial.json
[2026-04-05T10:46:34.392Z] [INFO] [review agiz-dis-bakimi/646035586] page=37 +8 reviews (unique=296)
[2026-04-05T10:46:34.500Z] [INFO] [review agiz-dis-bakimi/666755684] page=213 +8 reviews (unique=1704)
[2026-04-05T10:46:34.728Z] [INFO] [review agiz-dis-bakimi/474567301] page=146 +8 reviews (unique=1168)
[2026-04-05T10:46:34.898Z] [INFO] [review agiz-dis-bakimi/646035586] page=38 +8 reviews (unique=304)
[2026-04-05T10:46:35.065Z] [INFO] [review agiz-dis-bakimi/666755684] page=214 +8 reviews (unique=1712)
[2026-04-05T10:46:35.349Z] [INFO] [review agiz-dis-bakimi/474567301] page=147 +8 reviews (unique=1176)
[2026-04-05T10:46:35.471Z] [INFO] [review agiz-dis-bakimi/646035586] page=39 +8 reviews (unique=312)
[2026-04-05T10:46:35.746Z] [INFO] [review agiz-dis-bakimi/666755684] page=215 +8 reviews (unique=1720)
[2026-04-05T10:46:35.766Z] [INFO] [REVIEW PARTIAL SAVED] /Users/artifact/Developer/review_ai/Review_AI/scraper_project/raw_data/agiz-dis-bakimi/666755684_reviews.partial.json
[2026-04-05T10:46:35.971Z] [INFO] [review agiz-dis-bakimi/474567301] page=148 +8 reviews (unique=1184)
[2026-04-05T10:46:36.007Z] [INFO] [review agiz-dis-bakimi/646035586] page=40 +8 reviews (unique=320)
[2026-04-05T10:46:36.012Z] [INFO] [REVIEW PARTIAL SAVED] /Users/artifact/Developer/review_ai/Review_AI/scraper_project/raw_data/agiz-dis-bakimi/646035586_reviews.partial.json
[2026-04-05T10:46:36.428Z] [INFO] [review agiz-dis-bakimi/666755684] page=216 +8 reviews (unique=1728)
[2026-04-05T10:46:36.496Z] [INFO] [review agiz-dis-bakimi/646035586] page=41 +8 reviews (unique=328)
[2026-04-05T10:46:36.534Z] [INFO] [review agiz-dis-bakimi/474567301] page=149 +8 reviews (unique=1192)
[2026-04-05T10:46:37.012Z] [INFO] [review agiz-dis-bakimi/666755684] page=217 +8 reviews (unique=1736)
[2026-04-05T10:46:37.016Z] [INFO] [review agiz-dis-bakimi/646035586] page=42 +8 reviews (unique=336)
[2026-04-05T10:46:37.103Z] [INFO] [review agiz-dis-bakimi/474567301] page=150 +8 reviews (unique=1200)
[2026-04-05T10:46:37.119Z] [INFO] [REVIEW PARTIAL SAVED] /Users/artifact/Developer/review_ai/Review_AI/scraper_project/raw_data/agiz-dis-bakimi/474567301_reviews.partial.json
[2026-04-05T10:46:37.549Z] [INFO] [review agiz-dis-bakimi/646035586] page=43 +8 reviews (unique=344)
[2026-04-05T10:46:37.573Z] [INFO] [review agiz-dis-bakimi/666755684] page=218 +8 reviews (unique=1744)
[2026-04-05T10:46:37.717Z] [INFO] [review agiz-dis-bakimi/474567301] page=151 +8 reviews (unique=1208)
[2026-04-05T10:46:38.107Z] [INFO] [review agiz-dis-bakimi/646035586] page=44 +8 reviews (unique=352)
[2026-04-05T10:46:38.667Z] [INFO] [review agiz-dis-bakimi/646035586] page=45 +8 reviews (unique=360)
[2026-04-05T10:46:38.672Z] [INFO] [REVIEW PARTIAL SAVED] /Users/artifact/Developer/review_ai/Review_AI/scraper_project/raw_data/agiz-dis-bakimi/646035586_reviews.partial.json
[2026-04-05T10:46:39.275Z] [INFO] [review agiz-dis-bakimi/646035586] page=46 +8 reviews (unique=368)
[2026-04-05T10:46:39.922Z] [INFO] [review agiz-dis-bakimi/646035586] page=47 +8 reviews (unique=376)
[2026-04-05T10:46:40.576Z] [INFO] [review agiz-dis-bakimi/646035586] page=48 +8 reviews (unique=384)
[2026-04-05T10:46:41.130Z] [INFO] [review agiz-dis-bakimi/646035586] page=49 +8 reviews (unique=392)
[2026-04-05T10:46:41.326Z] [INFO] [review agiz-dis-bakimi/474567301] page=152 +8 reviews (unique=1216)
[2026-04-05T10:46:41.331Z] [INFO] [review agiz-dis-bakimi/666755684] page=219 +8 reviews (unique=1752)
[2026-04-05T10:46:41.749Z] [INFO] [review agiz-dis-bakimi/646035586] page=50 +8 reviews (unique=400)
[2026-04-05T10:46:41.757Z] [INFO] [REVIEW PARTIAL SAVED] /Users/artifact/Developer/review_ai/Review_AI/scraper_project/raw_data/agiz-dis-bakimi/646035586_reviews.partial.json
[2026-04-05T10:46:41.883Z] [INFO] [review agiz-dis-bakimi/474567301] page=153 +8 reviews (unique=1224)
[2026-04-05T10:46:41.916Z] [INFO] [review agiz-dis-bakimi/666755684] page=220 +8 reviews (unique=1760)
[2026-04-05T10:46:41.933Z] [INFO] [REVIEW PARTIAL SAVED] /Users/artifact/Developer/review_ai/Review_AI/scraper_project/raw_data/agiz-dis-bakimi/666755684_reviews.partial.json
[2026-04-05T10:46:42.375Z] [INFO] [review agiz-dis-bakimi/646035586] page=51 +8 reviews (unique=408)
[2026-04-05T10:46:42.396Z] [INFO] [review agiz-dis-bakimi/474567301] page=154 +8 reviews (unique=1232)
[2026-04-05T10:46:42.588Z] [INFO] [review agiz-dis-bakimi/666755684] page=221 +8 reviews (unique=1768)
[2026-04-05T10:46:42.939Z] [INFO] [review agiz-dis-bakimi/474567301] page=155 +8 reviews (unique=1240)
[2026-04-05T10:46:42.955Z] [INFO] [REVIEW PARTIAL SAVED] /Users/artifact/Developer/review_ai/Review_AI/scraper_project/raw_data/agiz-dis-bakimi/474567301_reviews.partial.json
[2026-04-05T10:46:42.958Z] [INFO] [review agiz-dis-bakimi/646035586] page=52 +8 reviews (unique=416)
[2026-04-05T10:46:43.233Z] [INFO] [review agiz-dis-bakimi/666755684] page=222 +8 reviews (unique=1776)
[2026-04-05T10:46:43.457Z] [INFO] [review agiz-dis-bakimi/646035586] page=53 +8 reviews (unique=424)
[2026-04-05T10:46:43.609Z] [INFO] [review agiz-dis-bakimi/474567301] page=156 +8 reviews (unique=1248)
[2026-04-05T10:46:43.798Z] [INFO] [review agiz-dis-bakimi/666755684] page=223 +8 reviews (unique=1784)
[2026-04-05T10:46:43.979Z] [INFO] [review agiz-dis-bakimi/646035586] page=54 +8 reviews (unique=432)
[2026-04-05T10:46:44.167Z] [INFO] [review agiz-dis-bakimi/474567301] page=157 +8 reviews (unique=1256)
[2026-04-05T10:46:44.511Z] [INFO] [review agiz-dis-bakimi/666755684] page=224 +8 reviews (unique=1792)
[2026-04-05T10:46:44.653Z] [INFO] [review agiz-dis-bakimi/646035586] page=55 +8 reviews (unique=440)
[2026-04-05T10:46:44.657Z] [INFO] [REVIEW PARTIAL SAVED] /Users/artifact/Developer/review_ai/Review_AI/scraper_project/raw_data/agiz-dis-bakimi/646035586_reviews.partial.json
[2026-04-05T10:46:44.884Z] [INFO] [review agiz-dis-bakimi/474567301] page=158 +8 reviews (unique=1264)
[2026-04-05T10:46:45.053Z] [INFO] [review agiz-dis-bakimi/666755684] page=225 +8 reviews (unique=1800)
[2026-04-05T10:46:45.070Z] [INFO] [REVIEW PARTIAL SAVED] /Users/artifact/Developer/review_ai/Review_AI/scraper_project/raw_data/agiz-dis-bakimi/666755684_reviews.partial.json
[2026-04-05T10:46:45.233Z] [INFO] [review agiz-dis-bakimi/646035586] page=56 +8 reviews (unique=448)
[2026-04-05T10:46:45.498Z] [INFO] [review agiz-dis-bakimi/474567301] page=159 +8 reviews (unique=1272)
[2026-04-05T10:46:45.702Z] [INFO] [review agiz-dis-bakimi/666755684] page=226 +8 reviews (unique=1808)
[2026-04-05T10:46:46.178Z] [INFO] [review agiz-dis-bakimi/646035586] page=57 +8 reviews (unique=456)
[2026-04-05T10:46:46.238Z] [INFO] [review agiz-dis-bakimi/474567301] page=160 +8 reviews (unique=1280)
[2026-04-05T10:46:46.255Z] [INFO] [REVIEW PARTIAL SAVED] /Users/artifact/Developer/review_ai/Review_AI/scraper_project/raw_data/agiz-dis-bakimi/474567301_reviews.partial.json
[2026-04-05T10:46:46.504Z] [INFO] [review agiz-dis-bakimi/666755684] page=227 +8 reviews (unique=1816)
[2026-04-05T10:46:46.912Z] [INFO] [review agiz-dis-bakimi/646035586] page=58 +8 reviews (unique=464)
[2026-04-05T10:46:47.006Z] [INFO] [review agiz-dis-bakimi/474567301] page=161 +8 reviews (unique=1288)
[2026-04-05T10:46:47.158Z] [INFO] [review agiz-dis-bakimi/666755684] page=228 +8 reviews (unique=1824)
[2026-04-05T10:46:47.475Z] [INFO] [review agiz-dis-bakimi/646035586] page=59 +8 reviews (unique=472)
[2026-04-05T10:46:47.578Z] [INFO] [review agiz-dis-bakimi/474567301] page=162 +8 reviews (unique=1296)
[2026-04-05T10:46:47.795Z] [INFO] [review agiz-dis-bakimi/666755684] page=229 +8 reviews (unique=1832)
[2026-04-05T10:46:48.335Z] [INFO] [review agiz-dis-bakimi/646035586] page=60 +8 reviews (unique=480)
[2026-04-05T10:46:48.342Z] [INFO] [REVIEW PARTIAL SAVED] /Users/artifact/Developer/review_ai/Review_AI/scraper_project/raw_data/agiz-dis-bakimi/646035586_reviews.partial.json
[2026-04-05T10:46:48.362Z] [INFO] [review agiz-dis-bakimi/474567301] page=163 +8 reviews (unique=1304)
[2026-04-05T10:46:48.855Z] [INFO] [review agiz-dis-bakimi/666755684] page=230 +8 reviews (unique=1840)
[2026-04-05T10:46:48.868Z] [INFO] [REVIEW PARTIAL SAVED] /Users/artifact/Developer/review_ai/Review_AI/scraper_project/raw_data/agiz-dis-bakimi/666755684_reviews.partial.json
[2026-04-05T10:46:49.005Z] [INFO] [review agiz-dis-bakimi/646035586] page=61 +8 reviews (unique=488)
[2026-04-05T10:46:49.026Z] [INFO] [review agiz-dis-bakimi/474567301] page=164 +8 reviews (unique=1312)
[2026-04-05T10:46:49.490Z] [INFO] [review agiz-dis-bakimi/666755684] page=231 +8 reviews (unique=1848)
[2026-04-05T10:46:49.505Z] [INFO] [review agiz-dis-bakimi/646035586] page=62 +8 reviews (unique=496)
[2026-04-05T10:46:49.594Z] [INFO] [review agiz-dis-bakimi/474567301] page=165 +8 reviews (unique=1320)
[2026-04-05T10:46:49.610Z] [INFO] [REVIEW PARTIAL SAVED] /Users/artifact/Developer/review_ai/Review_AI/scraper_project/raw_data/agiz-dis-bakimi/474567301_reviews.partial.json
[2026-04-05T10:46:50.546Z] [INFO] [review agiz-dis-bakimi/474567301] page=166 +8 reviews (unique=1328)
[2026-04-05T10:46:50.970Z] [INFO] [review agiz-dis-bakimi/666755684] page=232 +2 reviews (unique=1850)
[2026-04-05T10:46:50.986Z] [INFO] [REVIEW SAVED] /Users/artifact/Developer/review_ai/Review_AI/scraper_project/raw_data/agiz-dis-bakimi/666755684_reviews.json
[2026-04-05T10:46:50.993Z] [INFO] 
[REVIEW WORKER 2] starting agiz-dis-bakimi/734898606
[2026-04-05T10:46:51.229Z] [INFO] [review agiz-dis-bakimi/474567301] page=167 +8 reviews (unique=1336)
[2026-04-05T10:46:51.869Z] [INFO] [review agiz-dis-bakimi/474567301] page=168 +8 reviews (unique=1344)
[2026-04-05T10:46:51.987Z] [INFO] [review agiz-dis-bakimi/646035586] page=63 +5 reviews (unique=501)
[2026-04-05T10:46:51.994Z] [INFO] [REVIEW SAVED] /Users/artifact/Developer/review_ai/Review_AI/scraper_project/raw_data/agiz-dis-bakimi/646035586_reviews.json
[2026-04-05T10:46:52.004Z] [INFO] 
[REVIEW WORKER 1] starting agiz-dis-bakimi/557681499
[2026-04-05T10:46:52.684Z] [INFO] [review agiz-dis-bakimi/474567301] page=169 +8 reviews (unique=1352)
[2026-04-05T10:46:54.110Z] [INFO] [review agiz-dis-bakimi/474567301] page=170 +8 reviews (unique=1360)
[2026-04-05T10:46:54.128Z] [INFO] [REVIEW PARTIAL SAVED] /Users/artifact/Developer/review_ai/Review_AI/scraper_project/raw_data/agiz-dis-bakimi/474567301_reviews.partial.json
[2026-04-05T10:46:54.732Z] [INFO] [review agiz-dis-bakimi/474567301] page=171 +8 reviews (unique=1368)
[2026-04-05T10:46:55.466Z] [INFO] [review agiz-dis-bakimi/474567301] page=172 +8 reviews (unique=1376)
[2026-04-05T10:46:56.187Z] [INFO] [review agiz-dis-bakimi/474567301] page=173 +8 reviews (unique=1384)
[2026-04-05T10:46:56.218Z] [INFO] 
[START REVIEW] category=agiz-dis-bakimi productId=734898606 startPage=1
[2026-04-05T10:46:56.981Z] [INFO] 
[START REVIEW] category=agiz-dis-bakimi productId=557681499 startPage=1
[2026-04-05T10:46:57.037Z] [INFO] [review agiz-dis-bakimi/734898606] page=1 +8 reviews (unique=8)
[2026-04-05T10:46:57.139Z] [INFO] [review agiz-dis-bakimi/474567301] page=174 +8 reviews (unique=1392)
[2026-04-05T10:46:57.705Z] [INFO] [review agiz-dis-bakimi/734898606] page=2 +8 reviews (unique=16)
[2026-04-05T10:46:57.713Z] [INFO] [review agiz-dis-bakimi/557681499] page=1 +6 reviews (unique=6)
[2026-04-05T10:46:57.713Z] [INFO] [REVIEW SAVED] /Users/artifact/Developer/review_ai/Review_AI/scraper_project/raw_data/agiz-dis-bakimi/557681499_reviews.json
[2026-04-05T10:46:57.728Z] [INFO] 
[REVIEW WORKER 1] starting agiz-dis-bakimi/650752367
[2026-04-05T10:46:57.898Z] [INFO] [review agiz-dis-bakimi/474567301] page=175 +8 reviews (unique=1400)
[2026-04-05T10:46:57.905Z] [INFO] [REVIEW PARTIAL SAVED] /Users/artifact/Developer/review_ai/Review_AI/scraper_project/raw_data/agiz-dis-bakimi/474567301_reviews.partial.json
[2026-04-05T10:46:58.294Z] [INFO] [review agiz-dis-bakimi/734898606] page=3 +8 reviews (unique=24)
[2026-04-05T10:46:58.503Z] [INFO] [review agiz-dis-bakimi/474567301] page=176 +8 reviews (unique=1408)
[2026-04-05T10:46:58.940Z] [INFO] [review agiz-dis-bakimi/734898606] page=4 +8 reviews (unique=32)
[2026-04-05T10:46:59.019Z] [INFO] [review agiz-dis-bakimi/474567301] page=177 +4 reviews (unique=1412)
[2026-04-05T10:46:59.038Z] [INFO] [REVIEW SAVED] /Users/artifact/Developer/review_ai/Review_AI/scraper_project/raw_data/agiz-dis-bakimi/474567301_reviews.json
[2026-04-05T10:46:59.047Z] [INFO] 
[REVIEW WORKER 3] starting agiz-dis-bakimi/636488215
[2026-04-05T10:46:59.456Z] [INFO] [review agiz-dis-bakimi/734898606] page=5 +8 reviews (unique=40)
[2026-04-05T10:46:59.457Z] [INFO] [REVIEW PARTIAL SAVED] /Users/artifact/Developer/review_ai/Review_AI/scraper_project/raw_data/agiz-dis-bakimi/734898606_reviews.partial.json
[2026-04-05T10:47:00.011Z] [INFO] [review agiz-dis-bakimi/734898606] page=6 +8 reviews (unique=48)
[2026-04-05T10:47:00.578Z] [INFO] [review agiz-dis-bakimi/734898606] page=7 +6 reviews (unique=54)
[2026-04-05T10:47:00.580Z] [INFO] [REVIEW SAVED] /Users/artifact/Developer/review_ai/Review_AI/scraper_project/raw_data/agiz-dis-bakimi/734898606_reviews.json
[2026-04-05T10:47:00.587Z] [INFO] 
[REVIEW WORKER 2] starting agiz-dis-bakimi/650665807
[2026-04-05T10:47:00.804Z] [INFO] 
[START REVIEW] category=agiz-dis-bakimi productId=650752367 startPage=1
[2026-04-05T10:47:00.940Z] [INFO] [review agiz-dis-bakimi/650752367] page=1 +3 reviews (unique=3)
[2026-04-05T10:47:00.941Z] [INFO] [REVIEW SAVED] /Users/artifact/Developer/review_ai/Review_AI/scraper_project/raw_data/agiz-dis-bakimi/650752367_reviews.json
[2026-04-05T10:47:00.945Z] [INFO] 
[REVIEW WORKER 1] starting agiz-dis-bakimi/549613769
[2026-04-05T10:47:02.437Z] [INFO] 
[START REVIEW] category=agiz-dis-bakimi productId=636488215 startPage=1
[2026-04-05T10:47:02.627Z] [INFO] [review agiz-dis-bakimi/636488215] page=1 +8 reviews (unique=8)
[2026-04-05T10:47:03.180Z] [INFO] [review agiz-dis-bakimi/636488215] page=2 +8 reviews (unique=16)
[2026-04-05T10:47:03.812Z] [INFO] [review agiz-dis-bakimi/636488215] page=3 +8 reviews (unique=24)
[2026-04-05T10:47:04.407Z] [INFO] [review agiz-dis-bakimi/636488215] page=4 +8 reviews (unique=32)
[2026-04-05T10:47:05.011Z] [INFO] [review agiz-dis-bakimi/636488215] page=5 +8 reviews (unique=40)
[2026-04-05T10:47:05.012Z] [INFO] [REVIEW PARTIAL SAVED] /Users/artifact/Developer/review_ai/Review_AI/scraper_project/raw_data/agiz-dis-bakimi/636488215_reviews.partial.json
[2026-04-05T10:47:05.058Z] [INFO] 
[START REVIEW] category=agiz-dis-bakimi productId=549613769 startPage=1
[2026-04-05T10:47:05.238Z] [INFO] [review agiz-dis-bakimi/549613769] page=1 +8 reviews (unique=8)
[2026-04-05T10:47:05.703Z] [INFO] [review agiz-dis-bakimi/636488215] page=6 +8 reviews (unique=48)
[2026-04-05T10:47:05.827Z] [INFO] [review agiz-dis-bakimi/549613769] page=2 +8 reviews (unique=16)
[2026-04-05T10:47:06.591Z] [INFO] [review agiz-dis-bakimi/636488215] page=7 +8 reviews (unique=56)
[2026-04-05T10:47:06.682Z] [INFO] [review agiz-dis-bakimi/549613769] page=3 +8 reviews (unique=24)
[2026-04-05T10:47:07.446Z] [INFO] 
[START REVIEW] category=agiz-dis-bakimi productId=650665807 startPage=1
[2026-04-05T10:47:07.610Z] [INFO] [review agiz-dis-bakimi/636488215] page=8 +8 reviews (unique=64)
[2026-04-05T10:47:07.624Z] [INFO] [review agiz-dis-bakimi/549613769] page=4 +8 reviews (unique=32)
[2026-04-05T10:47:07.722Z] [INFO] [review agiz-dis-bakimi/650665807] page=1 +2 reviews (unique=2)
[2026-04-05T10:47:07.723Z] [INFO] [REVIEW SAVED] /Users/artifact/Developer/review_ai/Review_AI/scraper_project/raw_data/agiz-dis-bakimi/650665807_reviews.json
[2026-04-05T10:47:07.727Z] [INFO] 
[REVIEW WORKER 2] starting agiz-dis-bakimi/554683680
[2026-04-05T10:47:08.390Z] [INFO] [review agiz-dis-bakimi/636488215] page=9 +2 reviews (unique=66)
[2026-04-05T10:47:08.392Z] [INFO] [REVIEW SAVED] /Users/artifact/Developer/review_ai/Review_AI/scraper_project/raw_data/agiz-dis-bakimi/636488215_reviews.json
[2026-04-05T10:47:08.406Z] [INFO] 
[REVIEW WORKER 3] starting agiz-dis-bakimi/730859939
[2026-04-05T10:47:08.426Z] [INFO] [review agiz-dis-bakimi/549613769] page=5 +8 reviews (unique=40)
[2026-04-05T10:47:08.427Z] [INFO] [REVIEW PARTIAL SAVED] /Users/artifact/Developer/review_ai/Review_AI/scraper_project/raw_data/agiz-dis-bakimi/549613769_reviews.partial.json
[2026-04-05T10:47:09.254Z] [INFO] [review agiz-dis-bakimi/549613769] page=6 +8 reviews (unique=48)
[2026-04-05T10:47:10.032Z] [INFO] [review agiz-dis-bakimi/549613769] page=7 +8 reviews (unique=56)
[2026-04-05T10:47:10.629Z] [INFO] [review agiz-dis-bakimi/549613769] page=8 +8 reviews (unique=64)
[2026-04-05T10:47:10.938Z] [INFO] 
[START REVIEW] category=agiz-dis-bakimi productId=554683680 startPage=1
[2026-04-05T10:47:11.222Z] [INFO] [review agiz-dis-bakimi/549613769] page=9 +8 reviews (unique=72)
[2026-04-05T10:47:12.322Z] [INFO] [review agiz-dis-bakimi/549613769] page=10 +8 reviews (unique=80)
[2026-04-05T10:47:12.323Z] [INFO] [REVIEW PARTIAL SAVED] /Users/artifact/Developer/review_ai/Review_AI/scraper_project/raw_data/agiz-dis-bakimi/549613769_reviews.partial.json
[2026-04-05T10:47:12.324Z] [INFO] [REVIEW SAVED] /Users/artifact/Developer/review_ai/Review_AI/scraper_project/raw_data/agiz-dis-bakimi/549613769_reviews.json
[2026-04-05T10:47:12.338Z] [INFO] 
[REVIEW WORKER 1] starting agiz-dis-bakimi/700432076
[2026-04-05T10:47:12.459Z] [INFO] [review agiz-dis-bakimi/554683680] page=1 +8 reviews (unique=8)
[2026-04-05T10:47:13.080Z] [INFO] [review agiz-dis-bakimi/554683680] page=2 +2 reviews (unique=10)
[2026-04-05T10:47:13.081Z] [INFO] [REVIEW SAVED] /Users/artifact/Developer/review_ai/Review_AI/scraper_project/raw_data/agiz-dis-bakimi/554683680_reviews.json
[2026-04-05T10:47:13.089Z] [INFO] 
[REVIEW WORKER 2] starting agiz-dis-bakimi/646036340
[2026-04-05T10:47:13.559Z] [INFO] 
[START REVIEW] category=agiz-dis-bakimi productId=730859939 startPage=1
[2026-04-05T10:47:13.715Z] [INFO] [review agiz-dis-bakimi/730859939] page=1 +8 reviews (unique=8)
[2026-04-05T10:47:14.630Z] [INFO] [review agiz-dis-bakimi/730859939] page=2 +8 reviews (unique=16)
[2026-04-05T10:47:15.232Z] [INFO] [review agiz-dis-bakimi/730859939] page=3 +8 reviews (unique=24)
[2026-04-05T10:47:15.745Z] [INFO] [review agiz-dis-bakimi/730859939] page=4 +8 reviews (unique=32)
[2026-04-05T10:47:16.343Z] [INFO] [review agiz-dis-bakimi/730859939] page=5 +8 reviews (unique=40)
[2026-04-05T10:47:16.344Z] [INFO] [REVIEW PARTIAL SAVED] /Users/artifact/Developer/review_ai/Review_AI/scraper_project/raw_data/agiz-dis-bakimi/730859939_reviews.partial.json
[2026-04-05T10:47:16.755Z] [INFO] 
[START REVIEW] category=agiz-dis-bakimi productId=700432076 startPage=1
[2026-04-05T10:47:16.937Z] [INFO] [review agiz-dis-bakimi/730859939] page=6 +8 reviews (unique=48)
[2026-04-05T10:47:16.980Z] [INFO] [review agiz-dis-bakimi/700432076] page=1 +8 reviews (unique=8)
[2026-04-05T10:47:17.219Z] [INFO] 
[START REVIEW] category=agiz-dis-bakimi productId=646036340 startPage=1
[2026-04-05T10:47:17.357Z] [INFO] [review agiz-dis-bakimi/646036340] page=1 +8 reviews (unique=8)
[2026-04-05T10:47:17.494Z] [INFO] [review agiz-dis-bakimi/730859939] page=7 +8 reviews (unique=56)
[2026-04-05T10:47:17.592Z] [INFO] [review agiz-dis-bakimi/700432076] page=2 +8 reviews (unique=16)
[2026-04-05T10:47:17.892Z] [INFO] [review agiz-dis-bakimi/646036340] page=2 +8 reviews (unique=16)
[2026-04-05T10:47:18.091Z] [INFO] [review agiz-dis-bakimi/730859939] page=8 +8 reviews (unique=64)
[2026-04-05T10:47:18.204Z] [INFO] [review agiz-dis-bakimi/700432076] page=3 +5 reviews (unique=21)
[2026-04-05T10:47:18.205Z] [INFO] [REVIEW SAVED] /Users/artifact/Developer/review_ai/Review_AI/scraper_project/raw_data/agiz-dis-bakimi/700432076_reviews.json
[2026-04-05T10:47:18.210Z] [INFO] 
[REVIEW WORKER 1] starting agiz-dis-bakimi/547573684
[2026-04-05T10:47:18.488Z] [INFO] [review agiz-dis-bakimi/646036340] page=3 +8 reviews (unique=24)
[2026-04-05T10:47:18.617Z] [INFO] [review agiz-dis-bakimi/730859939] page=9 +8 reviews (unique=72)
[2026-04-05T10:47:19.005Z] [INFO] [review agiz-dis-bakimi/646036340] page=4 +8 reviews (unique=32)
[2026-04-05T10:47:19.156Z] [INFO] [review agiz-dis-bakimi/730859939] page=10 +8 reviews (unique=80)
[2026-04-05T10:47:19.159Z] [INFO] [REVIEW PARTIAL SAVED] /Users/artifact/Developer/review_ai/Review_AI/scraper_project/raw_data/agiz-dis-bakimi/730859939_reviews.partial.json
[2026-04-05T10:47:19.500Z] [INFO] [review agiz-dis-bakimi/646036340] page=5 +8 reviews (unique=40)
[2026-04-05T10:47:19.502Z] [INFO] [REVIEW PARTIAL SAVED] /Users/artifact/Developer/review_ai/Review_AI/scraper_project/raw_data/agiz-dis-bakimi/646036340_reviews.partial.json
[2026-04-05T10:47:19.810Z] [INFO] [review agiz-dis-bakimi/730859939] page=11 +8 reviews (unique=88)
[2026-04-05T10:47:20.129Z] [INFO] [review agiz-dis-bakimi/646036340] page=6 +8 reviews (unique=48)
[2026-04-05T10:47:20.452Z] [INFO] [review agiz-dis-bakimi/730859939] page=12 +8 reviews (unique=96)
[2026-04-05T10:47:20.808Z] [INFO] [review agiz-dis-bakimi/646036340] page=7 +8 reviews (unique=56)
[2026-04-05T10:47:20.967Z] [INFO] [review agiz-dis-bakimi/730859939] page=13 +8 reviews (unique=104)
[2026-04-05T10:47:21.481Z] [INFO] [review agiz-dis-bakimi/646036340] page=8 +8 reviews (unique=64)
[2026-04-05T10:47:21.552Z] [INFO] [review agiz-dis-bakimi/730859939] page=14 +8 reviews (unique=112)
[2026-04-05T10:47:21.605Z] [INFO] 
[START REVIEW] category=agiz-dis-bakimi productId=547573684 startPage=1
[2026-04-05T10:47:21.726Z] [INFO] [review agiz-dis-bakimi/547573684] page=1 +5 reviews (unique=5)
[2026-04-05T10:47:21.728Z] [INFO] [REVIEW SAVED] /Users/artifact/Developer/review_ai/Review_AI/scraper_project/raw_data/agiz-dis-bakimi/547573684_reviews.json
[2026-04-05T10:47:21.738Z] [INFO] 
[REVIEW WORKER 1] starting agiz-dis-bakimi/730147698
[2026-04-05T10:47:22.126Z] [INFO] [review agiz-dis-bakimi/646036340] page=9 +8 reviews (unique=72)
[2026-04-05T10:47:22.166Z] [INFO] [review agiz-dis-bakimi/730859939] page=15 +8 reviews (unique=120)
[2026-04-05T10:47:22.168Z] [INFO] [REVIEW PARTIAL SAVED] /Users/artifact/Developer/review_ai/Review_AI/scraper_project/raw_data/agiz-dis-bakimi/730859939_reviews.partial.json
[2026-04-05T10:47:22.721Z] [INFO] [review agiz-dis-bakimi/646036340] page=10 +8 reviews (unique=80)
[2026-04-05T10:47:22.723Z] [INFO] [REVIEW PARTIAL SAVED] /Users/artifact/Developer/review_ai/Review_AI/scraper_project/raw_data/agiz-dis-bakimi/646036340_reviews.partial.json
[2026-04-05T10:47:22.782Z] [INFO] [review agiz-dis-bakimi/730859939] page=16 +8 reviews (unique=128)
[2026-04-05T10:47:23.453Z] [INFO] [review agiz-dis-bakimi/646036340] page=11 +8 reviews (unique=88)
[2026-04-05T10:47:23.459Z] [INFO] [review agiz-dis-bakimi/730859939] page=17 +8 reviews (unique=136)
[2026-04-05T10:47:24.061Z] [INFO] [review agiz-dis-bakimi/646036340] page=12 +8 reviews (unique=96)
[2026-04-05T10:47:24.100Z] [INFO] [review agiz-dis-bakimi/730859939] page=18 +8 reviews (unique=144)
[2026-04-05T10:47:24.669Z] [INFO] [review agiz-dis-bakimi/646036340] page=13 +8 reviews (unique=104)
[2026-04-05T10:47:24.672Z] [INFO] [review agiz-dis-bakimi/730859939] page=19 +8 reviews (unique=152)
[2026-04-05T10:47:25.225Z] [INFO] 
[START REVIEW] category=agiz-dis-bakimi productId=730147698 startPage=1
[2026-04-05T10:47:25.229Z] [INFO] [review agiz-dis-bakimi/730859939] page=20 +8 reviews (unique=160)
[2026-04-05T10:47:25.232Z] [INFO] [REVIEW PARTIAL SAVED] /Users/artifact/Developer/review_ai/Review_AI/scraper_project/raw_data/agiz-dis-bakimi/730859939_reviews.partial.json
[2026-04-05T10:47:25.235Z] [INFO] [review agiz-dis-bakimi/646036340] page=14 +8 reviews (unique=112)
[2026-04-05T10:47:25.385Z] [INFO] [review agiz-dis-bakimi/730147698] page=1 +8 reviews (unique=8)
[2026-04-05T10:47:25.840Z] [INFO] [review agiz-dis-bakimi/646036340] page=15 +8 reviews (unique=120)
[2026-04-05T10:47:25.843Z] [INFO] [REVIEW PARTIAL SAVED] /Users/artifact/Developer/review_ai/Review_AI/scraper_project/raw_data/agiz-dis-bakimi/646036340_reviews.partial.json
[2026-04-05T10:47:25.848Z] [INFO] [review agiz-dis-bakimi/730859939] page=21 +8 reviews (unique=168)
[2026-04-05T10:47:25.983Z] [INFO] [review agiz-dis-bakimi/730147698] page=2 +8 reviews (unique=16)
[2026-04-05T10:47:25.984Z] [INFO] [REVIEW SAVED] /Users/artifact/Developer/review_ai/Review_AI/scraper_project/raw_data/agiz-dis-bakimi/730147698_reviews.json
[2026-04-05T10:47:25.995Z] [INFO] 
[REVIEW WORKER 1] starting agiz-dis-bakimi/657308341
[2026-04-05T10:47:26.423Z] [INFO] [review agiz-dis-bakimi/646036340] page=16 +8 reviews (unique=128)
[2026-04-05T10:47:26.435Z] [INFO] [review agiz-dis-bakimi/730859939] page=22 +8 reviews (unique=176)
[2026-04-05T10:47:27.022Z] [INFO] [review agiz-dis-bakimi/646036340] page=17 +8 reviews (unique=136)
[2026-04-05T10:47:27.043Z] [INFO] [review agiz-dis-bakimi/730859939] page=23 +8 reviews (unique=184)
[2026-04-05T10:47:27.673Z] [INFO] [review agiz-dis-bakimi/646036340] page=18 +8 reviews (unique=144)
[2026-04-05T10:47:27.725Z] [INFO] [review agiz-dis-bakimi/730859939] page=24 +8 reviews (unique=192)
[2026-04-05T10:47:28.246Z] [INFO] [review agiz-dis-bakimi/730859939] page=25 +8 reviews (unique=200)
[2026-04-05T10:47:28.248Z] [INFO] [REVIEW PARTIAL SAVED] /Users/artifact/Developer/review_ai/Review_AI/scraper_project/raw_data/agiz-dis-bakimi/730859939_reviews.partial.json
[2026-04-05T10:47:28.296Z] [INFO] [review agiz-dis-bakimi/646036340] page=19 +8 reviews (unique=152)
[2026-04-05T10:47:28.824Z] [INFO] [review agiz-dis-bakimi/730859939] page=26 +8 reviews (unique=208)
[2026-04-05T10:47:28.872Z] [INFO] [review agiz-dis-bakimi/646036340] page=20 +8 reviews (unique=160)
[2026-04-05T10:47:28.874Z] [INFO] [REVIEW PARTIAL SAVED] /Users/artifact/Developer/review_ai/Review_AI/scraper_project/raw_data/agiz-dis-bakimi/646036340_reviews.partial.json
[2026-04-05T10:47:29.329Z] [INFO] 
[START REVIEW] category=agiz-dis-bakimi productId=657308341 startPage=1
[2026-04-05T10:47:29.431Z] [INFO] [review agiz-dis-bakimi/730859939] page=27 +8 reviews (unique=216)
[2026-04-05T10:47:29.470Z] [INFO] [review agiz-dis-bakimi/646036340] page=21 +8 reviews (unique=168)
[2026-04-05T10:47:29.982Z] [INFO] [review agiz-dis-bakimi/646036340] page=22 +8 reviews (unique=176)
[2026-04-05T10:47:30.021Z] [INFO] [review agiz-dis-bakimi/730859939] page=28 +8 reviews (unique=224)
[2026-04-05T10:47:30.529Z] [INFO] [review agiz-dis-bakimi/646036340] page=23 +8 reviews (unique=184)
[2026-04-05T10:47:30.652Z] [INFO] [review agiz-dis-bakimi/730859939] page=29 +8 reviews (unique=232)
[2026-04-05T10:47:31.154Z] [INFO] [review agiz-dis-bakimi/730859939] page=30 +8 reviews (unique=240)
[2026-04-05T10:47:31.159Z] [INFO] [REVIEW PARTIAL SAVED] /Users/artifact/Developer/review_ai/Review_AI/scraper_project/raw_data/agiz-dis-bakimi/730859939_reviews.partial.json
[2026-04-05T10:47:31.642Z] [INFO] [review agiz-dis-bakimi/657308341] page=1 +3 reviews (unique=3)
[2026-04-05T10:47:31.643Z] [INFO] [REVIEW SAVED] /Users/artifact/Developer/review_ai/Review_AI/scraper_project/raw_data/agiz-dis-bakimi/657308341_reviews.json
[2026-04-05T10:47:31.656Z] [INFO] 
[REVIEW WORKER 1] starting agiz-dis-bakimi/593196615
[2026-04-05T10:47:31.714Z] [INFO] [review agiz-dis-bakimi/730859939] page=31 +8 reviews (unique=248)
[2026-04-05T10:47:32.249Z] [INFO] [review agiz-dis-bakimi/730859939] page=32 +8 reviews (unique=256)
[2026-04-05T10:47:35.248Z] [INFO] 
[START REVIEW] category=agiz-dis-bakimi productId=593196615 startPage=1
[2026-04-05T10:47:35.331Z] [INFO] [review agiz-dis-bakimi/646036340] page=24 +8 reviews (unique=192)
[2026-04-05T10:47:35.432Z] [INFO] [review agiz-dis-bakimi/593196615] page=1 +8 reviews (unique=8)
[2026-04-05T10:47:35.433Z] [INFO] [REVIEW SAVED] /Users/artifact/Developer/review_ai/Review_AI/scraper_project/raw_data/agiz-dis-bakimi/593196615_reviews.json
[2026-04-05T10:47:35.438Z] [INFO] 
[REVIEW WORKER 1] starting agiz-dis-bakimi/696040865
[2026-04-05T10:47:35.905Z] [INFO] [review agiz-dis-bakimi/646036340] page=25 +8 reviews (unique=200)
[2026-04-05T10:47:35.909Z] [INFO] [REVIEW PARTIAL SAVED] /Users/artifact/Developer/review_ai/Review_AI/scraper_project/raw_data/agiz-dis-bakimi/646036340_reviews.partial.json
[2026-04-05T10:47:36.505Z] [INFO] [review agiz-dis-bakimi/646036340] page=26 +8 reviews (unique=208)
[2026-04-05T10:47:37.125Z] [INFO] [review agiz-dis-bakimi/646036340] page=27 +8 reviews (unique=216)
[2026-04-05T10:47:37.127Z] [INFO] [review agiz-dis-bakimi/730859939] page=33 +8 reviews (unique=264)
[2026-04-05T10:47:38.336Z] [INFO] [review agiz-dis-bakimi/730859939] page=34 +8 reviews (unique=272)
[2026-04-05T10:47:38.343Z] [INFO] [review agiz-dis-bakimi/646036340] page=28 +8 reviews (unique=224)
[2026-04-05T10:47:38.995Z] [INFO] [review agiz-dis-bakimi/730859939] page=35 +8 reviews (unique=280)
[2026-04-05T10:47:38.998Z] [INFO] [REVIEW PARTIAL SAVED] /Users/artifact/Developer/review_ai/Review_AI/scraper_project/raw_data/agiz-dis-bakimi/730859939_reviews.partial.json
[2026-04-05T10:47:39.000Z] [INFO] [review agiz-dis-bakimi/646036340] page=29 +8 reviews (unique=232)
[2026-04-05T10:47:39.106Z] [INFO] 
[START REVIEW] category=agiz-dis-bakimi productId=696040865 startPage=1
[2026-04-05T10:47:39.408Z] [INFO] [review agiz-dis-bakimi/696040865] page=1 +8 reviews (unique=8)
[2026-04-05T10:47:39.546Z] [INFO] [review agiz-dis-bakimi/730859939] page=36 +8 reviews (unique=288)
[2026-04-05T10:47:39.590Z] [INFO] [review agiz-dis-bakimi/646036340] page=30 +8 reviews (unique=240)
[2026-04-05T10:47:39.592Z] [INFO] [REVIEW PARTIAL SAVED] /Users/artifact/Developer/review_ai/Review_AI/scraper_project/raw_data/agiz-dis-bakimi/646036340_reviews.partial.json
[2026-04-05T10:47:40.098Z] [INFO] [review agiz-dis-bakimi/730859939] page=37 +8 reviews (unique=296)
[2026-04-05T10:47:40.224Z] [INFO] [review agiz-dis-bakimi/646036340] page=31 +8 reviews (unique=248)
[2026-04-05T10:47:40.313Z] [INFO] [review agiz-dis-bakimi/696040865] page=2 +1 reviews (unique=9)
[2026-04-05T10:47:40.315Z] [INFO] [REVIEW SAVED] /Users/artifact/Developer/review_ai/Review_AI/scraper_project/raw_data/agiz-dis-bakimi/696040865_reviews.json
[2026-04-05T10:47:40.329Z] [INFO] 
[REVIEW WORKER 1] starting agiz-dis-bakimi/582030220
[2026-04-05T10:47:40.706Z] [INFO] [review agiz-dis-bakimi/730859939] page=38 +8 reviews (unique=304)
[2026-04-05T10:47:40.818Z] [INFO] [review agiz-dis-bakimi/646036340] page=32 +8 reviews (unique=256)
[2026-04-05T10:47:41.336Z] [INFO] [review agiz-dis-bakimi/730859939] page=39 +8 reviews (unique=312)
[2026-04-05T10:47:41.407Z] [INFO] [review agiz-dis-bakimi/646036340] page=33 +8 reviews (unique=264)
[2026-04-05T10:47:41.968Z] [INFO] [review agiz-dis-bakimi/646036340] page=34 +8 reviews (unique=272)
[2026-04-05T10:47:41.978Z] [INFO] [review agiz-dis-bakimi/730859939] page=40 +8 reviews (unique=320)
[2026-04-05T10:47:41.980Z] [INFO] [REVIEW PARTIAL SAVED] /Users/artifact/Developer/review_ai/Review_AI/scraper_project/raw_data/agiz-dis-bakimi/730859939_reviews.partial.json
[2026-04-05T10:47:42.475Z] [INFO] [review agiz-dis-bakimi/646036340] page=35 +8 reviews (unique=280)
[2026-04-05T10:47:42.498Z] [INFO] [REVIEW PARTIAL SAVED] /Users/artifact/Developer/review_ai/Review_AI/scraper_project/raw_data/agiz-dis-bakimi/646036340_reviews.partial.json
[2026-04-05T10:47:42.532Z] [INFO] [review agiz-dis-bakimi/730859939] page=41 +8 reviews (unique=328)
[2026-04-05T10:47:43.142Z] [INFO] [review agiz-dis-bakimi/730859939] page=42 +8 reviews (unique=336)
[2026-04-05T10:47:43.150Z] [INFO] [review agiz-dis-bakimi/646036340] page=36 +8 reviews (unique=288)
[2026-04-05T10:47:43.213Z] [INFO] 
[START REVIEW] category=agiz-dis-bakimi productId=582030220 startPage=1
[2026-04-05T10:47:43.562Z] [INFO] [review agiz-dis-bakimi/582030220] page=1 +8 reviews (unique=8)
[2026-04-05T10:47:43.843Z] [INFO] [review agiz-dis-bakimi/730859939] page=43 +8 reviews (unique=344)
[2026-04-05T10:47:43.879Z] [INFO] [review agiz-dis-bakimi/646036340] page=37 +8 reviews (unique=296)
[2026-04-05T10:47:44.136Z] [INFO] [review agiz-dis-bakimi/582030220] page=2 +8 reviews (unique=16)
[2026-04-05T10:47:44.415Z] [INFO] [review agiz-dis-bakimi/730859939] page=44 +8 reviews (unique=352)
[2026-04-05T10:47:44.507Z] [INFO] [review agiz-dis-bakimi/646036340] page=38 +8 reviews (unique=304)
[2026-04-05T10:47:44.701Z] [INFO] [review agiz-dis-bakimi/582030220] page=3 +2 reviews (unique=18)
[2026-04-05T10:47:44.702Z] [INFO] [REVIEW SAVED] /Users/artifact/Developer/review_ai/Review_AI/scraper_project/raw_data/agiz-dis-bakimi/582030220_reviews.json
[2026-04-05T10:47:44.710Z] [INFO] 
[REVIEW WORKER 1] starting agiz-dis-bakimi/587225919
[2026-04-05T10:47:44.994Z] [INFO] [review agiz-dis-bakimi/730859939] page=45 +8 reviews (unique=360)
[2026-04-05T10:47:44.997Z] [INFO] [REVIEW PARTIAL SAVED] /Users/artifact/Developer/review_ai/Review_AI/scraper_project/raw_data/agiz-dis-bakimi/730859939_reviews.partial.json
[2026-04-05T10:47:45.113Z] [INFO] [review agiz-dis-bakimi/646036340] page=39 +8 reviews (unique=312)
[2026-04-05T10:47:45.626Z] [INFO] [review agiz-dis-bakimi/730859939] page=46 +8 reviews (unique=368)
[2026-04-05T10:47:45.728Z] [INFO] [review agiz-dis-bakimi/646036340] page=40 +8 reviews (unique=320)
[2026-04-05T10:47:45.733Z] [INFO] [REVIEW PARTIAL SAVED] /Users/artifact/Developer/review_ai/Review_AI/scraper_project/raw_data/agiz-dis-bakimi/646036340_reviews.partial.json
[2026-04-05T10:47:46.142Z] [INFO] [review agiz-dis-bakimi/730859939] page=47 +8 reviews (unique=376)
[2026-04-05T10:47:46.347Z] [INFO] [review agiz-dis-bakimi/646036340] page=41 +8 reviews (unique=328)
[2026-04-05T10:47:46.717Z] [INFO] [review agiz-dis-bakimi/730859939] page=48 +8 reviews (unique=384)
[2026-04-05T10:47:47.006Z] [INFO] [review agiz-dis-bakimi/646036340] page=42 +8 reviews (unique=336)
[2026-04-05T10:47:47.241Z] [INFO] [review agiz-dis-bakimi/730859939] page=49 +8 reviews (unique=392)
[2026-04-05T10:47:47.753Z] [INFO] [review agiz-dis-bakimi/646036340] page=43 +8 reviews (unique=344)
[2026-04-05T10:47:47.803Z] [INFO] [review agiz-dis-bakimi/730859939] page=50 +8 reviews (unique=400)
[2026-04-05T10:47:47.806Z] [INFO] [REVIEW PARTIAL SAVED] /Users/artifact/Developer/review_ai/Review_AI/scraper_project/raw_data/agiz-dis-bakimi/730859939_reviews.partial.json
[2026-04-05T10:47:48.284Z] [INFO] [review agiz-dis-bakimi/646036340] page=44 +6 reviews (unique=350)
[2026-04-05T10:47:48.286Z] [INFO] [REVIEW SAVED] /Users/artifact/Developer/review_ai/Review_AI/scraper_project/raw_data/agiz-dis-bakimi/646036340_reviews.json
[2026-04-05T10:47:48.293Z] [INFO] 
[REVIEW WORKER 2] starting agiz-dis-bakimi/658451326
[2026-04-05T10:47:48.486Z] [INFO] [review agiz-dis-bakimi/730859939] page=51 +8 reviews (unique=408)
[2026-04-05T10:47:48.537Z] [INFO] 
[START REVIEW] category=agiz-dis-bakimi productId=587225919 startPage=1
[2026-04-05T10:47:48.737Z] [INFO] [review agiz-dis-bakimi/587225919] page=1 +8 reviews (unique=8)
[2026-04-05T10:47:49.223Z] [INFO] [review agiz-dis-bakimi/730859939] page=52 +8 reviews (unique=416)
[2026-04-05T10:47:49.315Z] [INFO] [review agiz-dis-bakimi/587225919] page=2 +8 reviews (unique=16)
[2026-04-05T10:47:49.823Z] [INFO] [review agiz-dis-bakimi/730859939] page=53 +8 reviews (unique=424)
[2026-04-05T10:47:49.881Z] [INFO] [review agiz-dis-bakimi/587225919] page=3 +8 reviews (unique=24)
[2026-04-05T10:47:50.483Z] [INFO] [review agiz-dis-bakimi/730859939] page=54 +8 reviews (unique=432)
[2026-04-05T10:47:50.965Z] [INFO] [review agiz-dis-bakimi/587225919] page=4 +8 reviews (unique=32)
[2026-04-05T10:47:51.040Z] [INFO] [review agiz-dis-bakimi/730859939] page=55 +8 reviews (unique=440)
[2026-04-05T10:47:51.043Z] [INFO] [REVIEW PARTIAL SAVED] /Users/artifact/Developer/review_ai/Review_AI/scraper_project/raw_data/agiz-dis-bakimi/730859939_reviews.partial.json
[2026-04-05T10:47:51.551Z] [INFO] [review agiz-dis-bakimi/587225919] page=5 +8 reviews (unique=40)
[2026-04-05T10:47:51.552Z] [INFO] [REVIEW PARTIAL SAVED] /Users/artifact/Developer/review_ai/Review_AI/scraper_project/raw_data/agiz-dis-bakimi/587225919_reviews.partial.json
[2026-04-05T10:47:51.573Z] [INFO] [review agiz-dis-bakimi/730859939] page=56 +8 reviews (unique=448)
[2026-04-05T10:47:52.023Z] [INFO] 
[START REVIEW] category=agiz-dis-bakimi productId=658451326 startPage=1
[2026-04-05T10:47:52.087Z] [INFO] [review agiz-dis-bakimi/587225919] page=6 +8 reviews (unique=48)
[2026-04-05T10:47:52.128Z] [INFO] [review agiz-dis-bakimi/730859939] page=57 +8 reviews (unique=456)
[2026-04-05T10:47:52.198Z] [INFO] [review agiz-dis-bakimi/658451326] page=1 +0 reviews (unique=0)
[2026-04-05T10:47:52.201Z] [INFO] [REVIEW SAVED] /Users/artifact/Developer/review_ai/Review_AI/scraper_project/raw_data/agiz-dis-bakimi/658451326_reviews.json
[2026-04-05T10:47:52.206Z] [INFO] 
[REVIEW WORKER 2] starting agiz-dis-bakimi/640328648
[2026-04-05T10:47:52.810Z] [INFO] [review agiz-dis-bakimi/587225919] page=7 +8 reviews (unique=56)
[2026-04-05T10:47:53.010Z] [INFO] [review agiz-dis-bakimi/730859939] page=58 +8 reviews (unique=464)
[2026-04-05T10:47:53.413Z] [INFO] [review agiz-dis-bakimi/587225919] page=8 +8 reviews (unique=64)
[2026-04-05T10:47:53.553Z] [INFO] [review agiz-dis-bakimi/730859939] page=59 +8 reviews (unique=472)
[2026-04-05T10:47:54.051Z] [INFO] [review agiz-dis-bakimi/587225919] page=9 +8 reviews (unique=72)
[2026-04-05T10:47:54.144Z] [INFO] [review agiz-dis-bakimi/730859939] page=60 +8 reviews (unique=480)
[2026-04-05T10:47:54.148Z] [INFO] [REVIEW PARTIAL SAVED] /Users/artifact/Developer/review_ai/Review_AI/scraper_project/raw_data/agiz-dis-bakimi/730859939_reviews.partial.json
[2026-04-05T10:47:54.695Z] [INFO] [review agiz-dis-bakimi/730859939] page=61 +8 reviews (unique=488)
[2026-04-05T10:47:54.738Z] [INFO] [review agiz-dis-bakimi/587225919] page=10 +8 reviews (unique=80)
[2026-04-05T10:47:54.739Z] [INFO] [REVIEW PARTIAL SAVED] /Users/artifact/Developer/review_ai/Review_AI/scraper_project/raw_data/agiz-dis-bakimi/587225919_reviews.partial.json
[2026-04-05T10:47:55.232Z] [INFO] [review agiz-dis-bakimi/587225919] page=11 +8 reviews (unique=88)
[2026-04-05T10:47:55.304Z] [INFO] [review agiz-dis-bakimi/730859939] page=62 +8 reviews (unique=496)
[2026-04-05T10:47:55.371Z] [INFO] 
[START REVIEW] category=agiz-dis-bakimi productId=640328648 startPage=1
[2026-04-05T10:47:55.862Z] [INFO] [review agiz-dis-bakimi/640328648] page=1 +8 reviews (unique=8)
[2026-04-05T10:47:56.013Z] [INFO] [review agiz-dis-bakimi/730859939] page=63 +8 reviews (unique=504)
[2026-04-05T10:47:56.238Z] [INFO] [review agiz-dis-bakimi/587225919] page=12 +8 reviews (unique=96)
[2026-04-05T10:47:56.472Z] [INFO] [review agiz-dis-bakimi/640328648] page=2 +8 reviews (unique=16)
[2026-04-05T10:47:57.001Z] [INFO] [review agiz-dis-bakimi/587225919] page=13 +8 reviews (unique=104)
[2026-04-05T10:47:57.023Z] [INFO] [review agiz-dis-bakimi/640328648] page=3 +8 reviews (unique=24)
[2026-04-05T10:47:57.029Z] [INFO] [review agiz-dis-bakimi/730859939] page=64 +8 reviews (unique=512)
[2026-04-05T10:47:57.701Z] [INFO] [review agiz-dis-bakimi/640328648] page=4 +8 reviews (unique=32)
[2026-04-05T10:47:57.705Z] [INFO] [review agiz-dis-bakimi/730859939] page=65 +8 reviews (unique=520)
[2026-04-05T10:47:57.709Z] [INFO] [REVIEW PARTIAL SAVED] /Users/artifact/Developer/review_ai/Review_AI/scraper_project/raw_data/agiz-dis-bakimi/730859939_reviews.partial.json
[2026-04-05T10:47:57.733Z] [INFO] [review agiz-dis-bakimi/587225919] page=14 +8 reviews (unique=112)
[2026-04-05T10:47:58.232Z] [INFO] [review agiz-dis-bakimi/640328648] page=5 +8 reviews (unique=40)
[2026-04-05T10:47:58.235Z] [INFO] [REVIEW PARTIAL SAVED] /Users/artifact/Developer/review_ai/Review_AI/scraper_project/raw_data/agiz-dis-bakimi/640328648_reviews.partial.json
[2026-04-05T10:47:58.274Z] [INFO] [review agiz-dis-bakimi/587225919] page=15 +8 reviews (unique=120)
[2026-04-05T10:47:58.278Z] [INFO] [REVIEW PARTIAL SAVED] /Users/artifact/Developer/review_ai/Review_AI/scraper_project/raw_data/agiz-dis-bakimi/587225919_reviews.partial.json
[2026-04-05T10:47:58.294Z] [INFO] [review agiz-dis-bakimi/730859939] page=66 +8 reviews (unique=528)
[2026-04-05T10:47:58.769Z] [INFO] [review agiz-dis-bakimi/640328648] page=6 +2 reviews (unique=42)
[2026-04-05T10:47:58.772Z] [INFO] [REVIEW SAVED] /Users/artifact/Developer/review_ai/Review_AI/scraper_project/raw_data/agiz-dis-bakimi/640328648_reviews.json
[2026-04-05T10:47:58.787Z] [INFO] 
[REVIEW WORKER 2] starting agiz-dis-bakimi/732417732
[2026-04-05T10:47:58.935Z] [INFO] [review agiz-dis-bakimi/730859939] page=67 +8 reviews (unique=536)
[2026-04-05T10:47:58.936Z] [INFO] [review agiz-dis-bakimi/587225919] page=16 +8 reviews (unique=128)
[2026-04-05T10:47:59.442Z] [INFO] [review agiz-dis-bakimi/587225919] page=17 +8 reviews (unique=136)
[2026-04-05T10:47:59.652Z] [INFO] [review agiz-dis-bakimi/730859939] page=68 +8 reviews (unique=544)
[2026-04-05T10:48:00.035Z] [INFO] [review agiz-dis-bakimi/587225919] page=18 +8 reviews (unique=144)
[2026-04-05T10:48:00.273Z] [INFO] [review agiz-dis-bakimi/730859939] page=69 +8 reviews (unique=552)
[2026-04-05T10:48:00.819Z] [INFO] [review agiz-dis-bakimi/730859939] page=70 +8 reviews (unique=560)
[2026-04-05T10:48:00.829Z] [INFO] [REVIEW PARTIAL SAVED] /Users/artifact/Developer/review_ai/Review_AI/scraper_project/raw_data/agiz-dis-bakimi/730859939_reviews.partial.json
[2026-04-05T10:48:00.862Z] [INFO] [review agiz-dis-bakimi/587225919] page=19 +8 reviews (unique=152)
[2026-04-05T10:48:01.389Z] [INFO] [review agiz-dis-bakimi/730859939] page=71 +8 reviews (unique=568)
[2026-04-05T10:48:01.420Z] [INFO] [review agiz-dis-bakimi/587225919] page=20 +8 reviews (unique=160)
[2026-04-05T10:48:01.422Z] [INFO] [REVIEW PARTIAL SAVED] /Users/artifact/Developer/review_ai/Review_AI/scraper_project/raw_data/agiz-dis-bakimi/587225919_reviews.partial.json
[2026-04-05T10:48:01.944Z] [INFO] [review agiz-dis-bakimi/730859939] page=72 +8 reviews (unique=576)
[2026-04-05T10:48:02.008Z] [INFO] [review agiz-dis-bakimi/587225919] page=21 +8 reviews (unique=168)
[2026-04-05T10:48:02.584Z] [INFO] [review agiz-dis-bakimi/730859939] page=73 +8 reviews (unique=584)
[2026-04-05T10:48:02.613Z] [INFO] [review agiz-dis-bakimi/587225919] page=22 +8 reviews (unique=176)
[2026-04-05T10:48:02.711Z] [INFO] 
[START REVIEW] category=agiz-dis-bakimi productId=732417732 startPage=1
[2026-04-05T10:48:02.951Z] [INFO] [review agiz-dis-bakimi/732417732] page=1 +8 reviews (unique=8)
[2026-04-05T10:48:03.382Z] [INFO] [review agiz-dis-bakimi/730859939] page=74 +8 reviews (unique=592)
[2026-04-05T10:48:03.385Z] [INFO] [review agiz-dis-bakimi/587225919] page=23 +8 reviews (unique=184)
[2026-04-05T10:48:03.548Z] [INFO] [review agiz-dis-bakimi/732417732] page=2 +8 reviews (unique=16)
[2026-04-05T10:48:04.385Z] [INFO] [review agiz-dis-bakimi/732417732] page=3 +8 reviews (unique=24)
[2026-04-05T10:48:04.401Z] [INFO] [review agiz-dis-bakimi/587225919] page=24 +8 reviews (unique=192)
[2026-04-05T10:48:04.508Z] [INFO] [review agiz-dis-bakimi/730859939] page=75 +8 reviews (unique=600)
[2026-04-05T10:48:04.515Z] [INFO] [REVIEW PARTIAL SAVED] /Users/artifact/Developer/review_ai/Review_AI/scraper_project/raw_data/agiz-dis-bakimi/730859939_reviews.partial.json
[2026-04-05T10:48:04.913Z] [INFO] [review agiz-dis-bakimi/587225919] page=25 +8 reviews (unique=200)
[2026-04-05T10:48:04.918Z] [INFO] [REVIEW PARTIAL SAVED] /Users/artifact/Developer/review_ai/Review_AI/scraper_project/raw_data/agiz-dis-bakimi/587225919_reviews.partial.json
[2026-04-05T10:48:05.001Z] [INFO] [review agiz-dis-bakimi/732417732] page=4 +8 reviews (unique=32)
[2026-04-05T10:48:05.108Z] [INFO] [review agiz-dis-bakimi/730859939] page=76 +8 reviews (unique=608)
[2026-04-05T10:48:05.546Z] [INFO] [review agiz-dis-bakimi/587225919] page=26 +8 reviews (unique=208)
[2026-04-05T10:48:05.580Z] [INFO] [review agiz-dis-bakimi/732417732] page=5 +8 reviews (unique=40)
[2026-04-05T10:48:05.581Z] [INFO] [REVIEW PARTIAL SAVED] /Users/artifact/Developer/review_ai/Review_AI/scraper_project/raw_data/agiz-dis-bakimi/732417732_reviews.partial.json
[2026-04-05T10:48:05.712Z] [INFO] [review agiz-dis-bakimi/730859939] page=77 +8 reviews (unique=616)
[2026-04-05T10:48:06.185Z] [INFO] [review agiz-dis-bakimi/587225919] page=27 +8 reviews (unique=216)
[2026-04-05T10:48:06.188Z] [INFO] [review agiz-dis-bakimi/732417732] page=6 +6 reviews (unique=46)
[2026-04-05T10:48:06.189Z] [INFO] [REVIEW SAVED] /Users/artifact/Developer/review_ai/Review_AI/scraper_project/raw_data/agiz-dis-bakimi/732417732_reviews.json
[2026-04-05T10:48:06.202Z] [INFO] 
[REVIEW WORKER 2] starting agiz-dis-bakimi/720921053
[2026-04-05T10:48:06.318Z] [INFO] [review agiz-dis-bakimi/730859939] page=78 +8 reviews (unique=624)
[2026-04-05T10:48:06.710Z] [INFO] [review agiz-dis-bakimi/587225919] page=28 +8 reviews (unique=224)
[2026-04-05T10:48:06.858Z] [INFO] [review agiz-dis-bakimi/730859939] page=79 +5 reviews (unique=629)
[2026-04-05T10:48:06.869Z] [INFO] [REVIEW SAVED] /Users/artifact/Developer/review_ai/Review_AI/scraper_project/raw_data/agiz-dis-bakimi/730859939_reviews.json
[2026-04-05T10:48:06.883Z] [INFO] 
[REVIEW WORKER 3] starting agiz-dis-bakimi/574110001
[2026-04-05T10:48:07.258Z] [INFO] [review agiz-dis-bakimi/587225919] page=29 +8 reviews (unique=232)
[2026-04-05T10:48:07.773Z] [INFO] [review agiz-dis-bakimi/587225919] page=30 +8 reviews (unique=240)
[2026-04-05T10:48:07.777Z] [INFO] [REVIEW PARTIAL SAVED] /Users/artifact/Developer/review_ai/Review_AI/scraper_project/raw_data/agiz-dis-bakimi/587225919_reviews.partial.json
[2026-04-05T10:48:08.647Z] [INFO] [review agiz-dis-bakimi/587225919] page=31 +8 reviews (unique=248)
[2026-04-05T10:48:09.344Z] [INFO] [review agiz-dis-bakimi/587225919] page=32 +8 reviews (unique=256)
[2026-04-05T10:48:10.040Z] [INFO] 
[START REVIEW] category=agiz-dis-bakimi productId=720921053 startPage=1
[2026-04-05T10:48:10.059Z] [INFO] [review agiz-dis-bakimi/587225919] page=33 +8 reviews (unique=264)
[2026-04-05T10:48:10.306Z] [INFO] [review agiz-dis-bakimi/720921053] page=1 +8 reviews (unique=8)
[2026-04-05T10:48:10.797Z] [INFO] [review agiz-dis-bakimi/587225919] page=34 +8 reviews (unique=272)
[2026-04-05T10:48:10.849Z] [INFO] [review agiz-dis-bakimi/720921053] page=2 +6 reviews (unique=14)
[2026-04-05T10:48:10.850Z] [INFO] [REVIEW SAVED] /Users/artifact/Developer/review_ai/Review_AI/scraper_project/raw_data/agiz-dis-bakimi/720921053_reviews.json
[2026-04-05T10:48:10.854Z] [INFO] 
[REVIEW WORKER 2] starting agiz-dis-bakimi/638699354
[2026-04-05T10:48:11.458Z] [INFO] [review agiz-dis-bakimi/587225919] page=35 +8 reviews (unique=280)
[2026-04-05T10:48:11.460Z] [INFO] [REVIEW PARTIAL SAVED] /Users/artifact/Developer/review_ai/Review_AI/scraper_project/raw_data/agiz-dis-bakimi/587225919_reviews.partial.json
[2026-04-05T10:48:11.540Z] [INFO] 
[START REVIEW] category=agiz-dis-bakimi productId=574110001 startPage=1
[2026-04-05T10:48:11.767Z] [INFO] [review agiz-dis-bakimi/574110001] page=1 +4 reviews (unique=4)
[2026-04-05T10:48:11.768Z] [INFO] [REVIEW SAVED] /Users/artifact/Developer/review_ai/Review_AI/scraper_project/raw_data/agiz-dis-bakimi/574110001_reviews.json
[2026-04-05T10:48:11.772Z] [INFO] 
[REVIEW WORKER 3] starting agiz-dis-bakimi/582032317
[2026-04-05T10:48:13.816Z] [INFO] 
[START REVIEW] category=agiz-dis-bakimi productId=638699354 startPage=1
[2026-04-05T10:48:14.028Z] [INFO] [review agiz-dis-bakimi/638699354] page=1 +8 reviews (unique=8)
[2026-04-05T10:48:14.572Z] [INFO] [review agiz-dis-bakimi/638699354] page=2 +8 reviews (unique=16)
[2026-04-05T10:48:15.172Z] [INFO] [review agiz-dis-bakimi/638699354] page=3 +8 reviews (unique=24)
[2026-04-05T10:48:15.663Z] [INFO] [review agiz-dis-bakimi/587225919] page=36 +8 reviews (unique=288)
[2026-04-05T10:48:15.711Z] [INFO] 
[START REVIEW] category=agiz-dis-bakimi productId=582032317 startPage=1
[2026-04-05T10:48:16.226Z] [INFO] [review agiz-dis-bakimi/587225919] page=37 +8 reviews (unique=296)
[2026-04-05T10:48:16.929Z] [INFO] [review agiz-dis-bakimi/587225919] page=38 +8 reviews (unique=304)
[2026-04-05T10:48:17.436Z] [INFO] [review agiz-dis-bakimi/587225919] page=39 +8 reviews (unique=312)
[2026-04-05T10:48:17.979Z] [INFO] [review agiz-dis-bakimi/587225919] page=40 +8 reviews (unique=320)
[2026-04-05T10:48:17.984Z] [INFO] [REVIEW PARTIAL SAVED] /Users/artifact/Developer/review_ai/Review_AI/scraper_project/raw_data/agiz-dis-bakimi/587225919_reviews.partial.json
[2026-04-05T10:48:18.579Z] [INFO] [review agiz-dis-bakimi/582032317] page=1 +8 reviews (unique=8)
[2026-04-05T10:48:18.590Z] [INFO] [review agiz-dis-bakimi/587225919] page=41 +8 reviews (unique=328)
[2026-04-05T10:48:18.890Z] [INFO] [review agiz-dis-bakimi/638699354] page=4 +8 reviews (unique=32)
[2026-04-05T10:48:19.214Z] [INFO] [review agiz-dis-bakimi/587225919] page=42 +8 reviews (unique=336)
[2026-04-05T10:48:19.273Z] [INFO] [review agiz-dis-bakimi/582032317] page=2 +8 reviews (unique=16)
[2026-04-05T10:48:19.536Z] [INFO] [review agiz-dis-bakimi/638699354] page=5 +8 reviews (unique=40)
[2026-04-05T10:48:19.539Z] [INFO] [REVIEW PARTIAL SAVED] /Users/artifact/Developer/review_ai/Review_AI/scraper_project/raw_data/agiz-dis-bakimi/638699354_reviews.partial.json
[2026-04-05T10:48:19.541Z] [INFO] [REVIEW SAVED] /Users/artifact/Developer/review_ai/Review_AI/scraper_project/raw_data/agiz-dis-bakimi/638699354_reviews.json
[2026-04-05T10:48:19.554Z] [INFO] 
[REVIEW WORKER 2] starting agiz-dis-bakimi/719471215
[2026-04-05T10:48:19.733Z] [INFO] [review agiz-dis-bakimi/587225919] page=43 +8 reviews (unique=344)
[2026-04-05T10:48:19.856Z] [INFO] [review agiz-dis-bakimi/582032317] page=3 +4 reviews (unique=20)
[2026-04-05T10:48:19.857Z] [INFO] [REVIEW SAVED] /Users/artifact/Developer/review_ai/Review_AI/scraper_project/raw_data/agiz-dis-bakimi/582032317_reviews.json
[2026-04-05T10:48:19.863Z] [INFO] 
[REVIEW WORKER 3] starting agiz-dis-bakimi/569354944
[2026-04-05T10:48:20.348Z] [INFO] [review agiz-dis-bakimi/587225919] page=44 +8 reviews (unique=352)
[2026-04-05T10:48:20.946Z] [INFO] [review agiz-dis-bakimi/587225919] page=45 +8 reviews (unique=360)
[2026-04-05T10:48:20.951Z] [INFO] [REVIEW PARTIAL SAVED] /Users/artifact/Developer/review_ai/Review_AI/scraper_project/raw_data/agiz-dis-bakimi/587225919_reviews.partial.json
[2026-04-05T10:48:21.507Z] [INFO] [review agiz-dis-bakimi/587225919] page=46 +8 reviews (unique=368)
[2026-04-05T10:48:22.268Z] [INFO] [review agiz-dis-bakimi/587225919] page=47 +8 reviews (unique=376)
[2026-04-05T10:48:22.807Z] [INFO] 
[START REVIEW] category=agiz-dis-bakimi productId=719471215 startPage=1
[2026-04-05T10:48:22.978Z] [INFO] [review agiz-dis-bakimi/587225919] page=48 +8 reviews (unique=384)
[2026-04-05T10:48:23.035Z] [INFO] [review agiz-dis-bakimi/719471215] page=1 +8 reviews (unique=8)
[2026-04-05T10:48:23.177Z] [INFO] 
[START REVIEW] category=agiz-dis-bakimi productId=569354944 startPage=1
[2026-04-05T10:48:23.342Z] [INFO] [review agiz-dis-bakimi/569354944] page=1 +8 reviews (unique=8)
[2026-04-05T10:48:23.592Z] [INFO] [review agiz-dis-bakimi/587225919] page=49 +8 reviews (unique=392)
[2026-04-05T10:48:23.705Z] [INFO] [review agiz-dis-bakimi/719471215] page=2 +8 reviews (unique=16)
[2026-04-05T10:48:23.908Z] [INFO] [review agiz-dis-bakimi/569354944] page=2 +8 reviews (unique=16)
[2026-04-05T10:48:24.166Z] [INFO] [review agiz-dis-bakimi/587225919] page=50 +8 reviews (unique=400)
[2026-04-05T10:48:24.169Z] [INFO] [REVIEW PARTIAL SAVED] /Users/artifact/Developer/review_ai/Review_AI/scraper_project/raw_data/agiz-dis-bakimi/587225919_reviews.partial.json
[2026-04-05T10:48:24.418Z] [INFO] [review agiz-dis-bakimi/569354944] page=3 +8 reviews (unique=24)
[2026-04-05T10:48:24.871Z] [INFO] [review agiz-dis-bakimi/587225919] page=51 +8 reviews (unique=408)
[2026-04-05T10:48:25.077Z] [INFO] [review agiz-dis-bakimi/569354944] page=4 +8 reviews (unique=32)
[2026-04-05T10:48:25.462Z] [INFO] [review agiz-dis-bakimi/587225919] page=52 +8 reviews (unique=416)
[2026-04-05T10:48:25.675Z] [INFO] [review agiz-dis-bakimi/569354944] page=5 +8 reviews (unique=40)
[2026-04-05T10:48:25.677Z] [INFO] [REVIEW PARTIAL SAVED] /Users/artifact/Developer/review_ai/Review_AI/scraper_project/raw_data/agiz-dis-bakimi/569354944_reviews.partial.json
[2026-04-05T10:48:26.059Z] [INFO] [review agiz-dis-bakimi/587225919] page=53 +8 reviews (unique=424)
[2026-04-05T10:48:26.567Z] [INFO] [review agiz-dis-bakimi/569354944] page=6 +8 reviews (unique=48)
[2026-04-05T10:48:26.622Z] [INFO] [review agiz-dis-bakimi/719471215] page=3 +8 reviews (unique=24)
[2026-04-05T10:48:26.659Z] [INFO] [review agiz-dis-bakimi/587225919] page=54 +3 reviews (unique=427)
[2026-04-05T10:48:26.665Z] [INFO] [REVIEW SAVED] /Users/artifact/Developer/review_ai/Review_AI/scraper_project/raw_data/agiz-dis-bakimi/587225919_reviews.json
[2026-04-05T10:48:26.673Z] [INFO] 
[REVIEW WORKER 1] starting agiz-dis-bakimi/666845488
[2026-04-05T10:48:27.119Z] [INFO] [review agiz-dis-bakimi/569354944] page=7 +8 reviews (unique=56)
[2026-04-05T10:48:27.242Z] [INFO] [review agiz-dis-bakimi/719471215] page=4 +8 reviews (unique=32)
[2026-04-05T10:48:27.613Z] [INFO] [review agiz-dis-bakimi/569354944] page=8 +8 reviews (unique=64)
[2026-04-05T10:48:27.824Z] [INFO] [review agiz-dis-bakimi/719471215] page=5 +8 reviews (unique=40)
[2026-04-05T10:48:27.826Z] [INFO] [REVIEW PARTIAL SAVED] /Users/artifact/Developer/review_ai/Review_AI/scraper_project/raw_data/agiz-dis-bakimi/719471215_reviews.partial.json
[2026-04-05T10:48:28.151Z] [INFO] [review agiz-dis-bakimi/569354944] page=9 +8 reviews (unique=72)
[2026-04-05T10:48:28.527Z] [INFO] [review agiz-dis-bakimi/719471215] page=6 +8 reviews (unique=48)
[2026-04-05T10:48:28.707Z] [INFO] [review agiz-dis-bakimi/569354944] page=10 +8 reviews (unique=80)
[2026-04-05T10:48:28.708Z] [INFO] [REVIEW PARTIAL SAVED] /Users/artifact/Developer/review_ai/Review_AI/scraper_project/raw_data/agiz-dis-bakimi/569354944_reviews.partial.json
[2026-04-05T10:48:29.159Z] [INFO] [review agiz-dis-bakimi/719471215] page=7 +8 reviews (unique=56)
[2026-04-05T10:48:29.276Z] [INFO] [review agiz-dis-bakimi/569354944] page=11 +8 reviews (unique=88)
[2026-04-05T10:48:29.752Z] [INFO] [review agiz-dis-bakimi/719471215] page=8 +8 reviews (unique=64)
[2026-04-05T10:48:30.139Z] [INFO] [review agiz-dis-bakimi/569354944] page=12 +8 reviews (unique=96)
[2026-04-05T10:48:30.161Z] [INFO] 
[START REVIEW] category=agiz-dis-bakimi productId=666845488 startPage=1
[2026-04-05T10:48:30.307Z] [INFO] [review agiz-dis-bakimi/666845488] page=1 +8 reviews (unique=8)
[2026-04-05T10:48:30.785Z] [INFO] [review agiz-dis-bakimi/719471215] page=9 +8 reviews (unique=72)
[2026-04-05T10:48:30.995Z] [INFO] [review agiz-dis-bakimi/666845488] page=2 +1 reviews (unique=9)
[2026-04-05T10:48:30.997Z] [INFO] [REVIEW SAVED] /Users/artifact/Developer/review_ai/Review_AI/scraper_project/raw_data/agiz-dis-bakimi/666845488_reviews.json
[2026-04-05T10:48:31.011Z] [INFO] 
[REVIEW WORKER 1] starting agiz-dis-bakimi/650665945
[2026-04-05T10:48:31.028Z] [INFO] [review agiz-dis-bakimi/569354944] page=13 +8 reviews (unique=104)
[2026-04-05T10:48:31.399Z] [INFO] [review agiz-dis-bakimi/719471215] page=10 +8 reviews (unique=80)
[2026-04-05T10:48:31.402Z] [INFO] [REVIEW PARTIAL SAVED] /Users/artifact/Developer/review_ai/Review_AI/scraper_project/raw_data/agiz-dis-bakimi/719471215_reviews.partial.json
[2026-04-05T10:48:31.647Z] [INFO] [review agiz-dis-bakimi/569354944] page=14 +8 reviews (unique=112)
[2026-04-05T10:48:31.980Z] [INFO] [review agiz-dis-bakimi/719471215] page=11 +8 reviews (unique=88)
[2026-04-05T10:48:32.541Z] [INFO] [review agiz-dis-bakimi/569354944] page=15 +8 reviews (unique=120)
[2026-04-05T10:48:32.544Z] [INFO] [REVIEW PARTIAL SAVED] /Users/artifact/Developer/review_ai/Review_AI/scraper_project/raw_data/agiz-dis-bakimi/569354944_reviews.partial.json
[2026-04-05T10:48:32.708Z] [INFO] [review agiz-dis-bakimi/719471215] page=12 +8 reviews (unique=96)
[2026-04-05T10:48:33.192Z] [INFO] [review agiz-dis-bakimi/569354944] page=16 +8 reviews (unique=128)
[2026-04-05T10:48:33.294Z] [INFO] [review agiz-dis-bakimi/719471215] page=13 +8 reviews (unique=104)
[2026-04-05T10:48:33.910Z] [INFO] [review agiz-dis-bakimi/569354944] page=17 +8 reviews (unique=136)
[2026-04-05T10:48:33.946Z] [INFO] [review agiz-dis-bakimi/719471215] page=14 +3 reviews (unique=107)
[2026-04-05T10:48:33.947Z] [INFO] [REVIEW SAVED] /Users/artifact/Developer/review_ai/Review_AI/scraper_project/raw_data/agiz-dis-bakimi/719471215_reviews.json
[2026-04-05T10:48:33.954Z] [INFO] 
[REVIEW WORKER 2] starting agiz-dis-bakimi/732446522
[2026-04-05T10:48:34.376Z] [INFO] 
[START REVIEW] category=agiz-dis-bakimi productId=650665945 startPage=1
[2026-04-05T10:48:34.480Z] [INFO] [review agiz-dis-bakimi/650665945] page=1 +1 reviews (unique=1)
[2026-04-05T10:48:34.481Z] [INFO] [REVIEW SAVED] /Users/artifact/Developer/review_ai/Review_AI/scraper_project/raw_data/agiz-dis-bakimi/650665945_reviews.json
[2026-04-05T10:48:34.490Z] [INFO] 
[REVIEW WORKER 1] starting agiz-dis-bakimi/701283871
[2026-04-05T10:48:34.512Z] [INFO] [review agiz-dis-bakimi/569354944] page=18 +8 reviews (unique=144)
[2026-04-05T10:48:35.135Z] [INFO] [review agiz-dis-bakimi/569354944] page=19 +8 reviews (unique=152)
[2026-04-05T10:48:35.797Z] [INFO] [review agiz-dis-bakimi/569354944] page=20 +8 reviews (unique=160)
[2026-04-05T10:48:35.801Z] [INFO] [REVIEW PARTIAL SAVED] /Users/artifact/Developer/review_ai/Review_AI/scraper_project/raw_data/agiz-dis-bakimi/569354944_reviews.partial.json
[2026-04-05T10:48:36.420Z] [INFO] [review agiz-dis-bakimi/569354944] page=21 +8 reviews (unique=168)
[2026-04-05T10:48:37.269Z] [INFO] [review agiz-dis-bakimi/569354944] page=22 +8 reviews (unique=176)
[2026-04-05T10:48:37.504Z] [INFO] 
[START REVIEW] category=agiz-dis-bakimi productId=732446522 startPage=1
[2026-04-05T10:48:37.778Z] [INFO] [review agiz-dis-bakimi/732446522] page=1 +8 reviews (unique=8)
[2026-04-05T10:48:37.992Z] [INFO] [review agiz-dis-bakimi/569354944] page=23 +8 reviews (unique=184)
[2026-04-05T10:48:38.384Z] [INFO] [review agiz-dis-bakimi/732446522] page=2 +8 reviews (unique=16)
[2026-04-05T10:48:38.521Z] [INFO] 
[START REVIEW] category=agiz-dis-bakimi productId=701283871 startPage=1
[2026-04-05T10:48:38.582Z] [INFO] [review agiz-dis-bakimi/569354944] page=24 +8 reviews (unique=192)
[2026-04-05T10:48:38.656Z] [INFO] [review agiz-dis-bakimi/701283871] page=1 +8 reviews (unique=8)
[2026-04-05T10:48:39.060Z] [INFO] [review agiz-dis-bakimi/732446522] page=3 +8 reviews (unique=24)
[2026-04-05T10:48:39.173Z] [INFO] [review agiz-dis-bakimi/701283871] page=2 +2 reviews (unique=10)
[2026-04-05T10:48:39.174Z] [INFO] [REVIEW SAVED] /Users/artifact/Developer/review_ai/Review_AI/scraper_project/raw_data/agiz-dis-bakimi/701283871_reviews.json
[2026-04-05T10:48:39.181Z] [INFO] 
[REVIEW WORKER 1] starting agiz-dis-bakimi/650666363
[2026-04-05T10:48:39.218Z] [INFO] [review agiz-dis-bakimi/569354944] page=25 +8 reviews (unique=200)
[2026-04-05T10:48:39.221Z] [INFO] [REVIEW PARTIAL SAVED] /Users/artifact/Developer/review_ai/Review_AI/scraper_project/raw_data/agiz-dis-bakimi/569354944_reviews.partial.json
[2026-04-05T10:48:39.648Z] [INFO] [review agiz-dis-bakimi/732446522] page=4 +8 reviews (unique=32)
[2026-04-05T10:48:40.079Z] [INFO] [review agiz-dis-bakimi/569354944] page=26 +8 reviews (unique=208)
[2026-04-05T10:48:40.220Z] [INFO] [review agiz-dis-bakimi/732446522] page=5 +8 reviews (unique=40)
[2026-04-05T10:48:40.221Z] [INFO] [REVIEW PARTIAL SAVED] /Users/artifact/Developer/review_ai/Review_AI/scraper_project/raw_data/agiz-dis-bakimi/732446522_reviews.partial.json
[2026-04-05T10:48:40.603Z] [INFO] [review agiz-dis-bakimi/569354944] page=27 +6 reviews (unique=214)
[2026-04-05T10:48:40.605Z] [INFO] [REVIEW SAVED] /Users/artifact/Developer/review_ai/Review_AI/scraper_project/raw_data/agiz-dis-bakimi/569354944_reviews.json
[2026-04-05T10:48:40.611Z] [INFO] 
[REVIEW WORKER 3] starting agiz-dis-bakimi/603344192
[2026-04-05T10:48:40.737Z] [INFO] [review agiz-dis-bakimi/732446522] page=6 +8 reviews (unique=48)
[2026-04-05T10:48:41.215Z] [INFO] [review agiz-dis-bakimi/732446522] page=7 +8 reviews (unique=56)
[2026-04-05T10:48:41.790Z] [INFO] [review agiz-dis-bakimi/732446522] page=8 +8 reviews (unique=64)
[2026-04-05T10:48:42.454Z] [INFO] [review agiz-dis-bakimi/732446522] page=9 +8 reviews (unique=72)
[2026-04-05T10:48:42.574Z] [INFO] 
[START REVIEW] category=agiz-dis-bakimi productId=650666363 startPage=1
[2026-04-05T10:48:42.763Z] [INFO] [review agiz-dis-bakimi/650666363] page=1 +3 reviews (unique=3)
[2026-04-05T10:48:42.764Z] [INFO] [REVIEW SAVED] /Users/artifact/Developer/review_ai/Review_AI/scraper_project/raw_data/agiz-dis-bakimi/650666363_reviews.json
[2026-04-05T10:48:42.769Z] [INFO] 
[REVIEW WORKER 1] starting agiz-dis-bakimi/719481144
[2026-04-05T10:48:43.134Z] [INFO] [review agiz-dis-bakimi/732446522] page=10 +8 reviews (unique=80)
[2026-04-05T10:48:43.135Z] [INFO] [REVIEW PARTIAL SAVED] /Users/artifact/Developer/review_ai/Review_AI/scraper_project/raw_data/agiz-dis-bakimi/732446522_reviews.partial.json
[2026-04-05T10:48:43.673Z] [INFO] [review agiz-dis-bakimi/732446522] page=11 +8 reviews (unique=88)
[2026-04-05T10:48:44.307Z] [INFO] [review agiz-dis-bakimi/732446522] page=12 +6 reviews (unique=94)
[2026-04-05T10:48:44.309Z] [INFO] [REVIEW SAVED] /Users/artifact/Developer/review_ai/Review_AI/scraper_project/raw_data/agiz-dis-bakimi/732446522_reviews.json
[2026-04-05T10:48:44.315Z] [INFO] 
[REVIEW WORKER 2] starting agiz-dis-bakimi/605234217
[2026-04-05T10:48:44.731Z] [INFO] 
[START REVIEW] category=agiz-dis-bakimi productId=603344192 startPage=1
[2026-04-05T10:48:44.904Z] [INFO] [review agiz-dis-bakimi/603344192] page=1 +8 reviews (unique=8)
[2026-04-05T10:48:45.537Z] [INFO] [review agiz-dis-bakimi/603344192] page=2 +8 reviews (unique=16)
[2026-04-05T10:48:46.123Z] [INFO] [review agiz-dis-bakimi/603344192] page=3 +8 reviews (unique=24)
[2026-04-05T10:48:46.233Z] [INFO] 
[START REVIEW] category=agiz-dis-bakimi productId=719481144 startPage=1
[2026-04-05T10:48:46.436Z] [INFO] [review agiz-dis-bakimi/719481144] page=1 +1 reviews (unique=1)
[2026-04-05T10:48:46.437Z] [INFO] [REVIEW SAVED] /Users/artifact/Developer/review_ai/Review_AI/scraper_project/raw_data/agiz-dis-bakimi/719481144_reviews.json
[2026-04-05T10:48:46.443Z] [INFO] 
[REVIEW WORKER 1] starting agiz-dis-bakimi/673795445
[2026-04-05T10:48:46.723Z] [INFO] [review agiz-dis-bakimi/603344192] page=4 +7 reviews (unique=31)
[2026-04-05T10:48:46.724Z] [INFO] [REVIEW SAVED] /Users/artifact/Developer/review_ai/Review_AI/scraper_project/raw_data/agiz-dis-bakimi/603344192_reviews.json
[2026-04-05T10:48:46.731Z] [INFO] 
[REVIEW WORKER 3] starting agiz-dis-bakimi/646975789
[2026-04-05T10:48:47.840Z] [INFO] 
[START REVIEW] category=agiz-dis-bakimi productId=605234217 startPage=1
[2026-04-05T10:48:49.695Z] [INFO] 
[START REVIEW] category=agiz-dis-bakimi productId=673795445 startPage=1
[2026-04-05T10:48:49.878Z] [INFO] [review agiz-dis-bakimi/673795445] page=1 +0 reviews (unique=0)
[2026-04-05T10:48:49.879Z] [INFO] [REVIEW SAVED] /Users/artifact/Developer/review_ai/Review_AI/scraper_project/raw_data/agiz-dis-bakimi/673795445_reviews.json
[2026-04-05T10:48:49.886Z] [INFO] 
[REVIEW WORKER 1] starting agiz-dis-bakimi/633105411
[2026-04-05T10:48:50.563Z] [INFO] 
[START REVIEW] category=agiz-dis-bakimi productId=646975789 startPage=1
[2026-04-05T10:48:50.869Z] [INFO] [review agiz-dis-bakimi/605234217] page=1 +8 reviews (unique=8)
[2026-04-05T10:48:50.929Z] [INFO] [review agiz-dis-bakimi/646975789] page=1 +8 reviews (unique=8)
[2026-04-05T10:48:51.581Z] [INFO] [review agiz-dis-bakimi/646975789] page=2 +8 reviews (unique=16)
[2026-04-05T10:48:51.582Z] [INFO] [review agiz-dis-bakimi/605234217] page=2 +8 reviews (unique=16)
[2026-04-05T10:48:52.164Z] [INFO] [review agiz-dis-bakimi/605234217] page=3 +8 reviews (unique=24)
[2026-04-05T10:48:52.169Z] [INFO] [review agiz-dis-bakimi/646975789] page=3 +8 reviews (unique=24)
[2026-04-05T10:48:52.724Z] [INFO] [review agiz-dis-bakimi/646975789] page=4 +8 reviews (unique=32)
[2026-04-05T10:48:52.737Z] [INFO] [review agiz-dis-bakimi/605234217] page=4 +8 reviews (unique=32)
[2026-04-05T10:48:53.007Z] [INFO] 
[START REVIEW] category=agiz-dis-bakimi productId=633105411 startPage=1
[2026-04-05T10:48:53.316Z] [INFO] [review agiz-dis-bakimi/646975789] page=5 +8 reviews (unique=40)
[2026-04-05T10:48:53.317Z] [INFO] [REVIEW PARTIAL SAVED] /Users/artifact/Developer/review_ai/Review_AI/scraper_project/raw_data/agiz-dis-bakimi/646975789_reviews.partial.json
[2026-04-05T10:48:53.353Z] [INFO] [review agiz-dis-bakimi/605234217] page=5 +8 reviews (unique=40)
[2026-04-05T10:48:53.354Z] [INFO] [REVIEW PARTIAL SAVED] /Users/artifact/Developer/review_ai/Review_AI/scraper_project/raw_data/agiz-dis-bakimi/605234217_reviews.partial.json
[2026-04-05T10:48:53.932Z] [INFO] [review agiz-dis-bakimi/605234217] page=6 +8 reviews (unique=48)
[2026-04-05T10:48:54.178Z] [INFO] [review agiz-dis-bakimi/646975789] page=6 +8 reviews (unique=48)
[2026-04-05T10:48:54.479Z] [INFO] [review agiz-dis-bakimi/605234217] page=7 +8 reviews (unique=56)
[2026-04-05T10:48:54.482Z] [INFO] [REVIEW SAVED] /Users/artifact/Developer/review_ai/Review_AI/scraper_project/raw_data/agiz-dis-bakimi/605234217_reviews.json
[2026-04-05T10:48:54.492Z] [INFO] 
[REVIEW WORKER 2] starting agiz-dis-bakimi/640327594
[2026-04-05T10:48:54.840Z] [INFO] [review agiz-dis-bakimi/646975789] page=7 +8 reviews (unique=56)
[2026-04-05T10:48:55.365Z] [INFO] [review agiz-dis-bakimi/646975789] page=8 +8 reviews (unique=64)
[2026-04-05T10:48:55.967Z] [INFO] [review agiz-dis-bakimi/646975789] page=9 +8 reviews (unique=72)
[2026-04-05T10:48:56.499Z] [INFO] [review agiz-dis-bakimi/646975789] page=10 +8 reviews (unique=80)
[2026-04-05T10:48:56.500Z] [INFO] [REVIEW PARTIAL SAVED] /Users/artifact/Developer/review_ai/Review_AI/scraper_project/raw_data/agiz-dis-bakimi/646975789_reviews.partial.json
[2026-04-05T10:48:56.873Z] [INFO] [review agiz-dis-bakimi/633105411] page=1 +3 reviews (unique=3)
[2026-04-05T10:48:56.874Z] [INFO] [REVIEW SAVED] /Users/artifact/Developer/review_ai/Review_AI/scraper_project/raw_data/agiz-dis-bakimi/633105411_reviews.json
[2026-04-05T10:48:56.887Z] [INFO] 
[REVIEW WORKER 1] starting agiz-dis-bakimi/513238710
[2026-04-05T10:48:57.169Z] [INFO] [review agiz-dis-bakimi/646975789] page=11 +8 reviews (unique=88)
[2026-04-05T10:48:57.816Z] [INFO] [review agiz-dis-bakimi/646975789] page=12 +8 reviews (unique=96)
[2026-04-05T10:48:57.907Z] [INFO] 
[START REVIEW] category=agiz-dis-bakimi productId=640327594 startPage=1
[2026-04-05T10:48:58.178Z] [INFO] [review agiz-dis-bakimi/640327594] page=1 +8 reviews (unique=8)
[2026-04-05T10:48:58.404Z] [INFO] [review agiz-dis-bakimi/646975789] page=13 +8 reviews (unique=104)
[2026-04-05T10:48:59.508Z] [INFO] [review agiz-dis-bakimi/640327594] page=2 +3 reviews (unique=11)
[2026-04-05T10:48:59.508Z] [INFO] [REVIEW SAVED] /Users/artifact/Developer/review_ai/Review_AI/scraper_project/raw_data/agiz-dis-bakimi/640327594_reviews.json
[2026-04-05T10:48:59.520Z] [INFO] 
[REVIEW WORKER 2] starting agiz-dis-bakimi/532570303
[2026-04-05T10:48:59.612Z] [INFO] [review agiz-dis-bakimi/646975789] page=14 +8 reviews (unique=112)
[2026-04-05T10:49:00.285Z] [INFO] [review agiz-dis-bakimi/646975789] page=15 +8 reviews (unique=120)
[2026-04-05T10:49:00.286Z] [INFO] [REVIEW PARTIAL SAVED] /Users/artifact/Developer/review_ai/Review_AI/scraper_project/raw_data/agiz-dis-bakimi/646975789_reviews.partial.json
[2026-04-05T10:49:00.831Z] [INFO] [review agiz-dis-bakimi/646975789] page=16 +8 reviews (unique=128)
[2026-04-05T10:49:01.132Z] [INFO] 
[START REVIEW] category=agiz-dis-bakimi productId=513238710 startPage=1
[2026-04-05T10:49:01.299Z] [INFO] [review agiz-dis-bakimi/513238710] page=1 +8 reviews (unique=8)
[2026-04-05T10:49:01.390Z] [INFO] [review agiz-dis-bakimi/646975789] page=17 +8 reviews (unique=136)
[2026-04-05T10:49:01.891Z] [INFO] [review agiz-dis-bakimi/513238710] page=2 +8 reviews (unique=16)
[2026-04-05T10:49:02.181Z] [INFO] [review agiz-dis-bakimi/646975789] page=18 +5 reviews (unique=141)
[2026-04-05T10:49:02.183Z] [INFO] [REVIEW SAVED] /Users/artifact/Developer/review_ai/Review_AI/scraper_project/raw_data/agiz-dis-bakimi/646975789_reviews.json
[2026-04-05T10:49:02.190Z] [INFO] 
[REVIEW WORKER 3] starting agiz-dis-bakimi/607455156
[2026-04-05T10:49:02.454Z] [INFO] [review agiz-dis-bakimi/513238710] page=3 +8 reviews (unique=24)
[2026-04-05T10:49:03.239Z] [INFO] [review agiz-dis-bakimi/513238710] page=4 +8 reviews (unique=32)
[2026-04-05T10:49:03.492Z] [INFO] 
[START REVIEW] category=agiz-dis-bakimi productId=532570303 startPage=1
[2026-04-05T10:49:03.646Z] [INFO] [review agiz-dis-bakimi/532570303] page=1 +8 reviews (unique=8)
[2026-04-05T10:49:03.769Z] [INFO] [review agiz-dis-bakimi/513238710] page=5 +8 reviews (unique=40)
[2026-04-05T10:49:03.770Z] [INFO] [REVIEW PARTIAL SAVED] /Users/artifact/Developer/review_ai/Review_AI/scraper_project/raw_data/agiz-dis-bakimi/513238710_reviews.partial.json
[2026-04-05T10:49:04.236Z] [INFO] [review agiz-dis-bakimi/532570303] page=2 +7 reviews (unique=15)
[2026-04-05T10:49:04.237Z] [INFO] [REVIEW SAVED] /Users/artifact/Developer/review_ai/Review_AI/scraper_project/raw_data/agiz-dis-bakimi/532570303_reviews.json
[2026-04-05T10:49:04.242Z] [INFO] 
[REVIEW WORKER 2] starting agiz-dis-bakimi/658451320
[2026-04-05T10:49:04.330Z] [INFO] [review agiz-dis-bakimi/513238710] page=6 +8 reviews (unique=48)
[2026-04-05T10:49:04.898Z] [INFO] [review agiz-dis-bakimi/513238710] page=7 +8 reviews (unique=56)
[2026-04-05T10:49:05.359Z] [INFO] 
[START REVIEW] category=agiz-dis-bakimi productId=607455156 startPage=1
[2026-04-05T10:49:05.506Z] [INFO] [review agiz-dis-bakimi/513238710] page=8 +8 reviews (unique=64)
[2026-04-05T10:49:05.510Z] [INFO] [review agiz-dis-bakimi/607455156] page=1 +8 reviews (unique=8)
[2026-04-05T10:49:06.051Z] [INFO] [review agiz-dis-bakimi/513238710] page=9 +8 reviews (unique=72)
[2026-04-05T10:49:06.088Z] [INFO] [review agiz-dis-bakimi/607455156] page=2 +8 reviews (unique=16)
[2026-04-05T10:49:06.607Z] [INFO] [review agiz-dis-bakimi/607455156] page=3 +8 reviews (unique=24)
[2026-04-05T10:49:06.633Z] [INFO] [review agiz-dis-bakimi/513238710] page=10 +8 reviews (unique=80)
[2026-04-05T10:49:06.634Z] [INFO] [REVIEW PARTIAL SAVED] /Users/artifact/Developer/review_ai/Review_AI/scraper_project/raw_data/agiz-dis-bakimi/513238710_reviews.partial.json
[2026-04-05T10:49:07.262Z] [INFO] [review agiz-dis-bakimi/607455156] page=4 +8 reviews (unique=32)
[2026-04-05T10:49:07.265Z] [INFO] [review agiz-dis-bakimi/513238710] page=11 +8 reviews (unique=88)
[2026-04-05T10:49:07.594Z] [INFO] 
[START REVIEW] category=agiz-dis-bakimi productId=658451320 startPage=1
[2026-04-05T10:49:07.697Z] [INFO] [review agiz-dis-bakimi/658451320] page=1 +1 reviews (unique=1)
[2026-04-05T10:49:07.699Z] [INFO] [REVIEW SAVED] /Users/artifact/Developer/review_ai/Review_AI/scraper_project/raw_data/agiz-dis-bakimi/658451320_reviews.json
[2026-04-05T10:49:07.711Z] [INFO] 
[REVIEW WORKER 2] starting agiz-dis-bakimi/576026749
[2026-04-05T10:49:07.837Z] [INFO] [review agiz-dis-bakimi/513238710] page=12 +6 reviews (unique=94)
[2026-04-05T10:49:07.839Z] [INFO] [REVIEW SAVED] /Users/artifact/Developer/review_ai/Review_AI/scraper_project/raw_data/agiz-dis-bakimi/513238710_reviews.json
[2026-04-05T10:49:07.863Z] [INFO] 
[REVIEW WORKER 1] starting agiz-dis-bakimi/710439665
[2026-04-05T10:49:08.002Z] [INFO] [review agiz-dis-bakimi/607455156] page=5 +8 reviews (unique=40)
[2026-04-05T10:49:08.003Z] [INFO] [REVIEW PARTIAL SAVED] /Users/artifact/Developer/review_ai/Review_AI/scraper_project/raw_data/agiz-dis-bakimi/607455156_reviews.partial.json
[2026-04-05T10:49:11.119Z] [INFO] 
[START REVIEW] category=agiz-dis-bakimi productId=576026749 startPage=1
[2026-04-05T10:49:11.281Z] [INFO] [review agiz-dis-bakimi/576026749] page=1 +8 reviews (unique=8)
[2026-04-05T10:49:11.774Z] [INFO] [review agiz-dis-bakimi/576026749] page=2 +8 reviews (unique=16)
[2026-04-05T10:49:12.057Z] [INFO] 
[START REVIEW] category=agiz-dis-bakimi productId=710439665 startPage=1
[2026-04-05T10:49:12.314Z] [INFO] [review agiz-dis-bakimi/710439665] page=1 +1 reviews (unique=1)
[2026-04-05T10:49:12.314Z] [INFO] [REVIEW SAVED] /Users/artifact/Developer/review_ai/Review_AI/scraper_project/raw_data/agiz-dis-bakimi/710439665_reviews.json
[2026-04-05T10:49:12.322Z] [INFO] 
[REVIEW WORKER 1] starting agiz-dis-bakimi/737088069
[2026-04-05T10:49:12.434Z] [INFO] [review agiz-dis-bakimi/576026749] page=3 +8 reviews (unique=24)
[2026-04-05T10:49:13.071Z] [INFO] [review agiz-dis-bakimi/576026749] page=4 +8 reviews (unique=32)
[2026-04-05T10:49:13.684Z] [INFO] [review agiz-dis-bakimi/576026749] page=5 +8 reviews (unique=40)
[2026-04-05T10:49:13.685Z] [INFO] [REVIEW PARTIAL SAVED] /Users/artifact/Developer/review_ai/Review_AI/scraper_project/raw_data/agiz-dis-bakimi/576026749_reviews.partial.json
[2026-04-05T10:49:14.288Z] [INFO] [review agiz-dis-bakimi/607455156] page=6 +8 reviews (unique=48)
[2026-04-05T10:49:14.290Z] [INFO] [review agiz-dis-bakimi/576026749] page=6 +8 reviews (unique=48)
[2026-04-05T10:49:14.801Z] [INFO] [review agiz-dis-bakimi/607455156] page=7 +8 reviews (unique=56)
[2026-04-05T10:49:14.802Z] [INFO] [REVIEW SAVED] /Users/artifact/Developer/review_ai/Review_AI/scraper_project/raw_data/agiz-dis-bakimi/607455156_reviews.json
[2026-04-05T10:49:14.811Z] [INFO] 
[REVIEW WORKER 3] starting agiz-dis-bakimi/569478810
[2026-04-05T10:49:14.908Z] [INFO] [review agiz-dis-bakimi/576026749] page=7 +8 reviews (unique=56)
[2026-04-05T10:49:15.475Z] [INFO] [review agiz-dis-bakimi/576026749] page=8 +8 reviews (unique=64)
[2026-04-05T10:49:15.510Z] [INFO] 
[START REVIEW] category=agiz-dis-bakimi productId=737088069 startPage=1
[2026-04-05T10:49:15.699Z] [INFO] [review agiz-dis-bakimi/737088069] page=1 +0 reviews (unique=0)
[2026-04-05T10:49:15.700Z] [INFO] [REVIEW SAVED] /Users/artifact/Developer/review_ai/Review_AI/scraper_project/raw_data/agiz-dis-bakimi/737088069_reviews.json
[2026-04-05T10:49:15.705Z] [INFO] 
[REVIEW WORKER 1] starting agiz-dis-bakimi/666890930
[2026-04-05T10:49:15.995Z] [INFO] [review agiz-dis-bakimi/576026749] page=9 +8 reviews (unique=72)
[2026-04-05T10:49:16.533Z] [INFO] [review agiz-dis-bakimi/576026749] page=10 +8 reviews (unique=80)
[2026-04-05T10:49:16.534Z] [INFO] [REVIEW PARTIAL SAVED] /Users/artifact/Developer/review_ai/Review_AI/scraper_project/raw_data/agiz-dis-bakimi/576026749_reviews.partial.json
[2026-04-05T10:49:17.114Z] [INFO] [review agiz-dis-bakimi/576026749] page=11 +8 reviews (unique=88)
[2026-04-05T10:49:17.758Z] [INFO] [review agiz-dis-bakimi/576026749] page=12 +8 reviews (unique=96)
[2026-04-05T10:49:18.827Z] [INFO] [review agiz-dis-bakimi/576026749] page=13 +8 reviews (unique=104)
[2026-04-05T10:49:19.050Z] [INFO] 
[START REVIEW] category=agiz-dis-bakimi productId=569478810 startPage=1
[2026-04-05T10:49:19.202Z] [INFO] 
[START REVIEW] category=agiz-dis-bakimi productId=666890930 startPage=1
[2026-04-05T10:49:19.235Z] [INFO] [review agiz-dis-bakimi/569478810] page=1 +8 reviews (unique=8)
[2026-04-05T10:49:19.371Z] [INFO] [review agiz-dis-bakimi/666890930] page=1 +8 reviews (unique=8)
[2026-04-05T10:49:19.399Z] [INFO] [review agiz-dis-bakimi/576026749] page=14 +8 reviews (unique=112)
[2026-04-05T10:49:19.949Z] [INFO] [review agiz-dis-bakimi/569478810] page=2 +8 reviews (unique=16)
[2026-04-05T10:49:19.989Z] [INFO] [review agiz-dis-bakimi/666890930] page=2 +8 reviews (unique=16)
[2026-04-05T10:49:19.997Z] [INFO] [review agiz-dis-bakimi/576026749] page=15 +8 reviews (unique=120)
[2026-04-05T10:49:19.999Z] [INFO] [REVIEW PARTIAL SAVED] /Users/artifact/Developer/review_ai/Review_AI/scraper_project/raw_data/agiz-dis-bakimi/576026749_reviews.partial.json
[2026-04-05T10:49:20.496Z] [INFO] [review agiz-dis-bakimi/569478810] page=3 +8 reviews (unique=24)
[2026-04-05T10:49:20.545Z] [INFO] [review agiz-dis-bakimi/576026749] page=16 +4 reviews (unique=124)
[2026-04-05T10:49:20.547Z] [INFO] [REVIEW SAVED] /Users/artifact/Developer/review_ai/Review_AI/scraper_project/raw_data/agiz-dis-bakimi/576026749_reviews.json
[2026-04-05T10:49:20.553Z] [INFO] 
[REVIEW WORKER 2] starting agiz-dis-bakimi/601095709
[2026-04-05T10:49:20.635Z] [INFO] [review agiz-dis-bakimi/666890930] page=3 +8 reviews (unique=24)
[2026-04-05T10:49:21.065Z] [INFO] [review agiz-dis-bakimi/569478810] page=4 +8 reviews (unique=32)
[2026-04-05T10:49:21.216Z] [INFO] [review agiz-dis-bakimi/666890930] page=4 +8 reviews (unique=32)
[2026-04-05T10:49:21.642Z] [INFO] [review agiz-dis-bakimi/569478810] page=5 +8 reviews (unique=40)
[2026-04-05T10:49:21.646Z] [INFO] [REVIEW PARTIAL SAVED] /Users/artifact/Developer/review_ai/Review_AI/scraper_project/raw_data/agiz-dis-bakimi/569478810_reviews.partial.json
[2026-04-05T10:49:21.811Z] [INFO] [review agiz-dis-bakimi/666890930] page=5 +1 reviews (unique=33)
[2026-04-05T10:49:21.812Z] [INFO] [REVIEW PARTIAL SAVED] /Users/artifact/Developer/review_ai/Review_AI/scraper_project/raw_data/agiz-dis-bakimi/666890930_reviews.partial.json
[2026-04-05T10:49:21.813Z] [INFO] [REVIEW SAVED] /Users/artifact/Developer/review_ai/Review_AI/scraper_project/raw_data/agiz-dis-bakimi/666890930_reviews.json
[2026-04-05T10:49:21.826Z] [INFO] 
[REVIEW WORKER 1] starting agiz-dis-bakimi/658451308
[2026-04-05T10:49:22.221Z] [INFO] [review agiz-dis-bakimi/569478810] page=6 +8 reviews (unique=48)
[2026-04-05T10:49:22.830Z] [INFO] [review agiz-dis-bakimi/569478810] page=7 +8 reviews (unique=56)
[2026-04-05T10:49:23.394Z] [INFO] [review agiz-dis-bakimi/569478810] page=8 +8 reviews (unique=64)
[2026-04-05T10:49:24.401Z] [INFO] 
[START REVIEW] category=agiz-dis-bakimi productId=601095709 startPage=1
[2026-04-05T10:49:24.544Z] [INFO] [review agiz-dis-bakimi/569478810] page=9 +8 reviews (unique=72)
[2026-04-05T10:49:24.737Z] [INFO] [review agiz-dis-bakimi/601095709] page=1 +8 reviews (unique=8)
[2026-04-05T10:49:24.738Z] [INFO] [REVIEW SAVED] /Users/artifact/Developer/review_ai/Review_AI/scraper_project/raw_data/agiz-dis-bakimi/601095709_reviews.json
[2026-04-05T10:49:24.743Z] [INFO] 
[REVIEW WORKER 2] starting agiz-dis-bakimi/550796775
[2026-04-05T10:49:25.220Z] [INFO] [review agiz-dis-bakimi/569478810] page=10 +8 reviews (unique=80)
[2026-04-05T10:49:25.224Z] [INFO] [REVIEW PARTIAL SAVED] /Users/artifact/Developer/review_ai/Review_AI/scraper_project/raw_data/agiz-dis-bakimi/569478810_reviews.partial.json
[2026-04-05T10:49:25.780Z] [INFO] [review agiz-dis-bakimi/569478810] page=11 +8 reviews (unique=88)
[2026-04-05T10:49:26.646Z] [INFO] [review agiz-dis-bakimi/569478810] page=12 +8 reviews (unique=96)
[2026-04-05T10:49:27.060Z] [INFO] 
[START REVIEW] category=agiz-dis-bakimi productId=658451308 startPage=1
[2026-04-05T10:49:27.322Z] [INFO] [review agiz-dis-bakimi/658451308] page=1 +1 reviews (unique=1)
[2026-04-05T10:49:27.323Z] [INFO] [REVIEW SAVED] /Users/artifact/Developer/review_ai/Review_AI/scraper_project/raw_data/agiz-dis-bakimi/658451308_reviews.json
[2026-04-05T10:49:27.326Z] [INFO] 
[REVIEW WORKER 1] starting agiz-dis-bakimi/580211137
[2026-04-05T10:49:27.421Z] [INFO] [review agiz-dis-bakimi/569478810] page=13 +8 reviews (unique=104)
[2026-04-05T10:49:28.111Z] [INFO] [review agiz-dis-bakimi/569478810] page=14 +8 reviews (unique=112)
[2026-04-05T10:49:28.660Z] [INFO] [review agiz-dis-bakimi/569478810] page=15 +8 reviews (unique=120)
[2026-04-05T10:49:28.661Z] [INFO] [REVIEW PARTIAL SAVED] /Users/artifact/Developer/review_ai/Review_AI/scraper_project/raw_data/agiz-dis-bakimi/569478810_reviews.partial.json
[2026-04-05T10:49:29.293Z] [INFO] [review agiz-dis-bakimi/569478810] page=16 +8 reviews (unique=128)
[2026-04-05T10:49:29.319Z] [INFO] 
[START REVIEW] category=agiz-dis-bakimi productId=550796775 startPage=1
[2026-04-05T10:49:29.480Z] [INFO] [review agiz-dis-bakimi/550796775] page=1 +8 reviews (unique=8)
[2026-04-05T10:49:29.983Z] [INFO] [review agiz-dis-bakimi/569478810] page=17 +8 reviews (unique=136)
[2026-04-05T10:49:30.181Z] [INFO] [review agiz-dis-bakimi/550796775] page=2 +8 reviews (unique=16)
[2026-04-05T10:49:30.497Z] [INFO] [review agiz-dis-bakimi/569478810] page=18 +8 reviews (unique=144)
[2026-04-05T10:49:30.788Z] [INFO] [review agiz-dis-bakimi/550796775] page=3 +8 reviews (unique=24)
[2026-04-05T10:49:30.894Z] [INFO] 
[START REVIEW] category=agiz-dis-bakimi productId=580211137 startPage=1
[2026-04-05T10:49:31.059Z] [INFO] [review agiz-dis-bakimi/580211137] page=1 +8 reviews (unique=8)
[2026-04-05T10:49:31.219Z] [INFO] [review agiz-dis-bakimi/569478810] page=19 +8 reviews (unique=152)
[2026-04-05T10:49:31.580Z] [INFO] [review agiz-dis-bakimi/580211137] page=2 +8 reviews (unique=16)
[2026-04-05T10:49:31.778Z] [INFO] [review agiz-dis-bakimi/569478810] page=20 +8 reviews (unique=160)
[2026-04-05T10:49:31.781Z] [INFO] [REVIEW PARTIAL SAVED] /Users/artifact/Developer/review_ai/Review_AI/scraper_project/raw_data/agiz-dis-bakimi/569478810_reviews.partial.json
[2026-04-05T10:49:32.181Z] [INFO] [review agiz-dis-bakimi/580211137] page=3 +8 reviews (unique=24)
[2026-04-05T10:49:32.317Z] [INFO] [review agiz-dis-bakimi/569478810] page=21 +8 reviews (unique=168)
[2026-04-05T10:49:32.761Z] [INFO] [review agiz-dis-bakimi/580211137] page=4 +6 reviews (unique=30)
[2026-04-05T10:49:32.763Z] [INFO] [REVIEW SAVED] /Users/artifact/Developer/review_ai/Review_AI/scraper_project/raw_data/agiz-dis-bakimi/580211137_reviews.json
[2026-04-05T10:49:32.775Z] [INFO] 
[REVIEW WORKER 1] starting agiz-dis-bakimi/703292957
[2026-04-05T10:49:32.906Z] [INFO] [review agiz-dis-bakimi/569478810] page=22 +8 reviews (unique=176)
[2026-04-05T10:49:33.600Z] [INFO] [review agiz-dis-bakimi/569478810] page=23 +8 reviews (unique=184)
[2026-04-05T10:49:34.230Z] [INFO] [review agiz-dis-bakimi/569478810] page=24 +8 reviews (unique=192)
[2026-04-05T10:49:34.569Z] [INFO] [review agiz-dis-bakimi/550796775] page=4 +8 reviews (unique=32)
[2026-04-05T10:49:34.792Z] [INFO] [review agiz-dis-bakimi/569478810] page=25 +8 reviews (unique=200)
[2026-04-05T10:49:34.795Z] [INFO] [REVIEW PARTIAL SAVED] /Users/artifact/Developer/review_ai/Review_AI/scraper_project/raw_data/agiz-dis-bakimi/569478810_reviews.partial.json
[2026-04-05T10:49:35.185Z] [INFO] [review agiz-dis-bakimi/550796775] page=5 +8 reviews (unique=40)
[2026-04-05T10:49:35.187Z] [INFO] [REVIEW PARTIAL SAVED] /Users/artifact/Developer/review_ai/Review_AI/scraper_project/raw_data/agiz-dis-bakimi/550796775_reviews.partial.json
[2026-04-05T10:49:35.402Z] [INFO] [review agiz-dis-bakimi/569478810] page=26 +8 reviews (unique=208)
[2026-04-05T10:49:35.690Z] [INFO] [review agiz-dis-bakimi/550796775] page=6 +8 reviews (unique=48)
[2026-04-05T10:49:36.036Z] [INFO] [review agiz-dis-bakimi/569478810] page=27 +8 reviews (unique=216)
[2026-04-05T10:49:36.225Z] [INFO] [review agiz-dis-bakimi/550796775] page=7 +8 reviews (unique=56)
[2026-04-05T10:49:36.533Z] [INFO] 
[START REVIEW] category=agiz-dis-bakimi productId=703292957 startPage=1
[2026-04-05T10:49:36.778Z] [INFO] [review agiz-dis-bakimi/569478810] page=28 +8 reviews (unique=224)
[2026-04-05T10:49:36.835Z] [INFO] [review agiz-dis-bakimi/550796775] page=8 +8 reviews (unique=64)
[2026-04-05T10:49:36.929Z] [INFO] [review agiz-dis-bakimi/703292957] page=1 +8 reviews (unique=8)
[2026-04-05T10:49:37.387Z] [INFO] [review agiz-dis-bakimi/550796775] page=9 +8 reviews (unique=72)
[2026-04-05T10:49:37.422Z] [INFO] [review agiz-dis-bakimi/569478810] page=29 +8 reviews (unique=232)
[2026-04-05T10:49:37.742Z] [INFO] [review agiz-dis-bakimi/703292957] page=2 +8 reviews (unique=16)
[2026-04-05T10:49:37.994Z] [INFO] [review agiz-dis-bakimi/550796775] page=10 +8 reviews (unique=80)
[2026-04-05T10:49:37.996Z] [INFO] [REVIEW PARTIAL SAVED] /Users/artifact/Developer/review_ai/Review_AI/scraper_project/raw_data/agiz-dis-bakimi/550796775_reviews.partial.json
[2026-04-05T10:49:38.361Z] [INFO] [review agiz-dis-bakimi/569478810] page=30 +8 reviews (unique=240)
[2026-04-05T10:49:38.366Z] [INFO] [REVIEW PARTIAL SAVED] /Users/artifact/Developer/review_ai/Review_AI/scraper_project/raw_data/agiz-dis-bakimi/569478810_reviews.partial.json
[2026-04-05T10:49:38.377Z] [INFO] [review agiz-dis-bakimi/703292957] page=3 +8 reviews (unique=24)
[2026-04-05T10:49:38.718Z] [INFO] [review agiz-dis-bakimi/550796775] page=11 +8 reviews (unique=88)
[2026-04-05T10:49:38.897Z] [INFO] [review agiz-dis-bakimi/703292957] page=4 +8 reviews (unique=32)
[2026-04-05T10:49:38.904Z] [INFO] [review agiz-dis-bakimi/569478810] page=31 +8 reviews (unique=248)
[2026-04-05T10:49:39.321Z] [INFO] [review agiz-dis-bakimi/550796775] page=12 +8 reviews (unique=96)
[2026-04-05T10:49:39.471Z] [INFO] [review agiz-dis-bakimi/703292957] page=5 +1 reviews (unique=33)
[2026-04-05T10:49:39.474Z] [INFO] [REVIEW PARTIAL SAVED] /Users/artifact/Developer/review_ai/Review_AI/scraper_project/raw_data/agiz-dis-bakimi/703292957_reviews.partial.json
[2026-04-05T10:49:39.475Z] [INFO] [REVIEW SAVED] /Users/artifact/Developer/review_ai/Review_AI/scraper_project/raw_data/agiz-dis-bakimi/703292957_reviews.json
[2026-04-05T10:49:39.480Z] [INFO] [review agiz-dis-bakimi/569478810] page=32 +8 reviews (unique=256)
[2026-04-05T10:49:39.494Z] [INFO] 
[REVIEW WORKER 1] starting agiz-dis-bakimi/647519982
[2026-04-05T10:49:39.959Z] [INFO] [review agiz-dis-bakimi/550796775] page=13 +8 reviews (unique=104)
[2026-04-05T10:49:40.029Z] [INFO] [review agiz-dis-bakimi/569478810] page=33 +8 reviews (unique=264)
[2026-04-05T10:49:40.519Z] [INFO] [review agiz-dis-bakimi/550796775] page=14 +8 reviews (unique=112)
[2026-04-05T10:49:40.892Z] [INFO] [review agiz-dis-bakimi/569478810] page=34 +8 reviews (unique=272)
[2026-04-05T10:49:41.064Z] [INFO] [review agiz-dis-bakimi/550796775] page=15 +8 reviews (unique=120)
[2026-04-05T10:49:41.067Z] [INFO] [REVIEW PARTIAL SAVED] /Users/artifact/Developer/review_ai/Review_AI/scraper_project/raw_data/agiz-dis-bakimi/550796775_reviews.partial.json
[2026-04-05T10:49:41.459Z] [INFO] [review agiz-dis-bakimi/569478810] page=35 +8 reviews (unique=280)
[2026-04-05T10:49:41.465Z] [INFO] [REVIEW PARTIAL SAVED] /Users/artifact/Developer/review_ai/Review_AI/scraper_project/raw_data/agiz-dis-bakimi/569478810_reviews.partial.json
[2026-04-05T10:49:41.651Z] [INFO] [review agiz-dis-bakimi/550796775] page=16 +8 reviews (unique=128)
[2026-04-05T10:49:41.984Z] [INFO] [review agiz-dis-bakimi/569478810] page=36 +8 reviews (unique=288)
[2026-04-05T10:49:42.223Z] [INFO] [review agiz-dis-bakimi/550796775] page=17 +8 reviews (unique=136)
[2026-04-05T10:49:42.561Z] [INFO] [review agiz-dis-bakimi/569478810] page=37 +8 reviews (unique=296)
[2026-04-05T10:49:42.957Z] [INFO] [review agiz-dis-bakimi/550796775] page=18 +8 reviews (unique=144)
[2026-04-05T10:49:43.168Z] [INFO] [review agiz-dis-bakimi/569478810] page=38 +8 reviews (unique=304)
[2026-04-05T10:49:43.202Z] [INFO] 
[START REVIEW] category=agiz-dis-bakimi productId=647519982 startPage=1
[2026-04-05T10:49:43.482Z] [INFO] [review agiz-dis-bakimi/550796775] page=19 +8 reviews (unique=152)
[2026-04-05T10:49:43.989Z] [INFO] [review agiz-dis-bakimi/569478810] page=39 +8 reviews (unique=312)
[2026-04-05T10:49:44.115Z] [INFO] [review agiz-dis-bakimi/550796775] page=20 +8 reviews (unique=160)
[2026-04-05T10:49:44.117Z] [INFO] [REVIEW PARTIAL SAVED] /Users/artifact/Developer/review_ai/Review_AI/scraper_project/raw_data/agiz-dis-bakimi/550796775_reviews.partial.json
[2026-04-05T10:49:44.533Z] [INFO] [review agiz-dis-bakimi/569478810] page=40 +8 reviews (unique=320)
[2026-04-05T10:49:44.539Z] [INFO] [REVIEW PARTIAL SAVED] /Users/artifact/Developer/review_ai/Review_AI/scraper_project/raw_data/agiz-dis-bakimi/569478810_reviews.partial.json
[2026-04-05T10:49:44.765Z] [INFO] [review agiz-dis-bakimi/550796775] page=21 +4 reviews (unique=164)
[2026-04-05T10:49:44.768Z] [INFO] [REVIEW SAVED] /Users/artifact/Developer/review_ai/Review_AI/scraper_project/raw_data/agiz-dis-bakimi/550796775_reviews.json
[2026-04-05T10:49:44.773Z] [INFO] 
[REVIEW WORKER 2] starting agiz-dis-bakimi/582096613
[2026-04-05T10:49:45.187Z] [INFO] [review agiz-dis-bakimi/647519982] page=1 +8 reviews (unique=8)
[2026-04-05T10:49:45.270Z] [INFO] [review agiz-dis-bakimi/569478810] page=41 +8 reviews (unique=328)
[2026-04-05T10:49:45.715Z] [INFO] [review agiz-dis-bakimi/647519982] page=2 +1 reviews (unique=9)
[2026-04-05T10:49:45.717Z] [INFO] [REVIEW SAVED] /Users/artifact/Developer/review_ai/Review_AI/scraper_project/raw_data/agiz-dis-bakimi/647519982_reviews.json
[2026-04-05T10:49:45.725Z] [INFO] 
[REVIEW WORKER 1] starting agiz-dis-bakimi/564145687
[2026-04-05T10:49:45.837Z] [INFO] [review agiz-dis-bakimi/569478810] page=42 +8 reviews (unique=336)
[2026-04-05T10:49:46.407Z] [INFO] [review agiz-dis-bakimi/569478810] page=43 +8 reviews (unique=344)
[2026-04-05T10:49:47.243Z] [INFO] [review agiz-dis-bakimi/569478810] page=44 +8 reviews (unique=352)
[2026-04-05T10:49:47.884Z] [INFO] [review agiz-dis-bakimi/569478810] page=45 +8 reviews (unique=360)
[2026-04-05T10:49:47.887Z] [INFO] [REVIEW PARTIAL SAVED] /Users/artifact/Developer/review_ai/Review_AI/scraper_project/raw_data/agiz-dis-bakimi/569478810_reviews.partial.json
[2026-04-05T10:49:48.518Z] [INFO] 
[START REVIEW] category=agiz-dis-bakimi productId=582096613 startPage=1
[2026-04-05T10:49:49.377Z] [INFO] [review agiz-dis-bakimi/569478810] page=46 +8 reviews (unique=368)
[2026-04-05T10:49:49.465Z] [INFO] [review agiz-dis-bakimi/582096613] page=1 +8 reviews (unique=8)
[2026-04-05T10:49:49.941Z] [INFO] [review agiz-dis-bakimi/569478810] page=47 +8 reviews (unique=376)
[2026-04-05T10:49:49.985Z] [INFO] [review agiz-dis-bakimi/582096613] page=2 +8 reviews (unique=16)
[2026-04-05T10:49:50.532Z] [INFO] [review agiz-dis-bakimi/569478810] page=48 +8 reviews (unique=384)
[2026-04-05T10:49:50.576Z] [INFO] [review agiz-dis-bakimi/582096613] page=3 +8 reviews (unique=24)
[2026-04-05T10:49:51.106Z] [INFO] [review agiz-dis-bakimi/582096613] page=4 +8 reviews (unique=32)
[2026-04-05T10:49:51.144Z] [INFO] [review agiz-dis-bakimi/569478810] page=49 +8 reviews (unique=392)
[2026-04-05T10:49:51.593Z] [INFO] [review agiz-dis-bakimi/582096613] page=5 +8 reviews (unique=40)
[2026-04-05T10:49:51.594Z] [INFO] [REVIEW PARTIAL SAVED] /Users/artifact/Developer/review_ai/Review_AI/scraper_project/raw_data/agiz-dis-bakimi/582096613_reviews.partial.json
[2026-04-05T10:49:51.698Z] [INFO] [review agiz-dis-bakimi/569478810] page=50 +8 reviews (unique=400)
[2026-04-05T10:49:51.701Z] [INFO] [REVIEW PARTIAL SAVED] /Users/artifact/Developer/review_ai/Review_AI/scraper_project/raw_data/agiz-dis-bakimi/569478810_reviews.partial.json
[2026-04-05T10:49:52.115Z] [INFO] [review agiz-dis-bakimi/582096613] page=6 +8 reviews (unique=48)
[2026-04-05T10:49:52.289Z] [INFO] 
[START REVIEW] category=agiz-dis-bakimi productId=564145687 startPage=1
[2026-04-05T10:49:52.414Z] [INFO] [review agiz-dis-bakimi/569478810] page=51 +8 reviews (unique=408)
[2026-04-05T10:49:52.650Z] [INFO] [review agiz-dis-bakimi/564145687] page=1 +2 reviews (unique=2)
[2026-04-05T10:49:52.651Z] [INFO] [REVIEW SAVED] /Users/artifact/Developer/review_ai/Review_AI/scraper_project/raw_data/agiz-dis-bakimi/564145687_reviews.json
[2026-04-05T10:49:52.658Z] [INFO] 
[REVIEW WORKER 1] starting agiz-dis-bakimi/732956136
[2026-04-05T10:49:52.768Z] [INFO] [review agiz-dis-bakimi/582096613] page=7 +8 reviews (unique=56)
[2026-04-05T10:49:52.944Z] [INFO] [review agiz-dis-bakimi/569478810] page=52 +8 reviews (unique=416)
[2026-04-05T10:49:53.395Z] [INFO] [review agiz-dis-bakimi/582096613] page=8 +8 reviews (unique=64)
[2026-04-05T10:49:53.589Z] [INFO] [review agiz-dis-bakimi/569478810] page=53 +8 reviews (unique=424)
[2026-04-05T10:49:54.003Z] [INFO] [review agiz-dis-bakimi/582096613] page=9 +8 reviews (unique=72)
[2026-04-05T10:49:54.135Z] [INFO] [review agiz-dis-bakimi/569478810] page=54 +8 reviews (unique=432)
[2026-04-05T10:49:54.611Z] [INFO] [review agiz-dis-bakimi/582096613] page=10 +8 reviews (unique=80)
[2026-04-05T10:49:54.612Z] [INFO] [REVIEW PARTIAL SAVED] /Users/artifact/Developer/review_ai/Review_AI/scraper_project/raw_data/agiz-dis-bakimi/582096613_reviews.partial.json
[2026-04-05T10:49:54.798Z] [INFO] [review agiz-dis-bakimi/569478810] page=55 +8 reviews (unique=440)
[2026-04-05T10:49:54.801Z] [INFO] [REVIEW PARTIAL SAVED] /Users/artifact/Developer/review_ai/Review_AI/scraper_project/raw_data/agiz-dis-bakimi/569478810_reviews.partial.json
[2026-04-05T10:49:55.282Z] [INFO] [review agiz-dis-bakimi/582096613] page=11 +8 reviews (unique=88)
[2026-04-05T10:49:55.314Z] [INFO] [review agiz-dis-bakimi/569478810] page=56 +8 reviews (unique=448)
[2026-04-05T10:49:55.818Z] [INFO] [review agiz-dis-bakimi/582096613] page=12 +8 reviews (unique=96)
[2026-04-05T10:49:55.915Z] [INFO] [review agiz-dis-bakimi/569478810] page=57 +8 reviews (unique=456)
[2026-04-05T10:49:55.920Z] [INFO] [REVIEW SAVED] /Users/artifact/Developer/review_ai/Review_AI/scraper_project/raw_data/agiz-dis-bakimi/569478810_reviews.json
[2026-04-05T10:49:55.926Z] [INFO] 
[REVIEW WORKER 3] starting agiz-dis-bakimi/730625520
[2026-04-05T10:49:56.096Z] [INFO] 
[START REVIEW] category=agiz-dis-bakimi productId=732956136 startPage=1
[2026-04-05T10:49:56.242Z] [INFO] [review agiz-dis-bakimi/732956136] page=1 +8 reviews (unique=8)
[2026-04-05T10:49:56.341Z] [INFO] [review agiz-dis-bakimi/582096613] page=13 +8 reviews (unique=104)
[2026-04-05T10:49:56.966Z] [INFO] [review agiz-dis-bakimi/582096613] page=14 +8 reviews (unique=112)
[2026-04-05T10:49:56.969Z] [INFO] [review agiz-dis-bakimi/732956136] page=2 +8 reviews (unique=16)
[2026-04-05T10:49:57.477Z] [INFO] [review agiz-dis-bakimi/582096613] page=15 +4 reviews (unique=116)
[2026-04-05T10:49:57.480Z] [INFO] [REVIEW PARTIAL SAVED] /Users/artifact/Developer/review_ai/Review_AI/scraper_project/raw_data/agiz-dis-bakimi/582096613_reviews.partial.json
[2026-04-05T10:49:57.481Z] [INFO] [REVIEW SAVED] /Users/artifact/Developer/review_ai/Review_AI/scraper_project/raw_data/agiz-dis-bakimi/582096613_reviews.json
[2026-04-05T10:49:57.490Z] [INFO] 
[REVIEW WORKER 2] starting agiz-dis-bakimi/513264691
[2026-04-05T10:49:57.608Z] [INFO] [review agiz-dis-bakimi/732956136] page=3 +8 reviews (unique=24)
[2026-04-05T10:49:58.276Z] [INFO] [review agiz-dis-bakimi/732956136] page=4 +8 reviews (unique=32)
[2026-04-05T10:49:58.932Z] [INFO] [review agiz-dis-bakimi/732956136] page=5 +8 reviews (unique=40)
[2026-04-05T10:49:58.933Z] [INFO] [REVIEW PARTIAL SAVED] /Users/artifact/Developer/review_ai/Review_AI/scraper_project/raw_data/agiz-dis-bakimi/732956136_reviews.partial.json
[2026-04-05T10:49:59.340Z] [INFO] 
[START REVIEW] category=agiz-dis-bakimi productId=730625520 startPage=1
[2026-04-05T10:49:59.474Z] [INFO] [review agiz-dis-bakimi/730625520] page=1 +8 reviews (unique=8)
[2026-04-05T10:49:59.541Z] [INFO] [review agiz-dis-bakimi/732956136] page=6 +8 reviews (unique=48)
[2026-04-05T10:50:00.028Z] [INFO] [review agiz-dis-bakimi/730625520] page=2 +8 reviews (unique=16)
[2026-04-05T10:50:00.128Z] [INFO] [review agiz-dis-bakimi/732956136] page=7 +2 reviews (unique=50)
[2026-04-05T10:50:00.130Z] [INFO] [REVIEW SAVED] /Users/artifact/Developer/review_ai/Review_AI/scraper_project/raw_data/agiz-dis-bakimi/732956136_reviews.json
[2026-04-05T10:50:00.136Z] [INFO] 
[REVIEW WORKER 1] starting agiz-dis-bakimi/647407121
[2026-04-05T10:50:00.613Z] [INFO] [review agiz-dis-bakimi/730625520] page=3 +8 reviews (unique=24)
[2026-04-05T10:50:01.167Z] [INFO] [review agiz-dis-bakimi/730625520] page=4 +5 reviews (unique=29)
[2026-04-05T10:50:01.167Z] [INFO] [REVIEW SAVED] /Users/artifact/Developer/review_ai/Review_AI/scraper_project/raw_data/agiz-dis-bakimi/730625520_reviews.json
[2026-04-05T10:50:01.172Z] [INFO] 
[REVIEW WORKER 3] starting agiz-dis-bakimi/409641741
[2026-04-05T10:50:01.228Z] [INFO] 
[START REVIEW] category=agiz-dis-bakimi productId=513264691 startPage=1
[2026-04-05T10:50:01.405Z] [INFO] [review agiz-dis-bakimi/513264691] page=1 +8 reviews (unique=8)
[2026-04-05T10:50:02.030Z] [INFO] [review agiz-dis-bakimi/513264691] page=2 +8 reviews (unique=16)
[2026-04-05T10:50:02.632Z] [INFO] [review agiz-dis-bakimi/513264691] page=3 +8 reviews (unique=24)
[2026-04-05T10:50:03.326Z] [INFO] 
[START REVIEW] category=agiz-dis-bakimi productId=647407121 startPage=1
[2026-04-05T10:50:04.004Z] [INFO] [review agiz-dis-bakimi/513264691] page=4 +8 reviews (unique=32)
[2026-04-05T10:50:06.376Z] [INFO] [review agiz-dis-bakimi/647407121] page=1 +8 reviews (unique=8)
[2026-04-05T10:50:07.040Z] [INFO] [review agiz-dis-bakimi/513264691] page=5 +8 reviews (unique=40)
[2026-04-05T10:50:07.041Z] [INFO] [REVIEW PARTIAL SAVED] /Users/artifact/Developer/review_ai/Review_AI/scraper_project/raw_data/agiz-dis-bakimi/513264691_reviews.partial.json
[2026-04-05T10:50:07.908Z] [INFO] [review agiz-dis-bakimi/647407121] page=2 +8 reviews (unique=16)
[2026-04-05T10:50:08.691Z] [INFO] [review agiz-dis-bakimi/513264691] page=6 +8 reviews (unique=48)
[2026-04-05T10:50:09.302Z] [INFO] [review agiz-dis-bakimi/647407121] page=3 +8 reviews (unique=24)
[2026-04-05T10:50:10.039Z] [INFO] [review agiz-dis-bakimi/513264691] page=7 +8 reviews (unique=56)
[2026-04-05T10:50:10.890Z] [INFO] [review agiz-dis-bakimi/647407121] page=4 +8 reviews (unique=32)
[2026-04-05T10:50:11.597Z] [INFO] [review agiz-dis-bakimi/513264691] page=8 +8 reviews (unique=64)
[2026-04-05T10:50:11.914Z] [INFO] [review agiz-dis-bakimi/647407121] page=5 +8 reviews (unique=40)
[2026-04-05T10:50:11.917Z] [INFO] [REVIEW PARTIAL SAVED] /Users/artifact/Developer/review_ai/Review_AI/scraper_project/raw_data/agiz-dis-bakimi/647407121_reviews.partial.json
[2026-04-05T10:50:13.000Z] [INFO] [review agiz-dis-bakimi/513264691] page=9 +4 reviews (unique=68)
[2026-04-05T10:50:13.004Z] [INFO] [REVIEW SAVED] /Users/artifact/Developer/review_ai/Review_AI/scraper_project/raw_data/agiz-dis-bakimi/513264691_reviews.json
[2026-04-05T10:50:13.019Z] [INFO] 
[REVIEW WORKER 2] starting agiz-dis-bakimi/645652499
[2026-04-05T10:50:13.374Z] [INFO] [review agiz-dis-bakimi/647407121] page=6 +8 reviews (unique=48)
[2026-04-05T10:50:14.140Z] [INFO] [review agiz-dis-bakimi/647407121] page=7 +8 reviews (unique=56)
[2026-04-05T10:50:14.811Z] [INFO] 
[START REVIEW] category=agiz-dis-bakimi productId=409641741 startPage=1
[2026-04-05T10:50:17.322Z] [INFO] [review agiz-dis-bakimi/647407121] page=8 +8 reviews (unique=64)
[2026-04-05T10:50:17.575Z] [INFO] [review agiz-dis-bakimi/409641741] page=1 +8 reviews (unique=8)
[2026-04-05T10:50:19.220Z] [INFO] [review agiz-dis-bakimi/647407121] page=9 +8 reviews (unique=72)
[2026-04-05T10:50:19.276Z] [INFO] [review agiz-dis-bakimi/409641741] page=2 +8 reviews (unique=16)
[2026-04-05T10:50:20.242Z] [INFO] [review agiz-dis-bakimi/647407121] page=10 +8 reviews (unique=80)
[2026-04-05T10:50:20.244Z] [INFO] [REVIEW PARTIAL SAVED] /Users/artifact/Developer/review_ai/Review_AI/scraper_project/raw_data/agiz-dis-bakimi/647407121_reviews.partial.json
[2026-04-05T10:50:20.481Z] [INFO] [review agiz-dis-bakimi/409641741] page=3 +8 reviews (unique=24)
[2026-04-05T10:50:22.476Z] [INFO] [review agiz-dis-bakimi/647407121] page=11 +7 reviews (unique=87)
[2026-04-05T10:50:22.479Z] [INFO] [REVIEW SAVED] /Users/artifact/Developer/review_ai/Review_AI/scraper_project/raw_data/agiz-dis-bakimi/647407121_reviews.json
[2026-04-05T10:50:22.492Z] [INFO] 
[REVIEW WORKER 1] starting agiz-dis-bakimi/603558546
[2026-04-05T10:50:22.749Z] [INFO] [review agiz-dis-bakimi/409641741] page=4 +8 reviews (unique=32)
[2026-04-05T10:50:23.535Z] [INFO] [review agiz-dis-bakimi/409641741] page=5 +3 reviews (unique=35)
[2026-04-05T10:50:23.538Z] [INFO] [REVIEW PARTIAL SAVED] /Users/artifact/Developer/review_ai/Review_AI/scraper_project/raw_data/agiz-dis-bakimi/409641741_reviews.partial.json
[2026-04-05T10:50:23.540Z] [INFO] [REVIEW SAVED] /Users/artifact/Developer/review_ai/Review_AI/scraper_project/raw_data/agiz-dis-bakimi/409641741_reviews.json
[2026-04-05T10:50:23.548Z] [INFO] 
[REVIEW WORKER 3] starting agiz-dis-bakimi/663541057
[2026-04-05T10:50:25.907Z] [INFO] 
[START REVIEW] category=agiz-dis-bakimi productId=645652499 startPage=1
[2026-04-05T10:50:26.707Z] [INFO] [review agiz-dis-bakimi/645652499] page=1 +5 reviews (unique=5)
[2026-04-05T10:50:26.708Z] [INFO] [REVIEW SAVED] /Users/artifact/Developer/review_ai/Review_AI/scraper_project/raw_data/agiz-dis-bakimi/645652499_reviews.json
[2026-04-05T10:50:26.713Z] [INFO] 
[REVIEW WORKER 2] starting agiz-dis-bakimi/537329259
[2026-04-05T10:50:29.510Z] [INFO] 
[START REVIEW] category=agiz-dis-bakimi productId=663541057 startPage=1
[2026-04-05T10:50:29.864Z] [INFO] [review agiz-dis-bakimi/663541057] page=1 +4 reviews (unique=4)
[2026-04-05T10:50:29.866Z] [INFO] [REVIEW SAVED] /Users/artifact/Developer/review_ai/Review_AI/scraper_project/raw_data/agiz-dis-bakimi/663541057_reviews.json
[2026-04-05T10:50:29.874Z] [INFO] 
[REVIEW WORKER 3] starting agiz-dis-bakimi/646034387
[2026-04-05T10:50:30.735Z] [INFO] 
[START REVIEW] category=agiz-dis-bakimi productId=603558546 startPage=1
[2026-04-05T10:50:31.788Z] [INFO] [review agiz-dis-bakimi/603558546] page=1 +8 reviews (unique=8)
[2026-04-05T10:50:32.736Z] [INFO] [review agiz-dis-bakimi/603558546] page=2 +8 reviews (unique=16)
[2026-04-05T10:50:33.807Z] [INFO] [review agiz-dis-bakimi/603558546] page=3 +8 reviews (unique=24)
[2026-04-05T10:50:34.573Z] [INFO] [review agiz-dis-bakimi/603558546] page=4 +8 reviews (unique=32)
[2026-04-05T10:50:35.335Z] [INFO] [review agiz-dis-bakimi/603558546] page=5 +8 reviews (unique=40)
[2026-04-05T10:50:35.336Z] [INFO] [REVIEW PARTIAL SAVED] /Users/artifact/Developer/review_ai/Review_AI/scraper_project/raw_data/agiz-dis-bakimi/603558546_reviews.partial.json
[2026-04-05T10:50:35.623Z] [INFO] 
[START REVIEW] category=agiz-dis-bakimi productId=537329259 startPage=1
[2026-04-05T10:50:36.161Z] [INFO] [review agiz-dis-bakimi/537329259] page=1 +8 reviews (unique=8)
[2026-04-05T10:50:36.731Z] [INFO] [review agiz-dis-bakimi/603558546] page=6 +8 reviews (unique=48)
[2026-04-05T10:50:37.688Z] [INFO] 
[START REVIEW] category=agiz-dis-bakimi productId=646034387 startPage=1
[2026-04-05T10:50:38.580Z] [INFO] [review agiz-dis-bakimi/537329259] page=2 +8 reviews (unique=16)
[2026-04-05T10:50:39.210Z] [INFO] [review agiz-dis-bakimi/603558546] page=7 +8 reviews (unique=56)
[2026-04-05T10:50:39.406Z] [INFO] [review agiz-dis-bakimi/646034387] page=1 +8 reviews (unique=8)
[2026-04-05T10:50:39.799Z] [INFO] [review agiz-dis-bakimi/537329259] page=3 +8 reviews (unique=24)
[2026-04-05T10:50:39.936Z] [INFO] [review agiz-dis-bakimi/603558546] page=8 +8 reviews (unique=64)
[2026-04-05T10:50:40.359Z] [INFO] [review agiz-dis-bakimi/646034387] page=2 +8 reviews (unique=16)
[2026-04-05T10:50:40.621Z] [INFO] [review agiz-dis-bakimi/537329259] page=4 +8 reviews (unique=32)
[2026-04-05T10:50:40.716Z] [INFO] [review agiz-dis-bakimi/603558546] page=9 +8 reviews (unique=72)
[2026-04-05T10:50:41.062Z] [INFO] [review agiz-dis-bakimi/646034387] page=3 +8 reviews (unique=24)
[2026-04-05T10:50:41.225Z] [INFO] [review agiz-dis-bakimi/537329259] page=5 +8 reviews (unique=40)
[2026-04-05T10:50:41.227Z] [INFO] [REVIEW PARTIAL SAVED] /Users/artifact/Developer/review_ai/Review_AI/scraper_project/raw_data/agiz-dis-bakimi/537329259_reviews.partial.json
[2026-04-05T10:50:41.864Z] [INFO] [review agiz-dis-bakimi/603558546] page=10 +8 reviews (unique=80)
[2026-04-05T10:50:41.867Z] [INFO] [REVIEW PARTIAL SAVED] /Users/artifact/Developer/review_ai/Review_AI/scraper_project/raw_data/agiz-dis-bakimi/603558546_reviews.partial.json
[2026-04-05T10:50:41.990Z] [INFO] [review agiz-dis-bakimi/537329259] page=6 +8 reviews (unique=48)
[2026-04-05T10:50:41.992Z] [INFO] [review agiz-dis-bakimi/646034387] page=4 +8 reviews (unique=32)
[2026-04-05T10:50:43.542Z] [INFO] [review agiz-dis-bakimi/603558546] page=11 +8 reviews (unique=88)
[2026-04-05T10:50:43.601Z] [INFO] [review agiz-dis-bakimi/537329259] page=7 +8 reviews (unique=56)
[2026-04-05T10:50:43.608Z] [INFO] [review agiz-dis-bakimi/646034387] page=5 +8 reviews (unique=40)
[2026-04-05T10:50:43.609Z] [INFO] [REVIEW PARTIAL SAVED] /Users/artifact/Developer/review_ai/Review_AI/scraper_project/raw_data/agiz-dis-bakimi/646034387_reviews.partial.json
[2026-04-05T10:50:44.951Z] [INFO] [review agiz-dis-bakimi/537329259] page=8 +8 reviews (unique=64)
[2026-04-05T10:50:44.953Z] [INFO] [review agiz-dis-bakimi/646034387] page=6 +4 reviews (unique=44)
[2026-04-05T10:50:44.955Z] [INFO] [REVIEW SAVED] /Users/artifact/Developer/review_ai/Review_AI/scraper_project/raw_data/agiz-dis-bakimi/646034387_reviews.json
[2026-04-05T10:50:44.972Z] [INFO] 
[REVIEW WORKER 3] starting agiz-dis-bakimi/589520112
[2026-04-05T10:50:44.978Z] [INFO] [review agiz-dis-bakimi/603558546] page=12 +8 reviews (unique=96)
[2026-04-05T10:50:46.510Z] [INFO] [review agiz-dis-bakimi/603558546] page=13 +8 reviews (unique=104)
[2026-04-05T10:50:47.109Z] [INFO] [review agiz-dis-bakimi/537329259] page=9 +2 reviews (unique=66)
[2026-04-05T10:50:47.110Z] [INFO] [REVIEW SAVED] /Users/artifact/Developer/review_ai/Review_AI/scraper_project/raw_data/agiz-dis-bakimi/537329259_reviews.json
[2026-04-05T10:50:47.119Z] [INFO] 
[REVIEW WORKER 2] starting agiz-dis-bakimi/670577804
[2026-04-05T10:50:47.269Z] [INFO] [review agiz-dis-bakimi/603558546] page=14 +5 reviews (unique=109)
[2026-04-05T10:50:47.270Z] [INFO] [REVIEW SAVED] /Users/artifact/Developer/review_ai/Review_AI/scraper_project/raw_data/agiz-dis-bakimi/603558546_reviews.json
[2026-04-05T10:50:47.276Z] [INFO] 
[REVIEW WORKER 1] starting agiz-dis-bakimi/513727946
[2026-04-05T10:50:51.521Z] [INFO] 
[START REVIEW] category=agiz-dis-bakimi productId=589520112 startPage=1
[2026-04-05T10:50:52.292Z] [INFO] [review agiz-dis-bakimi/589520112] page=1 +8 reviews (unique=8)
[2026-04-05T10:50:53.008Z] [INFO] [review agiz-dis-bakimi/589520112] page=2 +6 reviews (unique=14)
[2026-04-05T10:50:53.009Z] [INFO] [REVIEW SAVED] /Users/artifact/Developer/review_ai/Review_AI/scraper_project/raw_data/agiz-dis-bakimi/589520112_reviews.json
[2026-04-05T10:50:53.021Z] [INFO] 
[REVIEW WORKER 3] starting agiz-dis-bakimi/578715883
[2026-04-05T10:50:53.546Z] [INFO] 
[START REVIEW] category=agiz-dis-bakimi productId=670577804 startPage=1
[2026-04-05T10:50:54.325Z] [INFO] 
[START REVIEW] category=agiz-dis-bakimi productId=513727946 startPage=1
[2026-04-05T10:50:54.485Z] [INFO] [review agiz-dis-bakimi/670577804] page=1 +3 reviews (unique=3)
[2026-04-05T10:50:54.486Z] [INFO] [REVIEW SAVED] /Users/artifact/Developer/review_ai/Review_AI/scraper_project/raw_data/agiz-dis-bakimi/670577804_reviews.json
[2026-04-05T10:50:54.490Z] [INFO] 
[REVIEW WORKER 2] starting agiz-dis-bakimi/639851157
[2026-04-05T10:50:57.725Z] [INFO] [review agiz-dis-bakimi/513727946] page=1 +8 reviews (unique=8)
[2026-04-05T10:50:59.057Z] [INFO] [review agiz-dis-bakimi/513727946] page=2 +8 reviews (unique=16)
[2026-04-05T10:50:59.264Z] [INFO] 
[START REVIEW] category=agiz-dis-bakimi productId=578715883 startPage=1
[2026-04-05T10:50:59.761Z] [INFO] [review agiz-dis-bakimi/578715883] page=1 +8 reviews (unique=8)
[2026-04-05T10:51:00.109Z] [INFO] [review agiz-dis-bakimi/513727946] page=3 +8 reviews (unique=24)
[2026-04-05T10:51:00.629Z] [INFO] [review agiz-dis-bakimi/578715883] page=2 +2 reviews (unique=10)
[2026-04-05T10:51:00.631Z] [INFO] [REVIEW SAVED] /Users/artifact/Developer/review_ai/Review_AI/scraper_project/raw_data/agiz-dis-bakimi/578715883_reviews.json
[2026-04-05T10:51:00.641Z] [INFO] 
[REVIEW WORKER 3] starting agiz-dis-bakimi/731479169
[2026-04-05T10:51:00.933Z] [INFO] [review agiz-dis-bakimi/513727946] page=4 +8 reviews (unique=32)
[2026-04-05T10:51:01.025Z] [INFO] 
[START REVIEW] category=agiz-dis-bakimi productId=639851157 startPage=1
[2026-04-05T10:51:01.369Z] [INFO] [review agiz-dis-bakimi/639851157] page=1 +8 reviews (unique=8)
[2026-04-05T10:51:01.806Z] [INFO] [review agiz-dis-bakimi/513727946] page=5 +8 reviews (unique=40)
[2026-04-05T10:51:01.807Z] [INFO] [REVIEW PARTIAL SAVED] /Users/artifact/Developer/review_ai/Review_AI/scraper_project/raw_data/agiz-dis-bakimi/513727946_reviews.partial.json
[2026-04-05T10:51:02.608Z] [INFO] [review agiz-dis-bakimi/513727946] page=6 +8 reviews (unique=48)
[2026-04-05T10:51:02.627Z] [INFO] [review agiz-dis-bakimi/639851157] page=2 +8 reviews (unique=16)
[2026-04-05T10:51:03.727Z] [INFO] [review agiz-dis-bakimi/513727946] page=7 +8 reviews (unique=56)
[2026-04-05T10:51:03.806Z] [INFO] [review agiz-dis-bakimi/639851157] page=3 +8 reviews (unique=24)
[2026-04-05T10:51:04.690Z] [INFO] [review agiz-dis-bakimi/513727946] page=8 +8 reviews (unique=64)
[2026-04-05T10:51:04.767Z] [INFO] [review agiz-dis-bakimi/639851157] page=4 +8 reviews (unique=32)
[2026-04-05T10:51:05.879Z] [INFO] [review agiz-dis-bakimi/513727946] page=9 +1 reviews (unique=65)
[2026-04-05T10:51:05.882Z] [INFO] [REVIEW SAVED] /Users/artifact/Developer/review_ai/Review_AI/scraper_project/raw_data/agiz-dis-bakimi/513727946_reviews.json
[2026-04-05T10:51:05.893Z] [INFO] 
[REVIEW WORKER 1] starting agiz-dis-bakimi/646162009
[2026-04-05T10:51:06.107Z] [INFO] [review agiz-dis-bakimi/639851157] page=5 +3 reviews (unique=35)
[2026-04-05T10:51:06.107Z] [INFO] [REVIEW PARTIAL SAVED] /Users/artifact/Developer/review_ai/Review_AI/scraper_project/raw_data/agiz-dis-bakimi/639851157_reviews.partial.json
[2026-04-05T10:51:06.108Z] [INFO] [REVIEW SAVED] /Users/artifact/Developer/review_ai/Review_AI/scraper_project/raw_data/agiz-dis-bakimi/639851157_reviews.json
[2026-04-05T10:51:06.112Z] [INFO] 
[REVIEW WORKER 2] starting agiz-dis-bakimi/513731685
[2026-04-05T10:51:11.767Z] [INFO] 
[START REVIEW] category=agiz-dis-bakimi productId=731479169 startPage=1
[2026-04-05T10:51:11.896Z] [INFO] [review agiz-dis-bakimi/731479169] page=1 +0 reviews (unique=0)
[2026-04-05T10:51:11.897Z] [INFO] [REVIEW SAVED] /Users/artifact/Developer/review_ai/Review_AI/scraper_project/raw_data/agiz-dis-bakimi/731479169_reviews.json
[2026-04-05T10:51:11.902Z] [INFO] 
[REVIEW WORKER 3] starting agiz-dis-bakimi/730625552
[2026-04-05T10:51:13.344Z] [INFO] 
[START REVIEW] category=agiz-dis-bakimi productId=646162009 startPage=1
[2026-04-05T10:51:13.494Z] [INFO] [review agiz-dis-bakimi/646162009] page=1 +8 reviews (unique=8)
[2026-04-05T10:51:13.711Z] [INFO] 
[START REVIEW] category=agiz-dis-bakimi productId=513731685 startPage=1
[2026-04-05T10:51:14.011Z] [INFO] [review agiz-dis-bakimi/513731685] page=1 +8 reviews (unique=8)
[2026-04-05T10:51:14.143Z] [INFO] [review agiz-dis-bakimi/646162009] page=2 +8 reviews (unique=16)
[2026-04-05T10:51:14.872Z] [INFO] [review agiz-dis-bakimi/513731685] page=2 +8 reviews (unique=16)
[2026-04-05T10:51:14.918Z] [INFO] [review agiz-dis-bakimi/646162009] page=3 +8 reviews (unique=24)
[2026-04-05T10:51:14.919Z] [INFO] [REVIEW SAVED] /Users/artifact/Developer/review_ai/Review_AI/scraper_project/raw_data/agiz-dis-bakimi/646162009_reviews.json
[2026-04-05T10:51:14.925Z] [INFO] 
[REVIEW WORKER 1] starting agiz-dis-bakimi/639849055
[2026-04-05T10:51:15.761Z] [INFO] [review agiz-dis-bakimi/513731685] page=3 +8 reviews (unique=24)
[2026-04-05T10:51:15.969Z] [INFO] 
[START REVIEW] category=agiz-dis-bakimi productId=730625552 startPage=1
[2026-04-05T10:51:16.099Z] [INFO] [review agiz-dis-bakimi/730625552] page=1 +8 reviews (unique=8)
[2026-04-05T10:51:16.681Z] [INFO] [review agiz-dis-bakimi/730625552] page=2 +8 reviews (unique=16)
[2026-04-05T10:51:16.724Z] [INFO] [review agiz-dis-bakimi/513731685] page=4 +8 reviews (unique=32)
[2026-04-05T10:51:17.292Z] [INFO] [review agiz-dis-bakimi/513731685] page=5 +7 reviews (unique=39)
[2026-04-05T10:51:17.294Z] [INFO] [REVIEW PARTIAL SAVED] /Users/artifact/Developer/review_ai/Review_AI/scraper_project/raw_data/agiz-dis-bakimi/513731685_reviews.partial.json
[2026-04-05T10:51:17.295Z] [INFO] [REVIEW SAVED] /Users/artifact/Developer/review_ai/Review_AI/scraper_project/raw_data/agiz-dis-bakimi/513731685_reviews.json
[2026-04-05T10:51:17.301Z] [INFO] 
[REVIEW WORKER 2] starting agiz-dis-bakimi/532400261
[2026-04-05T10:51:17.304Z] [INFO] [review agiz-dis-bakimi/730625552] page=3 +8 reviews (unique=24)
[2026-04-05T10:51:17.903Z] [INFO] [review agiz-dis-bakimi/730625552] page=4 +8 reviews (unique=32)
[2026-04-05T10:51:18.456Z] [INFO] [review agiz-dis-bakimi/730625552] page=5 +8 reviews (unique=40)
[2026-04-05T10:51:18.457Z] [INFO] [REVIEW PARTIAL SAVED] /Users/artifact/Developer/review_ai/Review_AI/scraper_project/raw_data/agiz-dis-bakimi/730625552_reviews.partial.json
[2026-04-05T10:51:19.058Z] [INFO] [review agiz-dis-bakimi/730625552] page=6 +8 reviews (unique=48)
[2026-04-05T10:51:19.421Z] [INFO] 
[START REVIEW] category=agiz-dis-bakimi productId=639849055 startPage=1
[2026-04-05T10:51:19.605Z] [INFO] [review agiz-dis-bakimi/639849055] page=1 +8 reviews (unique=8)
[2026-04-05T10:51:19.782Z] [INFO] [review agiz-dis-bakimi/730625552] page=7 +1 reviews (unique=49)
[2026-04-05T10:51:19.784Z] [INFO] [REVIEW SAVED] /Users/artifact/Developer/review_ai/Review_AI/scraper_project/raw_data/agiz-dis-bakimi/730625552_reviews.json
[2026-04-05T10:51:19.793Z] [INFO] 
[REVIEW WORKER 3] starting agiz-dis-bakimi/576205990
[2026-04-05T10:51:20.267Z] [INFO] [review agiz-dis-bakimi/639849055] page=2 +5 reviews (unique=13)
[2026-04-05T10:51:20.267Z] [INFO] [REVIEW SAVED] /Users/artifact/Developer/review_ai/Review_AI/scraper_project/raw_data/agiz-dis-bakimi/639849055_reviews.json
[2026-04-05T10:51:20.272Z] [INFO] 
[REVIEW WORKER 1] starting agiz-dis-bakimi/701283852
[2026-04-05T10:51:20.941Z] [INFO] 
[START REVIEW] category=agiz-dis-bakimi productId=532400261 startPage=1
[2026-04-05T10:51:21.119Z] [INFO] [review agiz-dis-bakimi/532400261] page=1 +8 reviews (unique=8)
[2026-04-05T10:51:21.693Z] [INFO] [review agiz-dis-bakimi/532400261] page=2 +8 reviews (unique=16)
[2026-04-05T10:51:22.294Z] [INFO] [review agiz-dis-bakimi/532400261] page=3 +8 reviews (unique=24)
[2026-04-05T10:51:22.824Z] [INFO] [review agiz-dis-bakimi/532400261] page=4 +8 reviews (unique=32)
[2026-04-05T10:51:23.310Z] [INFO] 
[START REVIEW] category=agiz-dis-bakimi productId=576205990 startPage=1
[2026-04-05T10:51:23.454Z] [INFO] [review agiz-dis-bakimi/576205990] page=1 +3 reviews (unique=3)
[2026-04-05T10:51:23.455Z] [INFO] [REVIEW SAVED] /Users/artifact/Developer/review_ai/Review_AI/scraper_project/raw_data/agiz-dis-bakimi/576205990_reviews.json
[2026-04-05T10:51:23.459Z] [INFO] 
[REVIEW WORKER 3] starting agiz-dis-bakimi/516881327
[2026-04-05T10:51:23.479Z] [INFO] [review agiz-dis-bakimi/532400261] page=5 +8 reviews (unique=40)
[2026-04-05T10:51:23.480Z] [INFO] [REVIEW PARTIAL SAVED] /Users/artifact/Developer/review_ai/Review_AI/scraper_project/raw_data/agiz-dis-bakimi/532400261_reviews.partial.json
[2026-04-05T10:51:24.124Z] [INFO] 
[START REVIEW] category=agiz-dis-bakimi productId=701283852 startPage=1
[2026-04-05T10:51:24.247Z] [INFO] [review agiz-dis-bakimi/701283852] page=1 +5 reviews (unique=5)
[2026-04-05T10:51:24.259Z] [INFO] [REVIEW SAVED] /Users/artifact/Developer/review_ai/Review_AI/scraper_project/raw_data/agiz-dis-bakimi/701283852_reviews.json
[2026-04-05T10:51:24.271Z] [INFO] 
[REVIEW WORKER 1] starting agiz-dis-bakimi/598811024
[2026-04-05T10:51:24.362Z] [INFO] [review agiz-dis-bakimi/532400261] page=6 +8 reviews (unique=48)
[2026-04-05T10:51:24.984Z] [INFO] [review agiz-dis-bakimi/532400261] page=7 +8 reviews (unique=56)
[2026-04-05T10:51:25.662Z] [INFO] [review agiz-dis-bakimi/532400261] page=8 +8 reviews (unique=64)
[2026-04-05T10:51:26.226Z] [INFO] [review agiz-dis-bakimi/532400261] page=9 +8 reviews (unique=72)
[2026-04-05T10:51:26.858Z] [INFO] [review agiz-dis-bakimi/532400261] page=10 +8 reviews (unique=80)
[2026-04-05T10:51:26.859Z] [INFO] [REVIEW PARTIAL SAVED] /Users/artifact/Developer/review_ai/Review_AI/scraper_project/raw_data/agiz-dis-bakimi/532400261_reviews.partial.json
[2026-04-05T10:51:27.417Z] [INFO] [review agiz-dis-bakimi/532400261] page=11 +8 reviews (unique=88)
[2026-04-05T10:51:27.841Z] [INFO] 
[START REVIEW] category=agiz-dis-bakimi productId=516881327 startPage=1
[2026-04-05T10:51:28.025Z] [INFO] [review agiz-dis-bakimi/532400261] page=12 +8 reviews (unique=96)
[2026-04-05T10:51:28.048Z] [INFO] [review agiz-dis-bakimi/516881327] page=1 +8 reviews (unique=8)
[2026-04-05T10:51:28.589Z] [INFO] [review agiz-dis-bakimi/532400261] page=13 +4 reviews (unique=100)
[2026-04-05T10:51:28.590Z] [INFO] [REVIEW SAVED] /Users/artifact/Developer/review_ai/Review_AI/scraper_project/raw_data/agiz-dis-bakimi/532400261_reviews.json
[2026-04-05T10:51:28.602Z] [INFO] 
[REVIEW WORKER 2] starting agiz-dis-bakimi/523228109
[2026-04-05T10:51:28.740Z] [INFO] [review agiz-dis-bakimi/516881327] page=2 +8 reviews (unique=16)
[2026-04-05T10:51:28.809Z] [INFO] 
[START REVIEW] category=agiz-dis-bakimi productId=598811024 startPage=1
[2026-04-05T10:51:29.023Z] [INFO] [review agiz-dis-bakimi/598811024] page=1 +8 reviews (unique=8)
[2026-04-05T10:51:29.393Z] [INFO] [review agiz-dis-bakimi/516881327] page=3 +8 reviews (unique=24)
[2026-04-05T10:51:29.623Z] [INFO] [review agiz-dis-bakimi/598811024] page=2 +6 reviews (unique=14)
[2026-04-05T10:51:29.623Z] [INFO] [REVIEW SAVED] /Users/artifact/Developer/review_ai/Review_AI/scraper_project/raw_data/agiz-dis-bakimi/598811024_reviews.json
[2026-04-05T10:51:29.627Z] [INFO] 
[REVIEW WORKER 1] starting agiz-dis-bakimi/672522448
[2026-04-05T10:51:29.981Z] [INFO] [review agiz-dis-bakimi/516881327] page=4 +8 reviews (unique=32)
[2026-04-05T10:51:30.723Z] [INFO] [review agiz-dis-bakimi/516881327] page=5 +8 reviews (unique=40)
[2026-04-05T10:51:30.724Z] [INFO] [REVIEW PARTIAL SAVED] /Users/artifact/Developer/review_ai/Review_AI/scraper_project/raw_data/agiz-dis-bakimi/516881327_reviews.partial.json
[2026-04-05T10:51:31.294Z] [INFO] [review agiz-dis-bakimi/516881327] page=6 +8 reviews (unique=48)
[2026-04-05T10:51:31.796Z] [INFO] 
[START REVIEW] category=agiz-dis-bakimi productId=523228109 startPage=1
[2026-04-05T10:51:31.948Z] [INFO] [review agiz-dis-bakimi/516881327] page=7 +8 reviews (unique=56)
[2026-04-05T10:51:32.303Z] [INFO] [review agiz-dis-bakimi/523228109] page=1 +8 reviews (unique=8)
[2026-04-05T10:51:32.538Z] [INFO] [review agiz-dis-bakimi/516881327] page=8 +8 reviews (unique=64)
[2026-04-05T10:51:32.802Z] [INFO] [review agiz-dis-bakimi/523228109] page=2 +8 reviews (unique=16)
[2026-04-05T10:51:33.154Z] [INFO] [review agiz-dis-bakimi/516881327] page=9 +8 reviews (unique=72)
[2026-04-05T10:51:33.323Z] [INFO] [review agiz-dis-bakimi/523228109] page=3 +8 reviews (unique=24)
[2026-04-05T10:51:33.764Z] [INFO] [review agiz-dis-bakimi/516881327] page=10 +8 reviews (unique=80)
[2026-04-05T10:51:33.766Z] [INFO] [REVIEW PARTIAL SAVED] /Users/artifact/Developer/review_ai/Review_AI/scraper_project/raw_data/agiz-dis-bakimi/516881327_reviews.partial.json
[2026-04-05T10:51:33.950Z] [INFO] 
[START REVIEW] category=agiz-dis-bakimi productId=672522448 startPage=1
[2026-04-05T10:51:34.061Z] [INFO] [review agiz-dis-bakimi/523228109] page=4 +8 reviews (unique=32)
[2026-04-05T10:51:34.152Z] [INFO] [review agiz-dis-bakimi/672522448] page=1 +5 reviews (unique=5)
[2026-04-05T10:51:34.154Z] [INFO] [REVIEW SAVED] /Users/artifact/Developer/review_ai/Review_AI/scraper_project/raw_data/agiz-dis-bakimi/672522448_reviews.json
[2026-04-05T10:51:34.165Z] [INFO] 
[REVIEW WORKER 1] starting agiz-dis-bakimi/633741440
[2026-04-05T10:51:34.428Z] [INFO] [review agiz-dis-bakimi/516881327] page=11 +8 reviews (unique=88)
[2026-04-05T10:51:34.610Z] [INFO] [review agiz-dis-bakimi/523228109] page=5 +8 reviews (unique=40)
[2026-04-05T10:51:34.610Z] [INFO] [REVIEW PARTIAL SAVED] /Users/artifact/Developer/review_ai/Review_AI/scraper_project/raw_data/agiz-dis-bakimi/523228109_reviews.partial.json
[2026-04-05T10:51:35.098Z] [INFO] [review agiz-dis-bakimi/516881327] page=12 +8 reviews (unique=96)
[2026-04-05T10:51:35.272Z] [INFO] [review agiz-dis-bakimi/523228109] page=6 +8 reviews (unique=48)
[2026-04-05T10:51:35.809Z] [INFO] [review agiz-dis-bakimi/516881327] page=13 +8 reviews (unique=104)
[2026-04-05T10:51:35.865Z] [INFO] [review agiz-dis-bakimi/523228109] page=7 +8 reviews (unique=56)
[2026-04-05T10:51:36.533Z] [INFO] [review agiz-dis-bakimi/523228109] page=8 +8 reviews (unique=64)
[2026-04-05T10:51:36.811Z] [INFO] [review agiz-dis-bakimi/516881327] page=14 +8 reviews (unique=112)
[2026-04-05T10:51:37.323Z] [INFO] [review agiz-dis-bakimi/523228109] page=9 +6 reviews (unique=70)
[2026-04-05T10:51:37.326Z] [INFO] [REVIEW SAVED] /Users/artifact/Developer/review_ai/Review_AI/scraper_project/raw_data/agiz-dis-bakimi/523228109_reviews.json
[2026-04-05T10:51:37.335Z] [INFO] 
[REVIEW WORKER 2] starting agiz-dis-bakimi/590186954
[2026-04-05T10:51:37.427Z] [INFO] [review agiz-dis-bakimi/516881327] page=15 +8 reviews (unique=120)
[2026-04-05T10:51:37.428Z] [INFO] [REVIEW PARTIAL SAVED] /Users/artifact/Developer/review_ai/Review_AI/scraper_project/raw_data/agiz-dis-bakimi/516881327_reviews.partial.json
[2026-04-05T10:51:38.007Z] [INFO] [review agiz-dis-bakimi/516881327] page=16 +8 reviews (unique=128)
[2026-04-05T10:51:38.108Z] [INFO] 
[START REVIEW] category=agiz-dis-bakimi productId=633741440 startPage=1
[2026-04-05T10:51:38.361Z] [INFO] [review agiz-dis-bakimi/633741440] page=1 +8 reviews (unique=8)
[2026-04-05T10:51:38.362Z] [INFO] [REVIEW SAVED] /Users/artifact/Developer/review_ai/Review_AI/scraper_project/raw_data/agiz-dis-bakimi/633741440_reviews.json
[2026-04-05T10:51:38.370Z] [INFO] 
[REVIEW WORKER 1] starting agiz-dis-bakimi/643776439
[2026-04-05T10:51:38.612Z] [INFO] [review agiz-dis-bakimi/516881327] page=17 +8 reviews (unique=136)
[2026-04-05T10:51:39.139Z] [INFO] [review agiz-dis-bakimi/516881327] page=18 +8 reviews (unique=144)
[2026-04-05T10:51:40.024Z] [INFO] [review agiz-dis-bakimi/516881327] page=19 +8 reviews (unique=152)
[2026-04-05T10:51:40.643Z] [INFO] [review agiz-dis-bakimi/516881327] page=20 +8 reviews (unique=160)
[2026-04-05T10:51:40.645Z] [INFO] [REVIEW PARTIAL SAVED] /Users/artifact/Developer/review_ai/Review_AI/scraper_project/raw_data/agiz-dis-bakimi/516881327_reviews.partial.json
[2026-04-05T10:51:40.925Z] [INFO] 
[START REVIEW] category=agiz-dis-bakimi productId=590186954 startPage=1
[2026-04-05T10:51:41.082Z] [INFO] [review agiz-dis-bakimi/590186954] page=1 +8 reviews (unique=8)
[2026-04-05T10:51:41.239Z] [INFO] [review agiz-dis-bakimi/516881327] page=21 +8 reviews (unique=168)
[2026-04-05T10:51:41.605Z] [INFO] [review agiz-dis-bakimi/590186954] page=2 +8 reviews (unique=16)
[2026-04-05T10:51:41.782Z] [INFO] [review agiz-dis-bakimi/516881327] page=22 +8 reviews (unique=176)
[2026-04-05T10:51:42.171Z] [INFO] [review agiz-dis-bakimi/590186954] page=3 +8 reviews (unique=24)
[2026-04-05T10:51:42.190Z] [INFO] 
[START REVIEW] category=agiz-dis-bakimi productId=643776439 startPage=1
[2026-04-05T10:51:42.452Z] [INFO] [review agiz-dis-bakimi/516881327] page=23 +8 reviews (unique=184)
[2026-04-05T10:51:42.812Z] [INFO] [review agiz-dis-bakimi/590186954] page=4 +8 reviews (unique=32)
[2026-04-05T10:51:42.991Z] [INFO] [review agiz-dis-bakimi/516881327] page=24 +8 reviews (unique=192)
[2026-04-05T10:51:43.577Z] [INFO] [review agiz-dis-bakimi/590186954] page=5 +8 reviews (unique=40)
[2026-04-05T10:51:43.579Z] [INFO] [REVIEW PARTIAL SAVED] /Users/artifact/Developer/review_ai/Review_AI/scraper_project/raw_data/agiz-dis-bakimi/590186954_reviews.partial.json
[2026-04-05T10:51:43.611Z] [INFO] [review agiz-dis-bakimi/516881327] page=25 +8 reviews (unique=200)
[2026-04-05T10:51:43.614Z] [INFO] [REVIEW PARTIAL SAVED] /Users/artifact/Developer/review_ai/Review_AI/scraper_project/raw_data/agiz-dis-bakimi/516881327_reviews.partial.json
[2026-04-05T10:51:44.125Z] [INFO] [review agiz-dis-bakimi/590186954] page=6 +1 reviews (unique=41)
[2026-04-05T10:51:44.127Z] [INFO] [REVIEW SAVED] /Users/artifact/Developer/review_ai/Review_AI/scraper_project/raw_data/agiz-dis-bakimi/590186954_reviews.json
[2026-04-05T10:51:44.137Z] [INFO] 
[REVIEW WORKER 2] starting agiz-dis-bakimi/676144485
[2026-04-05T10:51:44.302Z] [INFO] [review agiz-dis-bakimi/516881327] page=26 +3 reviews (unique=203)
[2026-04-05T10:51:44.304Z] [INFO] [REVIEW SAVED] /Users/artifact/Developer/review_ai/Review_AI/scraper_project/raw_data/agiz-dis-bakimi/516881327_reviews.json
[2026-04-05T10:51:44.309Z] [INFO] 
[REVIEW WORKER 3] starting agiz-dis-bakimi/583291629
[2026-04-05T10:51:44.660Z] [INFO] [review agiz-dis-bakimi/643776439] page=1 +8 reviews (unique=8)
[2026-04-05T10:51:44.661Z] [INFO] [REVIEW SAVED] /Users/artifact/Developer/review_ai/Review_AI/scraper_project/raw_data/agiz-dis-bakimi/643776439_reviews.json
[2026-04-05T10:51:44.675Z] [INFO] 
[REVIEW WORKER 1] starting agiz-dis-bakimi/589510921
[2026-04-05T10:51:47.979Z] [INFO] 
[START REVIEW] category=agiz-dis-bakimi productId=589510921 startPage=1
[2026-04-05T10:51:48.124Z] [INFO] [review agiz-dis-bakimi/589510921] page=1 +8 reviews (unique=8)
[2026-04-05T10:51:48.423Z] [INFO] 
[START REVIEW] category=agiz-dis-bakimi productId=676144485 startPage=1
[2026-04-05T10:51:48.861Z] [INFO] [review agiz-dis-bakimi/676144485] page=1 +8 reviews (unique=8)
[2026-04-05T10:51:48.868Z] [INFO] [review agiz-dis-bakimi/589510921] page=2 +8 reviews (unique=16)
[2026-04-05T10:51:49.452Z] [INFO] [review agiz-dis-bakimi/589510921] page=3 +8 reviews (unique=24)
[2026-04-05T10:51:49.454Z] [INFO] [review agiz-dis-bakimi/676144485] page=2 +8 reviews (unique=16)
[2026-04-05T10:51:49.463Z] [INFO] 
[START REVIEW] category=agiz-dis-bakimi productId=583291629 startPage=1
[2026-04-05T10:51:49.682Z] [INFO] [review agiz-dis-bakimi/583291629] page=1 +8 reviews (unique=8)
[2026-04-05T10:51:50.027Z] [INFO] [review agiz-dis-bakimi/589510921] page=4 +7 reviews (unique=31)
[2026-04-05T10:51:50.028Z] [INFO] [REVIEW SAVED] /Users/artifact/Developer/review_ai/Review_AI/scraper_project/raw_data/agiz-dis-bakimi/589510921_reviews.json
[2026-04-05T10:51:50.038Z] [INFO] 
[REVIEW WORKER 1] starting agiz-dis-bakimi/670332696
[2026-04-05T10:51:50.072Z] [INFO] [review agiz-dis-bakimi/676144485] page=3 +8 reviews (unique=24)
[2026-04-05T10:51:50.225Z] [INFO] [review agiz-dis-bakimi/583291629] page=2 +8 reviews (unique=16)
[2026-04-05T10:51:50.606Z] [INFO] [review agiz-dis-bakimi/676144485] page=4 +8 reviews (unique=32)
[2026-04-05T10:51:50.835Z] [INFO] [review agiz-dis-bakimi/583291629] page=3 +8 reviews (unique=24)
[2026-04-05T10:51:51.155Z] [INFO] [review agiz-dis-bakimi/676144485] page=5 +8 reviews (unique=40)
[2026-04-05T10:51:51.156Z] [INFO] [REVIEW PARTIAL SAVED] /Users/artifact/Developer/review_ai/Review_AI/scraper_project/raw_data/agiz-dis-bakimi/676144485_reviews.partial.json
[2026-04-05T10:51:51.451Z] [INFO] [review agiz-dis-bakimi/583291629] page=4 +8 reviews (unique=32)
[2026-04-05T10:51:51.873Z] [INFO] [review agiz-dis-bakimi/676144485] page=6 +8 reviews (unique=48)
[2026-04-05T10:51:52.019Z] [INFO] [review agiz-dis-bakimi/583291629] page=5 +8 reviews (unique=40)
[2026-04-05T10:51:52.020Z] [INFO] [REVIEW PARTIAL SAVED] /Users/artifact/Developer/review_ai/Review_AI/scraper_project/raw_data/agiz-dis-bakimi/583291629_reviews.partial.json
[2026-04-05T10:51:52.446Z] [INFO] [review agiz-dis-bakimi/676144485] page=7 +8 reviews (unique=56)
[2026-04-05T10:51:52.590Z] [INFO] [review agiz-dis-bakimi/583291629] page=6 +7 reviews (unique=47)
[2026-04-05T10:51:52.593Z] [INFO] [REVIEW SAVED] /Users/artifact/Developer/review_ai/Review_AI/scraper_project/raw_data/agiz-dis-bakimi/583291629_reviews.json
[2026-04-05T10:51:52.598Z] [INFO] 
[REVIEW WORKER 3] starting agiz-dis-bakimi/562255341
[2026-04-05T10:51:52.985Z] [INFO] [review agiz-dis-bakimi/676144485] page=8 +8 reviews (unique=64)
[2026-04-05T10:51:53.487Z] [INFO] [review agiz-dis-bakimi/676144485] page=9 +8 reviews (unique=72)
[2026-04-05T10:51:53.887Z] [INFO] 
[START REVIEW] category=agiz-dis-bakimi productId=670332696 startPage=1
[2026-04-05T10:51:54.130Z] [INFO] [review agiz-dis-bakimi/676144485] page=10 +8 reviews (unique=80)
[2026-04-05T10:51:54.132Z] [INFO] [REVIEW PARTIAL SAVED] /Users/artifact/Developer/review_ai/Review_AI/scraper_project/raw_data/agiz-dis-bakimi/676144485_reviews.partial.json
[2026-04-05T10:51:54.329Z] [INFO] [review agiz-dis-bakimi/670332696] page=1 +8 reviews (unique=8)
[2026-04-05T10:51:54.691Z] [INFO] [review agiz-dis-bakimi/676144485] page=11 +4 reviews (unique=84)
[2026-04-05T10:51:54.692Z] [INFO] [REVIEW SAVED] /Users/artifact/Developer/review_ai/Review_AI/scraper_project/raw_data/agiz-dis-bakimi/676144485_reviews.json
[2026-04-05T10:51:54.697Z] [INFO] 
[REVIEW WORKER 2] starting agiz-dis-bakimi/730513915
[2026-04-05T10:51:55.082Z] [INFO] [review agiz-dis-bakimi/670332696] page=2 +1 reviews (unique=9)
[2026-04-05T10:51:55.083Z] [INFO] [REVIEW SAVED] /Users/artifact/Developer/review_ai/Review_AI/scraper_project/raw_data/agiz-dis-bakimi/670332696_reviews.json
[2026-04-05T10:51:55.089Z] [INFO] 
[REVIEW WORKER 1] starting agiz-dis-bakimi/601577737
[2026-04-05T10:51:55.995Z] [INFO] 
[START REVIEW] category=agiz-dis-bakimi productId=562255341 startPage=1
[2026-04-05T10:51:56.239Z] [INFO] [review agiz-dis-bakimi/562255341] page=1 +8 reviews (unique=8)
[2026-04-05T10:51:56.806Z] [INFO] [review agiz-dis-bakimi/562255341] page=2 +8 reviews (unique=16)
[2026-04-05T10:51:57.459Z] [INFO] [review agiz-dis-bakimi/562255341] page=3 +8 reviews (unique=24)
[2026-04-05T10:51:58.025Z] [INFO] [review agiz-dis-bakimi/562255341] page=4 +8 reviews (unique=32)
[2026-04-05T10:51:58.660Z] [INFO] [review agiz-dis-bakimi/562255341] page=5 +8 reviews (unique=40)
[2026-04-05T10:51:58.661Z] [INFO] [REVIEW PARTIAL SAVED] /Users/artifact/Developer/review_ai/Review_AI/scraper_project/raw_data/agiz-dis-bakimi/562255341_reviews.partial.json
[2026-04-05T10:51:58.746Z] [INFO] 
[START REVIEW] category=agiz-dis-bakimi productId=730513915 startPage=1
[2026-04-05T10:51:59.259Z] [INFO] [review agiz-dis-bakimi/562255341] page=6 +8 reviews (unique=48)
[2026-04-05T10:51:59.279Z] [INFO] 
[START REVIEW] category=agiz-dis-bakimi productId=601577737 startPage=1
[2026-04-05T10:51:59.403Z] [INFO] [review agiz-dis-bakimi/601577737] page=1 +8 reviews (unique=8)
[2026-04-05T10:51:59.814Z] [INFO] [review agiz-dis-bakimi/562255341] page=7 +8 reviews (unique=56)
[2026-04-05T10:51:59.939Z] [INFO] [review agiz-dis-bakimi/601577737] page=2 +8 reviews (unique=16)
[2026-04-05T10:52:00.260Z] [INFO] [review agiz-dis-bakimi/730513915] page=1 +7 reviews (unique=7)
[2026-04-05T10:52:00.261Z] [INFO] [REVIEW SAVED] /Users/artifact/Developer/review_ai/Review_AI/scraper_project/raw_data/agiz-dis-bakimi/730513915_reviews.json
[2026-04-05T10:52:00.266Z] [INFO] 
[REVIEW WORKER 2] starting agiz-dis-bakimi/646162263
[2026-04-05T10:52:00.424Z] [INFO] [review agiz-dis-bakimi/562255341] page=8 +8 reviews (unique=64)
[2026-04-05T10:52:00.583Z] [INFO] [review agiz-dis-bakimi/601577737] page=3 +8 reviews (unique=24)
[2026-04-05T10:52:01.020Z] [INFO] [review agiz-dis-bakimi/562255341] page=9 +8 reviews (unique=72)
[2026-04-05T10:52:01.128Z] [INFO] [review agiz-dis-bakimi/601577737] page=4 +8 reviews (unique=32)
[2026-04-05T10:52:01.600Z] [INFO] [review agiz-dis-bakimi/562255341] page=10 +8 reviews (unique=80)
[2026-04-05T10:52:01.601Z] [INFO] [REVIEW PARTIAL SAVED] /Users/artifact/Developer/review_ai/Review_AI/scraper_project/raw_data/agiz-dis-bakimi/562255341_reviews.partial.json
[2026-04-05T10:52:01.815Z] [INFO] [review agiz-dis-bakimi/601577737] page=5 +8 reviews (unique=40)
[2026-04-05T10:52:01.816Z] [INFO] [REVIEW PARTIAL SAVED] /Users/artifact/Developer/review_ai/Review_AI/scraper_project/raw_data/agiz-dis-bakimi/601577737_reviews.partial.json
[2026-04-05T10:52:02.370Z] [INFO] [review agiz-dis-bakimi/562255341] page=11 +8 reviews (unique=88)
[2026-04-05T10:52:02.373Z] [INFO] [REVIEW SAVED] /Users/artifact/Developer/review_ai/Review_AI/scraper_project/raw_data/agiz-dis-bakimi/562255341_reviews.json
[2026-04-05T10:52:02.382Z] [INFO] 
[REVIEW WORKER 3] starting agiz-dis-bakimi/516280413
[2026-04-05T10:52:02.403Z] [INFO] [review agiz-dis-bakimi/601577737] page=6 +8 reviews (unique=48)
[2026-04-05T10:52:02.908Z] [INFO] [review agiz-dis-bakimi/601577737] page=7 +8 reviews (unique=56)
[2026-04-05T10:52:03.157Z] [INFO] 
[START REVIEW] category=agiz-dis-bakimi productId=646162263 startPage=1
[2026-04-05T10:52:03.409Z] [INFO] [review agiz-dis-bakimi/646162263] page=1 +8 reviews (unique=8)
[2026-04-05T10:52:03.556Z] [INFO] [review agiz-dis-bakimi/601577737] page=8 +8 reviews (unique=64)
[2026-04-05T10:52:03.557Z] [INFO] [REVIEW SAVED] /Users/artifact/Developer/review_ai/Review_AI/scraper_project/raw_data/agiz-dis-bakimi/601577737_reviews.json
[2026-04-05T10:52:03.569Z] [INFO] 
[REVIEW WORKER 1] starting agiz-dis-bakimi/670332684
[2026-04-05T10:52:04.023Z] [INFO] [review agiz-dis-bakimi/646162263] page=2 +8 reviews (unique=16)
[2026-04-05T10:52:04.592Z] [INFO] [review agiz-dis-bakimi/646162263] page=3 +8 reviews (unique=24)
[2026-04-05T10:52:05.231Z] [INFO] [review agiz-dis-bakimi/646162263] page=4 +8 reviews (unique=32)
[2026-04-05T10:52:05.286Z] [INFO] 
[START REVIEW] category=agiz-dis-bakimi productId=516280413 startPage=1
[2026-04-05T10:52:05.501Z] [INFO] [review agiz-dis-bakimi/516280413] page=1 +8 reviews (unique=8)
[2026-04-05T10:52:05.812Z] [INFO] [review agiz-dis-bakimi/646162263] page=5 +8 reviews (unique=40)
[2026-04-05T10:52:05.813Z] [INFO] [REVIEW PARTIAL SAVED] /Users/artifact/Developer/review_ai/Review_AI/scraper_project/raw_data/agiz-dis-bakimi/646162263_reviews.partial.json
[2026-04-05T10:52:06.157Z] [INFO] [review agiz-dis-bakimi/516280413] page=2 +8 reviews (unique=16)
[2026-04-05T10:52:06.351Z] [INFO] [review agiz-dis-bakimi/646162263] page=6 +8 reviews (unique=48)
[2026-04-05T10:52:06.460Z] [INFO] 
[START REVIEW] category=agiz-dis-bakimi productId=670332684 startPage=1
[2026-04-05T10:52:06.693Z] [INFO] [review agiz-dis-bakimi/670332684] page=1 +8 reviews (unique=8)
[2026-04-05T10:52:06.694Z] [INFO] [REVIEW SAVED] /Users/artifact/Developer/review_ai/Review_AI/scraper_project/raw_data/agiz-dis-bakimi/670332684_reviews.json
[2026-04-05T10:52:06.722Z] [INFO] 
[REVIEW WORKER 1] starting agiz-dis-bakimi/513300963
[2026-04-05T10:52:06.764Z] [INFO] [review agiz-dis-bakimi/516280413] page=3 +5 reviews (unique=21)
[2026-04-05T10:52:06.766Z] [INFO] [REVIEW SAVED] /Users/artifact/Developer/review_ai/Review_AI/scraper_project/raw_data/agiz-dis-bakimi/516280413_reviews.json
[2026-04-05T10:52:06.854Z] [INFO] 
[REVIEW WORKER 3] starting agiz-dis-bakimi/646989933
[2026-04-05T10:52:06.882Z] [INFO] [review agiz-dis-bakimi/646162263] page=7 +8 reviews (unique=56)
[2026-04-05T10:52:07.414Z] [INFO] [review agiz-dis-bakimi/646162263] page=8 +8 reviews (unique=64)
[2026-04-05T10:52:07.998Z] [INFO] [review agiz-dis-bakimi/646162263] page=9 +8 reviews (unique=72)
[2026-04-05T10:52:08.654Z] [INFO] [review agiz-dis-bakimi/646162263] page=10 +8 reviews (unique=80)
[2026-04-05T10:52:08.656Z] [INFO] [REVIEW PARTIAL SAVED] /Users/artifact/Developer/review_ai/Review_AI/scraper_project/raw_data/agiz-dis-bakimi/646162263_reviews.partial.json
[2026-04-05T10:52:09.267Z] [INFO] [review agiz-dis-bakimi/646162263] page=11 +8 reviews (unique=88)
[2026-04-05T10:52:10.165Z] [INFO] 
[START REVIEW] category=agiz-dis-bakimi productId=646989933 startPage=1
[2026-04-05T10:52:10.310Z] [INFO] 
[START REVIEW] category=agiz-dis-bakimi productId=513300963 startPage=1
[2026-04-05T10:52:10.557Z] [INFO] [review agiz-dis-bakimi/646162263] page=12 +8 reviews (unique=96)
[2026-04-05T10:52:10.994Z] [INFO] [review agiz-dis-bakimi/513300963] page=1 +8 reviews (unique=8)
[2026-04-05T10:52:11.355Z] [INFO] [review agiz-dis-bakimi/646162263] page=13 +8 reviews (unique=104)
[2026-04-05T10:52:11.364Z] [INFO] [review agiz-dis-bakimi/646989933] page=1 +8 reviews (unique=8)
[2026-04-05T10:52:11.627Z] [INFO] [review agiz-dis-bakimi/513300963] page=2 +8 reviews (unique=16)
[2026-04-05T10:52:12.390Z] [INFO] [review agiz-dis-bakimi/646162263] page=14 +8 reviews (unique=112)
[2026-04-05T10:52:12.393Z] [INFO] [review agiz-dis-bakimi/646989933] page=2 +2 reviews (unique=10)
[2026-04-05T10:52:12.395Z] [INFO] [REVIEW SAVED] /Users/artifact/Developer/review_ai/Review_AI/scraper_project/raw_data/agiz-dis-bakimi/646989933_reviews.json
[2026-04-05T10:52:12.408Z] [INFO] 
[REVIEW WORKER 3] starting agiz-dis-bakimi/571538032
[2026-04-05T10:52:12.611Z] [INFO] [review agiz-dis-bakimi/513300963] page=3 +8 reviews (unique=24)
[2026-04-05T10:52:13.160Z] [INFO] [review agiz-dis-bakimi/646162263] page=15 +8 reviews (unique=120)
[2026-04-05T10:52:13.161Z] [INFO] [REVIEW PARTIAL SAVED] /Users/artifact/Developer/review_ai/Review_AI/scraper_project/raw_data/agiz-dis-bakimi/646162263_reviews.partial.json
[2026-04-05T10:52:13.210Z] [INFO] [review agiz-dis-bakimi/513300963] page=4 +8 reviews (unique=32)
[2026-04-05T10:52:13.979Z] [INFO] [review agiz-dis-bakimi/646162263] page=16 +8 reviews (unique=128)
[2026-04-05T10:52:14.004Z] [INFO] [review agiz-dis-bakimi/513300963] page=5 +8 reviews (unique=40)
[2026-04-05T10:52:14.004Z] [INFO] [REVIEW PARTIAL SAVED] /Users/artifact/Developer/review_ai/Review_AI/scraper_project/raw_data/agiz-dis-bakimi/513300963_reviews.partial.json
[2026-04-05T10:52:14.763Z] [INFO] [review agiz-dis-bakimi/646162263] page=17 +8 reviews (unique=136)
[2026-04-05T10:52:14.767Z] [INFO] [review agiz-dis-bakimi/513300963] page=6 +8 reviews (unique=48)
[2026-04-05T10:52:14.768Z] [INFO] [REVIEW SAVED] /Users/artifact/Developer/review_ai/Review_AI/scraper_project/raw_data/agiz-dis-bakimi/513300963_reviews.json
[2026-04-05T10:52:14.776Z] [INFO] 
[REVIEW WORKER 1] starting agiz-dis-bakimi/734814127
[2026-04-05T10:52:15.584Z] [INFO] [review agiz-dis-bakimi/646162263] page=18 +8 reviews (unique=144)
[2026-04-05T10:52:16.464Z] [INFO] [review agiz-dis-bakimi/646162263] page=19 +8 reviews (unique=152)
[2026-04-05T10:52:16.671Z] [INFO] 
[START REVIEW] category=agiz-dis-bakimi productId=571538032 startPage=1
[2026-04-05T10:52:17.240Z] [INFO] [review agiz-dis-bakimi/646162263] page=20 +8 reviews (unique=160)
[2026-04-05T10:52:17.242Z] [INFO] [REVIEW PARTIAL SAVED] /Users/artifact/Developer/review_ai/Review_AI/scraper_project/raw_data/agiz-dis-bakimi/646162263_reviews.partial.json
[2026-04-05T10:52:17.648Z] [INFO] [review agiz-dis-bakimi/571538032] page=1 +8 reviews (unique=8)
[2026-04-05T10:52:17.929Z] [INFO] [review agiz-dis-bakimi/646162263] page=21 +8 reviews (unique=168)
[2026-04-05T10:52:18.261Z] [INFO] [review agiz-dis-bakimi/571538032] page=2 +8 reviews (unique=16)
[2026-04-05T10:52:18.722Z] [INFO] [review agiz-dis-bakimi/646162263] page=22 +8 reviews (unique=176)
[2026-04-05T10:52:19.181Z] [INFO] [review agiz-dis-bakimi/571538032] page=3 +8 reviews (unique=24)
[2026-04-05T10:52:19.448Z] [INFO] [review agiz-dis-bakimi/646162263] page=23 +2 reviews (unique=178)
[2026-04-05T10:52:19.451Z] [INFO] [REVIEW SAVED] /Users/artifact/Developer/review_ai/Review_AI/scraper_project/raw_data/agiz-dis-bakimi/646162263_reviews.json
[2026-04-05T10:52:19.459Z] [INFO] 
[REVIEW WORKER 2] starting agiz-dis-bakimi/513107665
[2026-04-05T10:52:19.781Z] [INFO] 
[START REVIEW] category=agiz-dis-bakimi productId=734814127 startPage=1
[2026-04-05T10:52:20.083Z] [INFO] [review agiz-dis-bakimi/571538032] page=4 +2 reviews (unique=26)
[2026-04-05T10:52:20.084Z] [INFO] [REVIEW SAVED] /Users/artifact/Developer/review_ai/Review_AI/scraper_project/raw_data/agiz-dis-bakimi/571538032_reviews.json
[2026-04-05T10:52:20.092Z] [INFO] 
[REVIEW WORKER 3] starting agiz-dis-bakimi/717999726
[2026-04-05T10:52:20.627Z] [INFO] [review agiz-dis-bakimi/734814127] page=1 +8 reviews (unique=8)
[2026-04-05T10:52:21.379Z] [INFO] [review agiz-dis-bakimi/734814127] page=2 +8 reviews (unique=16)
[2026-04-05T10:52:21.979Z] [INFO] [review agiz-dis-bakimi/734814127] page=3 +5 reviews (unique=21)
[2026-04-05T10:52:21.979Z] [INFO] [REVIEW SAVED] /Users/artifact/Developer/review_ai/Review_AI/scraper_project/raw_data/agiz-dis-bakimi/734814127_reviews.json
[2026-04-05T10:52:21.985Z] [INFO] 
[REVIEW WORKER 1] starting agiz-dis-bakimi/583645346
[2026-04-05T10:52:25.214Z] [INFO] 
[START REVIEW] category=agiz-dis-bakimi productId=513107665 startPage=1
[2026-04-05T10:52:26.754Z] [INFO] [review agiz-dis-bakimi/513107665] page=1 +8 reviews (unique=8)
[2026-04-05T10:52:27.506Z] [INFO] 
[START REVIEW] category=agiz-dis-bakimi productId=717999726 startPage=1
[2026-04-05T10:52:29.281Z] [INFO] [review agiz-dis-bakimi/513107665] page=2 +8 reviews (unique=16)
[2026-04-05T10:52:29.841Z] [INFO] [review agiz-dis-bakimi/717999726] page=1 +8 reviews (unique=8)
[2026-04-05T10:52:29.846Z] [INFO] [review agiz-dis-bakimi/513107665] page=3 +8 reviews (unique=24)
[2026-04-05T10:52:30.790Z] [INFO] [review agiz-dis-bakimi/717999726] page=2 +8 reviews (unique=16)
[2026-04-05T10:52:30.817Z] [INFO] [review agiz-dis-bakimi/513107665] page=4 +8 reviews (unique=32)
[2026-04-05T10:52:31.419Z] [INFO] [review agiz-dis-bakimi/717999726] page=3 +8 reviews (unique=24)
[2026-04-05T10:52:31.573Z] [INFO] [review agiz-dis-bakimi/513107665] page=5 +8 reviews (unique=40)
[2026-04-05T10:52:31.574Z] [INFO] [REVIEW PARTIAL SAVED] /Users/artifact/Developer/review_ai/Review_AI/scraper_project/raw_data/agiz-dis-bakimi/513107665_reviews.partial.json
[2026-04-05T10:52:32.245Z] [INFO] [review agiz-dis-bakimi/717999726] page=4 +1 reviews (unique=25)
[2026-04-05T10:52:32.247Z] [INFO] [REVIEW SAVED] /Users/artifact/Developer/review_ai/Review_AI/scraper_project/raw_data/agiz-dis-bakimi/717999726_reviews.json
[2026-04-05T10:52:32.247Z] [INFO] 
[START REVIEW] category=agiz-dis-bakimi productId=583645346 startPage=1
[2026-04-05T10:52:32.251Z] [INFO] [review agiz-dis-bakimi/513107665] page=6 +1 reviews (unique=41)
[2026-04-05T10:52:32.252Z] [INFO] [REVIEW SAVED] /Users/artifact/Developer/review_ai/Review_AI/scraper_project/raw_data/agiz-dis-bakimi/513107665_reviews.json
[2026-04-05T10:52:32.258Z] [INFO] 
[REVIEW WORKER 3] starting agiz-dis-bakimi/589007572
[2026-04-05T10:52:32.281Z] [INFO] 
[REVIEW WORKER 2] starting agiz-dis-bakimi/575244504
[2026-04-05T10:52:32.817Z] [INFO] [review agiz-dis-bakimi/583645346] page=1 +2 reviews (unique=2)
[2026-04-05T10:52:32.818Z] [INFO] [REVIEW SAVED] /Users/artifact/Developer/review_ai/Review_AI/scraper_project/raw_data/agiz-dis-bakimi/583645346_reviews.json
[2026-04-05T10:52:32.826Z] [INFO] 
[REVIEW WORKER 1] starting agiz-dis-bakimi/647407239
[2026-04-05T10:52:38.034Z] [INFO] 
[START REVIEW] category=agiz-dis-bakimi productId=575244504 startPage=1
[2026-04-05T10:52:38.093Z] [INFO] 
[START REVIEW] category=agiz-dis-bakimi productId=589007572 startPage=1
[2026-04-05T10:52:38.656Z] [INFO] 
[START REVIEW] category=agiz-dis-bakimi productId=647407239 startPage=1
[2026-04-05T10:52:38.701Z] [INFO] [review agiz-dis-bakimi/589007572] page=1 +3 reviews (unique=3)
[2026-04-05T10:52:38.701Z] [INFO] [REVIEW SAVED] /Users/artifact/Developer/review_ai/Review_AI/scraper_project/raw_data/agiz-dis-bakimi/589007572_reviews.json
[2026-04-05T10:52:38.703Z] [INFO] [review agiz-dis-bakimi/575244504] page=1 +2 reviews (unique=2)
[2026-04-05T10:52:38.704Z] [INFO] [REVIEW SAVED] /Users/artifact/Developer/review_ai/Review_AI/scraper_project/raw_data/agiz-dis-bakimi/575244504_reviews.json
[2026-04-05T10:52:38.710Z] [INFO] 
[REVIEW WORKER 3] starting agiz-dis-bakimi/632820106
[2026-04-05T10:52:38.713Z] [INFO] 
[REVIEW WORKER 2] starting agiz-dis-bakimi/728898849
[2026-04-05T10:52:39.469Z] [INFO] [review agiz-dis-bakimi/647407239] page=1 +8 reviews (unique=8)
[2026-04-05T10:52:40.679Z] [INFO] [review agiz-dis-bakimi/647407239] page=2 +8 reviews (unique=16)
[2026-04-05T10:52:42.207Z] [INFO] [review agiz-dis-bakimi/647407239] page=3 +8 reviews (unique=24)
[2026-04-05T10:52:43.049Z] [INFO] [review agiz-dis-bakimi/647407239] page=4 +8 reviews (unique=32)
[2026-04-05T10:52:43.731Z] [INFO] [review agiz-dis-bakimi/647407239] page=5 +8 reviews (unique=40)
[2026-04-05T10:52:43.733Z] [INFO] [REVIEW PARTIAL SAVED] /Users/artifact/Developer/review_ai/Review_AI/scraper_project/raw_data/agiz-dis-bakimi/647407239_reviews.partial.json
[2026-04-05T10:52:44.554Z] [INFO] [review agiz-dis-bakimi/647407239] page=6 +8 reviews (unique=48)
[2026-04-05T10:52:45.161Z] [INFO] 
[START REVIEW] category=agiz-dis-bakimi productId=632820106 startPage=1
[2026-04-05T10:52:45.656Z] [INFO] [review agiz-dis-bakimi/647407239] page=7 +6 reviews (unique=54)
[2026-04-05T10:52:45.658Z] [INFO] [REVIEW SAVED] /Users/artifact/Developer/review_ai/Review_AI/scraper_project/raw_data/agiz-dis-bakimi/647407239_reviews.json
[2026-04-05T10:52:45.667Z] [INFO] 
[REVIEW WORKER 1] starting agiz-dis-bakimi/725067779
[2026-04-05T10:52:45.757Z] [INFO] 
[START REVIEW] category=agiz-dis-bakimi productId=728898849 startPage=1
[2026-04-05T10:52:46.042Z] [INFO] [review agiz-dis-bakimi/632820106] page=1 +8 reviews (unique=8)
[2026-04-05T10:52:46.573Z] [INFO] [review agiz-dis-bakimi/728898849] page=1 +8 reviews (unique=8)
[2026-04-05T10:52:47.027Z] [INFO] [review agiz-dis-bakimi/632820106] page=2 +8 reviews (unique=16)
[2026-04-05T10:52:47.637Z] [INFO] [review agiz-dis-bakimi/728898849] page=2 +8 reviews (unique=16)
[2026-04-05T10:52:48.003Z] [INFO] [review agiz-dis-bakimi/632820106] page=3 +8 reviews (unique=24)
[2026-04-05T10:52:48.203Z] [INFO] [review agiz-dis-bakimi/728898849] page=3 +8 reviews (unique=24)
[2026-04-05T10:52:48.739Z] [INFO] [review agiz-dis-bakimi/632820106] page=4 +8 reviews (unique=32)
[2026-04-05T10:52:48.956Z] [INFO] [review agiz-dis-bakimi/728898849] page=4 +8 reviews (unique=32)
[2026-04-05T10:52:49.262Z] [INFO] [review agiz-dis-bakimi/632820106] page=5 +8 reviews (unique=40)
[2026-04-05T10:52:49.264Z] [INFO] [REVIEW PARTIAL SAVED] /Users/artifact/Developer/review_ai/Review_AI/scraper_project/raw_data/agiz-dis-bakimi/632820106_reviews.partial.json
[2026-04-05T10:52:49.880Z] [INFO] [review agiz-dis-bakimi/728898849] page=5 +8 reviews (unique=40)
[2026-04-05T10:52:49.881Z] [INFO] [REVIEW PARTIAL SAVED] /Users/artifact/Developer/review_ai/Review_AI/scraper_project/raw_data/agiz-dis-bakimi/728898849_reviews.partial.json
[2026-04-05T10:52:50.212Z] [INFO] [review agiz-dis-bakimi/632820106] page=6 +8 reviews (unique=48)
[2026-04-05T10:52:50.626Z] [INFO] [review agiz-dis-bakimi/728898849] page=6 +8 reviews (unique=48)
[2026-04-05T10:52:50.927Z] [INFO] [review agiz-dis-bakimi/632820106] page=7 +8 reviews (unique=56)
[2026-04-05T10:52:51.393Z] [INFO] [review agiz-dis-bakimi/728898849] page=7 +1 reviews (unique=49)
[2026-04-05T10:52:51.394Z] [INFO] [REVIEW SAVED] /Users/artifact/Developer/review_ai/Review_AI/scraper_project/raw_data/agiz-dis-bakimi/728898849_reviews.json
[2026-04-05T10:52:51.403Z] [INFO] 
[REVIEW WORKER 2] starting agiz-dis-bakimi/513259427
[2026-04-05T10:52:51.447Z] [INFO] 
[START REVIEW] category=agiz-dis-bakimi productId=725067779 startPage=1
[2026-04-05T10:52:51.817Z] [INFO] [review agiz-dis-bakimi/632820106] page=8 +2 reviews (unique=58)
[2026-04-05T10:52:51.818Z] [INFO] [REVIEW SAVED] /Users/artifact/Developer/review_ai/Review_AI/scraper_project/raw_data/agiz-dis-bakimi/632820106_reviews.json
[2026-04-05T10:52:51.825Z] [INFO] 
[REVIEW WORKER 3] starting agiz-dis-bakimi/605506178
[2026-04-05T10:52:51.842Z] [INFO] [review agiz-dis-bakimi/725067779] page=1 +1 reviews (unique=1)
[2026-04-05T10:52:51.842Z] [INFO] [REVIEW SAVED] /Users/artifact/Developer/review_ai/Review_AI/scraper_project/raw_data/agiz-dis-bakimi/725067779_reviews.json
[2026-04-05T10:52:51.911Z] [INFO] 
[REVIEW WORKER 1] starting agiz-dis-bakimi/708249217
[2026-04-05T10:52:55.771Z] [INFO] 
[START REVIEW] category=agiz-dis-bakimi productId=513259427 startPage=1
[2026-04-05T10:52:56.046Z] [INFO] [review agiz-dis-bakimi/513259427] page=1 +8 reviews (unique=8)
[2026-04-05T10:52:56.206Z] [INFO] 
[START REVIEW] category=agiz-dis-bakimi productId=605506178 startPage=1
[2026-04-05T10:52:56.302Z] [INFO] 
[START REVIEW] category=agiz-dis-bakimi productId=708249217 startPage=1
[2026-04-05T10:52:56.512Z] [INFO] [review agiz-dis-bakimi/605506178] page=1 +1 reviews (unique=1)
[2026-04-05T10:52:56.512Z] [INFO] [REVIEW SAVED] /Users/artifact/Developer/review_ai/Review_AI/scraper_project/raw_data/agiz-dis-bakimi/605506178_reviews.json
[2026-04-05T10:52:56.518Z] [INFO] 
[REVIEW WORKER 3] starting agiz-dis-bakimi/700282661
[2026-04-05T10:52:56.766Z] [INFO] [review agiz-dis-bakimi/513259427] page=2 +8 reviews (unique=16)
[2026-04-05T10:52:57.309Z] [INFO] [review agiz-dis-bakimi/708249217] page=1 +0 reviews (unique=0)
[2026-04-05T10:52:57.310Z] [INFO] [REVIEW SAVED] /Users/artifact/Developer/review_ai/Review_AI/scraper_project/raw_data/agiz-dis-bakimi/708249217_reviews.json
[2026-04-05T10:52:57.319Z] [INFO] 
[REVIEW WORKER 1] starting agiz-dis-bakimi/639470118
[2026-04-05T10:52:57.433Z] [INFO] [review agiz-dis-bakimi/513259427] page=3 +8 reviews (unique=24)
[2026-04-05T10:52:58.068Z] [INFO] [review agiz-dis-bakimi/513259427] page=4 +8 reviews (unique=32)
[2026-04-05T10:52:58.594Z] [INFO] [review agiz-dis-bakimi/513259427] page=5 +8 reviews (unique=40)
[2026-04-05T10:52:58.595Z] [INFO] [REVIEW PARTIAL SAVED] /Users/artifact/Developer/review_ai/Review_AI/scraper_project/raw_data/agiz-dis-bakimi/513259427_reviews.partial.json
[2026-04-05T10:52:59.240Z] [INFO] [review agiz-dis-bakimi/513259427] page=6 +8 reviews (unique=48)
[2026-04-05T10:52:59.823Z] [INFO] [review agiz-dis-bakimi/513259427] page=7 +8 reviews (unique=56)
[2026-04-05T10:53:00.435Z] [INFO] [review agiz-dis-bakimi/513259427] page=8 +8 reviews (unique=64)
[2026-04-05T10:53:00.505Z] [INFO] 
[START REVIEW] category=agiz-dis-bakimi productId=700282661 startPage=1
[2026-04-05T10:53:00.722Z] [INFO] [review agiz-dis-bakimi/700282661] page=1 +8 reviews (unique=8)
[2026-04-05T10:53:00.942Z] [INFO] [review agiz-dis-bakimi/513259427] page=9 +8 reviews (unique=72)
[2026-04-05T10:53:01.097Z] [INFO] 
[START REVIEW] category=agiz-dis-bakimi productId=639470118 startPage=1
[2026-04-05T10:53:01.211Z] [INFO] [review agiz-dis-bakimi/639470118] page=1 +2 reviews (unique=2)
[2026-04-05T10:53:01.212Z] [INFO] [REVIEW SAVED] /Users/artifact/Developer/review_ai/Review_AI/scraper_project/raw_data/agiz-dis-bakimi/639470118_reviews.json
[2026-04-05T10:53:01.230Z] [INFO] 
[REVIEW WORKER 1] starting agiz-dis-bakimi/589424634
[2026-04-05T10:53:01.335Z] [INFO] [review agiz-dis-bakimi/700282661] page=2 +3 reviews (unique=11)
[2026-04-05T10:53:01.337Z] [INFO] [REVIEW SAVED] /Users/artifact/Developer/review_ai/Review_AI/scraper_project/raw_data/agiz-dis-bakimi/700282661_reviews.json
[2026-04-05T10:53:01.365Z] [INFO] 
[REVIEW WORKER 3] starting agiz-dis-bakimi/736307832
[2026-04-05T10:53:01.609Z] [INFO] [review agiz-dis-bakimi/513259427] page=10 +8 reviews (unique=80)
[2026-04-05T10:53:01.610Z] [INFO] [REVIEW PARTIAL SAVED] /Users/artifact/Developer/review_ai/Review_AI/scraper_project/raw_data/agiz-dis-bakimi/513259427_reviews.partial.json
[2026-04-05T10:53:02.161Z] [INFO] [review agiz-dis-bakimi/513259427] page=11 +8 reviews (unique=88)
[2026-04-05T10:53:02.685Z] [INFO] [review agiz-dis-bakimi/513259427] page=12 +8 reviews (unique=96)
[2026-04-05T10:53:03.656Z] [INFO] [review agiz-dis-bakimi/513259427] page=13 +8 reviews (unique=104)
[2026-04-05T10:53:04.224Z] [INFO] [review agiz-dis-bakimi/513259427] page=14 +8 reviews (unique=112)
[2026-04-05T10:53:04.747Z] [INFO] [review agiz-dis-bakimi/513259427] page=15 +8 reviews (unique=120)
[2026-04-05T10:53:04.748Z] [INFO] [REVIEW PARTIAL SAVED] /Users/artifact/Developer/review_ai/Review_AI/scraper_project/raw_data/agiz-dis-bakimi/513259427_reviews.partial.json
[2026-04-05T10:53:04.909Z] [INFO] 
[START REVIEW] category=agiz-dis-bakimi productId=589424634 startPage=1
[2026-04-05T10:53:05.078Z] [INFO] [review agiz-dis-bakimi/589424634] page=1 +7 reviews (unique=7)
[2026-04-05T10:53:05.079Z] [INFO] [REVIEW SAVED] /Users/artifact/Developer/review_ai/Review_AI/scraper_project/raw_data/agiz-dis-bakimi/589424634_reviews.json
[2026-04-05T10:53:05.083Z] [INFO] 
[REVIEW WORKER 1] starting agiz-dis-bakimi/582096398
[2026-04-05T10:53:05.124Z] [INFO] 
[START REVIEW] category=agiz-dis-bakimi productId=736307832 startPage=1
[2026-04-05T10:53:05.382Z] [INFO] [review agiz-dis-bakimi/736307832] page=1 +8 reviews (unique=8)
[2026-04-05T10:53:05.415Z] [INFO] [review agiz-dis-bakimi/513259427] page=16 +8 reviews (unique=128)
[2026-04-05T10:53:06.013Z] [INFO] [review agiz-dis-bakimi/736307832] page=2 +7 reviews (unique=15)
[2026-04-05T10:53:06.018Z] [INFO] [REVIEW SAVED] /Users/artifact/Developer/review_ai/Review_AI/scraper_project/raw_data/agiz-dis-bakimi/736307832_reviews.json
[2026-04-05T10:53:06.025Z] [INFO] 
[REVIEW WORKER 3] starting agiz-dis-bakimi/598810446
[2026-04-05T10:53:06.111Z] [INFO] [review agiz-dis-bakimi/513259427] page=17 +8 reviews (unique=136)
[2026-04-05T10:53:06.716Z] [INFO] [review agiz-dis-bakimi/513259427] page=18 +8 reviews (unique=144)
[2026-04-05T10:53:07.376Z] [INFO] [review agiz-dis-bakimi/513259427] page=19 +8 reviews (unique=152)
[2026-04-05T10:53:07.989Z] [INFO] [review agiz-dis-bakimi/513259427] page=20 +8 reviews (unique=160)
[2026-04-05T10:53:07.991Z] [INFO] [REVIEW PARTIAL SAVED] /Users/artifact/Developer/review_ai/Review_AI/scraper_project/raw_data/agiz-dis-bakimi/513259427_reviews.partial.json
[2026-04-05T10:53:08.296Z] [INFO] 
[START REVIEW] category=agiz-dis-bakimi productId=582096398 startPage=1
[2026-04-05T10:53:08.440Z] [INFO] [review agiz-dis-bakimi/582096398] page=1 +8 reviews (unique=8)
[2026-04-05T10:53:08.538Z] [INFO] [review agiz-dis-bakimi/513259427] page=21 +8 reviews (unique=168)
[2026-04-05T10:53:09.137Z] [INFO] [review agiz-dis-bakimi/513259427] page=22 +8 reviews (unique=176)
[2026-04-05T10:53:09.186Z] [INFO] [review agiz-dis-bakimi/582096398] page=2 +8 reviews (unique=16)
[2026-04-05T10:53:09.660Z] [INFO] [review agiz-dis-bakimi/513259427] page=23 +8 reviews (unique=184)
[2026-04-05T10:53:09.774Z] [INFO] [review agiz-dis-bakimi/582096398] page=3 +1 reviews (unique=17)
[2026-04-05T10:53:09.775Z] [INFO] [REVIEW SAVED] /Users/artifact/Developer/review_ai/Review_AI/scraper_project/raw_data/agiz-dis-bakimi/582096398_reviews.json
[2026-04-05T10:53:09.782Z] [INFO] 
[REVIEW WORKER 1] starting agiz-dis-bakimi/569356079
[2026-04-05T10:53:10.162Z] [INFO] 
[START REVIEW] category=agiz-dis-bakimi productId=598810446 startPage=1
[2026-04-05T10:53:10.211Z] [INFO] [review agiz-dis-bakimi/513259427] page=24 +8 reviews (unique=192)
[2026-04-05T10:53:10.299Z] [INFO] [review agiz-dis-bakimi/598810446] page=1 +8 reviews (unique=8)
[2026-04-05T10:53:10.783Z] [INFO] [review agiz-dis-bakimi/513259427] page=25 +8 reviews (unique=200)
[2026-04-05T10:53:10.786Z] [INFO] [REVIEW PARTIAL SAVED] /Users/artifact/Developer/review_ai/Review_AI/scraper_project/raw_data/agiz-dis-bakimi/513259427_reviews.partial.json
[2026-04-05T10:53:10.865Z] [INFO] [review agiz-dis-bakimi/598810446] page=2 +1 reviews (unique=9)
[2026-04-05T10:53:10.866Z] [INFO] [REVIEW SAVED] /Users/artifact/Developer/review_ai/Review_AI/scraper_project/raw_data/agiz-dis-bakimi/598810446_reviews.json
[2026-04-05T10:53:10.871Z] [INFO] 
[REVIEW WORKER 3] starting agiz-dis-bakimi/593889030
[2026-04-05T10:53:11.349Z] [INFO] [review agiz-dis-bakimi/513259427] page=26 +8 reviews (unique=208)
[2026-04-05T10:53:12.146Z] [INFO] [review agiz-dis-bakimi/513259427] page=27 +8 reviews (unique=216)
[2026-04-05T10:53:12.902Z] [INFO] [review agiz-dis-bakimi/513259427] page=28 +8 reviews (unique=224)
[2026-04-05T10:53:13.491Z] [INFO] 
[START REVIEW] category=agiz-dis-bakimi productId=569356079 startPage=1
[2026-04-05T10:53:13.547Z] [INFO] [review agiz-dis-bakimi/513259427] page=29 +8 reviews (unique=232)
[2026-04-05T10:53:13.667Z] [INFO] [review agiz-dis-bakimi/569356079] page=1 +8 reviews (unique=8)
[2026-04-05T10:53:14.210Z] [INFO] [review agiz-dis-bakimi/569356079] page=2 +5 reviews (unique=13)
[2026-04-05T10:53:14.212Z] [INFO] [REVIEW SAVED] /Users/artifact/Developer/review_ai/Review_AI/scraper_project/raw_data/agiz-dis-bakimi/569356079_reviews.json
[2026-04-05T10:53:14.219Z] [INFO] 
[REVIEW WORKER 1] starting agiz-dis-bakimi/704937958
[2026-04-05T10:53:14.464Z] [INFO] [review agiz-dis-bakimi/513259427] page=30 +8 reviews (unique=240)
[2026-04-05T10:53:14.466Z] [INFO] [REVIEW PARTIAL SAVED] /Users/artifact/Developer/review_ai/Review_AI/scraper_project/raw_data/agiz-dis-bakimi/513259427_reviews.partial.json
[2026-04-05T10:53:14.693Z] [INFO] 
[START REVIEW] category=agiz-dis-bakimi productId=593889030 startPage=1
[2026-04-05T10:53:14.819Z] [INFO] [review agiz-dis-bakimi/593889030] page=1 +6 reviews (unique=6)
[2026-04-05T10:53:14.821Z] [INFO] [REVIEW SAVED] /Users/artifact/Developer/review_ai/Review_AI/scraper_project/raw_data/agiz-dis-bakimi/593889030_reviews.json
[2026-04-05T10:53:14.837Z] [INFO] 
[REVIEW WORKER 3] starting agiz-dis-bakimi/591859906
[2026-04-05T10:53:15.005Z] [INFO] [review agiz-dis-bakimi/513259427] page=31 +8 reviews (unique=248)
[2026-04-05T10:53:15.638Z] [INFO] [review agiz-dis-bakimi/513259427] page=32 +8 reviews (unique=256)
[2026-04-05T10:53:16.294Z] [INFO] [review agiz-dis-bakimi/513259427] page=33 +8 reviews (unique=264)
[2026-04-05T10:53:16.867Z] [INFO] [review agiz-dis-bakimi/513259427] page=34 +8 reviews (unique=272)
[2026-04-05T10:53:17.856Z] [INFO] [review agiz-dis-bakimi/513259427] page=35 +8 reviews (unique=280)
[2026-04-05T10:53:17.861Z] [INFO] [REVIEW PARTIAL SAVED] /Users/artifact/Developer/review_ai/Review_AI/scraper_project/raw_data/agiz-dis-bakimi/513259427_reviews.partial.json
[2026-04-05T10:53:18.468Z] [INFO] [review agiz-dis-bakimi/513259427] page=36 +8 reviews (unique=288)
[2026-04-05T10:53:18.711Z] [INFO] 
[START REVIEW] category=agiz-dis-bakimi productId=704937958 startPage=1
[2026-04-05T10:53:19.139Z] [INFO] [review agiz-dis-bakimi/513259427] page=37 +8 reviews (unique=296)
[2026-04-05T10:53:19.277Z] [INFO] [review agiz-dis-bakimi/704937958] page=1 +1 reviews (unique=1)
[2026-04-05T10:53:19.277Z] [INFO] [REVIEW SAVED] /Users/artifact/Developer/review_ai/Review_AI/scraper_project/raw_data/agiz-dis-bakimi/704937958_reviews.json
[2026-04-05T10:53:19.281Z] [INFO] 
[REVIEW WORKER 1] starting agiz-dis-bakimi/600346061
[2026-04-05T10:53:19.691Z] [INFO] [review agiz-dis-bakimi/513259427] page=38 +8 reviews (unique=304)
[2026-04-05T10:53:20.238Z] [INFO] 
[START REVIEW] category=agiz-dis-bakimi productId=591859906 startPage=1
[2026-04-05T10:53:20.260Z] [INFO] [review agiz-dis-bakimi/513259427] page=39 +8 reviews (unique=312)
[2026-04-05T10:53:20.383Z] [INFO] [review agiz-dis-bakimi/591859906] page=1 +8 reviews (unique=8)
[2026-04-05T10:53:21.005Z] [INFO] [review agiz-dis-bakimi/513259427] page=40 +8 reviews (unique=320)
[2026-04-05T10:53:21.012Z] [INFO] [REVIEW PARTIAL SAVED] /Users/artifact/Developer/review_ai/Review_AI/scraper_project/raw_data/agiz-dis-bakimi/513259427_reviews.partial.json
[2026-04-05T10:53:21.012Z] [INFO] [review agiz-dis-bakimi/591859906] page=2 +8 reviews (unique=16)
[2026-04-05T10:53:21.613Z] [INFO] [review agiz-dis-bakimi/591859906] page=3 +8 reviews (unique=24)
[2026-04-05T10:53:21.728Z] [INFO] [review agiz-dis-bakimi/513259427] page=41 +8 reviews (unique=328)
[2026-04-05T10:53:22.217Z] [INFO] [review agiz-dis-bakimi/591859906] page=4 +8 reviews (unique=32)
[2026-04-05T10:53:22.393Z] [INFO] [review agiz-dis-bakimi/513259427] page=42 +8 reviews (unique=336)
[2026-04-05T10:53:23.006Z] [INFO] [review agiz-dis-bakimi/591859906] page=5 +8 reviews (unique=40)
[2026-04-05T10:53:23.007Z] [INFO] [REVIEW PARTIAL SAVED] /Users/artifact/Developer/review_ai/Review_AI/scraper_project/raw_data/agiz-dis-bakimi/591859906_reviews.partial.json
[2026-04-05T10:53:23.315Z] [INFO] [review agiz-dis-bakimi/513259427] page=43 +8 reviews (unique=344)
[2026-04-05T10:53:23.566Z] [INFO] [review agiz-dis-bakimi/591859906] page=6 +8 reviews (unique=48)
[2026-04-05T10:53:23.954Z] [INFO] [review agiz-dis-bakimi/513259427] page=44 +8 reviews (unique=352)
[2026-04-05T10:53:24.194Z] [INFO] [review agiz-dis-bakimi/591859906] page=7 +8 reviews (unique=56)
[2026-04-05T10:53:24.220Z] [INFO] 
[START REVIEW] category=agiz-dis-bakimi productId=600346061 startPage=1
[2026-04-05T10:53:24.354Z] [INFO] [review agiz-dis-bakimi/600346061] page=1 +8 reviews (unique=8)
[2026-04-05T10:53:24.756Z] [INFO] [review agiz-dis-bakimi/513259427] page=45 +8 reviews (unique=360)
[2026-04-05T10:53:24.761Z] [INFO] [REVIEW PARTIAL SAVED] /Users/artifact/Developer/review_ai/Review_AI/scraper_project/raw_data/agiz-dis-bakimi/513259427_reviews.partial.json
[2026-04-05T10:53:24.916Z] [INFO] [review agiz-dis-bakimi/591859906] page=8 +8 reviews (unique=64)
[2026-04-05T10:53:24.924Z] [INFO] [review agiz-dis-bakimi/600346061] page=2 +1 reviews (unique=9)
[2026-04-05T10:53:24.926Z] [INFO] [REVIEW SAVED] /Users/artifact/Developer/review_ai/Review_AI/scraper_project/raw_data/agiz-dis-bakimi/600346061_reviews.json
[2026-04-05T10:53:24.940Z] [INFO] 
[REVIEW WORKER 1] starting agiz-dis-bakimi/654910892
[2026-04-05T10:53:25.373Z] [INFO] [review agiz-dis-bakimi/513259427] page=46 +8 reviews (unique=368)
[2026-04-05T10:53:25.526Z] [INFO] [review agiz-dis-bakimi/591859906] page=9 +8 reviews (unique=72)
[2026-04-05T10:53:26.025Z] [INFO] [review agiz-dis-bakimi/513259427] page=47 +8 reviews (unique=376)
[2026-04-05T10:53:26.138Z] [INFO] [review agiz-dis-bakimi/591859906] page=10 +8 reviews (unique=80)
[2026-04-05T10:53:26.140Z] [INFO] [REVIEW PARTIAL SAVED] /Users/artifact/Developer/review_ai/Review_AI/scraper_project/raw_data/agiz-dis-bakimi/591859906_reviews.partial.json
[2026-04-05T10:53:26.661Z] [INFO] [review agiz-dis-bakimi/513259427] page=48 +8 reviews (unique=384)
[2026-04-05T10:53:26.808Z] [INFO] [review agiz-dis-bakimi/591859906] page=11 +8 reviews (unique=88)
[2026-04-05T10:53:27.348Z] [INFO] [review agiz-dis-bakimi/513259427] page=49 +8 reviews (unique=392)
[2026-04-05T10:53:27.434Z] [INFO] [review agiz-dis-bakimi/591859906] page=12 +8 reviews (unique=96)
[2026-04-05T10:53:27.957Z] [INFO] [review agiz-dis-bakimi/591859906] page=13 +8 reviews (unique=104)
[2026-04-05T10:53:28.231Z] [INFO] 
[START REVIEW] category=agiz-dis-bakimi productId=654910892 startPage=1
[2026-04-05T10:53:28.239Z] [INFO] [review agiz-dis-bakimi/513259427] page=50 +8 reviews (unique=400)
[2026-04-05T10:53:28.242Z] [INFO] [REVIEW PARTIAL SAVED] /Users/artifact/Developer/review_ai/Review_AI/scraper_project/raw_data/agiz-dis-bakimi/513259427_reviews.partial.json
[2026-04-05T10:53:28.371Z] [INFO] [review agiz-dis-bakimi/654910892] page=1 +1 reviews (unique=1)
[2026-04-05T10:53:28.372Z] [INFO] [REVIEW SAVED] /Users/artifact/Developer/review_ai/Review_AI/scraper_project/raw_data/agiz-dis-bakimi/654910892_reviews.json
[2026-04-05T10:53:28.377Z] [INFO] 
[REVIEW WORKER 1] starting agiz-dis-bakimi/563511217
[2026-04-05T10:53:28.758Z] [INFO] [review agiz-dis-bakimi/513259427] page=51 +8 reviews (unique=408)
[2026-04-05T10:53:29.080Z] [INFO] [review agiz-dis-bakimi/591859906] page=14 +8 reviews (unique=112)
[2026-04-05T10:53:29.397Z] [INFO] [review agiz-dis-bakimi/513259427] page=52 +8 reviews (unique=416)
[2026-04-05T10:53:29.622Z] [INFO] [review agiz-dis-bakimi/591859906] page=15 +8 reviews (unique=120)
[2026-04-05T10:53:29.625Z] [INFO] [REVIEW PARTIAL SAVED] /Users/artifact/Developer/review_ai/Review_AI/scraper_project/raw_data/agiz-dis-bakimi/591859906_reviews.partial.json
[2026-04-05T10:53:30.004Z] [INFO] [review agiz-dis-bakimi/513259427] page=53 +8 reviews (unique=424)
[2026-04-05T10:53:30.208Z] [INFO] [review agiz-dis-bakimi/591859906] page=16 +8 reviews (unique=128)
[2026-04-05T10:53:30.650Z] [INFO] [review agiz-dis-bakimi/513259427] page=54 +8 reviews (unique=432)
[2026-04-05T10:53:30.700Z] [INFO] [review agiz-dis-bakimi/591859906] page=17 +8 reviews (unique=136)
[2026-04-05T10:53:31.244Z] [INFO] [review agiz-dis-bakimi/591859906] page=18 +8 reviews (unique=144)
[2026-04-05T10:53:31.305Z] [INFO] [review agiz-dis-bakimi/513259427] page=55 +8 reviews (unique=440)
[2026-04-05T10:53:31.310Z] [INFO] [REVIEW PARTIAL SAVED] /Users/artifact/Developer/review_ai/Review_AI/scraper_project/raw_data/agiz-dis-bakimi/513259427_reviews.partial.json
[2026-04-05T10:53:31.750Z] [INFO] 
[START REVIEW] category=agiz-dis-bakimi productId=563511217 startPage=1
[2026-04-05T10:53:31.826Z] [INFO] [review agiz-dis-bakimi/591859906] page=19 +8 reviews (unique=152)
[2026-04-05T10:53:31.931Z] [INFO] [review agiz-dis-bakimi/563511217] page=1 +8 reviews (unique=8)
[2026-04-05T10:53:32.028Z] [INFO] [review agiz-dis-bakimi/513259427] page=56 +8 reviews (unique=448)
[2026-04-05T10:53:32.539Z] [INFO] [review agiz-dis-bakimi/591859906] page=20 +8 reviews (unique=160)
[2026-04-05T10:53:32.544Z] [INFO] [REVIEW PARTIAL SAVED] /Users/artifact/Developer/review_ai/Review_AI/scraper_project/raw_data/agiz-dis-bakimi/591859906_reviews.partial.json
[2026-04-05T10:53:32.548Z] [INFO] [review agiz-dis-bakimi/563511217] page=2 +8 reviews (unique=16)
[2026-04-05T10:53:32.598Z] [INFO] [review agiz-dis-bakimi/513259427] page=57 +8 reviews (unique=456)
[2026-04-05T10:53:33.111Z] [INFO] [review agiz-dis-bakimi/563511217] page=3 +8 reviews (unique=24)
[2026-04-05T10:53:33.116Z] [INFO] [REVIEW SAVED] /Users/artifact/Developer/review_ai/Review_AI/scraper_project/raw_data/agiz-dis-bakimi/563511217_reviews.json
[2026-04-05T10:53:33.127Z] [INFO] 
[REVIEW WORKER 1] starting agiz-dis-bakimi/536672827
[2026-04-05T10:53:33.142Z] [INFO] [review agiz-dis-bakimi/591859906] page=21 +8 reviews (unique=168)
[2026-04-05T10:53:33.238Z] [INFO] [review agiz-dis-bakimi/513259427] page=58 +8 reviews (unique=464)
[2026-04-05T10:53:33.725Z] [INFO] [review agiz-dis-bakimi/591859906] page=22 +8 reviews (unique=176)
[2026-04-05T10:53:33.843Z] [INFO] [review agiz-dis-bakimi/513259427] page=59 +8 reviews (unique=472)
[2026-04-05T10:53:34.324Z] [INFO] [review agiz-dis-bakimi/591859906] page=23 +8 reviews (unique=184)
[2026-04-05T10:53:34.500Z] [INFO] [review agiz-dis-bakimi/513259427] page=60 +8 reviews (unique=480)
[2026-04-05T10:53:34.509Z] [INFO] [REVIEW PARTIAL SAVED] /Users/artifact/Developer/review_ai/Review_AI/scraper_project/raw_data/agiz-dis-bakimi/513259427_reviews.partial.json
[2026-04-05T10:53:34.919Z] [INFO] [review agiz-dis-bakimi/591859906] page=24 +8 reviews (unique=192)
[2026-04-05T10:53:35.367Z] [INFO] [review agiz-dis-bakimi/513259427] page=61 +8 reviews (unique=488)
[2026-04-05T10:53:35.498Z] [INFO] [review agiz-dis-bakimi/591859906] page=25 +8 reviews (unique=200)
[2026-04-05T10:53:35.500Z] [INFO] [REVIEW PARTIAL SAVED] /Users/artifact/Developer/review_ai/Review_AI/scraper_project/raw_data/agiz-dis-bakimi/591859906_reviews.partial.json
[2026-04-05T10:53:35.988Z] [INFO] [review agiz-dis-bakimi/513259427] page=62 +8 reviews (unique=496)
[2026-04-05T10:53:36.225Z] [INFO] [review agiz-dis-bakimi/591859906] page=26 +8 reviews (unique=208)
[2026-04-05T10:53:36.548Z] [INFO] 
[START REVIEW] category=agiz-dis-bakimi productId=536672827 startPage=1
[2026-04-05T10:53:36.726Z] [INFO] [review agiz-dis-bakimi/513259427] page=63 +8 reviews (unique=504)
[2026-04-05T10:53:36.847Z] [INFO] [review agiz-dis-bakimi/536672827] page=1 +8 reviews (unique=8)
[2026-04-05T10:53:36.855Z] [INFO] [review agiz-dis-bakimi/591859906] page=27 +8 reviews (unique=216)
[2026-04-05T10:53:37.281Z] [INFO] [review agiz-dis-bakimi/513259427] page=64 +8 reviews (unique=512)
[2026-04-05T10:53:37.357Z] [INFO] [review agiz-dis-bakimi/591859906] page=28 +8 reviews (unique=224)
[2026-04-05T10:53:37.380Z] [INFO] [review agiz-dis-bakimi/536672827] page=2 +8 reviews (unique=16)
[2026-04-05T10:53:37.964Z] [INFO] [review agiz-dis-bakimi/513259427] page=65 +8 reviews (unique=520)
[2026-04-05T10:53:37.974Z] [INFO] [REVIEW PARTIAL SAVED] /Users/artifact/Developer/review_ai/Review_AI/scraper_project/raw_data/agiz-dis-bakimi/513259427_reviews.partial.json
[2026-04-05T10:53:37.977Z] [INFO] [review agiz-dis-bakimi/591859906] page=29 +8 reviews (unique=232)
[2026-04-05T10:53:37.980Z] [INFO] [review agiz-dis-bakimi/536672827] page=3 +8 reviews (unique=24)
[2026-04-05T10:53:38.509Z] [INFO] [review agiz-dis-bakimi/536672827] page=4 +3 reviews (unique=27)
[2026-04-05T10:53:38.512Z] [INFO] [REVIEW SAVED] /Users/artifact/Developer/review_ai/Review_AI/scraper_project/raw_data/agiz-dis-bakimi/536672827_reviews.json
[2026-04-05T10:53:38.528Z] [INFO] 
[REVIEW WORKER 1] starting agiz-dis-bakimi/719500810
[2026-04-05T10:53:38.573Z] [INFO] [review agiz-dis-bakimi/591859906] page=30 +8 reviews (unique=240)
[2026-04-05T10:53:38.575Z] [INFO] [REVIEW PARTIAL SAVED] /Users/artifact/Developer/review_ai/Review_AI/scraper_project/raw_data/agiz-dis-bakimi/591859906_reviews.partial.json
[2026-04-05T10:53:39.143Z] [INFO] [review agiz-dis-bakimi/591859906] page=31 +8 reviews (unique=248)
[2026-04-05T10:53:39.700Z] [INFO] [review agiz-dis-bakimi/591859906] page=32 +8 reviews (unique=256)
[2026-04-05T10:53:40.296Z] [INFO] [review agiz-dis-bakimi/591859906] page=33 +8 reviews (unique=264)
[2026-04-05T10:53:41.007Z] [INFO] [review agiz-dis-bakimi/591859906] page=34 +8 reviews (unique=272)
[2026-04-05T10:53:41.525Z] [INFO] [review agiz-dis-bakimi/591859906] page=35 +8 reviews (unique=280)
[2026-04-05T10:53:41.527Z] [INFO] [REVIEW PARTIAL SAVED] /Users/artifact/Developer/review_ai/Review_AI/scraper_project/raw_data/agiz-dis-bakimi/591859906_reviews.partial.json
[2026-04-05T10:53:41.854Z] [INFO] 
[START REVIEW] category=agiz-dis-bakimi productId=719500810 startPage=1
[2026-04-05T10:53:42.035Z] [INFO] [review agiz-dis-bakimi/719500810] page=1 +0 reviews (unique=0)
[2026-04-05T10:53:42.036Z] [INFO] [REVIEW SAVED] /Users/artifact/Developer/review_ai/Review_AI/scraper_project/raw_data/agiz-dis-bakimi/719500810_reviews.json
[2026-04-05T10:53:42.040Z] [INFO] [review agiz-dis-bakimi/513259427] page=66 +8 reviews (unique=528)
[2026-04-05T10:53:42.045Z] [INFO] 
[REVIEW WORKER 1] starting agiz-dis-bakimi/647095451
[2026-04-05T10:53:42.169Z] [INFO] [review agiz-dis-bakimi/591859906] page=36 +8 reviews (unique=288)
[2026-04-05T10:53:42.570Z] [INFO] [review agiz-dis-bakimi/513259427] page=67 +8 reviews (unique=536)
[2026-04-05T10:53:42.655Z] [INFO] [review agiz-dis-bakimi/591859906] page=37 +8 reviews (unique=296)
[2026-04-05T10:53:43.161Z] [INFO] [review agiz-dis-bakimi/513259427] page=68 +8 reviews (unique=544)
[2026-04-05T10:53:43.235Z] [INFO] [review agiz-dis-bakimi/591859906] page=38 +8 reviews (unique=304)
[2026-04-05T10:53:43.864Z] [INFO] [review agiz-dis-bakimi/591859906] page=39 +8 reviews (unique=312)
[2026-04-05T10:53:43.867Z] [INFO] [review agiz-dis-bakimi/513259427] page=69 +8 reviews (unique=552)
[2026-04-05T10:53:44.395Z] [INFO] [review agiz-dis-bakimi/513259427] page=70 +8 reviews (unique=560)
[2026-04-05T10:53:44.398Z] [INFO] [REVIEW PARTIAL SAVED] /Users/artifact/Developer/review_ai/Review_AI/scraper_project/raw_data/agiz-dis-bakimi/513259427_reviews.partial.json
[2026-04-05T10:53:44.444Z] [INFO] [review agiz-dis-bakimi/591859906] page=40 +8 reviews (unique=320)
[2026-04-05T10:53:44.446Z] [INFO] [REVIEW PARTIAL SAVED] /Users/artifact/Developer/review_ai/Review_AI/scraper_project/raw_data/agiz-dis-bakimi/591859906_reviews.partial.json
[2026-04-05T10:53:44.930Z] [INFO] [review agiz-dis-bakimi/591859906] page=41 +8 reviews (unique=328)
[2026-04-05T10:53:45.110Z] [INFO] [review agiz-dis-bakimi/513259427] page=71 +8 reviews (unique=568)
[2026-04-05T10:53:45.525Z] [INFO] [review agiz-dis-bakimi/591859906] page=42 +8 reviews (unique=336)
[2026-04-05T10:53:45.697Z] [INFO] 
[START REVIEW] category=agiz-dis-bakimi productId=647095451 startPage=1
[2026-04-05T10:53:45.767Z] [INFO] [review agiz-dis-bakimi/513259427] page=72 +8 reviews (unique=576)
[2026-04-05T10:53:45.818Z] [INFO] [review agiz-dis-bakimi/647095451] page=1 +8 reviews (unique=8)
[2026-04-05T10:53:46.178Z] [INFO] [review agiz-dis-bakimi/591859906] page=43 +8 reviews (unique=344)
[2026-04-05T10:53:46.367Z] [INFO] [review agiz-dis-bakimi/513259427] page=73 +8 reviews (unique=584)
[2026-04-05T10:53:46.407Z] [INFO] [review agiz-dis-bakimi/647095451] page=2 +5 reviews (unique=13)
[2026-04-05T10:53:46.408Z] [INFO] [REVIEW SAVED] /Users/artifact/Developer/review_ai/Review_AI/scraper_project/raw_data/agiz-dis-bakimi/647095451_reviews.json
[2026-04-05T10:53:46.420Z] [INFO] 
[REVIEW WORKER 1] starting agiz-dis-bakimi/440300565
[2026-04-05T10:53:46.779Z] [INFO] [review agiz-dis-bakimi/591859906] page=44 +4 reviews (unique=348)
[2026-04-05T10:53:46.784Z] [INFO] [REVIEW SAVED] /Users/artifact/Developer/review_ai/Review_AI/scraper_project/raw_data/agiz-dis-bakimi/591859906_reviews.json
[2026-04-05T10:53:46.793Z] [INFO] 
[REVIEW WORKER 3] starting agiz-dis-bakimi/647407837
[2026-04-05T10:53:46.953Z] [INFO] [review agiz-dis-bakimi/513259427] page=74 +8 reviews (unique=592)
[2026-04-05T10:53:47.547Z] [INFO] [review agiz-dis-bakimi/513259427] page=75 +8 reviews (unique=600)
[2026-04-05T10:53:47.553Z] [INFO] [REVIEW PARTIAL SAVED] /Users/artifact/Developer/review_ai/Review_AI/scraper_project/raw_data/agiz-dis-bakimi/513259427_reviews.partial.json
[2026-04-05T10:53:48.156Z] [INFO] [review agiz-dis-bakimi/513259427] page=76 +8 reviews (unique=608)
[2026-04-05T10:53:48.845Z] [INFO] [review agiz-dis-bakimi/513259427] page=77 +8 reviews (unique=616)
[2026-04-05T10:53:49.480Z] [INFO] [review agiz-dis-bakimi/513259427] page=78 +8 reviews (unique=624)
[2026-04-05T10:53:49.584Z] [INFO] 
[START REVIEW] category=agiz-dis-bakimi productId=440300565 startPage=1
[2026-04-05T10:53:50.170Z] [INFO] [review agiz-dis-bakimi/440300565] page=1 +8 reviews (unique=8)
[2026-04-05T10:53:50.532Z] [INFO] [review agiz-dis-bakimi/513259427] page=79 +8 reviews (unique=632)
[2026-04-05T10:53:50.889Z] [INFO] [review agiz-dis-bakimi/440300565] page=2 +8 reviews (unique=16)
[2026-04-05T10:53:51.139Z] [INFO] 
[START REVIEW] category=agiz-dis-bakimi productId=647407837 startPage=1
[2026-04-05T10:53:51.279Z] [INFO] [review agiz-dis-bakimi/647407837] page=1 +8 reviews (unique=8)
[2026-04-05T10:53:51.435Z] [INFO] [review agiz-dis-bakimi/440300565] page=3 +8 reviews (unique=24)
[2026-04-05T10:53:51.459Z] [INFO] [review agiz-dis-bakimi/513259427] page=80 +8 reviews (unique=640)
[2026-04-05T10:53:51.467Z] [INFO] [REVIEW PARTIAL SAVED] /Users/artifact/Developer/review_ai/Review_AI/scraper_project/raw_data/agiz-dis-bakimi/513259427_reviews.partial.json
[2026-04-05T10:53:51.873Z] [INFO] [review agiz-dis-bakimi/647407837] page=2 +8 reviews (unique=16)
[2026-04-05T10:53:51.991Z] [INFO] [review agiz-dis-bakimi/440300565] page=4 +8 reviews (unique=32)
[2026-04-05T10:53:52.089Z] [INFO] [review agiz-dis-bakimi/513259427] page=81 +8 reviews (unique=648)
[2026-04-05T10:53:52.488Z] [INFO] [review agiz-dis-bakimi/647407837] page=3 +5 reviews (unique=21)
[2026-04-05T10:53:52.491Z] [INFO] [REVIEW SAVED] /Users/artifact/Developer/review_ai/Review_AI/scraper_project/raw_data/agiz-dis-bakimi/647407837_reviews.json
[2026-04-05T10:53:52.506Z] [INFO] 
[REVIEW WORKER 3] starting agiz-dis-bakimi/673793989
[2026-04-05T10:53:52.626Z] [INFO] [review agiz-dis-bakimi/440300565] page=5 +8 reviews (unique=40)
[2026-04-05T10:53:52.627Z] [INFO] [REVIEW PARTIAL SAVED] /Users/artifact/Developer/review_ai/Review_AI/scraper_project/raw_data/agiz-dis-bakimi/440300565_reviews.partial.json
[2026-04-05T10:53:52.657Z] [INFO] [review agiz-dis-bakimi/513259427] page=82 +8 reviews (unique=656)
[2026-04-05T10:53:53.217Z] [INFO] [review agiz-dis-bakimi/440300565] page=6 +8 reviews (unique=48)
[2026-04-05T10:53:53.260Z] [INFO] [review agiz-dis-bakimi/513259427] page=83 +8 reviews (unique=664)
[2026-04-05T10:53:53.834Z] [INFO] [review agiz-dis-bakimi/440300565] page=7 +8 reviews (unique=56)
[2026-04-05T10:53:53.889Z] [INFO] [review agiz-dis-bakimi/513259427] page=84 +8 reviews (unique=672)
[2026-04-05T10:53:54.448Z] [INFO] [review agiz-dis-bakimi/440300565] page=8 +8 reviews (unique=64)
[2026-04-05T10:53:54.559Z] [INFO] [review agiz-dis-bakimi/513259427] page=85 +8 reviews (unique=680)
[2026-04-05T10:53:54.563Z] [INFO] [REVIEW PARTIAL SAVED] /Users/artifact/Developer/review_ai/Review_AI/scraper_project/raw_data/agiz-dis-bakimi/513259427_reviews.partial.json
[2026-04-05T10:53:55.069Z] [INFO] [review agiz-dis-bakimi/440300565] page=9 +8 reviews (unique=72)
[2026-04-05T10:53:55.251Z] [INFO] [review agiz-dis-bakimi/513259427] page=86 +8 reviews (unique=688)
[2026-04-05T10:53:55.825Z] [INFO] [review agiz-dis-bakimi/440300565] page=10 +8 reviews (unique=80)
[2026-04-05T10:53:55.826Z] [INFO] [REVIEW PARTIAL SAVED] /Users/artifact/Developer/review_ai/Review_AI/scraper_project/raw_data/agiz-dis-bakimi/440300565_reviews.partial.json
[2026-04-05T10:53:55.896Z] [INFO] [review agiz-dis-bakimi/513259427] page=87 +8 reviews (unique=696)
[2026-04-05T10:53:56.446Z] [INFO] [review agiz-dis-bakimi/440300565] page=11 +8 reviews (unique=88)
[2026-04-05T10:53:56.497Z] [INFO] [review agiz-dis-bakimi/513259427] page=88 +8 reviews (unique=704)
[2026-04-05T10:53:56.590Z] [INFO] 
[START REVIEW] category=agiz-dis-bakimi productId=673793989 startPage=1
[2026-04-05T10:53:56.821Z] [INFO] [review agiz-dis-bakimi/673793989] page=1 +3 reviews (unique=3)
[2026-04-05T10:53:56.823Z] [INFO] [REVIEW SAVED] /Users/artifact/Developer/review_ai/Review_AI/scraper_project/raw_data/agiz-dis-bakimi/673793989_reviews.json
[2026-04-05T10:53:56.838Z] [INFO] 
[REVIEW WORKER 3] starting agiz-dis-bakimi/710381275
[2026-04-05T10:53:57.027Z] [INFO] [review agiz-dis-bakimi/440300565] page=12 +8 reviews (unique=96)
[2026-04-05T10:53:57.105Z] [INFO] [review agiz-dis-bakimi/513259427] page=89 +8 reviews (unique=712)
[2026-04-05T10:53:57.700Z] [INFO] [review agiz-dis-bakimi/440300565] page=13 +8 reviews (unique=104)
[2026-04-05T10:53:57.708Z] [INFO] [review agiz-dis-bakimi/513259427] page=90 +8 reviews (unique=720)
[2026-04-05T10:53:57.715Z] [INFO] [REVIEW PARTIAL SAVED] /Users/artifact/Developer/review_ai/Review_AI/scraper_project/raw_data/agiz-dis-bakimi/513259427_reviews.partial.json
[2026-04-05T10:53:58.362Z] [INFO] [review agiz-dis-bakimi/440300565] page=14 +8 reviews (unique=112)
[2026-04-05T10:53:58.368Z] [INFO] [review agiz-dis-bakimi/513259427] page=91 +8 reviews (unique=728)
[2026-04-05T10:53:58.956Z] [INFO] [review agiz-dis-bakimi/440300565] page=15 +8 reviews (unique=120)
[2026-04-05T10:53:58.958Z] [INFO] [REVIEW PARTIAL SAVED] /Users/artifact/Developer/review_ai/Review_AI/scraper_project/raw_data/agiz-dis-bakimi/440300565_reviews.partial.json
[2026-04-05T10:53:59.120Z] [INFO] [review agiz-dis-bakimi/513259427] page=92 +8 reviews (unique=736)
[2026-04-05T10:53:59.512Z] [INFO] [review agiz-dis-bakimi/440300565] page=16 +8 reviews (unique=128)
[2026-04-05T10:53:59.971Z] [INFO] [review agiz-dis-bakimi/513259427] page=93 +8 reviews (unique=744)
[2026-04-05T10:54:00.150Z] [INFO] [review agiz-dis-bakimi/440300565] page=17 +8 reviews (unique=136)
[2026-04-05T10:54:00.493Z] [INFO] 
[START REVIEW] category=agiz-dis-bakimi productId=710381275 startPage=1
[2026-04-05T10:54:00.600Z] [INFO] [review agiz-dis-bakimi/710381275] page=1 +0 reviews (unique=0)
[2026-04-05T10:54:00.601Z] [INFO] [REVIEW SAVED] /Users/artifact/Developer/review_ai/Review_AI/scraper_project/raw_data/agiz-dis-bakimi/710381275_reviews.json
[2026-04-05T10:54:00.606Z] [INFO] 
[REVIEW WORKER 3] starting agiz-dis-bakimi/733917425
[2026-04-05T10:54:00.645Z] [INFO] [review agiz-dis-bakimi/513259427] page=94 +8 reviews (unique=752)
[2026-04-05T10:54:00.881Z] [INFO] [review agiz-dis-bakimi/440300565] page=18 +8 reviews (unique=144)
[2026-04-05T10:54:01.217Z] [INFO] [review agiz-dis-bakimi/513259427] page=95 +8 reviews (unique=760)
[2026-04-05T10:54:01.227Z] [INFO] [REVIEW PARTIAL SAVED] /Users/artifact/Developer/review_ai/Review_AI/scraper_project/raw_data/agiz-dis-bakimi/513259427_reviews.partial.json
[2026-04-05T10:54:01.505Z] [INFO] [review agiz-dis-bakimi/440300565] page=19 +8 reviews (unique=152)
[2026-04-05T10:54:01.897Z] [INFO] [review agiz-dis-bakimi/513259427] page=96 +8 reviews (unique=768)
[2026-04-05T10:54:02.107Z] [INFO] [review agiz-dis-bakimi/440300565] page=20 +8 reviews (unique=160)
[2026-04-05T10:54:02.111Z] [INFO] [REVIEW PARTIAL SAVED] /Users/artifact/Developer/review_ai/Review_AI/scraper_project/raw_data/agiz-dis-bakimi/440300565_reviews.partial.json
[2026-04-05T10:54:02.510Z] [INFO] [review agiz-dis-bakimi/513259427] page=97 +8 reviews (unique=776)
[2026-04-05T10:54:02.726Z] [INFO] [review agiz-dis-bakimi/440300565] page=21 +8 reviews (unique=168)
[2026-04-05T10:54:03.050Z] [INFO] [review agiz-dis-bakimi/513259427] page=98 +1 reviews (unique=777)
[2026-04-05T10:54:03.058Z] [INFO] [REVIEW SAVED] /Users/artifact/Developer/review_ai/Review_AI/scraper_project/raw_data/agiz-dis-bakimi/513259427_reviews.json
[2026-04-05T10:54:03.065Z] [INFO] 
[REVIEW WORKER 2] starting agiz-dis-bakimi/547578833
[2026-04-05T10:54:03.372Z] [INFO] [review agiz-dis-bakimi/440300565] page=22 +8 reviews (unique=176)
[2026-04-05T10:54:03.987Z] [INFO] [review agiz-dis-bakimi/440300565] page=23 +8 reviews (unique=184)
[2026-04-05T10:54:04.461Z] [INFO] 
[START REVIEW] category=agiz-dis-bakimi productId=733917425 startPage=1
[2026-04-05T10:54:04.727Z] [INFO] [review agiz-dis-bakimi/440300565] page=24 +8 reviews (unique=192)
[2026-04-05T10:54:04.926Z] [INFO] [review agiz-dis-bakimi/733917425] page=1 +6 reviews (unique=6)
[2026-04-05T10:54:04.927Z] [INFO] [REVIEW SAVED] /Users/artifact/Developer/review_ai/Review_AI/scraper_project/raw_data/agiz-dis-bakimi/733917425_reviews.json
[2026-04-05T10:54:04.931Z] [INFO] 
[REVIEW WORKER 3] starting agiz-dis-bakimi/724793445
[2026-04-05T10:54:05.392Z] [INFO] [review agiz-dis-bakimi/440300565] page=25 +8 reviews (unique=200)
[2026-04-05T10:54:05.393Z] [INFO] [REVIEW PARTIAL SAVED] /Users/artifact/Developer/review_ai/Review_AI/scraper_project/raw_data/agiz-dis-bakimi/440300565_reviews.partial.json
[2026-04-05T10:54:05.960Z] [INFO] [review agiz-dis-bakimi/440300565] page=26 +8 reviews (unique=208)
[2026-04-05T10:54:06.603Z] [INFO] [review agiz-dis-bakimi/440300565] page=27 +8 reviews (unique=216)
[2026-04-05T10:54:06.651Z] [INFO] 
[START REVIEW] category=agiz-dis-bakimi productId=547578833 startPage=1
[2026-04-05T10:54:06.787Z] [INFO] [review agiz-dis-bakimi/547578833] page=1 +8 reviews (unique=8)
[2026-04-05T10:54:07.287Z] [INFO] [review agiz-dis-bakimi/547578833] page=2 +8 reviews (unique=16)
[2026-04-05T10:54:07.295Z] [INFO] [review agiz-dis-bakimi/440300565] page=28 +8 reviews (unique=224)
[2026-04-05T10:54:07.822Z] [INFO] [review agiz-dis-bakimi/440300565] page=29 +8 reviews (unique=232)
[2026-04-05T10:54:07.871Z] [INFO] [review agiz-dis-bakimi/547578833] page=3 +8 reviews (unique=24)
[2026-04-05T10:54:08.380Z] [INFO] [review agiz-dis-bakimi/440300565] page=30 +4 reviews (unique=236)
[2026-04-05T10:54:08.383Z] [INFO] [REVIEW PARTIAL SAVED] /Users/artifact/Developer/review_ai/Review_AI/scraper_project/raw_data/agiz-dis-bakimi/440300565_reviews.partial.json
[2026-04-05T10:54:08.385Z] [INFO] [REVIEW SAVED] /Users/artifact/Developer/review_ai/Review_AI/scraper_project/raw_data/agiz-dis-bakimi/440300565_reviews.json
[2026-04-05T10:54:08.392Z] [INFO] 
[REVIEW WORKER 1] starting agiz-dis-bakimi/648171509
[2026-04-05T10:54:08.419Z] [INFO] [review agiz-dis-bakimi/547578833] page=4 +8 reviews (unique=32)
[2026-04-05T10:54:08.954Z] [INFO] [review agiz-dis-bakimi/547578833] page=5 +8 reviews (unique=40)
[2026-04-05T10:54:08.955Z] [INFO] [REVIEW PARTIAL SAVED] /Users/artifact/Developer/review_ai/Review_AI/scraper_project/raw_data/agiz-dis-bakimi/547578833_reviews.partial.json
[2026-04-05T10:54:08.965Z] [INFO] 
[START REVIEW] category=agiz-dis-bakimi productId=724793445 startPage=1
[2026-04-05T10:54:09.078Z] [INFO] [review agiz-dis-bakimi/724793445] page=1 +2 reviews (unique=2)
[2026-04-05T10:54:09.079Z] [INFO] [REVIEW SAVED] /Users/artifact/Developer/review_ai/Review_AI/scraper_project/raw_data/agiz-dis-bakimi/724793445_reviews.json
[2026-04-05T10:54:09.092Z] [INFO] 
[REVIEW WORKER 3] starting agiz-dis-bakimi/649294628
[2026-04-05T10:54:09.486Z] [INFO] [review agiz-dis-bakimi/547578833] page=6 +8 reviews (unique=48)
[2026-04-05T10:54:10.143Z] [INFO] [review agiz-dis-bakimi/547578833] page=7 +8 reviews (unique=56)
[2026-04-05T10:54:10.710Z] [INFO] [review agiz-dis-bakimi/547578833] page=8 +8 reviews (unique=64)
[2026-04-05T10:54:11.755Z] [INFO] [review agiz-dis-bakimi/547578833] page=9 +8 reviews (unique=72)
[2026-04-05T10:54:12.092Z] [INFO] 
[START REVIEW] category=agiz-dis-bakimi productId=648171509 startPage=1
[2026-04-05T10:54:12.232Z] [INFO] [review agiz-dis-bakimi/648171509] page=1 +2 reviews (unique=2)
[2026-04-05T10:54:12.233Z] [INFO] [REVIEW SAVED] /Users/artifact/Developer/review_ai/Review_AI/scraper_project/raw_data/agiz-dis-bakimi/648171509_reviews.json
[2026-04-05T10:54:12.234Z] [INFO] [review agiz-dis-bakimi/547578833] page=10 +8 reviews (unique=80)
[2026-04-05T10:54:12.235Z] [INFO] [REVIEW PARTIAL SAVED] /Users/artifact/Developer/review_ai/Review_AI/scraper_project/raw_data/agiz-dis-bakimi/547578833_reviews.partial.json
[2026-04-05T10:54:12.239Z] [INFO] 
[REVIEW WORKER 1] starting agiz-dis-bakimi/730511541
[2026-04-05T10:54:12.403Z] [INFO] 
[START REVIEW] category=agiz-dis-bakimi productId=649294628 startPage=1
[2026-04-05T10:54:12.645Z] [INFO] [review agiz-dis-bakimi/649294628] page=1 +4 reviews (unique=4)
[2026-04-05T10:54:12.646Z] [INFO] [REVIEW SAVED] /Users/artifact/Developer/review_ai/Review_AI/scraper_project/raw_data/agiz-dis-bakimi/649294628_reviews.json
[2026-04-05T10:54:12.650Z] [INFO] 
[REVIEW WORKER 3] starting agiz-dis-bakimi/652009630
[2026-04-05T10:54:12.845Z] [INFO] [review agiz-dis-bakimi/547578833] page=11 +8 reviews (unique=88)
[2026-04-05T10:54:13.447Z] [INFO] [review agiz-dis-bakimi/547578833] page=12 +8 reviews (unique=96)
[2026-04-05T10:54:14.006Z] [INFO] [review agiz-dis-bakimi/547578833] page=13 +1 reviews (unique=97)
[2026-04-05T10:54:14.008Z] [INFO] [REVIEW SAVED] /Users/artifact/Developer/review_ai/Review_AI/scraper_project/raw_data/agiz-dis-bakimi/547578833_reviews.json
[2026-04-05T10:54:14.015Z] [INFO] 
[REVIEW WORKER 2] starting agiz-dis-bakimi/655713943
[2026-04-05T10:54:15.789Z] [INFO] 
[START REVIEW] category=agiz-dis-bakimi productId=730511541 startPage=1
[2026-04-05T10:54:16.346Z] [INFO] 
[START REVIEW] category=agiz-dis-bakimi productId=652009630 startPage=1
[2026-04-05T10:54:16.668Z] [INFO] [review agiz-dis-bakimi/652009630] page=1 +2 reviews (unique=2)
[2026-04-05T10:54:16.669Z] [INFO] [REVIEW SAVED] /Users/artifact/Developer/review_ai/Review_AI/scraper_project/raw_data/agiz-dis-bakimi/652009630_reviews.json
[2026-04-05T10:54:16.674Z] [INFO] 
[REVIEW WORKER 3] starting agiz-dis-bakimi/694892712
[2026-04-05T10:54:17.096Z] [INFO] [review agiz-dis-bakimi/730511541] page=1 +3 reviews (unique=3)
[2026-04-05T10:54:17.097Z] [INFO] [REVIEW SAVED] /Users/artifact/Developer/review_ai/Review_AI/scraper_project/raw_data/agiz-dis-bakimi/730511541_reviews.json
[2026-04-05T10:54:17.102Z] [INFO] 
[REVIEW WORKER 1] starting agiz-dis-bakimi/670332658
[2026-04-05T10:54:18.268Z] [INFO] 
[START REVIEW] category=agiz-dis-bakimi productId=655713943 startPage=1
[2026-04-05T10:54:18.505Z] [INFO] [review agiz-dis-bakimi/655713943] page=1 +1 reviews (unique=1)
[2026-04-05T10:54:18.508Z] [INFO] [REVIEW SAVED] /Users/artifact/Developer/review_ai/Review_AI/scraper_project/raw_data/agiz-dis-bakimi/655713943_reviews.json
[2026-04-05T10:54:18.517Z] [INFO] 
[REVIEW WORKER 2] starting agiz-dis-bakimi/591032636
[2026-04-05T10:54:21.096Z] [INFO] 
[START REVIEW] category=agiz-dis-bakimi productId=670332658 startPage=1
[2026-04-05T10:54:21.249Z] [INFO] [review agiz-dis-bakimi/670332658] page=1 +8 reviews (unique=8)
[2026-04-05T10:54:22.362Z] [INFO] 
[START REVIEW] category=agiz-dis-bakimi productId=694892712 startPage=1
[2026-04-05T10:54:22.505Z] [INFO] [review agiz-dis-bakimi/694892712] page=1 +8 reviews (unique=8)
[2026-04-05T10:54:22.913Z] [INFO] 
[START REVIEW] category=agiz-dis-bakimi productId=591032636 startPage=1
[2026-04-05T10:54:23.155Z] [INFO] [review agiz-dis-bakimi/694892712] page=2 +8 reviews (unique=16)
[2026-04-05T10:54:23.183Z] [INFO] [review agiz-dis-bakimi/591032636] page=1 +8 reviews (unique=8)
[2026-04-05T10:54:23.730Z] [INFO] [review agiz-dis-bakimi/694892712] page=3 +1 reviews (unique=17)
[2026-04-05T10:54:23.731Z] [INFO] [REVIEW SAVED] /Users/artifact/Developer/review_ai/Review_AI/scraper_project/raw_data/agiz-dis-bakimi/694892712_reviews.json
[2026-04-05T10:54:23.737Z] [INFO] 
[REVIEW WORKER 3] starting agiz-dis-bakimi/600609572
[2026-04-05T10:54:23.834Z] [INFO] [review agiz-dis-bakimi/591032636] page=2 +2 reviews (unique=10)
[2026-04-05T10:54:23.835Z] [INFO] [REVIEW SAVED] /Users/artifact/Developer/review_ai/Review_AI/scraper_project/raw_data/agiz-dis-bakimi/591032636_reviews.json
[2026-04-05T10:54:23.853Z] [INFO] 
[REVIEW WORKER 2] starting agiz-dis-bakimi/658798732
[2026-04-05T10:54:23.991Z] [INFO] [review agiz-dis-bakimi/670332658] page=2 +8 reviews (unique=16)
[2026-04-05T10:54:28.186Z] [INFO] 
[START REVIEW] category=agiz-dis-bakimi productId=658798732 startPage=1
[2026-04-05T10:54:29.756Z] [INFO] [review agiz-dis-bakimi/670332658] page=3 +8 reviews (unique=24)
[2026-04-05T10:54:30.018Z] [INFO] [review agiz-dis-bakimi/658798732] page=1 +5 reviews (unique=5)
[2026-04-05T10:54:30.019Z] [INFO] [REVIEW SAVED] /Users/artifact/Developer/review_ai/Review_AI/scraper_project/raw_data/agiz-dis-bakimi/658798732_reviews.json
[2026-04-05T10:54:30.037Z] [INFO] 
[REVIEW WORKER 2] starting agiz-dis-bakimi/658432821
[2026-04-05T10:54:30.213Z] [INFO] 
[START REVIEW] category=agiz-dis-bakimi productId=600609572 startPage=1
[2026-04-05T10:54:30.327Z] [INFO] [review agiz-dis-bakimi/670332658] page=4 +8 reviews (unique=32)
[2026-04-05T10:54:30.353Z] [INFO] [review agiz-dis-bakimi/600609572] page=1 +4 reviews (unique=4)
[2026-04-05T10:54:30.353Z] [INFO] [REVIEW SAVED] /Users/artifact/Developer/review_ai/Review_AI/scraper_project/raw_data/agiz-dis-bakimi/600609572_reviews.json
[2026-04-05T10:54:30.357Z] [INFO] 
[REVIEW WORKER 3] starting agiz-dis-bakimi/598807772
[2026-04-05T10:54:30.872Z] [INFO] [review agiz-dis-bakimi/670332658] page=5 +8 reviews (unique=40)
[2026-04-05T10:54:30.875Z] [INFO] [REVIEW PARTIAL SAVED] /Users/artifact/Developer/review_ai/Review_AI/scraper_project/raw_data/agiz-dis-bakimi/670332658_reviews.partial.json
[2026-04-05T10:54:31.405Z] [INFO] [review agiz-dis-bakimi/670332658] page=6 +7 reviews (unique=47)
[2026-04-05T10:54:31.408Z] [INFO] [REVIEW SAVED] /Users/artifact/Developer/review_ai/Review_AI/scraper_project/raw_data/agiz-dis-bakimi/670332658_reviews.json
[2026-04-05T10:54:31.421Z] [INFO] 
[REVIEW WORKER 1] starting agiz-dis-bakimi/733726805
[2026-04-05T10:54:33.792Z] [INFO] 
[START REVIEW] category=agiz-dis-bakimi productId=658432821 startPage=1
[2026-04-05T10:54:35.150Z] [INFO] [review agiz-dis-bakimi/658432821] page=1 +8 reviews (unique=8)
[2026-04-05T10:54:35.770Z] [INFO] [review agiz-dis-bakimi/658432821] page=2 +8 reviews (unique=16)
[2026-04-05T10:54:36.333Z] [INFO] [review agiz-dis-bakimi/658432821] page=3 +8 reviews (unique=24)
[2026-04-05T10:54:37.279Z] [INFO] [review agiz-dis-bakimi/658432821] page=4 +8 reviews (unique=32)
[2026-04-05T10:54:37.825Z] [INFO] [review agiz-dis-bakimi/658432821] page=5 +3 reviews (unique=35)
[2026-04-05T10:54:37.825Z] [INFO] [REVIEW PARTIAL SAVED] /Users/artifact/Developer/review_ai/Review_AI/scraper_project/raw_data/agiz-dis-bakimi/658432821_reviews.partial.json
[2026-04-05T10:54:37.826Z] [INFO] [REVIEW SAVED] /Users/artifact/Developer/review_ai/Review_AI/scraper_project/raw_data/agiz-dis-bakimi/658432821_reviews.json
[2026-04-05T10:54:37.831Z] [INFO] 
[REVIEW WORKER 2] starting agiz-dis-bakimi/724793597
[2026-04-05T10:54:38.606Z] [INFO] 
[START REVIEW] category=agiz-dis-bakimi productId=733726805 startPage=1
[2026-04-05T10:54:38.625Z] [INFO] 
[START REVIEW] category=agiz-dis-bakimi productId=598807772 startPage=1
[2026-04-05T10:54:38.769Z] [INFO] [review agiz-dis-bakimi/733726805] page=1 +0 reviews (unique=0)
[2026-04-05T10:54:38.772Z] [INFO] [REVIEW SAVED] /Users/artifact/Developer/review_ai/Review_AI/scraper_project/raw_data/agiz-dis-bakimi/733726805_reviews.json
[2026-04-05T10:54:38.776Z] [INFO] 
[REVIEW WORKER 1] starting agiz-dis-bakimi/705681377
[2026-04-05T10:54:40.088Z] [INFO] [review agiz-dis-bakimi/598807772] page=1 +8 reviews (unique=8)
[2026-04-05T10:54:40.845Z] [INFO] [review agiz-dis-bakimi/598807772] page=2 +3 reviews (unique=11)
[2026-04-05T10:54:40.846Z] [INFO] [REVIEW SAVED] /Users/artifact/Developer/review_ai/Review_AI/scraper_project/raw_data/agiz-dis-bakimi/598807772_reviews.json
[2026-04-05T10:54:40.852Z] [INFO] 
[REVIEW WORKER 3] starting agiz-dis-bakimi/566660360
[2026-04-05T10:54:41.793Z] [INFO] 
[START REVIEW] category=agiz-dis-bakimi productId=724793597 startPage=1
[2026-04-05T10:54:41.942Z] [INFO] [review agiz-dis-bakimi/724793597] page=1 +4 reviews (unique=4)
[2026-04-05T10:54:41.944Z] [INFO] [REVIEW SAVED] /Users/artifact/Developer/review_ai/Review_AI/scraper_project/raw_data/agiz-dis-bakimi/724793597_reviews.json
[2026-04-05T10:54:41.950Z] [INFO] 
[REVIEW WORKER 2] starting agiz-dis-bakimi/702317807
[2026-04-05T10:54:45.192Z] [INFO] 
[START REVIEW] category=agiz-dis-bakimi productId=705681377 startPage=1
[2026-04-05T10:54:45.239Z] [INFO] 
[START REVIEW] category=agiz-dis-bakimi productId=566660360 startPage=1
[2026-04-05T10:54:45.342Z] [INFO] [review agiz-dis-bakimi/705681377] page=1 +8 reviews (unique=8)
[2026-04-05T10:54:45.358Z] [INFO] [review agiz-dis-bakimi/566660360] page=1 +8 reviews (unique=8)
[2026-04-05T10:54:46.121Z] [INFO] [review agiz-dis-bakimi/705681377] page=2 +8 reviews (unique=16)
[2026-04-05T10:54:46.226Z] [INFO] [review agiz-dis-bakimi/566660360] page=2 +8 reviews (unique=16)
[2026-04-05T10:54:46.264Z] [INFO] 
[START REVIEW] category=agiz-dis-bakimi productId=702317807 startPage=1
[2026-04-05T10:54:46.381Z] [INFO] [review agiz-dis-bakimi/702317807] page=1 +2 reviews (unique=2)
[2026-04-05T10:54:46.383Z] [INFO] [REVIEW SAVED] /Users/artifact/Developer/review_ai/Review_AI/scraper_project/raw_data/agiz-dis-bakimi/702317807_reviews.json
[2026-04-05T10:54:46.389Z] [INFO] 
[REVIEW WORKER 2] starting agiz-dis-bakimi/724789990
[2026-04-05T10:54:46.671Z] [INFO] [review agiz-dis-bakimi/705681377] page=3 +8 reviews (unique=24)
[2026-04-05T10:54:46.767Z] [INFO] [review agiz-dis-bakimi/566660360] page=3 +2 reviews (unique=18)
[2026-04-05T10:54:46.769Z] [INFO] [REVIEW SAVED] /Users/artifact/Developer/review_ai/Review_AI/scraper_project/raw_data/agiz-dis-bakimi/566660360_reviews.json
[2026-04-05T10:54:46.778Z] [INFO] 
[REVIEW WORKER 3] starting agiz-dis-bakimi/600468368
[2026-04-05T10:54:47.302Z] [INFO] [review agiz-dis-bakimi/705681377] page=4 +8 reviews (unique=32)
[2026-04-05T10:54:47.859Z] [INFO] [review agiz-dis-bakimi/705681377] page=5 +8 reviews (unique=40)
[2026-04-05T10:54:47.863Z] [INFO] [REVIEW PARTIAL SAVED] /Users/artifact/Developer/review_ai/Review_AI/scraper_project/raw_data/agiz-dis-bakimi/705681377_reviews.partial.json
[2026-04-05T10:54:50.760Z] [INFO] [review agiz-dis-bakimi/705681377] page=6 +8 reviews (unique=48)
[2026-04-05T10:54:51.964Z] [INFO] 
[START REVIEW] category=agiz-dis-bakimi productId=724789990 startPage=1
[2026-04-05T10:54:52.534Z] [INFO] [review agiz-dis-bakimi/724789990] page=1 +0 reviews (unique=0)
[2026-04-05T10:54:52.535Z] [INFO] [REVIEW SAVED] /Users/artifact/Developer/review_ai/Review_AI/scraper_project/raw_data/agiz-dis-bakimi/724789990_reviews.json
[2026-04-05T10:54:52.540Z] [INFO] 
[REVIEW WORKER 2] starting agiz-dis-bakimi/607454889
[2026-04-05T10:54:53.447Z] [INFO] [review agiz-dis-bakimi/705681377] page=7 +8 reviews (unique=56)
[2026-04-05T10:54:54.601Z] [INFO] [review agiz-dis-bakimi/705681377] page=8 +8 reviews (unique=64)
[2026-04-05T10:54:54.623Z] [INFO] 
[START REVIEW] category=agiz-dis-bakimi productId=600468368 startPage=1
[2026-04-05T10:54:55.170Z] [INFO] [review agiz-dis-bakimi/600468368] page=1 +7 reviews (unique=7)
[2026-04-05T10:54:55.171Z] [INFO] [REVIEW SAVED] /Users/artifact/Developer/review_ai/Review_AI/scraper_project/raw_data/agiz-dis-bakimi/600468368_reviews.json
[2026-04-05T10:54:55.175Z] [INFO] 
[REVIEW WORKER 3] starting agiz-dis-bakimi/553590370
[2026-04-05T10:54:55.264Z] [INFO] [review agiz-dis-bakimi/705681377] page=9 +8 reviews (unique=72)
[2026-04-05T10:54:55.924Z] [INFO] [review agiz-dis-bakimi/705681377] page=10 +8 reviews (unique=80)
[2026-04-05T10:54:55.926Z] [INFO] [REVIEW PARTIAL SAVED] /Users/artifact/Developer/review_ai/Review_AI/scraper_project/raw_data/agiz-dis-bakimi/705681377_reviews.partial.json
[2026-04-05T10:54:56.446Z] [INFO] [review agiz-dis-bakimi/705681377] page=11 +8 reviews (unique=88)
[2026-04-05T10:54:56.985Z] [INFO] [review agiz-dis-bakimi/705681377] page=12 +8 reviews (unique=96)
[2026-04-05T10:54:57.738Z] [INFO] [review agiz-dis-bakimi/705681377] page=13 +8 reviews (unique=104)
[2026-04-05T10:54:58.220Z] [INFO] 
[START REVIEW] category=agiz-dis-bakimi productId=607454889 startPage=1
[2026-04-05T10:54:58.345Z] [INFO] [review agiz-dis-bakimi/705681377] page=14 +8 reviews (unique=112)
[2026-04-05T10:54:58.681Z] [INFO] [review agiz-dis-bakimi/607454889] page=1 +8 reviews (unique=8)
[2026-04-05T10:54:58.764Z] [INFO] 
[START REVIEW] category=agiz-dis-bakimi productId=553590370 startPage=1
[2026-04-05T10:54:58.991Z] [INFO] [review agiz-dis-bakimi/705681377] page=15 +8 reviews (unique=120)
[2026-04-05T10:54:58.992Z] [INFO] [REVIEW PARTIAL SAVED] /Users/artifact/Developer/review_ai/Review_AI/scraper_project/raw_data/agiz-dis-bakimi/705681377_reviews.partial.json
[2026-04-05T10:54:59.324Z] [INFO] [review agiz-dis-bakimi/553590370] page=1 +2 reviews (unique=2)
[2026-04-05T10:54:59.325Z] [INFO] [REVIEW SAVED] /Users/artifact/Developer/review_ai/Review_AI/scraper_project/raw_data/agiz-dis-bakimi/553590370_reviews.json
[2026-04-05T10:54:59.335Z] [INFO] 
[REVIEW WORKER 3] starting agiz-dis-bakimi/315521043
[2026-04-05T10:54:59.449Z] [INFO] [review agiz-dis-bakimi/607454889] page=2 +8 reviews (unique=16)
[2026-04-05T10:54:59.821Z] [INFO] [review agiz-dis-bakimi/705681377] page=16 +8 reviews (unique=128)
[2026-04-05T10:55:00.025Z] [INFO] [review agiz-dis-bakimi/607454889] page=3 +8 reviews (unique=24)
[2026-04-05T10:55:00.355Z] [INFO] [review agiz-dis-bakimi/705681377] page=17 +8 reviews (unique=136)
[2026-04-05T10:55:00.635Z] [INFO] [review agiz-dis-bakimi/607454889] page=4 +8 reviews (unique=32)
[2026-04-05T10:55:00.996Z] [INFO] [review agiz-dis-bakimi/705681377] page=18 +8 reviews (unique=144)
[2026-04-05T10:55:01.150Z] [INFO] [review agiz-dis-bakimi/607454889] page=5 +8 reviews (unique=40)
[2026-04-05T10:55:01.151Z] [INFO] [REVIEW PARTIAL SAVED] /Users/artifact/Developer/review_ai/Review_AI/scraper_project/raw_data/agiz-dis-bakimi/607454889_reviews.partial.json
[2026-04-05T10:55:01.535Z] [INFO] [review agiz-dis-bakimi/705681377] page=19 +8 reviews (unique=152)
[2026-04-05T10:55:01.823Z] [INFO] [review agiz-dis-bakimi/607454889] page=6 +8 reviews (unique=48)
[2026-04-05T10:55:02.128Z] [INFO] [review agiz-dis-bakimi/705681377] page=20 +8 reviews (unique=160)
[2026-04-05T10:55:02.130Z] [INFO] [REVIEW PARTIAL SAVED] /Users/artifact/Developer/review_ai/Review_AI/scraper_project/raw_data/agiz-dis-bakimi/705681377_reviews.partial.json
[2026-04-05T10:55:02.402Z] [INFO] [review agiz-dis-bakimi/607454889] page=7 +8 reviews (unique=56)
[2026-04-05T10:55:02.715Z] [INFO] [review agiz-dis-bakimi/705681377] page=21 +8 reviews (unique=168)
[2026-04-05T10:55:03.007Z] [INFO] [review agiz-dis-bakimi/607454889] page=8 +8 reviews (unique=64)
[2026-04-05T10:55:03.219Z] [INFO] 
[START REVIEW] category=agiz-dis-bakimi productId=315521043 startPage=1
[2026-04-05T10:55:03.260Z] [INFO] [review agiz-dis-bakimi/705681377] page=22 +5 reviews (unique=173)
[2026-04-05T10:55:03.263Z] [INFO] [REVIEW SAVED] /Users/artifact/Developer/review_ai/Review_AI/scraper_project/raw_data/agiz-dis-bakimi/705681377_reviews.json
[2026-04-05T10:55:03.274Z] [INFO] 
[REVIEW WORKER 1] starting agiz-dis-bakimi/690239227
[2026-04-05T10:55:03.369Z] [INFO] [review agiz-dis-bakimi/315521043] page=1 +8 reviews (unique=8)
[2026-04-05T10:55:03.595Z] [INFO] [review agiz-dis-bakimi/607454889] page=9 +8 reviews (unique=72)
[2026-04-05T10:55:03.991Z] [INFO] [review agiz-dis-bakimi/315521043] page=2 +8 reviews (unique=16)
[2026-04-05T10:55:04.111Z] [INFO] [review agiz-dis-bakimi/607454889] page=10 +8 reviews (unique=80)
[2026-04-05T10:55:04.113Z] [INFO] [REVIEW PARTIAL SAVED] /Users/artifact/Developer/review_ai/Review_AI/scraper_project/raw_data/agiz-dis-bakimi/607454889_reviews.partial.json
[2026-04-05T10:55:04.583Z] [INFO] [review agiz-dis-bakimi/315521043] page=3 +8 reviews (unique=24)
[2026-04-05T10:55:04.622Z] [INFO] [review agiz-dis-bakimi/607454889] page=11 +8 reviews (unique=88)
[2026-04-05T10:55:05.139Z] [INFO] [review agiz-dis-bakimi/607454889] page=12 +8 reviews (unique=96)
[2026-04-05T10:55:05.177Z] [INFO] [review agiz-dis-bakimi/315521043] page=4 +8 reviews (unique=32)
[2026-04-05T10:55:05.854Z] [INFO] [review agiz-dis-bakimi/607454889] page=13 +8 reviews (unique=104)
[2026-04-05T10:55:06.022Z] [INFO] [review agiz-dis-bakimi/315521043] page=5 +8 reviews (unique=40)
[2026-04-05T10:55:06.023Z] [INFO] [REVIEW PARTIAL SAVED] /Users/artifact/Developer/review_ai/Review_AI/scraper_project/raw_data/agiz-dis-bakimi/315521043_reviews.partial.json
[2026-04-05T10:55:06.400Z] [INFO] [review agiz-dis-bakimi/607454889] page=14 +8 reviews (unique=112)
[2026-04-05T10:55:06.547Z] [INFO] [review agiz-dis-bakimi/315521043] page=6 +8 reviews (unique=48)
[2026-04-05T10:55:07.071Z] [INFO] [review agiz-dis-bakimi/607454889] page=15 +8 reviews (unique=120)
[2026-04-05T10:55:07.073Z] [INFO] [REVIEW PARTIAL SAVED] /Users/artifact/Developer/review_ai/Review_AI/scraper_project/raw_data/agiz-dis-bakimi/607454889_reviews.partial.json
[2026-04-05T10:55:07.433Z] [INFO] [review agiz-dis-bakimi/315521043] page=7 +8 reviews (unique=56)
[2026-04-05T10:55:07.477Z] [INFO] 
[START REVIEW] category=agiz-dis-bakimi productId=690239227 startPage=1
[2026-04-05T10:55:07.594Z] [INFO] [review agiz-dis-bakimi/607454889] page=16 +8 reviews (unique=128)
[2026-04-05T10:55:07.618Z] [INFO] [review agiz-dis-bakimi/690239227] page=1 +7 reviews (unique=7)
[2026-04-05T10:55:07.619Z] [INFO] [REVIEW SAVED] /Users/artifact/Developer/review_ai/Review_AI/scraper_project/raw_data/agiz-dis-bakimi/690239227_reviews.json
[2026-04-05T10:55:07.628Z] [INFO] 
[REVIEW WORKER 1] starting agiz-dis-bakimi/651821946
[2026-04-05T10:55:08.077Z] [INFO] [review agiz-dis-bakimi/315521043] page=8 +8 reviews (unique=64)
[2026-04-05T10:55:08.244Z] [INFO] [review agiz-dis-bakimi/607454889] page=17 +8 reviews (unique=136)
[2026-04-05T10:55:08.622Z] [INFO] [review agiz-dis-bakimi/315521043] page=9 +8 reviews (unique=72)
[2026-04-05T10:55:08.819Z] [INFO] [review agiz-dis-bakimi/607454889] page=18 +8 reviews (unique=144)
[2026-04-05T10:55:09.212Z] [INFO] [review agiz-dis-bakimi/315521043] page=10 +8 reviews (unique=80)
[2026-04-05T10:55:09.215Z] [INFO] [REVIEW PARTIAL SAVED] /Users/artifact/Developer/review_ai/Review_AI/scraper_project/raw_data/agiz-dis-bakimi/315521043_reviews.partial.json
[2026-04-05T10:55:09.317Z] [INFO] [review agiz-dis-bakimi/607454889] page=19 +8 reviews (unique=152)
[2026-04-05T10:55:09.736Z] [INFO] [review agiz-dis-bakimi/315521043] page=11 +4 reviews (unique=84)
[2026-04-05T10:55:09.738Z] [INFO] [REVIEW SAVED] /Users/artifact/Developer/review_ai/Review_AI/scraper_project/raw_data/agiz-dis-bakimi/315521043_reviews.json
[2026-04-05T10:55:09.757Z] [INFO] 
[REVIEW WORKER 3] starting agiz-dis-bakimi/574121722
[2026-04-05T10:55:09.942Z] [INFO] [review agiz-dis-bakimi/607454889] page=20 +8 reviews (unique=160)
[2026-04-05T10:55:09.944Z] [INFO] [REVIEW PARTIAL SAVED] /Users/artifact/Developer/review_ai/Review_AI/scraper_project/raw_data/agiz-dis-bakimi/607454889_reviews.partial.json
[2026-04-05T10:55:10.574Z] [INFO] [review agiz-dis-bakimi/607454889] page=21 +8 reviews (unique=168)
[2026-04-05T10:55:11.057Z] [INFO] 
[START REVIEW] category=agiz-dis-bakimi productId=651821946 startPage=1
[2026-04-05T10:55:11.225Z] [INFO] [review agiz-dis-bakimi/607454889] page=22 +8 reviews (unique=176)
[2026-04-05T10:55:11.250Z] [INFO] [review agiz-dis-bakimi/651821946] page=1 +8 reviews (unique=8)
[2026-04-05T10:55:11.849Z] [INFO] [review agiz-dis-bakimi/651821946] page=2 +7 reviews (unique=15)
[2026-04-05T10:55:11.849Z] [INFO] [REVIEW SAVED] /Users/artifact/Developer/review_ai/Review_AI/scraper_project/raw_data/agiz-dis-bakimi/651821946_reviews.json
[2026-04-05T10:55:11.851Z] [INFO] [review agiz-dis-bakimi/607454889] page=23 +8 reviews (unique=184)
[2026-04-05T10:55:11.857Z] [INFO] 
[REVIEW WORKER 1] starting agiz-dis-bakimi/640671020
[2026-04-05T10:55:12.487Z] [INFO] [review agiz-dis-bakimi/607454889] page=24 +8 reviews (unique=192)
[2026-04-05T10:55:13.202Z] [INFO] [review agiz-dis-bakimi/607454889] page=25 +8 reviews (unique=200)
[2026-04-05T10:55:13.204Z] [INFO] [REVIEW PARTIAL SAVED] /Users/artifact/Developer/review_ai/Review_AI/scraper_project/raw_data/agiz-dis-bakimi/607454889_reviews.partial.json
[2026-04-05T10:55:13.729Z] [INFO] [review agiz-dis-bakimi/607454889] page=26 +5 reviews (unique=205)
[2026-04-05T10:55:13.733Z] [INFO] [REVIEW SAVED] /Users/artifact/Developer/review_ai/Review_AI/scraper_project/raw_data/agiz-dis-bakimi/607454889_reviews.json
[2026-04-05T10:55:13.742Z] [INFO] 
[REVIEW WORKER 2] starting agiz-dis-bakimi/648001369
[2026-04-05T10:55:13.779Z] [INFO] 
[START REVIEW] category=agiz-dis-bakimi productId=574121722 startPage=1
[2026-04-05T10:55:14.039Z] [INFO] [review agiz-dis-bakimi/574121722] page=1 +8 reviews (unique=8)
[2026-04-05T10:55:14.593Z] [INFO] [review agiz-dis-bakimi/574121722] page=2 +8 reviews (unique=16)
[2026-04-05T10:55:15.174Z] [INFO] [review agiz-dis-bakimi/574121722] page=3 +8 reviews (unique=24)
[2026-04-05T10:55:15.479Z] [INFO] 
[START REVIEW] category=agiz-dis-bakimi productId=640671020 startPage=1
[2026-04-05T10:55:15.705Z] [INFO] [review agiz-dis-bakimi/640671020] page=1 +6 reviews (unique=6)
[2026-04-05T10:55:15.706Z] [INFO] [REVIEW SAVED] /Users/artifact/Developer/review_ai/Review_AI/scraper_project/raw_data/agiz-dis-bakimi/640671020_reviews.json
[2026-04-05T10:55:15.711Z] [INFO] 
[REVIEW WORKER 1] starting agiz-dis-bakimi/639849829
[2026-04-05T10:55:15.796Z] [INFO] [review agiz-dis-bakimi/574121722] page=4 +8 reviews (unique=32)
[2026-04-05T10:55:16.338Z] [INFO] [review agiz-dis-bakimi/574121722] page=5 +8 reviews (unique=40)
[2026-04-05T10:55:16.340Z] [INFO] [REVIEW PARTIAL SAVED] /Users/artifact/Developer/review_ai/Review_AI/scraper_project/raw_data/agiz-dis-bakimi/574121722_reviews.partial.json
[2026-04-05T10:55:16.929Z] [INFO] [review agiz-dis-bakimi/574121722] page=6 +8 reviews (unique=48)
[2026-04-05T10:55:17.522Z] [INFO] [review agiz-dis-bakimi/574121722] page=7 +1 reviews (unique=49)
[2026-04-05T10:55:17.524Z] [INFO] [REVIEW SAVED] /Users/artifact/Developer/review_ai/Review_AI/scraper_project/raw_data/agiz-dis-bakimi/574121722_reviews.json
[2026-04-05T10:55:17.532Z] [INFO] 
[REVIEW WORKER 3] starting agiz-dis-bakimi/597213566
[2026-04-05T10:55:18.019Z] [INFO] 
[START REVIEW] category=agiz-dis-bakimi productId=648001369 startPage=1
[2026-04-05T10:55:18.165Z] [INFO] [review agiz-dis-bakimi/648001369] page=1 +6 reviews (unique=6)
[2026-04-05T10:55:18.166Z] [INFO] [REVIEW SAVED] /Users/artifact/Developer/review_ai/Review_AI/scraper_project/raw_data/agiz-dis-bakimi/648001369_reviews.json
[2026-04-05T10:55:18.170Z] [INFO] 
[REVIEW WORKER 2] starting agiz-dis-bakimi/636268619
[2026-04-05T10:55:19.110Z] [INFO] 
[START REVIEW] category=agiz-dis-bakimi productId=639849829 startPage=1
[2026-04-05T10:55:19.483Z] [INFO] [review agiz-dis-bakimi/639849829] page=1 +6 reviews (unique=6)
[2026-04-05T10:55:19.486Z] [INFO] [REVIEW SAVED] /Users/artifact/Developer/review_ai/Review_AI/scraper_project/raw_data/agiz-dis-bakimi/639849829_reviews.json
[2026-04-05T10:55:19.491Z] [INFO] 
[REVIEW WORKER 1] starting agiz-dis-bakimi/735961815
[2026-04-05T10:55:21.593Z] [INFO] 
[START REVIEW] category=agiz-dis-bakimi productId=597213566 startPage=1
[2026-04-05T10:55:21.918Z] [INFO] [review agiz-dis-bakimi/597213566] page=1 +8 reviews (unique=8)
[2026-04-05T10:55:22.135Z] [INFO] 
[START REVIEW] category=agiz-dis-bakimi productId=636268619 startPage=1
[2026-04-05T10:55:22.321Z] [INFO] [review agiz-dis-bakimi/636268619] page=1 +8 reviews (unique=8)
[2026-04-05T10:55:22.458Z] [INFO] [review agiz-dis-bakimi/597213566] page=2 +8 reviews (unique=16)
[2026-04-05T10:55:22.851Z] [INFO] [review agiz-dis-bakimi/636268619] page=2 +3 reviews (unique=11)
[2026-04-05T10:55:22.852Z] [INFO] [REVIEW SAVED] /Users/artifact/Developer/review_ai/Review_AI/scraper_project/raw_data/agiz-dis-bakimi/636268619_reviews.json
[2026-04-05T10:55:22.859Z] [INFO] 
[REVIEW WORKER 2] starting agiz-dis-bakimi/550796760
[2026-04-05T10:55:23.073Z] [INFO] [review agiz-dis-bakimi/597213566] page=3 +8 reviews (unique=24)
[2026-04-05T10:55:23.723Z] [INFO] [review agiz-dis-bakimi/597213566] page=4 +8 reviews (unique=32)
[2026-04-05T10:55:24.235Z] [INFO] [review agiz-dis-bakimi/597213566] page=5 +8 reviews (unique=40)
[2026-04-05T10:55:24.236Z] [INFO] [REVIEW PARTIAL SAVED] /Users/artifact/Developer/review_ai/Review_AI/scraper_project/raw_data/agiz-dis-bakimi/597213566_reviews.partial.json
[2026-04-05T10:55:24.344Z] [INFO] 
[START REVIEW] category=agiz-dis-bakimi productId=735961815 startPage=1
[2026-04-05T10:55:24.458Z] [INFO] [review agiz-dis-bakimi/735961815] page=1 +0 reviews (unique=0)
[2026-04-05T10:55:24.458Z] [INFO] [REVIEW SAVED] /Users/artifact/Developer/review_ai/Review_AI/scraper_project/raw_data/agiz-dis-bakimi/735961815_reviews.json
[2026-04-05T10:55:24.463Z] [INFO] 
[REVIEW WORKER 1] starting agiz-dis-bakimi/646974781
[2026-04-05T10:55:24.867Z] [INFO] [review agiz-dis-bakimi/597213566] page=6 +8 reviews (unique=48)
[2026-04-05T10:55:25.433Z] [INFO] [review agiz-dis-bakimi/597213566] page=7 +8 reviews (unique=56)
[2026-04-05T10:55:25.762Z] [INFO] 
[START REVIEW] category=agiz-dis-bakimi productId=550796760 startPage=1
[2026-04-05T10:55:25.929Z] [INFO] [review agiz-dis-bakimi/597213566] page=8 +8 reviews (unique=64)
[2026-04-05T10:55:26.485Z] [INFO] [review agiz-dis-bakimi/550796760] page=1 +8 reviews (unique=8)
[2026-04-05T10:55:26.573Z] [INFO] [review agiz-dis-bakimi/597213566] page=9 +8 reviews (unique=72)
[2026-04-05T10:55:27.035Z] [INFO] [review agiz-dis-bakimi/550796760] page=2 +8 reviews (unique=16)
[2026-04-05T10:55:27.056Z] [INFO] [review agiz-dis-bakimi/597213566] page=10 +8 reviews (unique=80)
[2026-04-05T10:55:27.057Z] [INFO] [REVIEW PARTIAL SAVED] /Users/artifact/Developer/review_ai/Review_AI/scraper_project/raw_data/agiz-dis-bakimi/597213566_reviews.partial.json
[2026-04-05T10:55:27.583Z] [INFO] [review agiz-dis-bakimi/597213566] page=11 +8 reviews (unique=88)
[2026-04-05T10:55:27.597Z] [INFO] [review agiz-dis-bakimi/550796760] page=3 +8 reviews (unique=24)
[2026-04-05T10:55:27.705Z] [INFO] 
[START REVIEW] category=agiz-dis-bakimi productId=646974781 startPage=1
[2026-04-05T10:55:27.967Z] [INFO] [review agiz-dis-bakimi/646974781] page=1 +8 reviews (unique=8)
[2026-04-05T10:55:28.144Z] [INFO] [review agiz-dis-bakimi/597213566] page=12 +8 reviews (unique=96)
[2026-04-05T10:55:28.498Z] [INFO] [review agiz-dis-bakimi/646974781] page=2 +8 reviews (unique=16)
[2026-04-05T10:55:28.660Z] [INFO] [review agiz-dis-bakimi/550796760] page=4 +8 reviews (unique=32)
[2026-04-05T10:55:28.669Z] [INFO] [review agiz-dis-bakimi/597213566] page=13 +8 reviews (unique=104)
[2026-04-05T10:55:29.068Z] [INFO] [review agiz-dis-bakimi/646974781] page=3 +8 reviews (unique=24)
[2026-04-05T10:55:29.189Z] [INFO] [review agiz-dis-bakimi/597213566] page=14 +8 reviews (unique=112)
[2026-04-05T10:55:29.226Z] [INFO] [review agiz-dis-bakimi/550796760] page=5 +8 reviews (unique=40)
[2026-04-05T10:55:29.227Z] [INFO] [REVIEW PARTIAL SAVED] /Users/artifact/Developer/review_ai/Review_AI/scraper_project/raw_data/agiz-dis-bakimi/550796760_reviews.partial.json
[2026-04-05T10:55:29.646Z] [INFO] [review agiz-dis-bakimi/646974781] page=4 +8 reviews (unique=32)
[2026-04-05T10:55:29.733Z] [INFO] [review agiz-dis-bakimi/550796760] page=6 +8 reviews (unique=48)
[2026-04-05T10:55:29.847Z] [INFO] [review agiz-dis-bakimi/597213566] page=15 +8 reviews (unique=120)
[2026-04-05T10:55:29.848Z] [INFO] [REVIEW PARTIAL SAVED] /Users/artifact/Developer/review_ai/Review_AI/scraper_project/raw_data/agiz-dis-bakimi/597213566_reviews.partial.json
[2026-04-05T10:55:30.231Z] [INFO] [review agiz-dis-bakimi/646974781] page=5 +8 reviews (unique=40)
[2026-04-05T10:55:30.232Z] [INFO] [REVIEW PARTIAL SAVED] /Users/artifact/Developer/review_ai/Review_AI/scraper_project/raw_data/agiz-dis-bakimi/646974781_reviews.partial.json
[2026-04-05T10:55:30.311Z] [INFO] [review agiz-dis-bakimi/550796760] page=7 +8 reviews (unique=56)
[2026-04-05T10:55:30.367Z] [INFO] [review agiz-dis-bakimi/597213566] page=16 +8 reviews (unique=128)
[2026-04-05T10:55:30.863Z] [INFO] [review agiz-dis-bakimi/646974781] page=6 +8 reviews (unique=48)
[2026-04-05T10:55:30.874Z] [INFO] [review agiz-dis-bakimi/597213566] page=17 +8 reviews (unique=136)
[2026-04-05T10:55:30.878Z] [INFO] [review agiz-dis-bakimi/550796760] page=8 +8 reviews (unique=64)
[2026-04-05T10:55:31.362Z] [INFO] [review agiz-dis-bakimi/646974781] page=7 +2 reviews (unique=50)
[2026-04-05T10:55:31.365Z] [INFO] [REVIEW SAVED] /Users/artifact/Developer/review_ai/Review_AI/scraper_project/raw_data/agiz-dis-bakimi/646974781_reviews.json
[2026-04-05T10:55:31.381Z] [INFO] 
[REVIEW WORKER 1] starting agiz-dis-bakimi/719500786
[2026-04-05T10:55:31.515Z] [INFO] [review agiz-dis-bakimi/550796760] page=9 +8 reviews (unique=72)
[2026-04-05T10:55:31.546Z] [INFO] [review agiz-dis-bakimi/597213566] page=18 +8 reviews (unique=144)
[2026-04-05T10:55:32.068Z] [INFO] [review agiz-dis-bakimi/550796760] page=10 +8 reviews (unique=80)
[2026-04-05T10:55:32.072Z] [INFO] [REVIEW PARTIAL SAVED] /Users/artifact/Developer/review_ai/Review_AI/scraper_project/raw_data/agiz-dis-bakimi/550796760_reviews.partial.json
[2026-04-05T10:55:32.177Z] [INFO] [review agiz-dis-bakimi/597213566] page=19 +1 reviews (unique=145)
[2026-04-05T10:55:32.180Z] [INFO] [REVIEW SAVED] /Users/artifact/Developer/review_ai/Review_AI/scraper_project/raw_data/agiz-dis-bakimi/597213566_reviews.json
[2026-04-05T10:55:32.187Z] [INFO] 
[REVIEW WORKER 3] starting agiz-dis-bakimi/654912728
[2026-04-05T10:55:32.639Z] [INFO] [review agiz-dis-bakimi/550796760] page=11 +8 reviews (unique=88)
[2026-04-05T10:55:33.295Z] [INFO] [review agiz-dis-bakimi/550796760] page=12 +8 reviews (unique=96)
[2026-04-05T10:55:33.842Z] [INFO] [review agiz-dis-bakimi/550796760] page=13 +8 reviews (unique=104)
[2026-04-05T10:55:34.411Z] [INFO] [review agiz-dis-bakimi/550796760] page=14 +8 reviews (unique=112)
[2026-04-05T10:55:34.815Z] [INFO] 
[START REVIEW] category=agiz-dis-bakimi productId=719500786 startPage=1
[2026-04-05T10:55:35.007Z] [INFO] [review agiz-dis-bakimi/719500786] page=1 +0 reviews (unique=0)
[2026-04-05T10:55:35.008Z] [INFO] [REVIEW SAVED] /Users/artifact/Developer/review_ai/Review_AI/scraper_project/raw_data/agiz-dis-bakimi/719500786_reviews.json
[2026-04-05T10:55:35.011Z] [INFO] [review agiz-dis-bakimi/550796760] page=15 +5 reviews (unique=117)
[2026-04-05T10:55:35.012Z] [INFO] [REVIEW PARTIAL SAVED] /Users/artifact/Developer/review_ai/Review_AI/scraper_project/raw_data/agiz-dis-bakimi/550796760_reviews.partial.json
[2026-04-05T10:55:35.021Z] [INFO] [REVIEW SAVED] /Users/artifact/Developer/review_ai/Review_AI/scraper_project/raw_data/agiz-dis-bakimi/550796760_reviews.json
[2026-04-05T10:55:35.024Z] [INFO] 
[REVIEW WORKER 1] starting agiz-dis-bakimi/658447821
[2026-04-05T10:55:35.038Z] [INFO] 
[REVIEW WORKER 2] starting agiz-dis-bakimi/657308185
[2026-04-05T10:55:35.511Z] [INFO] 
[START REVIEW] category=agiz-dis-bakimi productId=654912728 startPage=1
[2026-04-05T10:55:35.651Z] [INFO] [review agiz-dis-bakimi/654912728] page=1 +8 reviews (unique=8)
[2026-04-05T10:55:36.382Z] [INFO] [review agiz-dis-bakimi/654912728] page=2 +3 reviews (unique=11)
[2026-04-05T10:55:36.385Z] [INFO] [REVIEW SAVED] /Users/artifact/Developer/review_ai/Review_AI/scraper_project/raw_data/agiz-dis-bakimi/654912728_reviews.json
[2026-04-05T10:55:36.394Z] [INFO] 
[REVIEW WORKER 3] starting agiz-dis-bakimi/597179648
[2026-04-05T10:55:38.165Z] [INFO] 
[START REVIEW] category=agiz-dis-bakimi productId=657308185 startPage=1
[2026-04-05T10:55:38.658Z] [INFO] [review agiz-dis-bakimi/657308185] page=1 +2 reviews (unique=2)
[2026-04-05T10:55:38.659Z] [INFO] [REVIEW SAVED] /Users/artifact/Developer/review_ai/Review_AI/scraper_project/raw_data/agiz-dis-bakimi/657308185_reviews.json
[2026-04-05T10:55:38.663Z] [INFO] 
[REVIEW WORKER 2] starting agiz-dis-bakimi/600608661
[2026-04-05T10:55:39.097Z] [INFO] 
[START REVIEW] category=agiz-dis-bakimi productId=658447821 startPage=1
[2026-04-05T10:55:39.264Z] [INFO] [review agiz-dis-bakimi/658447821] page=1 +2 reviews (unique=2)
[2026-04-05T10:55:39.265Z] [INFO] [REVIEW SAVED] /Users/artifact/Developer/review_ai/Review_AI/scraper_project/raw_data/agiz-dis-bakimi/658447821_reviews.json
[2026-04-05T10:55:39.271Z] [INFO] 
[REVIEW WORKER 1] starting agiz-dis-bakimi/647893955
[2026-04-05T10:55:40.451Z] [INFO] 
[START REVIEW] category=agiz-dis-bakimi productId=597179648 startPage=1
[2026-04-05T10:55:40.686Z] [INFO] [review agiz-dis-bakimi/597179648] page=1 +8 reviews (unique=8)
[2026-04-05T10:55:41.359Z] [INFO] [review agiz-dis-bakimi/597179648] page=2 +7 reviews (unique=15)
[2026-04-05T10:55:41.359Z] [INFO] [REVIEW SAVED] /Users/artifact/Developer/review_ai/Review_AI/scraper_project/raw_data/agiz-dis-bakimi/597179648_reviews.json
[2026-04-05T10:55:41.365Z] [INFO] 
[REVIEW WORKER 3] starting agiz-dis-bakimi/724793421
[2026-04-05T10:55:41.973Z] [INFO] 
[START REVIEW] category=agiz-dis-bakimi productId=600608661 startPage=1
[2026-04-05T10:55:42.281Z] [INFO] [review agiz-dis-bakimi/600608661] page=1 +8 reviews (unique=8)
[2026-04-05T10:55:42.282Z] [INFO] [REVIEW SAVED] /Users/artifact/Developer/review_ai/Review_AI/scraper_project/raw_data/agiz-dis-bakimi/600608661_reviews.json
[2026-04-05T10:55:42.287Z] [INFO] 
[REVIEW WORKER 2] starting agiz-dis-bakimi/606653175
[2026-04-05T10:55:43.038Z] [INFO] 
[START REVIEW] category=agiz-dis-bakimi productId=647893955 startPage=1
[2026-04-05T10:55:43.324Z] [INFO] [review agiz-dis-bakimi/647893955] page=1 +4 reviews (unique=4)
[2026-04-05T10:55:43.325Z] [INFO] [REVIEW SAVED] /Users/artifact/Developer/review_ai/Review_AI/scraper_project/raw_data/agiz-dis-bakimi/647893955_reviews.json
[2026-04-05T10:55:43.335Z] [INFO] 
[REVIEW WORKER 1] starting agiz-dis-bakimi/728001595
[2026-04-05T10:55:45.958Z] [INFO] 
[START REVIEW] category=agiz-dis-bakimi productId=724793421 startPage=1
[2026-04-05T10:55:46.053Z] [INFO] 
[START REVIEW] category=agiz-dis-bakimi productId=606653175 startPage=1
[2026-04-05T10:55:46.131Z] [INFO] [review agiz-dis-bakimi/724793421] page=1 +1 reviews (unique=1)
[2026-04-05T10:55:46.132Z] [INFO] [REVIEW SAVED] /Users/artifact/Developer/review_ai/Review_AI/scraper_project/raw_data/agiz-dis-bakimi/724793421_reviews.json
[2026-04-05T10:55:46.139Z] [INFO] 
[REVIEW WORKER 3] starting agiz-dis-bakimi/598811472
[2026-04-05T10:55:46.239Z] [INFO] [review agiz-dis-bakimi/606653175] page=1 +3 reviews (unique=3)
[2026-04-05T10:55:46.242Z] [INFO] [REVIEW SAVED] /Users/artifact/Developer/review_ai/Review_AI/scraper_project/raw_data/agiz-dis-bakimi/606653175_reviews.json
[2026-04-05T10:55:46.257Z] [INFO] 
[REVIEW WORKER 2] starting agiz-dis-bakimi/546958331
[2026-04-05T10:55:47.809Z] [INFO] 
[START REVIEW] category=agiz-dis-bakimi productId=728001595 startPage=1
[2026-04-05T10:55:47.950Z] [INFO] [review agiz-dis-bakimi/728001595] page=1 +4 reviews (unique=4)
[2026-04-05T10:55:47.951Z] [INFO] [REVIEW SAVED] /Users/artifact/Developer/review_ai/Review_AI/scraper_project/raw_data/agiz-dis-bakimi/728001595_reviews.json
[2026-04-05T10:55:47.957Z] [INFO] 
[REVIEW WORKER 1] starting agiz-dis-bakimi/576205883
[2026-04-05T10:55:50.655Z] [INFO] 
[START REVIEW] category=agiz-dis-bakimi productId=546958331 startPage=1
[2026-04-05T10:55:50.784Z] [INFO] 
[START REVIEW] category=agiz-dis-bakimi productId=598811472 startPage=1
[2026-04-05T10:55:50.832Z] [INFO] [review agiz-dis-bakimi/546958331] page=1 +8 reviews (unique=8)
[2026-04-05T10:55:50.994Z] [INFO] [review agiz-dis-bakimi/598811472] page=1 +6 reviews (unique=6)
[2026-04-05T10:55:50.994Z] [INFO] [REVIEW SAVED] /Users/artifact/Developer/review_ai/Review_AI/scraper_project/raw_data/agiz-dis-bakimi/598811472_reviews.json
[2026-04-05T10:55:50.998Z] [INFO] 
[REVIEW WORKER 3] starting agiz-dis-bakimi/650756874
[2026-04-05T10:55:51.389Z] [INFO] [review agiz-dis-bakimi/546958331] page=2 +8 reviews (unique=16)
[2026-04-05T10:55:51.718Z] [INFO] 
[START REVIEW] category=agiz-dis-bakimi productId=576205883 startPage=1
[2026-04-05T10:55:51.828Z] [INFO] [review agiz-dis-bakimi/576205883] page=1 +8 reviews (unique=8)
[2026-04-05T10:55:52.145Z] [INFO] [review agiz-dis-bakimi/546958331] page=3 +8 reviews (unique=24)
[2026-04-05T10:55:52.374Z] [INFO] [review agiz-dis-bakimi/576205883] page=2 +6 reviews (unique=14)
[2026-04-05T10:55:52.375Z] [INFO] [REVIEW SAVED] /Users/artifact/Developer/review_ai/Review_AI/scraper_project/raw_data/agiz-dis-bakimi/576205883_reviews.json
[2026-04-05T10:55:52.389Z] [INFO] 
[REVIEW WORKER 1] starting agiz-dis-bakimi/607454704
[2026-04-05T10:55:52.880Z] [INFO] [review agiz-dis-bakimi/546958331] page=4 +8 reviews (unique=32)
[2026-04-05T10:55:53.430Z] [INFO] [review agiz-dis-bakimi/546958331] page=5 +4 reviews (unique=36)
[2026-04-05T10:55:53.431Z] [INFO] [REVIEW PARTIAL SAVED] /Users/artifact/Developer/review_ai/Review_AI/scraper_project/raw_data/agiz-dis-bakimi/546958331_reviews.partial.json
[2026-04-05T10:55:53.432Z] [INFO] [REVIEW SAVED] /Users/artifact/Developer/review_ai/Review_AI/scraper_project/raw_data/agiz-dis-bakimi/546958331_reviews.json
[2026-04-05T10:55:53.438Z] [INFO] 
[REVIEW WORKER 2] starting agiz-dis-bakimi/730180301
[2026-04-05T10:55:54.667Z] [INFO] 
[START REVIEW] category=agiz-dis-bakimi productId=650756874 startPage=1
[2026-04-05T10:55:54.823Z] [INFO] [review agiz-dis-bakimi/650756874] page=1 +0 reviews (unique=0)
[2026-04-05T10:55:54.824Z] [INFO] [REVIEW SAVED] /Users/artifact/Developer/review_ai/Review_AI/scraper_project/raw_data/agiz-dis-bakimi/650756874_reviews.json
[2026-04-05T10:55:54.828Z] [INFO] 
[REVIEW WORKER 3] starting agiz-dis-bakimi/598810907
[2026-04-05T10:55:55.680Z] [INFO] 
[START REVIEW] category=agiz-dis-bakimi productId=607454704 startPage=1
[2026-04-05T10:55:55.997Z] [INFO] [review agiz-dis-bakimi/607454704] page=1 +8 reviews (unique=8)
[2026-04-05T10:55:56.711Z] [INFO] [review agiz-dis-bakimi/607454704] page=2 +8 reviews (unique=16)
[2026-04-05T10:55:57.376Z] [INFO] [review agiz-dis-bakimi/607454704] page=3 +8 reviews (unique=24)
[2026-04-05T10:55:57.966Z] [INFO] [review agiz-dis-bakimi/607454704] page=4 +8 reviews (unique=32)
[2026-04-05T10:55:58.087Z] [INFO] 
[START REVIEW] category=agiz-dis-bakimi productId=730180301 startPage=1
[2026-04-05T10:55:58.336Z] [INFO] [review agiz-dis-bakimi/730180301] page=1 +0 reviews (unique=0)
[2026-04-05T10:55:58.337Z] [INFO] [REVIEW SAVED] /Users/artifact/Developer/review_ai/Review_AI/scraper_project/raw_data/agiz-dis-bakimi/730180301_reviews.json
[2026-04-05T10:55:58.341Z] [INFO] 
[REVIEW WORKER 2] starting agiz-dis-bakimi/722025059
[2026-04-05T10:55:58.618Z] [INFO] [review agiz-dis-bakimi/607454704] page=5 +8 reviews (unique=40)
[2026-04-05T10:55:58.619Z] [INFO] [REVIEW PARTIAL SAVED] /Users/artifact/Developer/review_ai/Review_AI/scraper_project/raw_data/agiz-dis-bakimi/607454704_reviews.partial.json
[2026-04-05T10:55:59.346Z] [INFO] [review agiz-dis-bakimi/607454704] page=6 +8 reviews (unique=48)
[2026-04-05T10:55:59.962Z] [INFO] [review agiz-dis-bakimi/607454704] page=7 +7 reviews (unique=55)
[2026-04-05T10:55:59.963Z] [INFO] [REVIEW SAVED] /Users/artifact/Developer/review_ai/Review_AI/scraper_project/raw_data/agiz-dis-bakimi/607454704_reviews.json
[2026-04-05T10:55:59.969Z] [INFO] 
[REVIEW WORKER 1] starting agiz-dis-bakimi/690226767
[2026-04-05T10:56:00.810Z] [INFO] 
[START REVIEW] category=agiz-dis-bakimi productId=598810907 startPage=1
[2026-04-05T10:56:01.027Z] [INFO] [review agiz-dis-bakimi/598810907] page=1 +8 reviews (unique=8)
[2026-04-05T10:56:01.574Z] [INFO] [review agiz-dis-bakimi/598810907] page=2 +4 reviews (unique=12)
[2026-04-05T10:56:01.575Z] [INFO] [REVIEW SAVED] /Users/artifact/Developer/review_ai/Review_AI/scraper_project/raw_data/agiz-dis-bakimi/598810907_reviews.json
[2026-04-05T10:56:01.579Z] [INFO] 
[REVIEW WORKER 3] starting agiz-dis-bakimi/569478909
[2026-04-05T10:56:02.005Z] [INFO] 
[START REVIEW] category=agiz-dis-bakimi productId=722025059 startPage=1
[2026-04-05T10:56:02.216Z] [INFO] [review agiz-dis-bakimi/722025059] page=1 +1 reviews (unique=1)
[2026-04-05T10:56:02.217Z] [INFO] [REVIEW SAVED] /Users/artifact/Developer/review_ai/Review_AI/scraper_project/raw_data/agiz-dis-bakimi/722025059_reviews.json
[2026-04-05T10:56:02.221Z] [INFO] 
[REVIEW WORKER 2] starting agiz-dis-bakimi/731965582
[2026-04-05T10:56:03.371Z] [INFO] 
[START REVIEW] category=agiz-dis-bakimi productId=690226767 startPage=1
[2026-04-05T10:56:03.512Z] [INFO] [review agiz-dis-bakimi/690226767] page=1 +3 reviews (unique=3)
[2026-04-05T10:56:03.513Z] [INFO] [REVIEW SAVED] /Users/artifact/Developer/review_ai/Review_AI/scraper_project/raw_data/agiz-dis-bakimi/690226767_reviews.json
[2026-04-05T10:56:03.517Z] [INFO] 
[REVIEW WORKER 1] starting agiz-dis-bakimi/731479447
[2026-04-05T10:56:05.015Z] [INFO] 
[START REVIEW] category=agiz-dis-bakimi productId=569478909 startPage=1
[2026-04-05T10:56:05.158Z] [INFO] [review agiz-dis-bakimi/569478909] page=1 +8 reviews (unique=8)
[2026-04-05T10:56:05.867Z] [INFO] [review agiz-dis-bakimi/569478909] page=2 +8 reviews (unique=16)
[2026-04-05T10:56:06.371Z] [INFO] 
[START REVIEW] category=agiz-dis-bakimi productId=731965582 startPage=1
[2026-04-05T10:56:06.498Z] [INFO] [review agiz-dis-bakimi/569478909] page=3 +8 reviews (unique=24)
[2026-04-05T10:56:06.499Z] [INFO] [REVIEW SAVED] /Users/artifact/Developer/review_ai/Review_AI/scraper_project/raw_data/agiz-dis-bakimi/569478909_reviews.json
[2026-04-05T10:56:06.506Z] [INFO] 
[REVIEW WORKER 3] starting agiz-dis-bakimi/582097251
[2026-04-05T10:56:06.596Z] [INFO] [review agiz-dis-bakimi/731965582] page=1 +8 reviews (unique=8)
[2026-04-05T10:56:07.153Z] [INFO] [review agiz-dis-bakimi/731965582] page=2 +3 reviews (unique=11)
[2026-04-05T10:56:07.156Z] [INFO] [REVIEW SAVED] /Users/artifact/Developer/review_ai/Review_AI/scraper_project/raw_data/agiz-dis-bakimi/731965582_reviews.json
[2026-04-05T10:56:07.161Z] [INFO] 
[REVIEW WORKER 2] starting agiz-dis-bakimi/620445161
[2026-04-05T10:56:07.479Z] [INFO] 
[START REVIEW] category=agiz-dis-bakimi productId=731479447 startPage=1
[2026-04-05T10:56:07.618Z] [INFO] [review agiz-dis-bakimi/731479447] page=1 +0 reviews (unique=0)
[2026-04-05T10:56:07.619Z] [INFO] [REVIEW SAVED] /Users/artifact/Developer/review_ai/Review_AI/scraper_project/raw_data/agiz-dis-bakimi/731479447_reviews.json
[2026-04-05T10:56:07.624Z] [INFO] 
[REVIEW WORKER 1] starting agiz-dis-bakimi/485066234
[2026-04-05T10:56:10.782Z] [INFO] 
[START REVIEW] category=agiz-dis-bakimi productId=582097251 startPage=1
[2026-04-05T10:56:11.214Z] [INFO] 
[START REVIEW] category=agiz-dis-bakimi productId=620445161 startPage=1
[2026-04-05T10:56:11.676Z] [INFO] 
[START REVIEW] category=agiz-dis-bakimi productId=485066234 startPage=1
[2026-04-05T10:56:12.031Z] [INFO] [review agiz-dis-bakimi/620445161] page=1 +8 reviews (unique=8)
[2026-04-05T10:56:12.122Z] [INFO] [review agiz-dis-bakimi/485066234] page=1 +8 reviews (unique=8)
[2026-04-05T10:56:12.595Z] [INFO] [review agiz-dis-bakimi/620445161] page=2 +8 reviews (unique=16)
[2026-04-05T10:56:12.596Z] [INFO] [REVIEW SAVED] /Users/artifact/Developer/review_ai/Review_AI/scraper_project/raw_data/agiz-dis-bakimi/620445161_reviews.json
[2026-04-05T10:56:12.601Z] [INFO] 
[REVIEW WORKER 2] starting agiz-dis-bakimi/733048101
[2026-04-05T10:56:12.731Z] [INFO] [review agiz-dis-bakimi/485066234] page=2 +6 reviews (unique=14)
[2026-04-05T10:56:12.732Z] [INFO] [REVIEW SAVED] /Users/artifact/Developer/review_ai/Review_AI/scraper_project/raw_data/agiz-dis-bakimi/485066234_reviews.json
[2026-04-05T10:56:12.740Z] [INFO] 
[REVIEW WORKER 1] starting agiz-dis-bakimi/728001777
[2026-04-05T10:56:12.821Z] [INFO] [review agiz-dis-bakimi/582097251] page=1 +8 reviews (unique=8)
[2026-04-05T10:56:13.355Z] [INFO] [review agiz-dis-bakimi/582097251] page=2 +8 reviews (unique=16)
[2026-04-05T10:56:13.855Z] [INFO] [review agiz-dis-bakimi/582097251] page=3 +6 reviews (unique=22)
[2026-04-05T10:56:13.856Z] [INFO] [REVIEW SAVED] /Users/artifact/Developer/review_ai/Review_AI/scraper_project/raw_data/agiz-dis-bakimi/582097251_reviews.json
[2026-04-05T10:56:13.862Z] [INFO] 
[REVIEW WORKER 3] starting agiz-dis-bakimi/607455394
[2026-04-05T10:56:15.895Z] [INFO] 
[START REVIEW] category=agiz-dis-bakimi productId=733048101 startPage=1
[2026-04-05T10:56:16.521Z] [INFO] 
[START REVIEW] category=agiz-dis-bakimi productId=728001777 startPage=1
[2026-04-05T10:56:16.569Z] [INFO] [review agiz-dis-bakimi/733048101] page=1 +8 reviews (unique=8)
[2026-04-05T10:56:16.741Z] [INFO] [review agiz-dis-bakimi/728001777] page=1 +8 reviews (unique=8)
[2026-04-05T10:56:17.396Z] [INFO] [review agiz-dis-bakimi/728001777] page=2 +8 reviews (unique=16)
[2026-04-05T10:56:17.397Z] [INFO] [REVIEW SAVED] /Users/artifact/Developer/review_ai/Review_AI/scraper_project/raw_data/agiz-dis-bakimi/728001777_reviews.json
[2026-04-05T10:56:17.403Z] [INFO] 
[REVIEW WORKER 1] starting agiz-dis-bakimi/513267535
[2026-04-05T10:56:17.494Z] [INFO] [review agiz-dis-bakimi/733048101] page=2 +3 reviews (unique=11)
[2026-04-05T10:56:17.495Z] [INFO] [REVIEW SAVED] /Users/artifact/Developer/review_ai/Review_AI/scraper_project/raw_data/agiz-dis-bakimi/733048101_reviews.json
[2026-04-05T10:56:17.515Z] [INFO] 
[REVIEW WORKER 2] starting agiz-dis-bakimi/733046511
[2026-04-05T10:56:17.852Z] [INFO] 
[START REVIEW] category=agiz-dis-bakimi productId=607455394 startPage=1
[2026-04-05T10:56:18.034Z] [INFO] [review agiz-dis-bakimi/607455394] page=1 +8 reviews (unique=8)
[2026-04-05T10:56:18.530Z] [INFO] [review agiz-dis-bakimi/607455394] page=2 +4 reviews (unique=12)
[2026-04-05T10:56:18.531Z] [INFO] [REVIEW SAVED] /Users/artifact/Developer/review_ai/Review_AI/scraper_project/raw_data/agiz-dis-bakimi/607455394_reviews.json
[2026-04-05T10:56:18.536Z] [INFO] 
[REVIEW WORKER 3] starting agiz-dis-bakimi/647899742
[2026-04-05T10:56:21.020Z] [INFO] 
[START REVIEW] category=agiz-dis-bakimi productId=513267535 startPage=1
[2026-04-05T10:56:21.184Z] [INFO] [review agiz-dis-bakimi/513267535] page=1 +8 reviews (unique=8)
[2026-04-05T10:56:21.190Z] [INFO] 
[START REVIEW] category=agiz-dis-bakimi productId=733046511 startPage=1
[2026-04-05T10:56:21.527Z] [INFO] [review agiz-dis-bakimi/733046511] page=1 +1 reviews (unique=1)
[2026-04-05T10:56:21.528Z] [INFO] [REVIEW SAVED] /Users/artifact/Developer/review_ai/Review_AI/scraper_project/raw_data/agiz-dis-bakimi/733046511_reviews.json
[2026-04-05T10:56:21.533Z] [INFO] 
[REVIEW WORKER 2] starting agiz-dis-bakimi/694374241
[2026-04-05T10:56:21.797Z] [INFO] [review agiz-dis-bakimi/513267535] page=2 +8 reviews (unique=16)
[2026-04-05T10:56:22.451Z] [INFO] [review agiz-dis-bakimi/513267535] page=3 +7 reviews (unique=23)
[2026-04-05T10:56:22.453Z] [INFO] [REVIEW SAVED] /Users/artifact/Developer/review_ai/Review_AI/scraper_project/raw_data/agiz-dis-bakimi/513267535_reviews.json
[2026-04-05T10:56:22.460Z] [INFO] 
[REVIEW WORKER 1] starting agiz-dis-bakimi/527431693
[2026-04-05T10:56:22.842Z] [INFO] 
[START REVIEW] category=agiz-dis-bakimi productId=647899742 startPage=1
[2026-04-05T10:56:23.298Z] [INFO] [review agiz-dis-bakimi/647899742] page=1 +3 reviews (unique=3)
[2026-04-05T10:56:23.298Z] [INFO] [REVIEW SAVED] /Users/artifact/Developer/review_ai/Review_AI/scraper_project/raw_data/agiz-dis-bakimi/647899742_reviews.json
[2026-04-05T10:56:23.301Z] [INFO] 
[REVIEW WORKER 3] starting agiz-dis-bakimi/603188119
[2026-04-05T10:56:25.220Z] [INFO] 
[START REVIEW] category=agiz-dis-bakimi productId=694374241 startPage=1
[2026-04-05T10:56:25.319Z] [INFO] [review agiz-dis-bakimi/694374241] page=1 +0 reviews (unique=0)
[2026-04-05T10:56:25.322Z] [INFO] [REVIEW SAVED] /Users/artifact/Developer/review_ai/Review_AI/scraper_project/raw_data/agiz-dis-bakimi/694374241_reviews.json
[2026-04-05T10:56:25.368Z] [INFO] 
[REVIEW WORKER 2] starting agiz-dis-bakimi/598807733
[2026-04-05T10:56:27.026Z] [INFO] 
[START REVIEW] category=agiz-dis-bakimi productId=527431693 startPage=1
[2026-04-05T10:56:27.221Z] [INFO] [review agiz-dis-bakimi/527431693] page=1 +8 reviews (unique=8)
[2026-04-05T10:56:27.803Z] [INFO] [review agiz-dis-bakimi/527431693] page=2 +6 reviews (unique=14)
[2026-04-05T10:56:27.804Z] [INFO] [REVIEW SAVED] /Users/artifact/Developer/review_ai/Review_AI/scraper_project/raw_data/agiz-dis-bakimi/527431693_reviews.json
[2026-04-05T10:56:27.813Z] [INFO] 
[REVIEW WORKER 1] starting agiz-dis-bakimi/685695195
[2026-04-05T10:56:28.108Z] [INFO] 
[START REVIEW] category=agiz-dis-bakimi productId=603188119 startPage=1
[2026-04-05T10:56:28.263Z] [INFO] [review agiz-dis-bakimi/603188119] page=1 +8 reviews (unique=8)
[2026-04-05T10:56:28.876Z] [INFO] [review agiz-dis-bakimi/603188119] page=2 +8 reviews (unique=16)
[2026-04-05T10:56:28.877Z] [INFO] [REVIEW SAVED] /Users/artifact/Developer/review_ai/Review_AI/scraper_project/raw_data/agiz-dis-bakimi/603188119_reviews.json
[2026-04-05T10:56:28.884Z] [INFO] 
[REVIEW WORKER 3] starting agiz-dis-bakimi/634903698
[2026-04-05T10:56:28.952Z] [INFO] 
[START REVIEW] category=agiz-dis-bakimi productId=598807733 startPage=1
[2026-04-05T10:56:29.225Z] [INFO] [review agiz-dis-bakimi/598807733] page=1 +7 reviews (unique=7)
[2026-04-05T10:56:29.227Z] [INFO] [REVIEW SAVED] /Users/artifact/Developer/review_ai/Review_AI/scraper_project/raw_data/agiz-dis-bakimi/598807733_reviews.json
[2026-04-05T10:56:29.234Z] [INFO] 
[REVIEW WORKER 2] starting agiz-dis-bakimi/639849316
[2026-04-05T10:56:31.553Z] [INFO] 
[START REVIEW] category=agiz-dis-bakimi productId=685695195 startPage=1
[2026-04-05T10:56:31.694Z] [INFO] [review agiz-dis-bakimi/685695195] page=1 +2 reviews (unique=2)
[2026-04-05T10:56:31.694Z] [INFO] [REVIEW SAVED] /Users/artifact/Developer/review_ai/Review_AI/scraper_project/raw_data/agiz-dis-bakimi/685695195_reviews.json
[2026-04-05T10:56:31.698Z] [INFO] 
[REVIEW WORKER 1] starting agiz-dis-bakimi/589007260
[2026-04-05T10:56:33.173Z] [INFO] 
[START REVIEW] category=agiz-dis-bakimi productId=639849316 startPage=1
[2026-04-05T10:56:33.331Z] [INFO] [review agiz-dis-bakimi/639849316] page=1 +8 reviews (unique=8)
[2026-04-05T10:56:33.926Z] [INFO] [review agiz-dis-bakimi/639849316] page=2 +8 reviews (unique=16)
[2026-04-05T10:56:34.550Z] [INFO] [review agiz-dis-bakimi/639849316] page=3 +8 reviews (unique=24)
[2026-04-05T10:56:35.239Z] [INFO] [review agiz-dis-bakimi/639849316] page=4 +8 reviews (unique=32)
[2026-04-05T10:56:35.373Z] [INFO] 
[START REVIEW] category=agiz-dis-bakimi productId=634903698 startPage=1
[2026-04-05T10:56:35.727Z] [INFO] [review agiz-dis-bakimi/634903698] page=1 +7 reviews (unique=7)
[2026-04-05T10:56:35.727Z] [INFO] [REVIEW SAVED] /Users/artifact/Developer/review_ai/Review_AI/scraper_project/raw_data/agiz-dis-bakimi/634903698_reviews.json
[2026-04-05T10:56:35.734Z] [INFO] 
[REVIEW WORKER 3] starting agiz-dis-bakimi/727257810
[2026-04-05T10:56:35.845Z] [INFO] [review agiz-dis-bakimi/639849316] page=5 +8 reviews (unique=40)
[2026-04-05T10:56:35.847Z] [INFO] [REVIEW PARTIAL SAVED] /Users/artifact/Developer/review_ai/Review_AI/scraper_project/raw_data/agiz-dis-bakimi/639849316_reviews.partial.json
[2026-04-05T10:56:36.353Z] [INFO] [review agiz-dis-bakimi/639849316] page=6 +8 reviews (unique=48)
[2026-04-05T10:56:36.705Z] [INFO] 
[START REVIEW] category=agiz-dis-bakimi productId=589007260 startPage=1
[2026-04-05T10:56:36.882Z] [INFO] [review agiz-dis-bakimi/589007260] page=1 +8 reviews (unique=8)
[2026-04-05T10:56:37.258Z] [INFO] [review agiz-dis-bakimi/639849316] page=7 +8 reviews (unique=56)
[2026-04-05T10:56:37.414Z] [INFO] [review agiz-dis-bakimi/589007260] page=2 +8 reviews (unique=16)
[2026-04-05T10:56:37.935Z] [INFO] [review agiz-dis-bakimi/639849316] page=8 +8 reviews (unique=64)
[2026-04-05T10:56:37.981Z] [INFO] [review agiz-dis-bakimi/589007260] page=3 +8 reviews (unique=24)
[2026-04-05T10:56:38.556Z] [INFO] [review agiz-dis-bakimi/589007260] page=4 +8 reviews (unique=32)
[2026-04-05T10:56:38.560Z] [INFO] [review agiz-dis-bakimi/639849316] page=9 +8 reviews (unique=72)
[2026-04-05T10:56:39.176Z] [INFO] [review agiz-dis-bakimi/639849316] page=10 +8 reviews (unique=80)
[2026-04-05T10:56:39.177Z] [INFO] [REVIEW PARTIAL SAVED] /Users/artifact/Developer/review_ai/Review_AI/scraper_project/raw_data/agiz-dis-bakimi/639849316_reviews.partial.json
[2026-04-05T10:56:39.490Z] [INFO] [review agiz-dis-bakimi/589007260] page=5 +8 reviews (unique=40)
[2026-04-05T10:56:39.491Z] [INFO] [REVIEW PARTIAL SAVED] /Users/artifact/Developer/review_ai/Review_AI/scraper_project/raw_data/agiz-dis-bakimi/589007260_reviews.partial.json
[2026-04-05T10:56:39.791Z] [INFO] [review agiz-dis-bakimi/639849316] page=11 +6 reviews (unique=86)
[2026-04-05T10:56:39.793Z] [INFO] [REVIEW SAVED] /Users/artifact/Developer/review_ai/Review_AI/scraper_project/raw_data/agiz-dis-bakimi/639849316_reviews.json
[2026-04-05T10:56:39.801Z] [INFO] 
[REVIEW WORKER 2] starting agiz-dis-bakimi/731306552
[2026-04-05T10:56:39.807Z] [INFO] 
[START REVIEW] category=agiz-dis-bakimi productId=727257810 startPage=1
[2026-04-05T10:56:40.060Z] [INFO] [review agiz-dis-bakimi/727257810] page=1 +8 reviews (unique=8)
[2026-04-05T10:56:40.069Z] [INFO] [review agiz-dis-bakimi/589007260] page=6 +8 reviews (unique=48)
[2026-04-05T10:56:40.596Z] [INFO] [review agiz-dis-bakimi/589007260] page=7 +8 reviews (unique=56)
[2026-04-05T10:56:40.686Z] [INFO] [review agiz-dis-bakimi/727257810] page=2 +8 reviews (unique=16)
[2026-04-05T10:56:41.269Z] [INFO] [review agiz-dis-bakimi/589007260] page=8 +8 reviews (unique=64)
[2026-04-05T10:56:41.274Z] [INFO] [review agiz-dis-bakimi/727257810] page=3 +8 reviews (unique=24)
[2026-04-05T10:56:41.904Z] [INFO] [review agiz-dis-bakimi/589007260] page=9 +8 reviews (unique=72)
[2026-04-05T10:56:41.962Z] [INFO] [review agiz-dis-bakimi/727257810] page=4 +8 reviews (unique=32)
[2026-04-05T10:56:42.437Z] [INFO] [review agiz-dis-bakimi/727257810] page=5 +2 reviews (unique=34)
[2026-04-05T10:56:42.438Z] [INFO] [REVIEW PARTIAL SAVED] /Users/artifact/Developer/review_ai/Review_AI/scraper_project/raw_data/agiz-dis-bakimi/727257810_reviews.partial.json
[2026-04-05T10:56:42.440Z] [INFO] [REVIEW SAVED] /Users/artifact/Developer/review_ai/Review_AI/scraper_project/raw_data/agiz-dis-bakimi/727257810_reviews.json
[2026-04-05T10:56:42.452Z] [INFO] 
[REVIEW WORKER 3] starting agiz-dis-bakimi/680837060
[2026-04-05T10:56:42.457Z] [INFO] [review agiz-dis-bakimi/589007260] page=10 +8 reviews (unique=80)
[2026-04-05T10:56:42.460Z] [INFO] [REVIEW PARTIAL SAVED] /Users/artifact/Developer/review_ai/Review_AI/scraper_project/raw_data/agiz-dis-bakimi/589007260_reviews.partial.json
[2026-04-05T10:56:42.966Z] [INFO] 
[START REVIEW] category=agiz-dis-bakimi productId=731306552 startPage=1
[2026-04-05T10:56:43.047Z] [INFO] [review agiz-dis-bakimi/589007260] page=11 +8 reviews (unique=88)
[2026-04-05T10:56:43.172Z] [INFO] [review agiz-dis-bakimi/731306552] page=1 +0 reviews (unique=0)
[2026-04-05T10:56:43.173Z] [INFO] [REVIEW SAVED] /Users/artifact/Developer/review_ai/Review_AI/scraper_project/raw_data/agiz-dis-bakimi/731306552_reviews.json
[2026-04-05T10:56:43.189Z] [INFO] 
[REVIEW WORKER 2] starting agiz-dis-bakimi/591427345
[2026-04-05T10:56:43.616Z] [INFO] [review agiz-dis-bakimi/589007260] page=12 +8 reviews (unique=96)
[2026-04-05T10:56:44.132Z] [INFO] [review agiz-dis-bakimi/589007260] page=13 +8 reviews (unique=104)
[2026-04-05T10:56:44.751Z] [INFO] [review agiz-dis-bakimi/589007260] page=14 +8 reviews (unique=112)
[2026-04-05T10:56:45.312Z] [INFO] [review agiz-dis-bakimi/589007260] page=15 +8 reviews (unique=120)
[2026-04-05T10:56:45.314Z] [INFO] [REVIEW PARTIAL SAVED] /Users/artifact/Developer/review_ai/Review_AI/scraper_project/raw_data/agiz-dis-bakimi/589007260_reviews.partial.json
[2026-04-05T10:56:45.858Z] [INFO] 
[START REVIEW] category=agiz-dis-bakimi productId=680837060 startPage=1
[2026-04-05T10:56:45.890Z] [INFO] [review agiz-dis-bakimi/589007260] page=16 +8 reviews (unique=128)
[2026-04-05T10:56:46.011Z] [INFO] [review agiz-dis-bakimi/680837060] page=1 +8 reviews (unique=8)
[2026-04-05T10:56:46.509Z] [INFO] [review agiz-dis-bakimi/589007260] page=17 +8 reviews (unique=136)
[2026-04-05T10:56:46.582Z] [INFO] 
[START REVIEW] category=agiz-dis-bakimi productId=591427345 startPage=1
[2026-04-05T10:56:46.663Z] [INFO] [review agiz-dis-bakimi/680837060] page=2 +8 reviews (unique=16)
[2026-04-05T10:56:46.712Z] [INFO] [review agiz-dis-bakimi/591427345] page=1 +8 reviews (unique=8)
[2026-04-05T10:56:47.208Z] [INFO] [review agiz-dis-bakimi/680837060] page=3 +2 reviews (unique=18)
[2026-04-05T10:56:47.209Z] [INFO] [REVIEW SAVED] /Users/artifact/Developer/review_ai/Review_AI/scraper_project/raw_data/agiz-dis-bakimi/680837060_reviews.json
[2026-04-05T10:56:47.215Z] [INFO] 
[REVIEW WORKER 3] starting agiz-dis-bakimi/589423762
[2026-04-05T10:56:47.310Z] [INFO] [review agiz-dis-bakimi/591427345] page=2 +8 reviews (unique=16)
[2026-04-05T10:56:47.864Z] [INFO] [review agiz-dis-bakimi/591427345] page=3 +2 reviews (unique=18)
[2026-04-05T10:56:47.867Z] [INFO] [REVIEW SAVED] /Users/artifact/Developer/review_ai/Review_AI/scraper_project/raw_data/agiz-dis-bakimi/591427345_reviews.json
[2026-04-05T10:56:47.878Z] [INFO] 
[REVIEW WORKER 2] starting agiz-dis-bakimi/527420252
[2026-04-05T10:56:50.754Z] [INFO] 
[START REVIEW] category=agiz-dis-bakimi productId=589423762 startPage=1
[2026-04-05T10:56:50.873Z] [INFO] [review agiz-dis-bakimi/589423762] page=1 +8 reviews (unique=8)
[2026-04-05T10:56:51.149Z] [INFO] [review agiz-dis-bakimi/589007260] page=18 +8 reviews (unique=144)
[2026-04-05T10:56:51.524Z] [INFO] [review agiz-dis-bakimi/589423762] page=2 +8 reviews (unique=16)
[2026-04-05T10:56:51.773Z] [INFO] [review agiz-dis-bakimi/589007260] page=19 +2 reviews (unique=146)
[2026-04-05T10:56:51.776Z] [INFO] [REVIEW SAVED] /Users/artifact/Developer/review_ai/Review_AI/scraper_project/raw_data/agiz-dis-bakimi/589007260_reviews.json
[2026-04-05T10:56:51.785Z] [INFO] 
[REVIEW WORKER 1] starting agiz-dis-bakimi/640037022
[2026-04-05T10:56:52.206Z] [INFO] [review agiz-dis-bakimi/589423762] page=3 +8 reviews (unique=24)
[2026-04-05T10:56:52.206Z] [INFO] [REVIEW SAVED] /Users/artifact/Developer/review_ai/Review_AI/scraper_project/raw_data/agiz-dis-bakimi/589423762_reviews.json
[2026-04-05T10:56:52.211Z] [INFO] 
[REVIEW WORKER 3] starting agiz-dis-bakimi/736324856
[2026-04-05T10:56:54.120Z] [INFO] 
[START REVIEW] category=agiz-dis-bakimi productId=527420252 startPage=1
[2026-04-05T10:56:54.304Z] [INFO] [review agiz-dis-bakimi/527420252] page=1 +7 reviews (unique=7)
[2026-04-05T10:56:54.305Z] [INFO] [REVIEW SAVED] /Users/artifact/Developer/review_ai/Review_AI/scraper_project/raw_data/agiz-dis-bakimi/527420252_reviews.json
[2026-04-05T10:56:54.310Z] [INFO] 
[REVIEW WORKER 2] starting agiz-dis-bakimi/605233327
[2026-04-05T10:56:55.598Z] [INFO] 
[START REVIEW] category=agiz-dis-bakimi productId=640037022 startPage=1
[2026-04-05T10:56:55.944Z] [INFO] [review agiz-dis-bakimi/640037022] page=1 +1 reviews (unique=1)
[2026-04-05T10:56:55.944Z] [INFO] [REVIEW SAVED] /Users/artifact/Developer/review_ai/Review_AI/scraper_project/raw_data/agiz-dis-bakimi/640037022_reviews.json
[2026-04-05T10:56:55.949Z] [INFO] 
[REVIEW WORKER 1] starting agiz-dis-bakimi/647407914
[2026-04-05T10:56:56.989Z] [INFO] 
[START REVIEW] category=agiz-dis-bakimi productId=736324856 startPage=1
[2026-04-05T10:56:57.098Z] [INFO] [review agiz-dis-bakimi/736324856] page=1 +0 reviews (unique=0)
[2026-04-05T10:56:57.098Z] [INFO] [REVIEW SAVED] /Users/artifact/Developer/review_ai/Review_AI/scraper_project/raw_data/agiz-dis-bakimi/736324856_reviews.json
[2026-04-05T10:56:57.102Z] [INFO] 
[REVIEW WORKER 3] starting agiz-dis-bakimi/473162414
[2026-04-05T10:56:58.588Z] [INFO] 
[START REVIEW] category=agiz-dis-bakimi productId=605233327 startPage=1
[2026-04-05T10:56:58.791Z] [INFO] [review agiz-dis-bakimi/605233327] page=1 +8 reviews (unique=8)
[2026-04-05T10:56:59.449Z] [INFO] [review agiz-dis-bakimi/605233327] page=2 +8 reviews (unique=16)
[2026-04-05T10:57:00.043Z] [INFO] [review agiz-dis-bakimi/605233327] page=3 +8 reviews (unique=24)
[2026-04-05T10:57:00.913Z] [INFO] [review agiz-dis-bakimi/605233327] page=4 +8 reviews (unique=32)
[2026-04-05T10:57:01.070Z] [INFO] 
[START REVIEW] category=agiz-dis-bakimi productId=647407914 startPage=1
[2026-04-05T10:57:01.391Z] [INFO] [review agiz-dis-bakimi/647407914] page=1 +3 reviews (unique=3)
[2026-04-05T10:57:01.392Z] [INFO] [REVIEW SAVED] /Users/artifact/Developer/review_ai/Review_AI/scraper_project/raw_data/agiz-dis-bakimi/647407914_reviews.json
[2026-04-05T10:57:01.407Z] [INFO] 
[REVIEW WORKER 1] starting agiz-dis-bakimi/591427171
[2026-04-05T10:57:01.632Z] [INFO] [review agiz-dis-bakimi/605233327] page=5 +8 reviews (unique=40)
[2026-04-05T10:57:01.633Z] [INFO] [REVIEW PARTIAL SAVED] /Users/artifact/Developer/review_ai/Review_AI/scraper_project/raw_data/agiz-dis-bakimi/605233327_reviews.partial.json
[2026-04-05T10:57:01.634Z] [INFO] [REVIEW SAVED] /Users/artifact/Developer/review_ai/Review_AI/scraper_project/raw_data/agiz-dis-bakimi/605233327_reviews.json
[2026-04-05T10:57:01.640Z] [INFO] 
[REVIEW WORKER 2] starting agiz-dis-bakimi/598888278
[2026-04-05T10:57:02.247Z] [INFO] 
[START REVIEW] category=agiz-dis-bakimi productId=473162414 startPage=1
[2026-04-05T10:57:02.569Z] [INFO] [review agiz-dis-bakimi/473162414] page=1 +1 reviews (unique=1)
[2026-04-05T10:57:02.569Z] [INFO] [REVIEW SAVED] /Users/artifact/Developer/review_ai/Review_AI/scraper_project/raw_data/agiz-dis-bakimi/473162414_reviews.json
[2026-04-05T10:57:02.574Z] [INFO] 
[REVIEW WORKER 3] starting agiz-dis-bakimi/583406211
[2026-04-05T10:57:05.142Z] [INFO] 
[START REVIEW] category=agiz-dis-bakimi productId=598888278 startPage=1
[2026-04-05T10:57:06.360Z] [INFO] 
[START REVIEW] category=agiz-dis-bakimi productId=591427171 startPage=1
[2026-04-05T10:57:07.480Z] [INFO] [review agiz-dis-bakimi/598888278] page=1 +7 reviews (unique=7)
[2026-04-05T10:57:07.481Z] [INFO] [REVIEW SAVED] /Users/artifact/Developer/review_ai/Review_AI/scraper_project/raw_data/agiz-dis-bakimi/598888278_reviews.json
[2026-04-05T10:57:07.491Z] [INFO] 
[REVIEW WORKER 2] starting agiz-dis-bakimi/581267520
[2026-04-05T10:57:08.021Z] [INFO] 
[START REVIEW] category=agiz-dis-bakimi productId=583406211 startPage=1
[2026-04-05T10:57:09.268Z] [INFO] [review agiz-dis-bakimi/583406211] page=1 +8 reviews (unique=8)
[2026-04-05T10:57:09.428Z] [INFO] [review agiz-dis-bakimi/591427171] page=1 +8 reviews (unique=8)
[2026-04-05T10:57:09.875Z] [INFO] [review agiz-dis-bakimi/583406211] page=2 +8 reviews (unique=16)
[2026-04-05T10:57:10.110Z] [INFO] [review agiz-dis-bakimi/591427171] page=2 +8 reviews (unique=16)
[2026-04-05T10:57:10.622Z] [INFO] [review agiz-dis-bakimi/583406211] page=3 +2 reviews (unique=18)
[2026-04-05T10:57:10.625Z] [INFO] [REVIEW SAVED] /Users/artifact/Developer/review_ai/Review_AI/scraper_project/raw_data/agiz-dis-bakimi/583406211_reviews.json
[2026-04-05T10:57:10.639Z] [INFO] 
[REVIEW WORKER 3] starting agiz-dis-bakimi/643008180
[2026-04-05T10:57:10.776Z] [INFO] [review agiz-dis-bakimi/591427171] page=3 +8 reviews (unique=24)
[2026-04-05T10:57:11.398Z] [INFO] [review agiz-dis-bakimi/591427171] page=4 +8 reviews (unique=32)
[2026-04-05T10:57:12.011Z] [INFO] [review agiz-dis-bakimi/591427171] page=5 +8 reviews (unique=40)
[2026-04-05T10:57:12.012Z] [INFO] [REVIEW PARTIAL SAVED] /Users/artifact/Developer/review_ai/Review_AI/scraper_project/raw_data/agiz-dis-bakimi/591427171_reviews.partial.json
[2026-04-05T10:57:12.331Z] [INFO] 
[START REVIEW] category=agiz-dis-bakimi productId=581267520 startPage=1
[2026-04-05T10:57:12.449Z] [INFO] [review agiz-dis-bakimi/581267520] page=1 +1 reviews (unique=1)
[2026-04-05T10:57:12.449Z] [INFO] [REVIEW SAVED] /Users/artifact/Developer/review_ai/Review_AI/scraper_project/raw_data/agiz-dis-bakimi/581267520_reviews.json
[2026-04-05T10:57:12.455Z] [INFO] 
[REVIEW WORKER 2] starting agiz-dis-bakimi/589920291
[2026-04-05T10:57:12.596Z] [INFO] [review agiz-dis-bakimi/591427171] page=6 +8 reviews (unique=48)
[2026-04-05T10:57:13.156Z] [INFO] [review agiz-dis-bakimi/591427171] page=7 +2 reviews (unique=50)
[2026-04-05T10:57:13.157Z] [INFO] [REVIEW SAVED] /Users/artifact/Developer/review_ai/Review_AI/scraper_project/raw_data/agiz-dis-bakimi/591427171_reviews.json
[2026-04-05T10:57:13.162Z] [INFO] 
[REVIEW WORKER 1] starting agiz-dis-bakimi/640897304
[2026-04-05T10:57:14.317Z] [INFO] 
[START REVIEW] category=agiz-dis-bakimi productId=643008180 startPage=1
[2026-04-05T10:57:14.513Z] [INFO] [review agiz-dis-bakimi/643008180] page=1 +8 reviews (unique=8)
[2026-04-05T10:57:15.108Z] [INFO] [review agiz-dis-bakimi/643008180] page=2 +1 reviews (unique=9)
[2026-04-05T10:57:15.109Z] [INFO] [REVIEW SAVED] /Users/artifact/Developer/review_ai/Review_AI/scraper_project/raw_data/agiz-dis-bakimi/643008180_reviews.json
[2026-04-05T10:57:15.116Z] [INFO] 
[REVIEW WORKER 3] starting agiz-dis-bakimi/701283809
[2026-04-05T10:57:16.560Z] [INFO] 
[START REVIEW] category=agiz-dis-bakimi productId=589920291 startPage=1
[2026-04-05T10:57:16.776Z] [INFO] [review agiz-dis-bakimi/589920291] page=1 +3 reviews (unique=3)
[2026-04-05T10:57:16.776Z] [INFO] [REVIEW SAVED] /Users/artifact/Developer/review_ai/Review_AI/scraper_project/raw_data/agiz-dis-bakimi/589920291_reviews.json
[2026-04-05T10:57:16.783Z] [INFO] 
[REVIEW WORKER 2] starting agiz-dis-bakimi/728124779
[2026-04-05T10:57:17.758Z] [INFO] 
[START REVIEW] category=agiz-dis-bakimi productId=640897304 startPage=1
[2026-04-05T10:57:18.020Z] [INFO] [review agiz-dis-bakimi/640897304] page=1 +0 reviews (unique=0)
[2026-04-05T10:57:18.021Z] [INFO] [REVIEW SAVED] /Users/artifact/Developer/review_ai/Review_AI/scraper_project/raw_data/agiz-dis-bakimi/640897304_reviews.json
[2026-04-05T10:57:18.030Z] [INFO] 
[REVIEW WORKER 1] starting agiz-dis-bakimi/593428176
[2026-04-05T10:57:19.248Z] [INFO] 
[START REVIEW] category=agiz-dis-bakimi productId=701283809 startPage=1
[2026-04-05T10:57:19.825Z] [INFO] [review agiz-dis-bakimi/701283809] page=1 +3 reviews (unique=3)
[2026-04-05T10:57:19.826Z] [INFO] [REVIEW SAVED] /Users/artifact/Developer/review_ai/Review_AI/scraper_project/raw_data/agiz-dis-bakimi/701283809_reviews.json
[2026-04-05T10:57:19.829Z] [INFO] 
[REVIEW WORKER 3] starting agiz-dis-bakimi/646974558
[2026-04-05T10:57:21.318Z] [INFO] 
[START REVIEW] category=agiz-dis-bakimi productId=728124779 startPage=1
[2026-04-05T10:57:21.773Z] [INFO] [review agiz-dis-bakimi/728124779] page=1 +0 reviews (unique=0)
[2026-04-05T10:57:21.774Z] [INFO] [REVIEW SAVED] /Users/artifact/Developer/review_ai/Review_AI/scraper_project/raw_data/agiz-dis-bakimi/728124779_reviews.json
[2026-04-05T10:57:21.781Z] [INFO] 
[REVIEW WORKER 2] starting agiz-dis-bakimi/735838958
[2026-04-05T10:57:22.080Z] [INFO] 
[START REVIEW] category=agiz-dis-bakimi productId=593428176 startPage=1
[2026-04-05T10:57:22.327Z] [INFO] [review agiz-dis-bakimi/593428176] page=1 +8 reviews (unique=8)
[2026-04-05T10:57:22.887Z] [INFO] [review agiz-dis-bakimi/593428176] page=2 +5 reviews (unique=13)
[2026-04-05T10:57:22.888Z] [INFO] [REVIEW SAVED] /Users/artifact/Developer/review_ai/Review_AI/scraper_project/raw_data/agiz-dis-bakimi/593428176_reviews.json
[2026-04-05T10:57:22.893Z] [INFO] 
[REVIEW WORKER 1] starting agiz-dis-bakimi/597389101
[2026-04-05T10:57:24.670Z] [INFO] 
[START REVIEW] category=agiz-dis-bakimi productId=646974558 startPage=1
[2026-04-05T10:57:25.333Z] [INFO] [review agiz-dis-bakimi/646974558] page=1 +1 reviews (unique=1)
[2026-04-05T10:57:25.340Z] [INFO] [REVIEW SAVED] /Users/artifact/Developer/review_ai/Review_AI/scraper_project/raw_data/agiz-dis-bakimi/646974558_reviews.json
[2026-04-05T10:57:25.353Z] [INFO] 
[REVIEW WORKER 3] starting agiz-dis-bakimi/589697168
[2026-04-05T10:57:26.848Z] [INFO] 
[START REVIEW] category=agiz-dis-bakimi productId=735838958 startPage=1
[2026-04-05T10:57:27.000Z] [INFO] [review agiz-dis-bakimi/735838958] page=1 +0 reviews (unique=0)
[2026-04-05T10:57:27.001Z] [INFO] [REVIEW SAVED] /Users/artifact/Developer/review_ai/Review_AI/scraper_project/raw_data/agiz-dis-bakimi/735838958_reviews.json
[2026-04-05T10:57:27.008Z] [INFO] 
[REVIEW WORKER 2] starting agiz-dis-bakimi/695359694
[2026-04-05T10:57:27.795Z] [INFO] 
[START REVIEW] category=agiz-dis-bakimi productId=597389101 startPage=1
[2026-04-05T10:57:28.041Z] [INFO] [review agiz-dis-bakimi/597389101] page=1 +8 reviews (unique=8)
[2026-04-05T10:57:28.042Z] [INFO] [REVIEW SAVED] /Users/artifact/Developer/review_ai/Review_AI/scraper_project/raw_data/agiz-dis-bakimi/597389101_reviews.json
[2026-04-05T10:57:28.050Z] [INFO] 
[REVIEW WORKER 1] starting agiz-dis-bakimi/589510814
[2026-04-05T10:57:29.545Z] [INFO] 
[START REVIEW] category=agiz-dis-bakimi productId=589697168 startPage=1
[2026-04-05T10:57:30.050Z] [INFO] [review agiz-dis-bakimi/589697168] page=1 +8 reviews (unique=8)
[2026-04-05T10:57:30.790Z] [INFO] [review agiz-dis-bakimi/589697168] page=2 +8 reviews (unique=16)
[2026-04-05T10:57:32.158Z] [INFO] 
[START REVIEW] category=agiz-dis-bakimi productId=695359694 startPage=1
[2026-04-05T10:57:32.276Z] [INFO] [review agiz-dis-bakimi/589697168] page=3 +8 reviews (unique=24)
[2026-04-05T10:57:32.740Z] [INFO] 
[START REVIEW] category=agiz-dis-bakimi productId=589510814 startPage=1
[2026-04-05T10:57:33.446Z] [INFO] [review agiz-dis-bakimi/695359694] page=1 +0 reviews (unique=0)
[2026-04-05T10:57:33.447Z] [INFO] [REVIEW SAVED] /Users/artifact/Developer/review_ai/Review_AI/scraper_project/raw_data/agiz-dis-bakimi/695359694_reviews.json
[2026-04-05T10:57:33.455Z] [INFO] 
[REVIEW WORKER 2] starting agiz-dis-bakimi/730194616
[2026-04-05T10:57:33.555Z] [INFO] [review agiz-dis-bakimi/589697168] page=4 +8 reviews (unique=32)
[2026-04-05T10:57:33.951Z] [INFO] [review agiz-dis-bakimi/589510814] page=1 +8 reviews (unique=8)
[2026-04-05T10:57:34.319Z] [INFO] [review agiz-dis-bakimi/589697168] page=5 +8 reviews (unique=40)
[2026-04-05T10:57:34.320Z] [INFO] [REVIEW PARTIAL SAVED] /Users/artifact/Developer/review_ai/Review_AI/scraper_project/raw_data/agiz-dis-bakimi/589697168_reviews.partial.json
[2026-04-05T10:57:34.482Z] [INFO] [review agiz-dis-bakimi/589510814] page=2 +8 reviews (unique=16)
[2026-04-05T10:57:34.926Z] [INFO] [review agiz-dis-bakimi/589697168] page=6 +8 reviews (unique=48)
[2026-04-05T10:57:35.060Z] [INFO] [review agiz-dis-bakimi/589510814] page=3 +8 reviews (unique=24)
[2026-04-05T10:57:35.656Z] [INFO] [review agiz-dis-bakimi/589697168] page=7 +8 reviews (unique=56)
[2026-04-05T10:57:35.686Z] [INFO] [review agiz-dis-bakimi/589510814] page=4 +7 reviews (unique=31)
[2026-04-05T10:57:35.688Z] [INFO] [REVIEW SAVED] /Users/artifact/Developer/review_ai/Review_AI/scraper_project/raw_data/agiz-dis-bakimi/589510814_reviews.json
[2026-04-05T10:57:35.696Z] [INFO] 
[REVIEW WORKER 1] starting agiz-dis-bakimi/636798986
[2026-04-05T10:57:36.398Z] [INFO] [review agiz-dis-bakimi/589697168] page=8 +8 reviews (unique=64)
[2026-04-05T10:57:36.987Z] [INFO] [review agiz-dis-bakimi/589697168] page=9 +8 reviews (unique=72)
[2026-04-05T10:57:37.420Z] [INFO] 
[START REVIEW] category=agiz-dis-bakimi productId=730194616 startPage=1
[2026-04-05T10:57:37.635Z] [INFO] [review agiz-dis-bakimi/589697168] page=10 +5 reviews (unique=77)
[2026-04-05T10:57:37.638Z] [INFO] [REVIEW PARTIAL SAVED] /Users/artifact/Developer/review_ai/Review_AI/scraper_project/raw_data/agiz-dis-bakimi/589697168_reviews.partial.json
[2026-04-05T10:57:37.639Z] [INFO] [REVIEW SAVED] /Users/artifact/Developer/review_ai/Review_AI/scraper_project/raw_data/agiz-dis-bakimi/589697168_reviews.json
[2026-04-05T10:57:37.640Z] [INFO] [review agiz-dis-bakimi/730194616] page=1 +0 reviews (unique=0)
[2026-04-05T10:57:37.640Z] [INFO] [REVIEW SAVED] /Users/artifact/Developer/review_ai/Review_AI/scraper_project/raw_data/agiz-dis-bakimi/730194616_reviews.json
[2026-04-05T10:57:37.649Z] [INFO] 
[REVIEW WORKER 2] starting agiz-dis-bakimi/684761135
[2026-04-05T10:57:37.652Z] [INFO] 
[REVIEW WORKER 3] starting agiz-dis-bakimi/657008214
[2026-04-05T10:57:39.447Z] [INFO] 
[START REVIEW] category=agiz-dis-bakimi productId=636798986 startPage=1
[2026-04-05T10:57:40.042Z] [INFO] [review agiz-dis-bakimi/636798986] page=1 +0 reviews (unique=0)
[2026-04-05T10:57:40.043Z] [INFO] [REVIEW SAVED] /Users/artifact/Developer/review_ai/Review_AI/scraper_project/raw_data/agiz-dis-bakimi/636798986_reviews.json
[2026-04-05T10:57:40.054Z] [INFO] 
[REVIEW WORKER 1] starting agiz-dis-bakimi/693576598
[2026-04-05T10:57:42.524Z] [INFO] 
[START REVIEW] category=agiz-dis-bakimi productId=684761135 startPage=1
[2026-04-05T10:57:43.190Z] [INFO] [review agiz-dis-bakimi/684761135] page=1 +0 reviews (unique=0)
[2026-04-05T10:57:43.191Z] [INFO] [REVIEW SAVED] /Users/artifact/Developer/review_ai/Review_AI/scraper_project/raw_data/agiz-dis-bakimi/684761135_reviews.json
[2026-04-05T10:57:43.203Z] [INFO] 
[REVIEW WORKER 2] starting agiz-dis-bakimi/719465734
[2026-04-05T10:57:45.514Z] [INFO] 
[START REVIEW] category=agiz-dis-bakimi productId=657008214 startPage=1
[2026-04-05T10:57:45.988Z] [INFO] [review agiz-dis-bakimi/657008214] page=1 +4 reviews (unique=4)
[2026-04-05T10:57:45.991Z] [INFO] [REVIEW SAVED] /Users/artifact/Developer/review_ai/Review_AI/scraper_project/raw_data/agiz-dis-bakimi/657008214_reviews.json
[2026-04-05T10:57:46.003Z] [INFO] 
[REVIEW WORKER 3] starting agiz-dis-bakimi/610698435
[2026-04-05T10:57:46.716Z] [INFO] 
[START REVIEW] category=agiz-dis-bakimi productId=693576598 startPage=1
[2026-04-05T10:57:46.899Z] [INFO] [review agiz-dis-bakimi/693576598] page=1 +2 reviews (unique=2)
[2026-04-05T10:57:46.900Z] [INFO] [REVIEW SAVED] /Users/artifact/Developer/review_ai/Review_AI/scraper_project/raw_data/agiz-dis-bakimi/693576598_reviews.json
[2026-04-05T10:57:46.906Z] [INFO] 
[REVIEW WORKER 1] starting agiz-dis-bakimi/548816176
[2026-04-05T10:57:48.904Z] [INFO] 
[START REVIEW] category=agiz-dis-bakimi productId=719465734 startPage=1
[2026-04-05T10:57:49.066Z] [INFO] [review agiz-dis-bakimi/719465734] page=1 +5 reviews (unique=5)
[2026-04-05T10:57:49.067Z] [INFO] [REVIEW SAVED] /Users/artifact/Developer/review_ai/Review_AI/scraper_project/raw_data/agiz-dis-bakimi/719465734_reviews.json
[2026-04-05T10:57:49.073Z] [INFO] 
[REVIEW WORKER 2] starting agiz-dis-bakimi/657040782
[2026-04-05T10:57:50.851Z] [INFO] 
[START REVIEW] category=agiz-dis-bakimi productId=610698435 startPage=1
[2026-04-05T10:57:51.025Z] [INFO] 
[START REVIEW] category=agiz-dis-bakimi productId=548816176 startPage=1
[2026-04-05T10:57:51.140Z] [INFO] [review agiz-dis-bakimi/610698435] page=1 +8 reviews (unique=8)
[2026-04-05T10:57:53.389Z] [INFO] [review agiz-dis-bakimi/610698435] page=2 +8 reviews (unique=16)
[2026-04-05T10:57:53.470Z] [INFO] [review agiz-dis-bakimi/548816176] page=1 +8 reviews (unique=8)
[2026-04-05T10:57:54.884Z] [INFO] [review agiz-dis-bakimi/610698435] page=3 +8 reviews (unique=24)
[2026-04-05T10:57:54.886Z] [INFO] [REVIEW SAVED] /Users/artifact/Developer/review_ai/Review_AI/scraper_project/raw_data/agiz-dis-bakimi/610698435_reviews.json
[2026-04-05T10:57:54.894Z] [INFO] 
[REVIEW WORKER 3] starting agiz-dis-bakimi/645390495
[2026-04-05T10:57:55.337Z] [INFO] [review agiz-dis-bakimi/548816176] page=2 +3 reviews (unique=11)
[2026-04-05T10:57:55.338Z] [INFO] [REVIEW SAVED] /Users/artifact/Developer/review_ai/Review_AI/scraper_project/raw_data/agiz-dis-bakimi/548816176_reviews.json
[2026-04-05T10:57:55.341Z] [INFO] 
[REVIEW WORKER 1] starting agiz-dis-bakimi/653020388
[2026-04-05T10:57:57.503Z] [INFO] 
[START REVIEW] category=agiz-dis-bakimi productId=657040782 startPage=1
[2026-04-05T10:57:58.292Z] [INFO] [review agiz-dis-bakimi/657040782] page=1 +8 reviews (unique=8)
[2026-04-05T10:57:58.294Z] [INFO] [REVIEW SAVED] /Users/artifact/Developer/review_ai/Review_AI/scraper_project/raw_data/agiz-dis-bakimi/657040782_reviews.json
[2026-04-05T10:57:58.303Z] [INFO] 
[REVIEW WORKER 2] starting agiz-dis-bakimi/559654802
[2026-04-05T10:58:00.326Z] [INFO] 
[START REVIEW] category=agiz-dis-bakimi productId=645390495 startPage=1
[2026-04-05T10:58:00.327Z] [INFO] 
[START REVIEW] category=agiz-dis-bakimi productId=653020388 startPage=1
[2026-04-05T10:58:00.507Z] [INFO] [review agiz-dis-bakimi/653020388] page=1 +8 reviews (unique=8)
[2026-04-05T10:58:00.662Z] [INFO] [review agiz-dis-bakimi/645390495] page=1 +8 reviews (unique=8)
[2026-04-05T10:58:01.220Z] [INFO] [review agiz-dis-bakimi/653020388] page=2 +8 reviews (unique=16)
[2026-04-05T10:58:01.491Z] [INFO] [review agiz-dis-bakimi/645390495] page=2 +7 reviews (unique=15)
[2026-04-05T10:58:01.492Z] [INFO] [REVIEW SAVED] /Users/artifact/Developer/review_ai/Review_AI/scraper_project/raw_data/agiz-dis-bakimi/645390495_reviews.json
[2026-04-05T10:58:01.501Z] [INFO] 
[REVIEW WORKER 3] starting agiz-dis-bakimi/702087058
[2026-04-05T10:58:02.104Z] [INFO] [review agiz-dis-bakimi/653020388] page=3 +8 reviews (unique=24)
[2026-04-05T10:58:03.122Z] [INFO] [review agiz-dis-bakimi/653020388] page=4 +8 reviews (unique=32)
[2026-04-05T10:58:03.909Z] [INFO] [review agiz-dis-bakimi/653020388] page=5 +8 reviews (unique=40)
[2026-04-05T10:58:03.910Z] [INFO] [REVIEW PARTIAL SAVED] /Users/artifact/Developer/review_ai/Review_AI/scraper_project/raw_data/agiz-dis-bakimi/653020388_reviews.partial.json
[2026-04-05T10:58:04.653Z] [INFO] 
[START REVIEW] category=agiz-dis-bakimi productId=559654802 startPage=1
[2026-04-05T10:58:05.959Z] [INFO] [review agiz-dis-bakimi/653020388] page=6 +8 reviews (unique=48)
[2026-04-05T10:58:06.566Z] [INFO] [review agiz-dis-bakimi/653020388] page=7 +8 reviews (unique=56)
[2026-04-05T10:58:06.926Z] [INFO] [review agiz-dis-bakimi/559654802] page=1 +8 reviews (unique=8)
[2026-04-05T10:58:07.282Z] [INFO] [review agiz-dis-bakimi/653020388] page=8 +8 reviews (unique=64)
[2026-04-05T10:58:07.680Z] [INFO] 
[START REVIEW] category=agiz-dis-bakimi productId=702087058 startPage=1
[2026-04-05T10:58:07.827Z] [INFO] [review agiz-dis-bakimi/559654802] page=2 +3 reviews (unique=11)
[2026-04-05T10:58:07.831Z] [INFO] [REVIEW SAVED] /Users/artifact/Developer/review_ai/Review_AI/scraper_project/raw_data/agiz-dis-bakimi/559654802_reviews.json
[2026-04-05T10:58:07.839Z] [INFO] 
[REVIEW WORKER 2] starting agiz-dis-bakimi/597466802
[2026-04-05T10:58:08.054Z] [INFO] [review agiz-dis-bakimi/653020388] page=9 +8 reviews (unique=72)
[2026-04-05T10:58:08.056Z] [INFO] [review agiz-dis-bakimi/702087058] page=1 +7 reviews (unique=7)
[2026-04-05T10:58:08.057Z] [INFO] [REVIEW SAVED] /Users/artifact/Developer/review_ai/Review_AI/scraper_project/raw_data/agiz-dis-bakimi/702087058_reviews.json
[2026-04-05T10:58:08.062Z] [INFO] 
[REVIEW WORKER 3] starting agiz-dis-bakimi/646033839
[2026-04-05T10:58:08.690Z] [INFO] [review agiz-dis-bakimi/653020388] page=10 +8 reviews (unique=80)
[2026-04-05T10:58:08.692Z] [INFO] [REVIEW PARTIAL SAVED] /Users/artifact/Developer/review_ai/Review_AI/scraper_project/raw_data/agiz-dis-bakimi/653020388_reviews.partial.json
[2026-04-05T10:58:09.607Z] [INFO] [review agiz-dis-bakimi/653020388] page=11 +8 reviews (unique=88)
[2026-04-05T10:58:10.152Z] [INFO] [review agiz-dis-bakimi/653020388] page=12 +8 reviews (unique=96)
[2026-04-05T10:58:10.817Z] [INFO] [review agiz-dis-bakimi/653020388] page=13 +8 reviews (unique=104)
[2026-04-05T10:58:11.467Z] [INFO] [review agiz-dis-bakimi/653020388] page=14 +8 reviews (unique=112)
[2026-04-05T10:58:11.638Z] [INFO] 
[START REVIEW] category=agiz-dis-bakimi productId=597466802 startPage=1
[2026-04-05T10:58:11.896Z] [INFO] [review agiz-dis-bakimi/597466802] page=1 +8 reviews (unique=8)
[2026-04-05T10:58:12.197Z] [INFO] [review agiz-dis-bakimi/653020388] page=15 +8 reviews (unique=120)
[2026-04-05T10:58:12.199Z] [INFO] [REVIEW PARTIAL SAVED] /Users/artifact/Developer/review_ai/Review_AI/scraper_project/raw_data/agiz-dis-bakimi/653020388_reviews.partial.json
[2026-04-05T10:58:12.877Z] [INFO] [review agiz-dis-bakimi/597466802] page=2 +8 reviews (unique=16)
[2026-04-05T10:58:12.934Z] [INFO] [review agiz-dis-bakimi/653020388] page=16 +8 reviews (unique=128)
[2026-04-05T10:58:13.070Z] [INFO] 
[START REVIEW] category=agiz-dis-bakimi productId=646033839 startPage=1
[2026-04-05T10:58:13.286Z] [INFO] [review agiz-dis-bakimi/646033839] page=1 +8 reviews (unique=8)
[2026-04-05T10:58:13.841Z] [INFO] [review agiz-dis-bakimi/653020388] page=17 +8 reviews (unique=136)
[2026-04-05T10:58:13.842Z] [INFO] [review agiz-dis-bakimi/597466802] page=3 +2 reviews (unique=18)
[2026-04-05T10:58:13.843Z] [INFO] [REVIEW SAVED] /Users/artifact/Developer/review_ai/Review_AI/scraper_project/raw_data/agiz-dis-bakimi/597466802_reviews.json
[2026-04-05T10:58:13.848Z] [INFO] 
[REVIEW WORKER 2] starting agiz-dis-bakimi/547579212
[2026-04-05T10:58:14.005Z] [INFO] [review agiz-dis-bakimi/646033839] page=2 +8 reviews (unique=16)
[2026-04-05T10:58:14.380Z] [INFO] [review agiz-dis-bakimi/653020388] page=18 +6 reviews (unique=142)
[2026-04-05T10:58:14.381Z] [INFO] [REVIEW SAVED] /Users/artifact/Developer/review_ai/Review_AI/scraper_project/raw_data/agiz-dis-bakimi/653020388_reviews.json
[2026-04-05T10:58:14.388Z] [INFO] 
[REVIEW WORKER 1] starting agiz-dis-bakimi/736041775
[2026-04-05T10:58:14.739Z] [INFO] [review agiz-dis-bakimi/646033839] page=3 +8 reviews (unique=24)
[2026-04-05T10:58:15.299Z] [INFO] [review agiz-dis-bakimi/646033839] page=4 +8 reviews (unique=32)
[2026-04-05T10:58:15.892Z] [INFO] [review agiz-dis-bakimi/646033839] page=5 +8 reviews (unique=40)
[2026-04-05T10:58:15.894Z] [INFO] [REVIEW PARTIAL SAVED] /Users/artifact/Developer/review_ai/Review_AI/scraper_project/raw_data/agiz-dis-bakimi/646033839_reviews.partial.json
[2026-04-05T10:58:16.429Z] [INFO] [review agiz-dis-bakimi/646033839] page=6 +8 reviews (unique=48)
[2026-04-05T10:58:16.929Z] [INFO] [review agiz-dis-bakimi/646033839] page=7 +8 reviews (unique=56)
[2026-04-05T10:58:17.519Z] [INFO] [review agiz-dis-bakimi/646033839] page=8 +8 reviews (unique=64)
[2026-04-05T10:58:17.741Z] [INFO] 
[START REVIEW] category=agiz-dis-bakimi productId=547579212 startPage=1
[2026-04-05T10:58:18.300Z] [INFO] [review agiz-dis-bakimi/547579212] page=1 +4 reviews (unique=4)
[2026-04-05T10:58:18.302Z] [INFO] [REVIEW SAVED] /Users/artifact/Developer/review_ai/Review_AI/scraper_project/raw_data/agiz-dis-bakimi/547579212_reviews.json
[2026-04-05T10:58:18.305Z] [INFO] [review agiz-dis-bakimi/646033839] page=9 +8 reviews (unique=72)
[2026-04-05T10:58:18.308Z] [INFO] 
[REVIEW WORKER 2] starting agiz-dis-bakimi/590828838
[2026-04-05T10:58:18.905Z] [INFO] [review agiz-dis-bakimi/646033839] page=10 +8 reviews (unique=80)
[2026-04-05T10:58:18.906Z] [INFO] [REVIEW PARTIAL SAVED] /Users/artifact/Developer/review_ai/Review_AI/scraper_project/raw_data/agiz-dis-bakimi/646033839_reviews.partial.json
[2026-04-05T10:58:19.529Z] [INFO] 
[START REVIEW] category=agiz-dis-bakimi productId=736041775 startPage=1
[2026-04-05T10:58:19.557Z] [INFO] [review agiz-dis-bakimi/646033839] page=11 +2 reviews (unique=82)
[2026-04-05T10:58:19.559Z] [INFO] [REVIEW SAVED] /Users/artifact/Developer/review_ai/Review_AI/scraper_project/raw_data/agiz-dis-bakimi/646033839_reviews.json
[2026-04-05T10:58:19.570Z] [INFO] 
[REVIEW WORKER 3] starting agiz-dis-bakimi/687061380
[2026-04-05T10:58:19.741Z] [INFO] [review agiz-dis-bakimi/736041775] page=1 +0 reviews (unique=0)
[2026-04-05T10:58:19.742Z] [INFO] [REVIEW SAVED] /Users/artifact/Developer/review_ai/Review_AI/scraper_project/raw_data/agiz-dis-bakimi/736041775_reviews.json
[2026-04-05T10:58:19.748Z] [INFO] 
[REVIEW WORKER 1] starting agiz-dis-bakimi/640193137
[2026-04-05T10:58:22.262Z] [INFO] 
[START REVIEW] category=agiz-dis-bakimi productId=590828838 startPage=1
[2026-04-05T10:58:22.493Z] [INFO] [review agiz-dis-bakimi/590828838] page=1 +4 reviews (unique=4)
[2026-04-05T10:58:22.494Z] [INFO] [REVIEW SAVED] /Users/artifact/Developer/review_ai/Review_AI/scraper_project/raw_data/agiz-dis-bakimi/590828838_reviews.json
[2026-04-05T10:58:22.501Z] [INFO] 
[REVIEW WORKER 2] starting agiz-dis-bakimi/646974793
[2026-04-05T10:58:24.339Z] [INFO] 
[START REVIEW] category=agiz-dis-bakimi productId=640193137 startPage=1
[2026-04-05T10:58:25.182Z] [INFO] [review agiz-dis-bakimi/640193137] page=1 +6 reviews (unique=6)
[2026-04-05T10:58:25.183Z] [INFO] [REVIEW SAVED] /Users/artifact/Developer/review_ai/Review_AI/scraper_project/raw_data/agiz-dis-bakimi/640193137_reviews.json
[2026-04-05T10:58:25.190Z] [INFO] 
[REVIEW WORKER 1] starting agiz-dis-bakimi/570349797
[2026-04-05T10:58:25.367Z] [INFO] 
[START REVIEW] category=agiz-dis-bakimi productId=687061380 startPage=1
[2026-04-05T10:58:25.599Z] [INFO] [review agiz-dis-bakimi/687061380] page=1 +5 reviews (unique=5)
[2026-04-05T10:58:25.600Z] [INFO] [REVIEW SAVED] /Users/artifact/Developer/review_ai/Review_AI/scraper_project/raw_data/agiz-dis-bakimi/687061380_reviews.json
[2026-04-05T10:58:25.604Z] [INFO] 
[REVIEW WORKER 3] starting agiz-dis-bakimi/736425082
[2026-04-05T10:58:27.726Z] [INFO] 
[START REVIEW] category=agiz-dis-bakimi productId=646974793 startPage=1
[2026-04-05T10:58:27.907Z] [INFO] [review agiz-dis-bakimi/646974793] page=1 +8 reviews (unique=8)
[2026-04-05T10:58:28.504Z] [INFO] [review agiz-dis-bakimi/646974793] page=2 +8 reviews (unique=16)
[2026-04-05T10:58:29.112Z] [INFO] [review agiz-dis-bakimi/646974793] page=3 +8 reviews (unique=24)
[2026-04-05T10:58:29.271Z] [INFO] 
[START REVIEW] category=agiz-dis-bakimi productId=736425082 startPage=1
[2026-04-05T10:58:29.271Z] [INFO] 
[START REVIEW] category=agiz-dis-bakimi productId=570349797 startPage=1
[2026-04-05T10:58:29.527Z] [INFO] [review agiz-dis-bakimi/736425082] page=1 +8 reviews (unique=8)
[2026-04-05T10:58:29.671Z] [INFO] [review agiz-dis-bakimi/646974793] page=4 +8 reviews (unique=32)
[2026-04-05T10:58:30.072Z] [INFO] [review agiz-dis-bakimi/736425082] page=2 +2 reviews (unique=10)
[2026-04-05T10:58:30.073Z] [INFO] [REVIEW SAVED] /Users/artifact/Developer/review_ai/Review_AI/scraper_project/raw_data/agiz-dis-bakimi/736425082_reviews.json
[2026-04-05T10:58:30.084Z] [INFO] 
[REVIEW WORKER 3] starting agiz-dis-bakimi/646034047
[2026-04-05T10:58:30.327Z] [INFO] [review agiz-dis-bakimi/646974793] page=5 +8 reviews (unique=40)
[2026-04-05T10:58:30.328Z] [INFO] [REVIEW PARTIAL SAVED] /Users/artifact/Developer/review_ai/Review_AI/scraper_project/raw_data/agiz-dis-bakimi/646974793_reviews.partial.json
[2026-04-05T10:58:30.584Z] [INFO] [review agiz-dis-bakimi/570349797] page=1 +8 reviews (unique=8)
[2026-04-05T10:58:30.956Z] [INFO] [review agiz-dis-bakimi/646974793] page=6 +8 reviews (unique=48)
[2026-04-05T10:58:31.076Z] [INFO] [review agiz-dis-bakimi/570349797] page=2 +2 reviews (unique=10)
[2026-04-05T10:58:31.077Z] [INFO] [REVIEW SAVED] /Users/artifact/Developer/review_ai/Review_AI/scraper_project/raw_data/agiz-dis-bakimi/570349797_reviews.json
[2026-04-05T10:58:31.084Z] [INFO] 
[REVIEW WORKER 1] starting agiz-dis-bakimi/728069024
[2026-04-05T10:58:31.487Z] [INFO] [review agiz-dis-bakimi/646974793] page=7 +8 reviews (unique=56)
[2026-04-05T10:58:32.157Z] [INFO] [review agiz-dis-bakimi/646974793] page=8 +8 reviews (unique=64)
[2026-04-05T10:58:32.802Z] [INFO] [review agiz-dis-bakimi/646974793] page=9 +8 reviews (unique=72)
[2026-04-05T10:58:33.140Z] [INFO] 
[START REVIEW] category=agiz-dis-bakimi productId=646034047 startPage=1
[2026-04-05T10:58:33.313Z] [INFO] [review agiz-dis-bakimi/646034047] page=1 +8 reviews (unique=8)
[2026-04-05T10:58:33.456Z] [INFO] [review agiz-dis-bakimi/646974793] page=10 +3 reviews (unique=75)
[2026-04-05T10:58:33.457Z] [INFO] [REVIEW PARTIAL SAVED] /Users/artifact/Developer/review_ai/Review_AI/scraper_project/raw_data/agiz-dis-bakimi/646974793_reviews.partial.json
[2026-04-05T10:58:33.458Z] [INFO] [REVIEW SAVED] /Users/artifact/Developer/review_ai/Review_AI/scraper_project/raw_data/agiz-dis-bakimi/646974793_reviews.json
[2026-04-05T10:58:33.464Z] [INFO] 
[REVIEW WORKER 2] starting agiz-dis-bakimi/701283850
[2026-04-05T10:58:33.895Z] [INFO] [review agiz-dis-bakimi/646034047] page=2 +8 reviews (unique=16)
[2026-04-05T10:58:34.529Z] [INFO] [review agiz-dis-bakimi/646034047] page=3 +5 reviews (unique=21)
[2026-04-05T10:58:34.530Z] [INFO] [REVIEW SAVED] /Users/artifact/Developer/review_ai/Review_AI/scraper_project/raw_data/agiz-dis-bakimi/646034047_reviews.json
[2026-04-05T10:58:34.536Z] [INFO] 
[REVIEW WORKER 3] starting agiz-dis-bakimi/732245026
[2026-04-05T10:58:35.455Z] [INFO] 
[START REVIEW] category=agiz-dis-bakimi productId=728069024 startPage=1
[2026-04-05T10:58:35.658Z] [INFO] [review agiz-dis-bakimi/728069024] page=1 +1 reviews (unique=1)
[2026-04-05T10:58:35.659Z] [INFO] [REVIEW SAVED] /Users/artifact/Developer/review_ai/Review_AI/scraper_project/raw_data/agiz-dis-bakimi/728069024_reviews.json
[2026-04-05T10:58:35.665Z] [INFO] 
[REVIEW WORKER 1] starting agiz-dis-bakimi/650910283
[2026-04-05T10:58:37.929Z] [INFO] 
[START REVIEW] category=agiz-dis-bakimi productId=701283850 startPage=1
[2026-04-05T10:58:38.216Z] [INFO] [review agiz-dis-bakimi/701283850] page=1 +1 reviews (unique=1)
[2026-04-05T10:58:38.218Z] [INFO] [REVIEW SAVED] /Users/artifact/Developer/review_ai/Review_AI/scraper_project/raw_data/agiz-dis-bakimi/701283850_reviews.json
[2026-04-05T10:58:38.227Z] [INFO] 
[REVIEW WORKER 2] starting agiz-dis-bakimi/658714923
[2026-04-05T10:58:39.451Z] [INFO] 
[START REVIEW] category=agiz-dis-bakimi productId=732245026 startPage=1
[2026-04-05T10:58:39.569Z] [INFO] [review agiz-dis-bakimi/732245026] page=1 +6 reviews (unique=6)
[2026-04-05T10:58:39.570Z] [INFO] [REVIEW SAVED] /Users/artifact/Developer/review_ai/Review_AI/scraper_project/raw_data/agiz-dis-bakimi/732245026_reviews.json
[2026-04-05T10:58:39.576Z] [INFO] 
[REVIEW WORKER 3] starting agiz-dis-bakimi/723161555
[2026-04-05T10:58:40.277Z] [INFO] 
[START REVIEW] category=agiz-dis-bakimi productId=650910283 startPage=1
[2026-04-05T10:58:40.426Z] [INFO] [review agiz-dis-bakimi/650910283] page=1 +8 reviews (unique=8)
[2026-04-05T10:58:41.110Z] [INFO] [review agiz-dis-bakimi/650910283] page=2 +8 reviews (unique=16)
[2026-04-05T10:58:42.077Z] [INFO] [review agiz-dis-bakimi/650910283] page=3 +8 reviews (unique=24)
[2026-04-05T10:58:42.220Z] [INFO] 
[START REVIEW] category=agiz-dis-bakimi productId=658714923 startPage=1
[2026-04-05T10:58:42.465Z] [INFO] [review agiz-dis-bakimi/658714923] page=1 +8 reviews (unique=8)
[2026-04-05T10:58:43.188Z] [INFO] [review agiz-dis-bakimi/650910283] page=4 +8 reviews (unique=32)
[2026-04-05T10:58:43.254Z] [INFO] [review agiz-dis-bakimi/658714923] page=2 +4 reviews (unique=12)
[2026-04-05T10:58:43.255Z] [INFO] [REVIEW SAVED] /Users/artifact/Developer/review_ai/Review_AI/scraper_project/raw_data/agiz-dis-bakimi/658714923_reviews.json
[2026-04-05T10:58:43.259Z] [INFO] 
[REVIEW WORKER 2] starting agiz-dis-bakimi/729385812
[2026-04-05T10:58:44.213Z] [INFO] [review agiz-dis-bakimi/650910283] page=5 +1 reviews (unique=33)
[2026-04-05T10:58:44.214Z] [INFO] [REVIEW PARTIAL SAVED] /Users/artifact/Developer/review_ai/Review_AI/scraper_project/raw_data/agiz-dis-bakimi/650910283_reviews.partial.json
[2026-04-05T10:58:44.214Z] [INFO] [REVIEW SAVED] /Users/artifact/Developer/review_ai/Review_AI/scraper_project/raw_data/agiz-dis-bakimi/650910283_reviews.json
[2026-04-05T10:58:44.222Z] [INFO] 
[REVIEW WORKER 1] starting agiz-dis-bakimi/737088063
[2026-04-05T10:58:44.691Z] [INFO] 
[START REVIEW] category=agiz-dis-bakimi productId=723161555 startPage=1
[2026-04-05T10:58:44.822Z] [INFO] [review agiz-dis-bakimi/723161555] page=1 +3 reviews (unique=3)
[2026-04-05T10:58:44.823Z] [INFO] [REVIEW SAVED] /Users/artifact/Developer/review_ai/Review_AI/scraper_project/raw_data/agiz-dis-bakimi/723161555_reviews.json
[2026-04-05T10:58:44.826Z] [INFO] 
[REVIEW WORKER 3] starting agiz-dis-bakimi/709135444
[2026-04-05T10:58:48.328Z] [INFO] 
[START REVIEW] category=agiz-dis-bakimi productId=729385812 startPage=1
[2026-04-05T10:58:48.650Z] [INFO] [review agiz-dis-bakimi/729385812] page=1 +1 reviews (unique=1)
[2026-04-05T10:58:48.650Z] [INFO] [REVIEW SAVED] /Users/artifact/Developer/review_ai/Review_AI/scraper_project/raw_data/agiz-dis-bakimi/729385812_reviews.json
[2026-04-05T10:58:48.656Z] [INFO] 
[REVIEW WORKER 2] starting agiz-dis-bakimi/728001590
[2026-04-05T10:58:49.647Z] [INFO] 
[START REVIEW] category=agiz-dis-bakimi productId=709135444 startPage=1
[2026-04-05T10:58:49.848Z] [INFO] [review agiz-dis-bakimi/709135444] page=1 +0 reviews (unique=0)
[2026-04-05T10:58:49.849Z] [INFO] [REVIEW SAVED] /Users/artifact/Developer/review_ai/Review_AI/scraper_project/raw_data/agiz-dis-bakimi/709135444_reviews.json
[2026-04-05T10:58:49.867Z] [INFO] 
[REVIEW WORKER 3] starting agiz-dis-bakimi/597214058
[2026-04-05T10:58:50.193Z] [INFO] 
[START REVIEW] category=agiz-dis-bakimi productId=737088063 startPage=1
[2026-04-05T10:58:50.329Z] [INFO] [review agiz-dis-bakimi/737088063] page=1 +1 reviews (unique=1)
[2026-04-05T10:58:50.330Z] [INFO] [REVIEW SAVED] /Users/artifact/Developer/review_ai/Review_AI/scraper_project/raw_data/agiz-dis-bakimi/737088063_reviews.json
[2026-04-05T10:58:50.337Z] [INFO] 
[REVIEW WORKER 1] starting agiz-dis-bakimi/537936196
[2026-04-05T10:58:53.208Z] [INFO] 
[START REVIEW] category=agiz-dis-bakimi productId=728001590 startPage=1
[2026-04-05T10:58:53.682Z] [INFO] [review agiz-dis-bakimi/728001590] page=1 +8 reviews (unique=8)
[2026-04-05T10:58:53.682Z] [INFO] [REVIEW SAVED] /Users/artifact/Developer/review_ai/Review_AI/scraper_project/raw_data/agiz-dis-bakimi/728001590_reviews.json
[2026-04-05T10:58:53.686Z] [INFO] 
[REVIEW WORKER 2] starting agiz-dis-bakimi/436695155
[2026-04-05T10:58:54.359Z] [INFO] 
[START REVIEW] category=agiz-dis-bakimi productId=597214058 startPage=1
[2026-04-05T10:58:54.625Z] [INFO] [review agiz-dis-bakimi/597214058] page=1 +8 reviews (unique=8)
[2026-04-05T10:58:55.165Z] [INFO] [review agiz-dis-bakimi/597214058] page=2 +8 reviews (unique=16)
[2026-04-05T10:58:55.175Z] [INFO] 
[START REVIEW] category=agiz-dis-bakimi productId=537936196 startPage=1
[2026-04-05T10:58:55.711Z] [INFO] [review agiz-dis-bakimi/537936196] page=1 +8 reviews (unique=8)
[2026-04-05T10:58:55.773Z] [INFO] [review agiz-dis-bakimi/597214058] page=3 +2 reviews (unique=18)
[2026-04-05T10:58:55.774Z] [INFO] [REVIEW SAVED] /Users/artifact/Developer/review_ai/Review_AI/scraper_project/raw_data/agiz-dis-bakimi/597214058_reviews.json
[2026-04-05T10:58:55.782Z] [INFO] 
[REVIEW WORKER 3] starting agiz-dis-bakimi/556321054
[2026-04-05T10:58:56.645Z] [INFO] [review agiz-dis-bakimi/537936196] page=2 +8 reviews (unique=16)
[2026-04-05T10:58:57.173Z] [INFO] [review agiz-dis-bakimi/537936196] page=3 +8 reviews (unique=24)
[2026-04-05T10:58:57.540Z] [INFO] 
[START REVIEW] category=agiz-dis-bakimi productId=436695155 startPage=1
[2026-04-05T10:58:57.723Z] [INFO] [review agiz-dis-bakimi/436695155] page=1 +8 reviews (unique=8)
[2026-04-05T10:58:57.777Z] [INFO] [review agiz-dis-bakimi/537936196] page=4 +1 reviews (unique=25)
[2026-04-05T10:58:57.778Z] [INFO] [REVIEW SAVED] /Users/artifact/Developer/review_ai/Review_AI/scraper_project/raw_data/agiz-dis-bakimi/537936196_reviews.json
[2026-04-05T10:58:57.786Z] [INFO] 
[REVIEW WORKER 1] starting agiz-dis-bakimi/732388255
[2026-04-05T10:58:58.341Z] [INFO] [review agiz-dis-bakimi/436695155] page=2 +7 reviews (unique=15)
[2026-04-05T10:58:58.341Z] [INFO] [REVIEW SAVED] /Users/artifact/Developer/review_ai/Review_AI/scraper_project/raw_data/agiz-dis-bakimi/436695155_reviews.json
[2026-04-05T10:58:58.346Z] [INFO] 
[REVIEW WORKER 2] starting agiz-dis-bakimi/642983819
[2026-04-05T10:59:00.974Z] [INFO] 
[START REVIEW] category=agiz-dis-bakimi productId=556321054 startPage=1
[2026-04-05T10:59:01.146Z] [INFO] [review agiz-dis-bakimi/556321054] page=1 +8 reviews (unique=8)
[2026-04-05T10:59:01.350Z] [INFO] 
[START REVIEW] category=agiz-dis-bakimi productId=732388255 startPage=1
[2026-04-05T10:59:01.647Z] [INFO] [review agiz-dis-bakimi/732388255] page=1 +8 reviews (unique=8)
[2026-04-05T10:59:01.775Z] [INFO] [review agiz-dis-bakimi/556321054] page=2 +8 reviews (unique=16)
[2026-04-05T10:59:02.227Z] [INFO] [review agiz-dis-bakimi/732388255] page=2 +8 reviews (unique=16)
[2026-04-05T10:59:02.440Z] [INFO] 
[START REVIEW] category=agiz-dis-bakimi productId=642983819 startPage=1
[2026-04-05T10:59:02.597Z] [INFO] [review agiz-dis-bakimi/642983819] page=1 +3 reviews (unique=3)
[2026-04-05T10:59:02.598Z] [INFO] [REVIEW SAVED] /Users/artifact/Developer/review_ai/Review_AI/scraper_project/raw_data/agiz-dis-bakimi/642983819_reviews.json
[2026-04-05T10:59:02.603Z] [INFO] 
[REVIEW WORKER 2] starting agiz-dis-bakimi/597213856
[2026-04-05T10:59:03.021Z] [INFO] [review agiz-dis-bakimi/732388255] page=3 +8 reviews (unique=24)
[2026-04-05T10:59:03.632Z] [INFO] [review agiz-dis-bakimi/732388255] page=4 +8 reviews (unique=32)
[2026-04-05T10:59:04.279Z] [INFO] [review agiz-dis-bakimi/732388255] page=5 +8 reviews (unique=40)
[2026-04-05T10:59:04.280Z] [INFO] [REVIEW PARTIAL SAVED] /Users/artifact/Developer/review_ai/Review_AI/scraper_project/raw_data/agiz-dis-bakimi/732388255_reviews.partial.json
[2026-04-05T10:59:05.117Z] [INFO] [review agiz-dis-bakimi/732388255] page=6 +8 reviews (unique=48)
[2026-04-05T10:59:05.167Z] [INFO] [review agiz-dis-bakimi/556321054] page=3 +8 reviews (unique=24)
[2026-04-05T10:59:05.736Z] [INFO] [review agiz-dis-bakimi/556321054] page=4 +8 reviews (unique=32)
[2026-04-05T10:59:05.795Z] [INFO] [review agiz-dis-bakimi/732388255] page=7 +8 reviews (unique=56)
[2026-04-05T10:59:05.893Z] [INFO] 
[START REVIEW] category=agiz-dis-bakimi productId=597213856 startPage=1
[2026-04-05T10:59:06.160Z] [INFO] [review agiz-dis-bakimi/597213856] page=1 +8 reviews (unique=8)
[2026-04-05T10:59:06.325Z] [INFO] [review agiz-dis-bakimi/556321054] page=5 +6 reviews (unique=38)
[2026-04-05T10:59:06.326Z] [INFO] [REVIEW PARTIAL SAVED] /Users/artifact/Developer/review_ai/Review_AI/scraper_project/raw_data/agiz-dis-bakimi/556321054_reviews.partial.json
[2026-04-05T10:59:06.327Z] [INFO] [REVIEW SAVED] /Users/artifact/Developer/review_ai/Review_AI/scraper_project/raw_data/agiz-dis-bakimi/556321054_reviews.json
[2026-04-05T10:59:06.334Z] [INFO] 
[REVIEW WORKER 3] starting agiz-dis-bakimi/589575071
[2026-04-05T10:59:06.423Z] [INFO] [review agiz-dis-bakimi/732388255] page=8 +8 reviews (unique=64)
[2026-04-05T10:59:06.655Z] [INFO] [review agiz-dis-bakimi/597213856] page=2 +8 reviews (unique=16)
[2026-04-05T10:59:07.029Z] [INFO] [review agiz-dis-bakimi/732388255] page=9 +8 reviews (unique=72)
[2026-04-05T10:59:07.216Z] [INFO] [review agiz-dis-bakimi/597213856] page=3 +8 reviews (unique=24)
[2026-04-05T10:59:07.737Z] [INFO] [review agiz-dis-bakimi/732388255] page=10 +8 reviews (unique=80)
[2026-04-05T10:59:07.738Z] [INFO] [REVIEW PARTIAL SAVED] /Users/artifact/Developer/review_ai/Review_AI/scraper_project/raw_data/agiz-dis-bakimi/732388255_reviews.partial.json
[2026-04-05T10:59:07.784Z] [INFO] [review agiz-dis-bakimi/597213856] page=4 +8 reviews (unique=32)
[2026-04-05T10:59:08.358Z] [INFO] [review agiz-dis-bakimi/597213856] page=5 +6 reviews (unique=38)
[2026-04-05T10:59:08.359Z] [INFO] [REVIEW PARTIAL SAVED] /Users/artifact/Developer/review_ai/Review_AI/scraper_project/raw_data/agiz-dis-bakimi/597213856_reviews.partial.json
[2026-04-05T10:59:08.359Z] [INFO] [REVIEW SAVED] /Users/artifact/Developer/review_ai/Review_AI/scraper_project/raw_data/agiz-dis-bakimi/597213856_reviews.json
[2026-04-05T10:59:08.370Z] [INFO] 
[REVIEW WORKER 2] starting agiz-dis-bakimi/712661831
[2026-04-05T10:59:08.602Z] [INFO] [review agiz-dis-bakimi/732388255] page=11 +8 reviews (unique=88)
[2026-04-05T10:59:09.282Z] [INFO] [review agiz-dis-bakimi/732388255] page=12 +8 reviews (unique=96)
[2026-04-05T10:59:09.565Z] [INFO] 
[START REVIEW] category=agiz-dis-bakimi productId=589575071 startPage=1
[2026-04-05T10:59:09.778Z] [INFO] [review agiz-dis-bakimi/732388255] page=13 +8 reviews (unique=104)
[2026-04-05T10:59:09.801Z] [INFO] [review agiz-dis-bakimi/589575071] page=1 +8 reviews (unique=8)
[2026-04-05T10:59:10.340Z] [INFO] [review agiz-dis-bakimi/732388255] page=14 +8 reviews (unique=112)
[2026-04-05T10:59:10.341Z] [INFO] [review agiz-dis-bakimi/589575071] page=2 +5 reviews (unique=13)
[2026-04-05T10:59:10.342Z] [INFO] [REVIEW SAVED] /Users/artifact/Developer/review_ai/Review_AI/scraper_project/raw_data/agiz-dis-bakimi/589575071_reviews.json
[2026-04-05T10:59:10.350Z] [INFO] 
[REVIEW WORKER 3] starting agiz-dis-bakimi/730512213
[2026-04-05T10:59:10.922Z] [INFO] [review agiz-dis-bakimi/732388255] page=15 +8 reviews (unique=120)
[2026-04-05T10:59:10.924Z] [INFO] [REVIEW PARTIAL SAVED] /Users/artifact/Developer/review_ai/Review_AI/scraper_project/raw_data/agiz-dis-bakimi/732388255_reviews.partial.json
[2026-04-05T10:59:11.491Z] [INFO] [review agiz-dis-bakimi/732388255] page=16 +8 reviews (unique=128)
[2026-04-05T10:59:12.159Z] [INFO] [review agiz-dis-bakimi/732388255] page=17 +8 reviews (unique=136)
[2026-04-05T10:59:12.210Z] [INFO] 
[START REVIEW] category=agiz-dis-bakimi productId=712661831 startPage=1
[2026-04-05T10:59:12.458Z] [INFO] [review agiz-dis-bakimi/712661831] page=1 +8 reviews (unique=8)
[2026-04-05T10:59:12.796Z] [INFO] [review agiz-dis-bakimi/732388255] page=18 +8 reviews (unique=144)
[2026-04-05T10:59:13.007Z] [INFO] [review agiz-dis-bakimi/712661831] page=2 +1 reviews (unique=9)
[2026-04-05T10:59:13.009Z] [INFO] [REVIEW SAVED] /Users/artifact/Developer/review_ai/Review_AI/scraper_project/raw_data/agiz-dis-bakimi/712661831_reviews.json
[2026-04-05T10:59:13.017Z] [INFO] 
[REVIEW WORKER 2] starting agiz-dis-bakimi/643760543
[2026-04-05T10:59:13.382Z] [INFO] [review agiz-dis-bakimi/732388255] page=19 +8 reviews (unique=152)
[2026-04-05T10:59:13.923Z] [INFO] 
[START REVIEW] category=agiz-dis-bakimi productId=730512213 startPage=1
[2026-04-05T10:59:14.043Z] [INFO] [review agiz-dis-bakimi/732388255] page=20 +8 reviews (unique=160)
[2026-04-05T10:59:14.045Z] [INFO] [REVIEW PARTIAL SAVED] /Users/artifact/Developer/review_ai/Review_AI/scraper_project/raw_data/agiz-dis-bakimi/732388255_reviews.partial.json
[2026-04-05T10:59:14.071Z] [INFO] [review agiz-dis-bakimi/730512213] page=1 +4 reviews (unique=4)
[2026-04-05T10:59:14.072Z] [INFO] [REVIEW SAVED] /Users/artifact/Developer/review_ai/Review_AI/scraper_project/raw_data/agiz-dis-bakimi/730512213_reviews.json
[2026-04-05T10:59:14.076Z] [INFO] 
[REVIEW WORKER 3] starting agiz-dis-bakimi/634008779
[2026-04-05T10:59:14.663Z] [INFO] [review agiz-dis-bakimi/732388255] page=21 +8 reviews (unique=168)
[2026-04-05T10:59:15.512Z] [INFO] [review agiz-dis-bakimi/732388255] page=22 +8 reviews (unique=176)
[2026-04-05T10:59:16.086Z] [INFO] [review agiz-dis-bakimi/732388255] page=23 +8 reviews (unique=184)
[2026-04-05T10:59:16.311Z] [INFO] 
[START REVIEW] category=agiz-dis-bakimi productId=643760543 startPage=1
[2026-04-05T10:59:16.536Z] [INFO] [review agiz-dis-bakimi/643760543] page=1 +8 reviews (unique=8)
[2026-04-05T10:59:16.586Z] [INFO] [review agiz-dis-bakimi/732388255] page=24 +8 reviews (unique=192)
[2026-04-05T10:59:17.275Z] [INFO] [review agiz-dis-bakimi/732388255] page=25 +8 reviews (unique=200)
[2026-04-05T10:59:17.278Z] [INFO] [REVIEW PARTIAL SAVED] /Users/artifact/Developer/review_ai/Review_AI/scraper_project/raw_data/agiz-dis-bakimi/732388255_reviews.partial.json
[2026-04-05T10:59:17.280Z] [INFO] [review agiz-dis-bakimi/643760543] page=2 +8 reviews (unique=16)
[2026-04-05T10:59:17.841Z] [INFO] [review agiz-dis-bakimi/732388255] page=26 +8 reviews (unique=208)
[2026-04-05T10:59:17.847Z] [INFO] [review agiz-dis-bakimi/643760543] page=3 +8 reviews (unique=24)
[2026-04-05T10:59:18.385Z] [INFO] 
[START REVIEW] category=agiz-dis-bakimi productId=634008779 startPage=1
[2026-04-05T10:59:18.391Z] [INFO] [review agiz-dis-bakimi/643760543] page=4 +8 reviews (unique=32)
[2026-04-05T10:59:18.543Z] [INFO] [review agiz-dis-bakimi/732388255] page=27 +8 reviews (unique=216)
[2026-04-05T10:59:18.561Z] [INFO] [review agiz-dis-bakimi/634008779] page=1 +8 reviews (unique=8)
[2026-04-05T10:59:18.968Z] [INFO] [review agiz-dis-bakimi/643760543] page=5 +8 reviews (unique=40)
[2026-04-05T10:59:18.969Z] [INFO] [REVIEW PARTIAL SAVED] /Users/artifact/Developer/review_ai/Review_AI/scraper_project/raw_data/agiz-dis-bakimi/643760543_reviews.partial.json
[2026-04-05T10:59:19.123Z] [INFO] [review agiz-dis-bakimi/634008779] page=2 +4 reviews (unique=12)
[2026-04-05T10:59:19.125Z] [INFO] [REVIEW SAVED] /Users/artifact/Developer/review_ai/Review_AI/scraper_project/raw_data/agiz-dis-bakimi/634008779_reviews.json
[2026-04-05T10:59:19.131Z] [INFO] [review agiz-dis-bakimi/732388255] page=28 +8 reviews (unique=224)
[2026-04-05T10:59:19.144Z] [INFO] 
[REVIEW WORKER 3] starting agiz-dis-bakimi/585238368
[2026-04-05T10:59:19.462Z] [INFO] [review agiz-dis-bakimi/643760543] page=6 +8 reviews (unique=48)
[2026-04-05T10:59:19.722Z] [INFO] [review agiz-dis-bakimi/732388255] page=29 +8 reviews (unique=232)
[2026-04-05T10:59:20.003Z] [INFO] [review agiz-dis-bakimi/643760543] page=7 +8 reviews (unique=56)
[2026-04-05T10:59:20.266Z] [INFO] [review agiz-dis-bakimi/732388255] page=30 +8 reviews (unique=240)
[2026-04-05T10:59:20.268Z] [INFO] [REVIEW PARTIAL SAVED] /Users/artifact/Developer/review_ai/Review_AI/scraper_project/raw_data/agiz-dis-bakimi/732388255_reviews.partial.json
[2026-04-05T10:59:20.644Z] [INFO] [review agiz-dis-bakimi/643760543] page=8 +8 reviews (unique=64)
[2026-04-05T10:59:20.800Z] [INFO] [review agiz-dis-bakimi/732388255] page=31 +8 reviews (unique=248)
[2026-04-05T10:59:21.327Z] [INFO] [review agiz-dis-bakimi/643760543] page=9 +8 reviews (unique=72)
[2026-04-05T10:59:21.516Z] [INFO] [review agiz-dis-bakimi/732388255] page=32 +8 reviews (unique=256)
[2026-04-05T10:59:21.848Z] [INFO] [review agiz-dis-bakimi/643760543] page=10 +8 reviews (unique=80)
[2026-04-05T10:59:21.849Z] [INFO] [REVIEW PARTIAL SAVED] /Users/artifact/Developer/review_ai/Review_AI/scraper_project/raw_data/agiz-dis-bakimi/643760543_reviews.partial.json
[2026-04-05T10:59:22.147Z] [INFO] [review agiz-dis-bakimi/732388255] page=33 +8 reviews (unique=264)
[2026-04-05T10:59:22.445Z] [INFO] [review agiz-dis-bakimi/643760543] page=11 +8 reviews (unique=88)
[2026-04-05T10:59:22.499Z] [INFO] 
[START REVIEW] category=agiz-dis-bakimi productId=585238368 startPage=1
[2026-04-05T10:59:22.738Z] [INFO] [review agiz-dis-bakimi/585238368] page=1 +8 reviews (unique=8)
[2026-04-05T10:59:22.776Z] [INFO] [review agiz-dis-bakimi/732388255] page=34 +8 reviews (unique=272)
[2026-04-05T10:59:23.000Z] [INFO] [review agiz-dis-bakimi/643760543] page=12 +8 reviews (unique=96)
[2026-04-05T10:59:23.270Z] [INFO] [review agiz-dis-bakimi/585238368] page=2 +3 reviews (unique=11)
[2026-04-05T10:59:23.273Z] [INFO] [REVIEW SAVED] /Users/artifact/Developer/review_ai/Review_AI/scraper_project/raw_data/agiz-dis-bakimi/585238368_reviews.json
[2026-04-05T10:59:23.287Z] [INFO] 
[REVIEW WORKER 3] starting agiz-dis-bakimi/436696356
[2026-04-05T10:59:23.445Z] [INFO] [review agiz-dis-bakimi/732388255] page=35 +8 reviews (unique=280)
[2026-04-05T10:59:23.447Z] [INFO] [REVIEW PARTIAL SAVED] /Users/artifact/Developer/review_ai/Review_AI/scraper_project/raw_data/agiz-dis-bakimi/732388255_reviews.partial.json
[2026-04-05T10:59:23.803Z] [INFO] [review agiz-dis-bakimi/643760543] page=13 +8 reviews (unique=104)
[2026-04-05T10:59:23.965Z] [INFO] [review agiz-dis-bakimi/732388255] page=36 +8 reviews (unique=288)
[2026-04-05T10:59:24.393Z] [INFO] [review agiz-dis-bakimi/643760543] page=14 +8 reviews (unique=112)
[2026-04-05T10:59:24.527Z] [INFO] [review agiz-dis-bakimi/732388255] page=37 +5 reviews (unique=293)
[2026-04-05T10:59:24.533Z] [INFO] [REVIEW SAVED] /Users/artifact/Developer/review_ai/Review_AI/scraper_project/raw_data/agiz-dis-bakimi/732388255_reviews.json
[2026-04-05T10:59:24.543Z] [INFO] 
[REVIEW WORKER 1] starting agiz-dis-bakimi/647508924
[2026-04-05T10:59:24.980Z] [INFO] [review agiz-dis-bakimi/643760543] page=15 +8 reviews (unique=120)
[2026-04-05T10:59:24.982Z] [INFO] [REVIEW PARTIAL SAVED] /Users/artifact/Developer/review_ai/Review_AI/scraper_project/raw_data/agiz-dis-bakimi/643760543_reviews.partial.json
[2026-04-05T10:59:25.555Z] [INFO] [review agiz-dis-bakimi/643760543] page=16 +4 reviews (unique=124)
[2026-04-05T10:59:25.557Z] [INFO] [REVIEW SAVED] /Users/artifact/Developer/review_ai/Review_AI/scraper_project/raw_data/agiz-dis-bakimi/643760543_reviews.json
[2026-04-05T10:59:25.565Z] [INFO] 
[REVIEW WORKER 2] starting agiz-dis-bakimi/560965160
[2026-04-05T10:59:26.880Z] [INFO] 
[START REVIEW] category=agiz-dis-bakimi productId=436696356 startPage=1
[2026-04-05T10:59:31.984Z] [INFO] [review agiz-dis-bakimi/436696356] page=1 +8 reviews (unique=8)
[2026-04-05T10:59:32.570Z] [INFO] [review agiz-dis-bakimi/436696356] page=2 +8 reviews (unique=16)
[2026-04-05T10:59:33.290Z] [INFO] [review agiz-dis-bakimi/436696356] page=3 +8 reviews (unique=24)
[2026-04-05T10:59:33.943Z] [INFO] [review agiz-dis-bakimi/436696356] page=4 +8 reviews (unique=32)
[2026-04-05T10:59:34.182Z] [INFO] 
[START REVIEW] category=agiz-dis-bakimi productId=647508924 startPage=1
[2026-04-05T10:59:34.552Z] [INFO] [review agiz-dis-bakimi/436696356] page=5 +8 reviews (unique=40)
[2026-04-05T10:59:34.553Z] [INFO] [REVIEW PARTIAL SAVED] /Users/artifact/Developer/review_ai/Review_AI/scraper_project/raw_data/agiz-dis-bakimi/436696356_reviews.partial.json
[2026-04-05T10:59:34.570Z] [INFO] [review agiz-dis-bakimi/647508924] page=1 +8 reviews (unique=8)
[2026-04-05T10:59:35.164Z] [INFO] [review agiz-dis-bakimi/647508924] page=2 +3 reviews (unique=11)
[2026-04-05T10:59:35.166Z] [INFO] [REVIEW SAVED] /Users/artifact/Developer/review_ai/Review_AI/scraper_project/raw_data/agiz-dis-bakimi/647508924_reviews.json
[2026-04-05T10:59:35.171Z] [INFO] 
[REVIEW WORKER 1] starting agiz-dis-bakimi/687293456
[2026-04-05T10:59:36.159Z] [INFO] [review agiz-dis-bakimi/436696356] page=6 +8 reviews (unique=48)
[2026-04-05T10:59:36.288Z] [INFO] 
[START REVIEW] category=agiz-dis-bakimi productId=560965160 startPage=1
[2026-04-05T10:59:36.523Z] [INFO] [review agiz-dis-bakimi/560965160] page=1 +8 reviews (unique=8)
[2026-04-05T10:59:36.677Z] [INFO] [review agiz-dis-bakimi/436696356] page=7 +8 reviews (unique=56)
[2026-04-05T10:59:37.047Z] [INFO] [review agiz-dis-bakimi/560965160] page=2 +8 reviews (unique=16)
[2026-04-05T10:59:37.227Z] [INFO] [review agiz-dis-bakimi/436696356] page=8 +5 reviews (unique=61)
[2026-04-05T10:59:37.228Z] [INFO] [REVIEW SAVED] /Users/artifact/Developer/review_ai/Review_AI/scraper_project/raw_data/agiz-dis-bakimi/436696356_reviews.json
[2026-04-05T10:59:37.234Z] [INFO] 
[REVIEW WORKER 3] starting agiz-dis-bakimi/638784697
[2026-04-05T10:59:39.563Z] [INFO] 
[START REVIEW] category=agiz-dis-bakimi productId=687293456 startPage=1
[2026-04-05T10:59:55.272Z] [INFO] 
[START REVIEW] category=agiz-dis-bakimi productId=638784697 startPage=1
[2026-04-05T10:59:55.289Z] [WARN] [retry] productId=638784697 page=1 attempt=1/3
[2026-04-05T10:59:56.500Z] [WARN] [retry] productId=638784697 page=1 attempt=2/3
[2026-04-05T10:59:58.911Z] [WARN] [retry] productId=638784697 page=1 attempt=3/3
[2026-04-05T10:59:58.922Z] [ERROR] [REVIEW ERROR] agiz-dis-bakimi/638784697
[2026-04-05T10:59:58.923Z] [ERROR] {"name":"Error"}
[2026-04-05T10:59:58.930Z] [INFO] 
[REVIEW WORKER 3] starting agiz-dis-bakimi/599187933
[2026-04-05T10:59:59.197Z] [ERROR] [REVIEW ERROR] agiz-dis-bakimi/599187933
[2026-04-05T10:59:59.197Z] [ERROR] {"name":"Error"}
[2026-04-05T10:59:59.199Z] [INFO] 
[REVIEW WORKER 3] starting agiz-dis-bakimi/636390944
[2026-04-05T10:59:59.405Z] [ERROR] [REVIEW ERROR] agiz-dis-bakimi/636390944
[2026-04-05T10:59:59.406Z] [ERROR] {"name":"Error"}
[2026-04-05T10:59:59.408Z] [INFO] 
[REVIEW WORKER 3] starting agiz-dis-bakimi/593552175
[2026-04-05T10:59:59.675Z] [ERROR] [REVIEW ERROR] agiz-dis-bakimi/593552175
[2026-04-05T10:59:59.676Z] [ERROR] {"name":"Error"}
[2026-04-05T10:59:59.677Z] [INFO] 
[REVIEW WORKER 3] starting agiz-dis-bakimi/569479233
[2026-04-05T10:59:59.932Z] [ERROR] [REVIEW ERROR] agiz-dis-bakimi/569479233
[2026-04-05T10:59:59.936Z] [ERROR] {"name":"Error"}
[2026-04-05T10:59:59.938Z] [INFO] 
[REVIEW WORKER 3] starting agiz-dis-bakimi/735547495
[2026-04-05T11:00:00.216Z] [ERROR] [REVIEW ERROR] agiz-dis-bakimi/735547495
[2026-04-05T11:00:00.217Z] [ERROR] {"name":"Error"}
[2026-04-05T11:00:00.220Z] [INFO] 
[REVIEW WORKER 3] starting agiz-dis-bakimi/736238170
[2026-04-05T11:00:00.454Z] [ERROR] [REVIEW ERROR] agiz-dis-bakimi/736238170
[2026-04-05T11:00:00.454Z] [ERROR] {"name":"Error"}
[2026-04-05T11:00:00.455Z] [INFO] 
[REVIEW WORKER 3] starting agiz-dis-bakimi/600608405
[2026-04-05T11:00:00.642Z] [ERROR] [REVIEW ERROR] agiz-dis-bakimi/600608405
[2026-04-05T11:00:00.642Z] [ERROR] {"name":"Error"}
[2026-04-05T11:00:00.643Z] [INFO] 
[REVIEW WORKER 3] starting agiz-dis-bakimi/739094614
[2026-04-05T11:00:00.832Z] [ERROR] [REVIEW ERROR] agiz-dis-bakimi/739094614
[2026-04-05T11:00:00.833Z] [ERROR] {"name":"Error"}
[2026-04-05T11:00:00.835Z] [INFO] 
[REVIEW WORKER 3] starting agiz-dis-bakimi/663780237
[2026-04-05T11:00:01.021Z] [ERROR] [REVIEW ERROR] agiz-dis-bakimi/663780237
[2026-04-05T11:00:01.022Z] [ERROR] {"name":"Error"}
[2026-04-05T11:00:01.024Z] [INFO] 
[REVIEW WORKER 3] starting agiz-dis-bakimi/736870197
[2026-04-05T11:00:01.221Z] [ERROR] [REVIEW ERROR] agiz-dis-bakimi/736870197
[2026-04-05T11:00:01.221Z] [ERROR] {"name":"Error"}
[2026-04-05T11:00:01.222Z] [INFO] 
[REVIEW WORKER 3] starting agiz-dis-bakimi/524029922
[2026-04-05T11:00:01.423Z] [ERROR] [REVIEW ERROR] agiz-dis-bakimi/524029922
[2026-04-05T11:00:01.424Z] [ERROR] {"name":"Error"}
[2026-04-05T11:00:01.425Z] [INFO] 
[REVIEW WORKER 3] starting agiz-dis-bakimi/527398448
[2026-04-05T11:00:01.607Z] [ERROR] [REVIEW ERROR] agiz-dis-bakimi/527398448
[2026-04-05T11:00:01.608Z] [ERROR] {"name":"Error"}
[2026-04-05T11:00:01.609Z] [INFO] 
[REVIEW WORKER 3] starting agiz-dis-bakimi/730511530
[2026-04-05T11:00:01.832Z] [ERROR] [REVIEW ERROR] agiz-dis-bakimi/730511530
[2026-04-05T11:00:01.832Z] [ERROR] {"name":"Error"}
[2026-04-05T11:00:01.834Z] [INFO] 
[REVIEW WORKER 3] starting agiz-dis-bakimi/733081776
[2026-04-05T11:00:02.037Z] [ERROR] [REVIEW ERROR] agiz-dis-bakimi/733081776
[2026-04-05T11:00:02.038Z] [ERROR] {"name":"Error"}
[2026-04-05T11:00:02.039Z] [INFO] 
[REVIEW WORKER 3] starting agiz-dis-bakimi/607455095
[2026-04-05T11:00:02.238Z] [ERROR] [REVIEW ERROR] agiz-dis-bakimi/607455095
[2026-04-05T11:00:02.238Z] [ERROR] {"name":"Error"}
[2026-04-05T11:00:02.240Z] [INFO] 
[REVIEW WORKER 3] starting agiz-dis-bakimi/663547470
[2026-04-05T11:00:02.420Z] [ERROR] [REVIEW ERROR] agiz-dis-bakimi/663547470
[2026-04-05T11:00:02.421Z] [ERROR] {"name":"Error"}
[2026-04-05T11:00:02.422Z] [INFO] 
[REVIEW WORKER 3] starting agiz-dis-bakimi/634903125
[2026-04-05T11:00:02.659Z] [ERROR] [REVIEW ERROR] agiz-dis-bakimi/634903125
[2026-04-05T11:00:02.660Z] [ERROR] {"name":"Error"}
[2026-04-05T11:00:02.662Z] [INFO] 
[REVIEW WORKER 3] starting agiz-dis-bakimi/736534437
[2026-04-05T11:00:02.873Z] [ERROR] [REVIEW ERROR] agiz-dis-bakimi/736534437
[2026-04-05T11:00:02.875Z] [ERROR] {"name":"Error"}
[2026-04-05T11:00:02.878Z] [INFO] 
[REVIEW WORKER 3] starting agiz-dis-bakimi/724324457
[2026-04-05T11:00:03.070Z] [ERROR] [REVIEW ERROR] agiz-dis-bakimi/724324457
[2026-04-05T11:00:03.071Z] [ERROR] {"name":"Error"}
[2026-04-05T11:00:03.073Z] [INFO] 
[REVIEW WORKER 3] starting agiz-dis-bakimi/437851870
[2026-04-05T11:00:03.260Z] [ERROR] [REVIEW ERROR] agiz-dis-bakimi/437851870
[2026-04-05T11:00:03.261Z] [ERROR] {"name":"Error"}
[2026-04-05T11:00:03.265Z] [INFO] 
[REVIEW WORKER 3] starting agiz-dis-bakimi/724337060
[2026-04-05T11:00:03.448Z] [ERROR] [REVIEW ERROR] agiz-dis-bakimi/724337060
[2026-04-05T11:00:03.448Z] [ERROR] {"name":"Error"}
[2026-04-05T11:00:03.450Z] [INFO] 
[REVIEW WORKER 3] starting agiz-dis-bakimi/600608100
[2026-04-05T11:00:03.650Z] [ERROR] [REVIEW ERROR] agiz-dis-bakimi/600608100
[2026-04-05T11:00:03.650Z] [ERROR] {"name":"Error"}
[2026-04-05T11:00:03.652Z] [INFO] 
[REVIEW WORKER 3] starting agiz-dis-bakimi/578912523
[2026-04-05T11:00:03.842Z] [ERROR] [REVIEW ERROR] agiz-dis-bakimi/578912523
[2026-04-05T11:00:03.842Z] [ERROR] {"name":"Error"}
[2026-04-05T11:00:03.844Z] [INFO] 
[REVIEW WORKER 3] starting agiz-dis-bakimi/647036986
[2026-04-05T11:00:04.035Z] [ERROR] [REVIEW ERROR] agiz-dis-bakimi/647036986
[2026-04-05T11:00:04.035Z] [ERROR] {"name":"Error"}
[2026-04-05T11:00:04.037Z] [INFO] 
[REVIEW WORKER 3] starting agiz-dis-bakimi/686359269
[2026-04-05T11:00:04.221Z] [ERROR] [REVIEW ERROR] agiz-dis-bakimi/686359269
[2026-04-05T11:00:04.222Z] [ERROR] {"name":"Error"}
[2026-04-05T11:00:04.223Z] [INFO] 
[REVIEW WORKER 3] starting agiz-dis-bakimi/731910029
[2026-04-05T11:00:04.434Z] [ERROR] [REVIEW ERROR] agiz-dis-bakimi/731910029
[2026-04-05T11:00:04.435Z] [ERROR] {"name":"Error"}
[2026-04-05T11:00:04.435Z] [INFO] 
[REVIEW WORKER 3] starting agiz-dis-bakimi/356339984
[2026-04-05T11:00:04.637Z] [ERROR] [REVIEW ERROR] agiz-dis-bakimi/356339984
[2026-04-05T11:00:04.637Z] [ERROR] {"name":"Error"}
[2026-04-05T11:00:04.639Z] [INFO] 
[REVIEW WORKER 3] starting agiz-dis-bakimi/603344133
[2026-04-05T11:00:04.837Z] [ERROR] [REVIEW ERROR] agiz-dis-bakimi/603344133
[2026-04-05T11:00:04.837Z] [ERROR] {"name":"Error"}
[2026-04-05T11:00:04.838Z] [INFO] 
[REVIEW WORKER 3] starting agiz-dis-bakimi/709358655
[2026-04-05T11:00:05.032Z] [ERROR] [REVIEW ERROR] agiz-dis-bakimi/709358655
[2026-04-05T11:00:05.032Z] [ERROR] {"name":"Error"}
[2026-04-05T11:00:05.034Z] [INFO] 
[REVIEW WORKER 3] starting agiz-dis-bakimi/645399264
[2026-04-05T11:00:05.220Z] [ERROR] [REVIEW ERROR] agiz-dis-bakimi/645399264
[2026-04-05T11:00:05.220Z] [ERROR] {"name":"Error"}
[2026-04-05T11:00:05.222Z] [INFO] 
[REVIEW WORKER 3] starting agiz-dis-bakimi/726824585
[2026-04-05T11:00:05.420Z] [ERROR] [REVIEW ERROR] agiz-dis-bakimi/726824585
[2026-04-05T11:00:05.420Z] [ERROR] {"name":"Error"}
[2026-04-05T11:00:05.421Z] [INFO] 
[REVIEW WORKER 3] starting agiz-dis-bakimi/562839287
[2026-04-05T11:00:05.618Z] [ERROR] [REVIEW ERROR] agiz-dis-bakimi/562839287
[2026-04-05T11:00:05.618Z] [ERROR] {"name":"Error"}
[2026-04-05T11:00:05.619Z] [INFO] 
[REVIEW WORKER 3] starting agiz-dis-bakimi/730180742
[2026-04-05T11:00:05.821Z] [ERROR] [REVIEW ERROR] agiz-dis-bakimi/730180742
[2026-04-05T11:00:05.822Z] [ERROR] {"name":"Error"}
[2026-04-05T11:00:05.823Z] [INFO] 
[REVIEW WORKER 3] starting agiz-dis-bakimi/730513999
[2026-04-05T11:00:13.523Z] [INFO] 
[START REVIEW] category=agiz-dis-bakimi productId=730513999 startPage=1
[2026-04-05T11:00:13.837Z] [INFO] [review agiz-dis-bakimi/730513999] page=1 +8 reviews (unique=8)
[2026-04-05T11:00:13.838Z] [INFO] [REVIEW SAVED] /Users/artifact/Developer/review_ai/Review_AI/scraper_project/raw_data/agiz-dis-bakimi/730513999_reviews.json
[2026-04-05T11:00:13.842Z] [INFO] 
[REVIEW WORKER 3] starting agiz-dis-bakimi/724324777
[2026-04-05T11:00:28.253Z] [INFO] 
[START REVIEW] category=agiz-dis-bakimi productId=724324777 startPage=1
[2026-04-05T11:00:28.257Z] [WARN] [retry] productId=724324777 page=1 attempt=1/3
[2026-04-05T11:00:29.464Z] [WARN] [retry] productId=724324777 page=1 attempt=2/3
[2026-04-05T11:00:31.875Z] [WARN] [retry] productId=724324777 page=1 attempt=3/3
[2026-04-05T11:00:31.905Z] [ERROR] [REVIEW ERROR] agiz-dis-bakimi/724324777
[2026-04-05T11:00:31.905Z] [ERROR] {"name":"Error"}
[2026-04-05T11:00:31.907Z] [INFO] 
[REVIEW WORKER 3] starting agiz-dis-bakimi/730194445
[2026-04-05T11:00:32.123Z] [ERROR] [REVIEW ERROR] agiz-dis-bakimi/730194445
[2026-04-05T11:00:32.124Z] [ERROR] {"name":"Error"}
[2026-04-05T11:00:32.124Z] [INFO] 
[REVIEW WORKER 3] starting agiz-dis-bakimi/593552362
[2026-04-05T11:00:32.310Z] [ERROR] [REVIEW ERROR] agiz-dis-bakimi/593552362
[2026-04-05T11:00:32.310Z] [ERROR] {"name":"Error"}
[2026-04-05T11:00:32.311Z] [INFO] 
[REVIEW WORKER 3] starting agiz-dis-bakimi/639471543
[2026-04-05T11:00:32.505Z] [ERROR] [REVIEW ERROR] agiz-dis-bakimi/639471543
[2026-04-05T11:00:32.506Z] [ERROR] {"name":"Error"}
[2026-04-05T11:00:32.507Z] [INFO] 
[REVIEW WORKER 3] starting agiz-dis-bakimi/655142278
[2026-04-05T11:00:32.725Z] [ERROR] [REVIEW ERROR] agiz-dis-bakimi/655142278
[2026-04-05T11:00:32.726Z] [ERROR] {"name":"Error"}
[2026-04-05T11:00:32.727Z] [INFO] 
[REVIEW WORKER 3] starting agiz-dis-bakimi/639849320
[2026-04-05T11:00:32.935Z] [ERROR] [REVIEW ERROR] agiz-dis-bakimi/639849320
[2026-04-05T11:00:32.935Z] [ERROR] {"name":"Error"}
[2026-04-05T11:00:32.937Z] [INFO] 
[REVIEW WORKER 3] starting agiz-dis-bakimi/690226697
[2026-04-05T11:00:33.143Z] [ERROR] [REVIEW ERROR] agiz-dis-bakimi/690226697
[2026-04-05T11:00:33.143Z] [ERROR] {"name":"Error"}
[2026-04-05T11:00:33.145Z] [INFO] 
[REVIEW WORKER 3] starting agiz-dis-bakimi/468731998
[2026-04-05T11:00:33.324Z] [ERROR] [REVIEW ERROR] agiz-dis-bakimi/468731998
[2026-04-05T11:00:33.324Z] [ERROR] {"name":"Error"}
[2026-04-05T11:00:33.326Z] [INFO] 
[REVIEW WORKER 3] starting agiz-dis-bakimi/569479041
[2026-04-05T11:00:33.557Z] [ERROR] [REVIEW ERROR] agiz-dis-bakimi/569479041
[2026-04-05T11:00:33.557Z] [ERROR] {"name":"Error"}
[2026-04-05T11:00:33.559Z] [INFO] 
[REVIEW WORKER 3] starting agiz-dis-bakimi/578912533
[2026-04-05T11:00:33.758Z] [ERROR] [REVIEW ERROR] agiz-dis-bakimi/578912533
[2026-04-05T11:00:33.759Z] [ERROR] {"name":"Error"}
[2026-04-05T11:00:33.761Z] [INFO] 
[REVIEW WORKER 3] starting agiz-dis-bakimi/502526980
[2026-04-05T11:00:33.956Z] [ERROR] [REVIEW ERROR] agiz-dis-bakimi/502526980
[2026-04-05T11:00:33.956Z] [ERROR] {"name":"Error"}
[2026-04-05T11:00:33.957Z] [INFO] 
[REVIEW WORKER 3] starting agiz-dis-bakimi/634903631
[2026-04-05T11:00:34.150Z] [ERROR] [REVIEW ERROR] agiz-dis-bakimi/634903631
[2026-04-05T11:00:34.151Z] [ERROR] {"name":"Error"}
[2026-04-05T11:00:34.152Z] [INFO] 
[REVIEW WORKER 3] starting agiz-dis-bakimi/736238362
[2026-04-05T11:00:34.350Z] [ERROR] [REVIEW ERROR] agiz-dis-bakimi/736238362
[2026-04-05T11:00:34.351Z] [ERROR] {"name":"Error"}
[2026-04-05T11:00:34.352Z] [INFO] 
[REVIEW WORKER 3] starting agiz-dis-bakimi/569356181
[2026-04-05T11:00:34.552Z] [ERROR] [REVIEW ERROR] agiz-dis-bakimi/569356181
[2026-04-05T11:00:34.552Z] [ERROR] {"name":"Error"}
[2026-04-05T11:00:34.554Z] [INFO] 
[REVIEW WORKER 3] starting agiz-dis-bakimi/606917942
[2026-04-05T11:00:34.757Z] [ERROR] [REVIEW ERROR] agiz-dis-bakimi/606917942
[2026-04-05T11:00:34.758Z] [ERROR] {"name":"Error"}
[2026-04-05T11:00:34.758Z] [INFO] 
[REVIEW WORKER 3] starting agiz-dis-bakimi/730511857
[2026-04-05T11:00:34.951Z] [ERROR] [REVIEW ERROR] agiz-dis-bakimi/730511857
[2026-04-05T11:00:34.952Z] [ERROR] {"name":"Error"}
[2026-04-05T11:00:34.953Z] [INFO] 
[REVIEW WORKER 3] starting agiz-dis-bakimi/572698175
[2026-04-05T11:00:35.138Z] [ERROR] [REVIEW ERROR] agiz-dis-bakimi/572698175
[2026-04-05T11:00:35.138Z] [ERROR] {"name":"Error"}
[2026-04-05T11:00:35.139Z] [INFO] 
[REVIEW WORKER 3] starting agiz-dis-bakimi/733423304
[2026-04-05T11:00:35.325Z] [ERROR] [REVIEW ERROR] agiz-dis-bakimi/733423304
[2026-04-05T11:00:35.326Z] [ERROR] {"name":"Error"}
[2026-04-05T11:00:35.326Z] [INFO] 
[REVIEW WORKER 3] starting agiz-dis-bakimi/315440141
[2026-04-05T11:00:35.511Z] [ERROR] [REVIEW ERROR] agiz-dis-bakimi/315440141
[2026-04-05T11:00:35.511Z] [ERROR] {"name":"Error"}
[2026-04-05T11:00:35.513Z] [INFO] 
[REVIEW WORKER 3] starting agiz-dis-bakimi/735233843
[2026-04-05T11:00:35.708Z] [ERROR] [REVIEW ERROR] agiz-dis-bakimi/735233843
[2026-04-05T11:00:35.709Z] [ERROR] {"name":"Error"}
[2026-04-05T11:00:35.710Z] [INFO] 
[REVIEW WORKER 3] starting agiz-dis-bakimi/687298230
[2026-04-05T11:00:35.905Z] [ERROR] [REVIEW ERROR] agiz-dis-bakimi/687298230
[2026-04-05T11:00:35.906Z] [ERROR] {"name":"Error"}
[2026-04-05T11:00:35.908Z] [INFO] 
[REVIEW WORKER 3] starting agiz-dis-bakimi/633104383
[2026-04-05T11:00:36.104Z] [ERROR] [REVIEW ERROR] agiz-dis-bakimi/633104383
[2026-04-05T11:00:36.105Z] [ERROR] {"name":"Error"}
[2026-04-05T11:00:36.107Z] [INFO] 
[REVIEW WORKER 3] starting agiz-dis-bakimi/597213116
[2026-04-05T11:00:36.313Z] [ERROR] [REVIEW ERROR] agiz-dis-bakimi/597213116
[2026-04-05T11:00:36.313Z] [ERROR] {"name":"Error"}
[2026-04-05T11:00:36.315Z] [INFO] 
[REVIEW WORKER 3] starting agiz-dis-bakimi/551514971
[2026-04-05T11:00:36.525Z] [ERROR] [REVIEW ERROR] agiz-dis-bakimi/551514971
[2026-04-05T11:00:36.526Z] [ERROR] {"name":"Error"}
[2026-04-05T11:00:36.527Z] [INFO] 
[REVIEW WORKER 3] starting agiz-dis-bakimi/566461093
[2026-04-05T11:00:37.125Z] [ERROR] [REVIEW ERROR] agiz-dis-bakimi/566461093
[2026-04-05T11:00:37.125Z] [ERROR] {"name":"Error"}
[2026-04-05T11:00:37.129Z] [INFO] 
[REVIEW WORKER 3] starting agiz-dis-bakimi/513261054
[2026-04-05T11:00:37.358Z] [ERROR] [REVIEW ERROR] agiz-dis-bakimi/513261054
[2026-04-05T11:00:37.358Z] [ERROR] {"name":"Error"}
[2026-04-05T11:00:37.361Z] [INFO] 
[REVIEW WORKER 3] starting agiz-dis-bakimi/731861749
[2026-04-05T11:00:37.558Z] [ERROR] [REVIEW ERROR] agiz-dis-bakimi/731861749
[2026-04-05T11:00:37.559Z] [ERROR] {"name":"Error"}
[2026-04-05T11:00:37.560Z] [INFO] 
[REVIEW WORKER 3] starting agiz-dis-bakimi/641606259
[2026-04-05T11:00:37.756Z] [ERROR] [REVIEW ERROR] agiz-dis-bakimi/641606259
[2026-04-05T11:00:37.756Z] [ERROR] {"name":"Error"}
[2026-04-05T11:00:37.758Z] [INFO] 
[REVIEW WORKER 3] starting agiz-dis-bakimi/734096687
[2026-04-05T11:00:37.975Z] [ERROR] [REVIEW ERROR] agiz-dis-bakimi/734096687
[2026-04-05T11:00:37.975Z] [ERROR] {"name":"Error"}
[2026-04-05T11:00:37.977Z] [INFO] 
[REVIEW WORKER 3] starting agiz-dis-bakimi/559527560
[2026-04-05T11:00:38.169Z] [ERROR] [REVIEW ERROR] agiz-dis-bakimi/559527560
[2026-04-05T11:00:38.170Z] [ERROR] {"name":"Error"}
[2026-04-05T11:00:38.172Z] [INFO] 
[REVIEW WORKER 3] starting agiz-dis-bakimi/591036459
[2026-04-05T11:00:38.353Z] [ERROR] [REVIEW ERROR] agiz-dis-bakimi/591036459
[2026-04-05T11:00:38.353Z] [ERROR] {"name":"Error"}
[2026-04-05T11:00:38.355Z] [INFO] 
[REVIEW WORKER 3] starting agiz-dis-bakimi/560949213
[2026-04-05T11:00:38.540Z] [ERROR] [REVIEW ERROR] agiz-dis-bakimi/560949213
[2026-04-05T11:00:38.540Z] [ERROR] {"name":"Error"}
[2026-04-05T11:00:38.542Z] [INFO] 
[REVIEW WORKER 3] starting agiz-dis-bakimi/693308069
[2026-04-05T11:00:38.721Z] [ERROR] [REVIEW ERROR] agiz-dis-bakimi/693308069
[2026-04-05T11:00:38.722Z] [ERROR] {"name":"Error"}
[2026-04-05T11:00:38.724Z] [INFO] 
[REVIEW WORKER 3] starting agiz-dis-bakimi/694876691
[2026-04-05T11:00:38.922Z] [ERROR] [REVIEW ERROR] agiz-dis-bakimi/694876691
[2026-04-05T11:00:38.923Z] [ERROR] {"name":"Error"}
[2026-04-05T11:00:38.925Z] [INFO] 
[REVIEW WORKER 3] starting agiz-dis-bakimi/675814129
[2026-04-05T11:00:39.110Z] [ERROR] [REVIEW ERROR] agiz-dis-bakimi/675814129
[2026-04-05T11:00:39.110Z] [ERROR] {"name":"Error"}
[2026-04-05T11:00:39.112Z] [INFO] 
[REVIEW WORKER 3] starting agiz-dis-bakimi/648001218
[2026-04-05T11:00:39.305Z] [ERROR] [REVIEW ERROR] agiz-dis-bakimi/648001218
[2026-04-05T11:00:39.306Z] [ERROR] {"name":"Error"}
[2026-04-05T11:00:39.308Z] [INFO] 
[REVIEW WORKER 3] starting agiz-dis-bakimi/731917662
[2026-04-05T11:00:39.522Z] [ERROR] [REVIEW ERROR] agiz-dis-bakimi/731917662
[2026-04-05T11:00:39.523Z] [ERROR] {"name":"Error"}
[2026-04-05T11:00:39.525Z] [INFO] 
[REVIEW WORKER 3] starting agiz-dis-bakimi/596671247
[2026-04-05T11:00:39.727Z] [ERROR] [REVIEW ERROR] agiz-dis-bakimi/596671247
[2026-04-05T11:00:39.727Z] [ERROR] {"name":"Error"}
[2026-04-05T11:00:39.729Z] [INFO] 
[REVIEW WORKER 3] starting agiz-dis-bakimi/718783028
[2026-04-05T11:00:39.905Z] [ERROR] [REVIEW ERROR] agiz-dis-bakimi/718783028
[2026-04-05T11:00:39.905Z] [ERROR] {"name":"Error"}
[2026-04-05T11:00:39.907Z] [INFO] 
[REVIEW WORKER 3] starting agiz-dis-bakimi/600609480
[2026-04-05T11:00:40.105Z] [ERROR] [REVIEW ERROR] agiz-dis-bakimi/600609480
[2026-04-05T11:00:40.106Z] [ERROR] {"name":"Error"}
[2026-04-05T11:00:40.108Z] [INFO] 
[REVIEW WORKER 3] starting agiz-dis-bakimi/729237362
[2026-04-05T11:00:40.292Z] [ERROR] [REVIEW ERROR] agiz-dis-bakimi/729237362
[2026-04-05T11:00:40.292Z] [ERROR] {"name":"Error"}
[2026-04-05T11:00:40.293Z] [INFO] 
[REVIEW WORKER 3] starting agiz-dis-bakimi/573337956
[2026-04-05T11:00:40.489Z] [ERROR] [REVIEW ERROR] agiz-dis-bakimi/573337956
[2026-04-05T11:00:40.489Z] [ERROR] {"name":"Error"}
[2026-04-05T11:00:40.492Z] [INFO] 
[REVIEW WORKER 3] starting agiz-dis-bakimi/494001401
[2026-04-05T11:00:40.673Z] [ERROR] [REVIEW ERROR] agiz-dis-bakimi/494001401
[2026-04-05T11:00:40.674Z] [ERROR] {"name":"Error"}
[2026-04-05T11:00:40.676Z] [INFO] 
[REVIEW WORKER 3] starting agiz-dis-bakimi/728501062
[2026-04-05T11:00:40.875Z] [ERROR] [REVIEW ERROR] agiz-dis-bakimi/728501062
[2026-04-05T11:00:40.876Z] [ERROR] {"name":"Error"}
[2026-04-05T11:00:40.877Z] [INFO] 
[REVIEW WORKER 3] starting agiz-dis-bakimi/662879593
[2026-04-05T11:00:41.068Z] [ERROR] [REVIEW ERROR] agiz-dis-bakimi/662879593
[2026-04-05T11:00:41.068Z] [ERROR] {"name":"Error"}
[2026-04-05T11:00:41.070Z] [INFO] 
[REVIEW WORKER 3] starting agiz-dis-bakimi/589013430
[2026-04-05T11:00:41.260Z] [ERROR] [REVIEW ERROR] agiz-dis-bakimi/589013430
[2026-04-05T11:00:41.260Z] [ERROR] {"name":"Error"}
[2026-04-05T11:00:41.262Z] [INFO] 
[REVIEW WORKER 3] starting agiz-dis-bakimi/733294715
[2026-04-05T11:00:41.458Z] [ERROR] [REVIEW ERROR] agiz-dis-bakimi/733294715
[2026-04-05T11:00:41.458Z] [ERROR] {"name":"Error"}
[2026-04-05T11:00:41.460Z] [INFO] 
[REVIEW WORKER 3] starting agiz-dis-bakimi/607455194
[2026-04-05T11:00:41.689Z] [ERROR] [REVIEW ERROR] agiz-dis-bakimi/607455194
[2026-04-05T11:00:41.689Z] [ERROR] {"name":"Error"}
[2026-04-05T11:00:41.692Z] [INFO] 
[REVIEW WORKER 3] starting agiz-dis-bakimi/650268305
[2026-04-05T11:00:41.871Z] [ERROR] [REVIEW ERROR] agiz-dis-bakimi/650268305
[2026-04-05T11:00:41.872Z] [ERROR] {"name":"Error"}
[2026-04-05T11:00:41.873Z] [INFO] 
[REVIEW WORKER 3] starting agiz-dis-bakimi/718783299
[2026-04-05T11:00:42.055Z] [ERROR] [REVIEW ERROR] agiz-dis-bakimi/718783299
[2026-04-05T11:00:42.056Z] [ERROR] {"name":"Error"}
[2026-04-05T11:00:42.058Z] [INFO] 
[REVIEW WORKER 3] starting agiz-dis-bakimi/593589108
[2026-04-05T11:00:42.242Z] [ERROR] [REVIEW ERROR] agiz-dis-bakimi/593589108
[2026-04-05T11:00:42.242Z] [ERROR] {"name":"Error"}
[2026-04-05T11:00:42.244Z] [INFO] 
[REVIEW WORKER 3] starting agiz-dis-bakimi/601590083
[2026-04-05T11:00:42.439Z] [ERROR] [REVIEW ERROR] agiz-dis-bakimi/601590083
[2026-04-05T11:00:42.439Z] [ERROR] {"name":"Error"}
[2026-04-05T11:00:42.441Z] [INFO] 
[REVIEW WORKER 3] starting agiz-dis-bakimi/724363638
[2026-04-05T11:00:42.622Z] [ERROR] [REVIEW ERROR] agiz-dis-bakimi/724363638
[2026-04-05T11:00:42.622Z] [ERROR] {"name":"Error"}
[2026-04-05T11:00:42.624Z] [INFO] 
[REVIEW WORKER 3] starting agiz-dis-bakimi/730511639
[2026-04-05T11:00:42.805Z] [ERROR] [REVIEW ERROR] agiz-dis-bakimi/730511639
[2026-04-05T11:00:42.806Z] [ERROR] {"name":"Error"}
[2026-04-05T11:00:42.807Z] [INFO] 
[REVIEW WORKER 3] starting agiz-dis-bakimi/736985072
[2026-04-05T11:00:43.010Z] [ERROR] [REVIEW ERROR] agiz-dis-bakimi/736985072
[2026-04-05T11:00:43.010Z] [ERROR] {"name":"Error"}
[2026-04-05T11:00:43.012Z] [INFO] 
[REVIEW WORKER 3] starting agiz-dis-bakimi/646155613
[2026-04-05T11:00:43.208Z] [ERROR] [REVIEW ERROR] agiz-dis-bakimi/646155613
[2026-04-05T11:00:43.209Z] [ERROR] {"name":"Error"}
[2026-04-05T11:00:43.210Z] [INFO] 
[REVIEW WORKER 3] starting agiz-dis-bakimi/590124722
[2026-04-05T11:00:43.390Z] [ERROR] [REVIEW ERROR] agiz-dis-bakimi/590124722
[2026-04-05T11:00:43.390Z] [ERROR] {"name":"Error"}
[2026-04-05T11:00:43.393Z] [INFO] 
[REVIEW WORKER 3] starting agiz-dis-bakimi/644618995
[2026-04-05T11:00:43.571Z] [ERROR] [REVIEW ERROR] agiz-dis-bakimi/644618995
[2026-04-05T11:00:43.571Z] [ERROR] {"name":"Error"}
[2026-04-05T11:00:43.573Z] [INFO] 
[REVIEW WORKER 3] starting agiz-dis-bakimi/565301844
[2026-04-05T11:00:43.775Z] [ERROR] [REVIEW ERROR] agiz-dis-bakimi/565301844
[2026-04-05T11:00:43.776Z] [ERROR] {"name":"Error"}
[2026-04-05T11:00:43.777Z] [INFO] 
[REVIEW WORKER 3] starting agiz-dis-bakimi/683431257
[2026-04-05T11:00:43.953Z] [ERROR] [REVIEW ERROR] agiz-dis-bakimi/683431257
[2026-04-05T11:00:43.953Z] [ERROR] {"name":"Error"}
[2026-04-05T11:00:43.956Z] [INFO] 
[REVIEW WORKER 3] starting agiz-dis-bakimi/658353493
[2026-04-05T11:00:44.155Z] [ERROR] [REVIEW ERROR] agiz-dis-bakimi/658353493
[2026-04-05T11:00:44.155Z] [ERROR] {"name":"Error"}
[2026-04-05T11:00:44.157Z] [INFO] 
[REVIEW WORKER 3] starting agiz-dis-bakimi/646510849
[2026-04-05T11:00:44.340Z] [ERROR] [REVIEW ERROR] agiz-dis-bakimi/646510849
[2026-04-05T11:00:44.341Z] [ERROR] {"name":"Error"}
[2026-04-05T11:00:44.342Z] [INFO] 
[REVIEW WORKER 3] starting agiz-dis-bakimi/601406642
[2026-04-05T11:00:44.535Z] [ERROR] [REVIEW ERROR] agiz-dis-bakimi/601406642
[2026-04-05T11:00:44.537Z] [ERROR] {"name":"Error"}
[2026-04-05T11:00:44.539Z] [INFO] 
[REVIEW WORKER 3] starting agiz-dis-bakimi/598811162
[2026-04-05T11:00:44.725Z] [ERROR] [REVIEW ERROR] agiz-dis-bakimi/598811162
[2026-04-05T11:00:44.725Z] [ERROR] {"name":"Error"}
[2026-04-05T11:00:44.727Z] [INFO] 
[REVIEW WORKER 3] starting agiz-dis-bakimi/650757346
[2026-04-05T11:00:44.923Z] [ERROR] [REVIEW ERROR] agiz-dis-bakimi/650757346
[2026-04-05T11:00:44.924Z] [ERROR] {"name":"Error"}
[2026-04-05T11:00:44.926Z] [INFO] 
[REVIEW WORKER 3] starting agiz-dis-bakimi/718819731
[2026-04-05T11:00:45.105Z] [ERROR] [REVIEW ERROR] agiz-dis-bakimi/718819731
[2026-04-05T11:00:45.106Z] [ERROR] {"name":"Error"}
[2026-04-05T11:00:45.108Z] [INFO] 
[REVIEW WORKER 3] starting agiz-dis-bakimi/579629735
[2026-04-05T11:00:45.305Z] [ERROR] [REVIEW ERROR] agiz-dis-bakimi/579629735
[2026-04-05T11:00:45.306Z] [ERROR] {"name":"Error"}
[2026-04-05T11:00:45.308Z] [INFO] 
[REVIEW WORKER 3] starting agiz-dis-bakimi/732337802
[2026-04-05T11:00:45.492Z] [ERROR] [REVIEW ERROR] agiz-dis-bakimi/732337802
[2026-04-05T11:00:45.493Z] [ERROR] {"name":"Error"}
[2026-04-05T11:00:45.495Z] [INFO] 
[REVIEW WORKER 3] starting agiz-dis-bakimi/648565126
[2026-04-05T11:00:45.694Z] [ERROR] [REVIEW ERROR] agiz-dis-bakimi/648565126
[2026-04-05T11:00:45.695Z] [ERROR] {"name":"Error"}
[2026-04-05T11:00:45.696Z] [INFO] 
[REVIEW WORKER 3] starting agiz-dis-bakimi/641181446
[2026-04-05T11:00:45.874Z] [ERROR] [REVIEW ERROR] agiz-dis-bakimi/641181446
[2026-04-05T11:00:45.874Z] [ERROR] {"name":"Error"}
[2026-04-05T11:00:45.876Z] [INFO] 
[REVIEW WORKER 3] starting agiz-dis-bakimi/640897377
[2026-04-05T11:00:46.074Z] [ERROR] [REVIEW ERROR] agiz-dis-bakimi/640897377
[2026-04-05T11:00:46.074Z] [ERROR] {"name":"Error"}
[2026-04-05T11:00:46.075Z] [INFO] 
[REVIEW WORKER 3] starting agiz-dis-bakimi/647406788
[2026-04-05T11:00:46.271Z] [ERROR] [REVIEW ERROR] agiz-dis-bakimi/647406788
[2026-04-05T11:00:46.272Z] [ERROR] {"name":"Error"}
[2026-04-05T11:00:46.274Z] [INFO] 
[REVIEW WORKER 3] starting agiz-dis-bakimi/658376809
[2026-04-05T11:00:46.456Z] [ERROR] [REVIEW ERROR] agiz-dis-bakimi/658376809
[2026-04-05T11:00:46.456Z] [ERROR] {"name":"Error"}
[2026-04-05T11:00:46.459Z] [INFO] 
[REVIEW WORKER 3] starting agiz-dis-bakimi/680501941
[2026-04-05T11:00:46.656Z] [ERROR] [REVIEW ERROR] agiz-dis-bakimi/680501941
[2026-04-05T11:00:46.656Z] [ERROR] {"name":"Error"}
[2026-04-05T11:00:46.658Z] [INFO] 
[REVIEW WORKER 3] starting agiz-dis-bakimi/597389024
[2026-04-05T11:00:46.856Z] [ERROR] [REVIEW ERROR] agiz-dis-bakimi/597389024
[2026-04-05T11:00:46.858Z] [ERROR] {"name":"Error"}
[2026-04-05T11:00:46.859Z] [INFO] 
[REVIEW WORKER 3] starting agiz-dis-bakimi/731539974
[2026-04-05T11:00:47.037Z] [ERROR] [REVIEW ERROR] agiz-dis-bakimi/731539974
[2026-04-05T11:00:47.037Z] [ERROR] {"name":"Error"}
[2026-04-05T11:00:47.041Z] [INFO] 
[REVIEW WORKER 3] starting agiz-dis-bakimi/692905139
[2026-04-05T11:00:47.226Z] [ERROR] [REVIEW ERROR] agiz-dis-bakimi/692905139
[2026-04-05T11:00:47.226Z] [ERROR] {"name":"Error"}
[2026-04-05T11:00:47.227Z] [INFO] 
[REVIEW WORKER 3] starting agiz-dis-bakimi/731077356
[2026-04-05T11:00:47.406Z] [ERROR] [REVIEW ERROR] agiz-dis-bakimi/731077356
[2026-04-05T11:00:47.407Z] [ERROR] {"name":"Error"}
[2026-04-05T11:00:47.408Z] [INFO] 
[REVIEW WORKER 3] starting agiz-dis-bakimi/600904083
[2026-04-05T11:00:47.606Z] [ERROR] [REVIEW ERROR] agiz-dis-bakimi/600904083
[2026-04-05T11:00:47.606Z] [ERROR] {"name":"Error"}
[2026-04-05T11:00:47.608Z] [INFO] 
[REVIEW WORKER 3] starting agiz-dis-bakimi/735258647
[2026-04-05T11:00:47.824Z] [ERROR] [REVIEW ERROR] agiz-dis-bakimi/735258647
[2026-04-05T11:00:47.825Z] [ERROR] {"name":"Error"}
[2026-04-05T11:00:47.827Z] [INFO] 
[REVIEW WORKER 3] starting agiz-dis-bakimi/597958882
[2026-04-05T11:00:48.039Z] [ERROR] [REVIEW ERROR] agiz-dis-bakimi/597958882
[2026-04-05T11:00:48.040Z] [ERROR] {"name":"Error"}
[2026-04-05T11:00:48.042Z] [INFO] 
[REVIEW WORKER 3] starting agiz-dis-bakimi/648550177
[2026-04-05T11:00:48.259Z] [ERROR] [REVIEW ERROR] agiz-dis-bakimi/648550177
[2026-04-05T11:00:48.259Z] [ERROR] {"name":"Error"}
[2026-04-05T11:00:48.261Z] [INFO] 
[REVIEW WORKER 3] starting agiz-dis-bakimi/552735193
[2026-04-05T11:00:48.490Z] [ERROR] [REVIEW ERROR] agiz-dis-bakimi/552735193
[2026-04-05T11:00:48.491Z] [ERROR] {"name":"Error"}
[2026-04-05T11:00:48.492Z] [INFO] 
[REVIEW WORKER 3] starting agiz-dis-bakimi/729603856
[2026-04-05T11:00:48.708Z] [ERROR] [REVIEW ERROR] agiz-dis-bakimi/729603856
[2026-04-05T11:00:48.708Z] [ERROR] {"name":"Error"}
[2026-04-05T11:00:48.711Z] [INFO] 
[REVIEW WORKER 3] starting agiz-dis-bakimi/590093569
[2026-04-05T11:00:48.918Z] [ERROR] [REVIEW ERROR] agiz-dis-bakimi/590093569
[2026-04-05T11:00:48.918Z] [ERROR] {"name":"Error"}
[2026-04-05T11:00:48.921Z] [INFO] 
[REVIEW WORKER 3] starting agiz-dis-bakimi/580608276
[2026-04-05T11:00:49.144Z] [ERROR] [REVIEW ERROR] agiz-dis-bakimi/580608276
[2026-04-05T11:00:49.145Z] [ERROR] {"name":"Error"}
[2026-04-05T11:00:49.151Z] [INFO] 
[REVIEW WORKER 3] starting agiz-dis-bakimi/601749133
[2026-04-05T11:00:49.385Z] [ERROR] [REVIEW ERROR] agiz-dis-bakimi/601749133
[2026-04-05T11:00:49.386Z] [ERROR] {"name":"Error"}
[2026-04-05T11:00:49.391Z] [INFO] 
[REVIEW WORKER 3] starting agiz-dis-bakimi/676987496
[2026-04-05T11:00:49.641Z] [ERROR] [REVIEW ERROR] agiz-dis-bakimi/676987496
[2026-04-05T11:00:49.641Z] [ERROR] {"name":"Error"}
[2026-04-05T11:00:49.645Z] [INFO] 
[REVIEW WORKER 3] starting agiz-dis-bakimi/738289683
[2026-04-05T11:00:49.837Z] [ERROR] [REVIEW ERROR] agiz-dis-bakimi/738289683
[2026-04-05T11:00:49.837Z] [ERROR] {"name":"Error"}
[2026-04-05T11:00:49.840Z] [INFO] 
[REVIEW WORKER 3] starting agiz-dis-bakimi/639850935
[2026-04-05T11:00:50.062Z] [ERROR] [REVIEW ERROR] agiz-dis-bakimi/639850935
[2026-04-05T11:00:50.062Z] [ERROR] {"name":"Error"}
[2026-04-05T11:00:50.064Z] [INFO] 
[REVIEW WORKER 3] starting agiz-dis-bakimi/451739321
[2026-04-05T11:00:50.313Z] [ERROR] [REVIEW ERROR] agiz-dis-bakimi/451739321
[2026-04-05T11:00:50.313Z] [ERROR] {"name":"Error"}
[2026-04-05T11:00:50.315Z] [INFO] 
[REVIEW WORKER 3] starting agiz-dis-bakimi/315519576
[2026-04-05T11:00:50.557Z] [ERROR] [REVIEW ERROR] agiz-dis-bakimi/315519576
[2026-04-05T11:00:50.557Z] [ERROR] {"name":"Error"}
[2026-04-05T11:00:50.560Z] [INFO] 
[REVIEW WORKER 3] starting agiz-dis-bakimi/569479239
[2026-04-05T11:00:50.771Z] [ERROR] [REVIEW ERROR] agiz-dis-bakimi/569479239
[2026-04-05T11:00:50.772Z] [ERROR] {"name":"Error"}
[2026-04-05T11:00:50.773Z] [INFO] 
[REVIEW WORKER 3] starting agiz-dis-bakimi/694755902
[2026-04-05T11:00:50.959Z] [ERROR] [REVIEW ERROR] agiz-dis-bakimi/694755902
[2026-04-05T11:00:50.960Z] [ERROR] {"name":"Error"}
[2026-04-05T11:00:50.961Z] [INFO] 
[REVIEW WORKER 3] starting agiz-dis-bakimi/597213697
[2026-04-05T11:00:51.142Z] [ERROR] [REVIEW ERROR] agiz-dis-bakimi/597213697
[2026-04-05T11:00:51.142Z] [ERROR] {"name":"Error"}
[2026-04-05T11:00:51.143Z] [INFO] 
[REVIEW WORKER 3] starting agiz-dis-bakimi/678938508
[2026-04-05T11:00:51.324Z] [ERROR] [REVIEW ERROR] agiz-dis-bakimi/678938508
[2026-04-05T11:00:51.325Z] [ERROR] {"name":"Error"}
[2026-04-05T11:00:51.328Z] [INFO] 
[REVIEW WORKER 3] starting agiz-dis-bakimi/730514385
[2026-04-05T11:00:51.502Z] [ERROR] [REVIEW ERROR] agiz-dis-bakimi/730514385
[2026-04-05T11:00:51.503Z] [ERROR] {"name":"Error"}
[2026-04-05T11:00:51.505Z] [INFO] 
[REVIEW WORKER 3] starting agiz-dis-bakimi/723156839
[2026-04-05T11:00:51.671Z] [ERROR] [REVIEW ERROR] agiz-dis-bakimi/723156839
[2026-04-05T11:00:51.672Z] [ERROR] {"name":"Error"}
[2026-04-05T11:00:51.674Z] [INFO] 
[REVIEW WORKER 3] starting agiz-dis-bakimi/464621938
[2026-04-05T11:00:51.885Z] [ERROR] [REVIEW ERROR] agiz-dis-bakimi/464621938
[2026-04-05T11:00:51.886Z] [ERROR] {"name":"Error"}
[2026-04-05T11:00:51.888Z] [INFO] 
[REVIEW WORKER 3] starting agiz-dis-bakimi/634008943
[2026-04-05T11:00:52.148Z] [ERROR] [REVIEW ERROR] agiz-dis-bakimi/634008943
[2026-04-05T11:00:52.148Z] [ERROR] {"name":"Error"}
[2026-04-05T11:00:52.150Z] [INFO] 
[REVIEW WORKER 3] starting agiz-dis-bakimi/566462341
[2026-04-05T11:00:52.406Z] [ERROR] [REVIEW ERROR] agiz-dis-bakimi/566462341
[2026-04-05T11:00:52.409Z] [ERROR] {"name":"Error"}
[2026-04-05T11:00:52.412Z] [INFO] 
[REVIEW WORKER 3] starting agiz-dis-bakimi/562357710
[2026-04-05T11:00:52.621Z] [ERROR] [REVIEW ERROR] agiz-dis-bakimi/562357710
[2026-04-05T11:00:52.622Z] [ERROR] {"name":"Error"}
[2026-04-05T11:00:52.624Z] [INFO] 
[REVIEW WORKER 3] starting agiz-dis-bakimi/598811738
[2026-04-05T11:00:52.805Z] [ERROR] [REVIEW ERROR] agiz-dis-bakimi/598811738
[2026-04-05T11:00:52.805Z] [ERROR] {"name":"Error"}
[2026-04-05T11:00:52.807Z] [INFO] 
[REVIEW WORKER 3] starting agiz-dis-bakimi/597214134
[2026-04-05T11:00:53.002Z] [ERROR] [REVIEW ERROR] agiz-dis-bakimi/597214134
[2026-04-05T11:00:53.003Z] [ERROR] {"name":"Error"}
[2026-04-05T11:00:53.004Z] [INFO] 
[REVIEW WORKER 3] starting agiz-dis-bakimi/675782871
[2026-04-05T11:00:53.185Z] [ERROR] [REVIEW ERROR] agiz-dis-bakimi/675782871
[2026-04-05T11:00:53.186Z] [ERROR] {"name":"Error"}
[2026-04-05T11:00:53.188Z] [INFO] 
[REVIEW WORKER 3] starting agiz-dis-bakimi/729924016
[2026-04-05T11:00:53.356Z] [ERROR] [REVIEW ERROR] agiz-dis-bakimi/729924016
[2026-04-05T11:00:53.356Z] [ERROR] {"name":"Error"}
[2026-04-05T11:00:53.357Z] [INFO] 
[REVIEW WORKER 3] starting agiz-dis-bakimi/363423771
[2026-04-05T11:00:53.566Z] [ERROR] [REVIEW ERROR] agiz-dis-bakimi/363423771
[2026-04-05T11:00:53.566Z] [ERROR] {"name":"Error"}
[2026-04-05T11:00:53.570Z] [INFO] 
[REVIEW WORKER 3] starting agiz-dis-bakimi/738663573
[2026-04-05T11:00:53.802Z] [ERROR] [REVIEW ERROR] agiz-dis-bakimi/738663573
[2026-04-05T11:00:53.803Z] [ERROR] {"name":"Error"}
[2026-04-05T11:00:53.805Z] [INFO] 
[REVIEW WORKER 3] starting agiz-dis-bakimi/660229934
[2026-04-05T11:00:54.048Z] [ERROR] [REVIEW ERROR] agiz-dis-bakimi/660229934
[2026-04-05T11:00:54.049Z] [ERROR] {"name":"Error"}
[2026-04-05T11:00:54.051Z] [INFO] 
[REVIEW WORKER 3] starting agiz-dis-bakimi/709359475
[2026-04-05T11:00:54.288Z] [ERROR] [REVIEW ERROR] agiz-dis-bakimi/709359475
[2026-04-05T11:00:54.288Z] [ERROR] {"name":"Error"}
[2026-04-05T11:00:54.291Z] [INFO] 
[REVIEW WORKER 3] starting agiz-dis-bakimi/709096535
[2026-04-05T11:00:54.476Z] [ERROR] [REVIEW ERROR] agiz-dis-bakimi/709096535
[2026-04-05T11:00:54.476Z] [ERROR] {"name":"Error"}
[2026-04-05T11:00:54.478Z] [INFO] 
[REVIEW WORKER 3] starting agiz-dis-bakimi/569356089
[2026-04-05T11:00:54.691Z] [ERROR] [REVIEW ERROR] agiz-dis-bakimi/569356089
[2026-04-05T11:00:54.691Z] [ERROR] {"name":"Error"}
[2026-04-05T11:00:54.693Z] [INFO] 
[REVIEW WORKER 3] starting agiz-dis-bakimi/633104970
[2026-04-05T11:00:54.870Z] [ERROR] [REVIEW ERROR] agiz-dis-bakimi/633104970
[2026-04-05T11:00:54.870Z] [ERROR] {"name":"Error"}
[2026-04-05T11:00:54.873Z] [INFO] 
[REVIEW WORKER 3] starting agiz-dis-bakimi/735838948
[2026-04-05T11:00:55.088Z] [ERROR] [REVIEW ERROR] agiz-dis-bakimi/735838948
[2026-04-05T11:00:55.088Z] [ERROR] {"name":"Error"}
[2026-04-05T11:00:55.091Z] [INFO] 
[REVIEW WORKER 3] starting agiz-dis-bakimi/729411840
[2026-04-05T11:00:55.345Z] [ERROR] [REVIEW ERROR] agiz-dis-bakimi/729411840
[2026-04-05T11:00:55.345Z] [ERROR] {"name":"Error"}
[2026-04-05T11:00:55.347Z] [INFO] 
[REVIEW WORKER 3] starting agiz-dis-bakimi/472098462
[2026-04-05T11:00:55.605Z] [ERROR] [REVIEW ERROR] agiz-dis-bakimi/472098462
[2026-04-05T11:00:55.605Z] [ERROR] {"name":"Error"}
[2026-04-05T11:00:55.607Z] [INFO] 
[REVIEW WORKER 3] starting agiz-dis-bakimi/533385621
[2026-04-05T11:00:55.839Z] [ERROR] [REVIEW ERROR] agiz-dis-bakimi/533385621
[2026-04-05T11:00:55.840Z] [ERROR] {"name":"Error"}
[2026-04-05T11:00:55.843Z] [INFO] 
[REVIEW WORKER 3] starting agiz-dis-bakimi/388505815
[2026-04-05T11:00:56.042Z] [ERROR] [REVIEW ERROR] agiz-dis-bakimi/388505815
[2026-04-05T11:00:56.042Z] [ERROR] {"name":"Error"}
[2026-04-05T11:00:56.044Z] [INFO] 
[REVIEW WORKER 3] starting agiz-dis-bakimi/648660393
[2026-04-05T11:00:56.208Z] [ERROR] [REVIEW ERROR] agiz-dis-bakimi/648660393
[2026-04-05T11:00:56.208Z] [ERROR] {"name":"Error"}
[2026-04-05T11:00:56.211Z] [INFO] 
[REVIEW WORKER 3] starting agiz-dis-bakimi/524030109
[2026-04-05T11:00:56.393Z] [ERROR] [REVIEW ERROR] agiz-dis-bakimi/524030109
[2026-04-05T11:00:56.393Z] [ERROR] {"name":"Error"}
[2026-04-05T11:00:56.396Z] [INFO] 
[REVIEW WORKER 3] starting agiz-dis-bakimi/464621936
[2026-04-05T11:00:56.601Z] [ERROR] [REVIEW ERROR] agiz-dis-bakimi/464621936
[2026-04-05T11:00:56.602Z] [ERROR] {"name":"Error"}
[2026-04-05T11:00:56.604Z] [INFO] 
[REVIEW WORKER 3] starting agiz-dis-bakimi/513238675
[2026-04-05T11:00:56.772Z] [ERROR] [REVIEW ERROR] agiz-dis-bakimi/513238675
[2026-04-05T11:00:56.774Z] [ERROR] {"name":"Error"}
[2026-04-05T11:00:56.777Z] [INFO] 
[REVIEW WORKER 3] starting agiz-dis-bakimi/723914979
[2026-04-05T11:00:56.959Z] [ERROR] [REVIEW ERROR] agiz-dis-bakimi/723914979
[2026-04-05T11:00:56.959Z] [ERROR] {"name":"Error"}
[2026-04-05T11:00:56.962Z] [INFO] 
[REVIEW WORKER 3] starting agiz-dis-bakimi/601095798
[2026-04-05T11:00:57.155Z] [ERROR] [REVIEW ERROR] agiz-dis-bakimi/601095798
[2026-04-05T11:00:57.155Z] [ERROR] {"name":"Error"}
[2026-04-05T11:00:57.158Z] [INFO] 
[REVIEW WORKER 3] starting agiz-dis-bakimi/655545914
[2026-04-05T11:00:57.355Z] [ERROR] [REVIEW ERROR] agiz-dis-bakimi/655545914
[2026-04-05T11:00:57.355Z] [ERROR] {"name":"Error"}
[2026-04-05T11:00:57.358Z] [INFO] 
[REVIEW WORKER 3] starting agiz-dis-bakimi/732245196
[2026-04-05T11:00:57.555Z] [ERROR] [REVIEW ERROR] agiz-dis-bakimi/732245196
[2026-04-05T11:00:57.556Z] [ERROR] {"name":"Error"}
[2026-04-05T11:00:57.559Z] [INFO] 
[REVIEW WORKER 3] starting agiz-dis-bakimi/676971698
[2026-04-05T11:00:57.744Z] [ERROR] [REVIEW ERROR] agiz-dis-bakimi/676971698
[2026-04-05T11:00:57.745Z] [ERROR] {"name":"Error"}
[2026-04-05T11:00:57.747Z] [INFO] 
[REVIEW WORKER 3] starting agiz-dis-bakimi/569559001
[2026-04-05T11:00:57.956Z] [ERROR] [REVIEW ERROR] agiz-dis-bakimi/569559001
[2026-04-05T11:00:57.957Z] [ERROR] {"name":"Error"}
[2026-04-05T11:00:57.959Z] [INFO] 
[REVIEW WORKER 3] starting agiz-dis-bakimi/703253601
[2026-04-05T11:00:58.144Z] [ERROR] [REVIEW ERROR] agiz-dis-bakimi/703253601
[2026-04-05T11:00:58.144Z] [ERROR] {"name":"Error"}
[2026-04-05T11:00:58.147Z] [INFO] 
[REVIEW WORKER 3] starting agiz-dis-bakimi/732386344
[2026-04-05T11:00:58.337Z] [ERROR] [REVIEW ERROR] agiz-dis-bakimi/732386344
[2026-04-05T11:00:58.338Z] [ERROR] {"name":"Error"}
[2026-04-05T11:00:58.341Z] [INFO] 
[REVIEW WORKER 3] starting agiz-dis-bakimi/729397096
[2026-04-05T11:00:58.540Z] [ERROR] [REVIEW ERROR] agiz-dis-bakimi/729397096
[2026-04-05T11:00:58.540Z] [ERROR] {"name":"Error"}
[2026-04-05T11:00:58.542Z] [INFO] 
[REVIEW WORKER 3] starting agiz-dis-bakimi/652947230
[2026-04-05T11:00:58.722Z] [ERROR] [REVIEW ERROR] agiz-dis-bakimi/652947230
[2026-04-05T11:00:58.722Z] [ERROR] {"name":"Error"}
[2026-04-05T11:00:58.725Z] [INFO] 
[REVIEW WORKER 3] starting agiz-dis-bakimi/734803286
[2026-04-05T11:00:58.922Z] [ERROR] [REVIEW ERROR] agiz-dis-bakimi/734803286
[2026-04-05T11:00:58.922Z] [ERROR] {"name":"Error"}
[2026-04-05T11:00:58.924Z] [INFO] 
[REVIEW WORKER 3] starting agiz-dis-bakimi/664511393
[2026-04-05T11:00:59.111Z] [ERROR] [REVIEW ERROR] agiz-dis-bakimi/664511393
[2026-04-05T11:00:59.112Z] [ERROR] {"name":"Error"}
[2026-04-05T11:00:59.113Z] [INFO] 
[REVIEW WORKER 3] starting agiz-dis-bakimi/593070626
[2026-04-05T11:00:59.324Z] [ERROR] [REVIEW ERROR] agiz-dis-bakimi/593070626
[2026-04-05T11:00:59.324Z] [ERROR] {"name":"Error"}
[2026-04-05T11:00:59.326Z] [INFO] 
[REVIEW WORKER 3] starting agiz-dis-bakimi/550796776
[2026-04-05T11:00:59.554Z] [ERROR] [REVIEW ERROR] agiz-dis-bakimi/550796776
[2026-04-05T11:00:59.554Z] [ERROR] {"name":"Error"}
[2026-04-05T11:00:59.556Z] [INFO] 
[REVIEW WORKER 3] starting agiz-dis-bakimi/718104497
[2026-04-05T11:00:59.755Z] [ERROR] [REVIEW ERROR] agiz-dis-bakimi/718104497
[2026-04-05T11:00:59.755Z] [ERROR] {"name":"Error"}
[2026-04-05T11:00:59.757Z] [INFO] 
[REVIEW WORKER 3] starting agiz-dis-bakimi/687491748
[2026-04-05T11:00:59.939Z] [ERROR] [REVIEW ERROR] agiz-dis-bakimi/687491748
[2026-04-05T11:00:59.939Z] [ERROR] {"name":"Error"}
[2026-04-05T11:00:59.941Z] [INFO] 
[REVIEW WORKER 3] starting agiz-dis-bakimi/634764212
[2026-04-05T11:01:00.151Z] [ERROR] [REVIEW ERROR] agiz-dis-bakimi/634764212
[2026-04-05T11:01:00.152Z] [ERROR] {"name":"Error"}
[2026-04-05T11:01:00.155Z] [INFO] 
[REVIEW WORKER 3] starting agiz-dis-bakimi/726513193
[2026-04-05T11:01:05.338Z] [INFO] 
[INTERRUPT] Ctrl+C received. Saving partial reviews...
[2026-04-05T11:01:05.340Z] [INFO] [REVIEW PARTIAL SAVED] /Users/artifact/Developer/review_ai/Review_AI/scraper_project/raw_data/agiz-dis-bakimi/560965160_reviews.partial.json
[2026-04-05T11:01:05.341Z] [INFO] [REVIEW PARTIAL SAVED] /Users/artifact/Developer/review_ai/Review_AI/scraper_project/raw_data/agiz-dis-bakimi/687293456_reviews.partial.json
[2026-04-05T11:01:05.341Z] [INFO] [REVIEW PARTIAL SAVED] /Users/artifact/Developer/review_ai/Review_AI/scraper_project/raw_data/agiz-dis-bakimi/638784697_reviews.partial.json
[2026-04-05T11:01:05.342Z] [INFO] [REVIEW PARTIAL SAVED] /Users/artifact/Developer/review_ai/Review_AI/scraper_project/raw_data/agiz-dis-bakimi/724324777_reviews.partial.json
[2026-04-05T11:01:05.374Z] [WARN] [retry] productId=560965160 page=3 attempt=1/3
[2026-04-05T11:01:05.381Z] [WARN] [retry] productId=687293456 page=1 attempt=1/3
[2026-04-05T11:01:05.403Z] [ERROR] [REVIEW ERROR] agiz-dis-bakimi/726513193
[2026-04-05T11:01:05.403Z] [ERROR] {"name":"Error"}
[2026-04-05T11:01:05.404Z] [INFO] [REVIEW WORKER 3] shutdown detected, exiting.
[2026-04-05T11:59:17.665Z] [INFO] [RUN] id=review_run_2026-04-05T10-42-04-623Z
[2026-04-05T11:59:17.666Z] [INFO] [RUN] log file: /Users/artifact/Developer/review_ai/Review_AI/scraper_project/logs/review_run_2026-04-05T10-42-04-623Z.log
[2026-04-05T11:59:17.666Z] [INFO] [RUN] summary file: /Users/artifact/Developer/review_ai/Review_AI/scraper_project/logs/review_run_2026-04-05T10-42-04-623Z_summary.json
[2026-04-05T11:59:17.987Z] [INFO] [REVIEWS] loaded 1643 review jobs from /Users/artifact/Developer/review_ai/Review_AI/scraper_project/product_ids
[2026-04-05T11:59:17.987Z] [INFO] [REVIEWS] category filter: agiz-dis-bakimi, aksesuar-ve-tuning
[2026-04-05T11:59:17.988Z] [INFO] [REVIEWS] resume mode enabled from review_run_2026-04-05T10-42-04-623Z
[2026-04-05T11:59:17.988Z] [INFO] [REVIEWS] concurrency: 3
[2026-04-05T11:59:17.988Z] [INFO] 
[REVIEW WORKER 1] starting agiz-dis-bakimi/560965160
[2026-04-05T11:59:17.988Z] [INFO] 
[REVIEW WORKER 2] starting agiz-dis-bakimi/687293456
[2026-04-05T11:59:17.988Z] [INFO] 
[REVIEW WORKER 3] starting agiz-dis-bakimi/437851870
[2026-04-05T11:59:22.694Z] [INFO] 
[START REVIEW] category=agiz-dis-bakimi productId=437851870 startPage=1
[2026-04-05T11:59:22.753Z] [WARN] [retry] productId=437851870 page=1 attempt=1/3
[2026-04-05T11:59:22.855Z] [INFO] 
[START REVIEW] category=agiz-dis-bakimi productId=687293456 startPage=1
[2026-04-05T11:59:22.882Z] [INFO] 
[START REVIEW] category=agiz-dis-bakimi productId=560965160 startPage=3
[2026-04-05T11:59:22.896Z] [WARN] [retry] productId=687293456 page=1 attempt=1/3
[2026-04-05T11:59:22.926Z] [WARN] [retry] productId=560965160 page=3 attempt=1/3
[2026-04-05T11:59:23.996Z] [WARN] [retry] productId=437851870 page=1 attempt=2/3
[2026-04-05T11:59:24.140Z] [WARN] [retry] productId=687293456 page=1 attempt=2/3
[2026-04-05T11:59:24.170Z] [WARN] [retry] productId=560965160 page=3 attempt=2/3
[2026-04-05T11:59:26.443Z] [WARN] [retry] productId=437851870 page=1 attempt=3/3
[2026-04-05T11:59:26.455Z] [ERROR] [REVIEW ERROR] agiz-dis-bakimi/437851870
[2026-04-05T11:59:26.456Z] [ERROR] {}
[2026-04-05T11:59:26.458Z] [INFO] 
[REVIEW WORKER 3] starting agiz-dis-bakimi/724337060
[2026-04-05T11:59:26.591Z] [WARN] [retry] productId=687293456 page=1 attempt=3/3
[2026-04-05T11:59:26.593Z] [ERROR] [REVIEW ERROR] agiz-dis-bakimi/687293456
[2026-04-05T11:59:26.593Z] [ERROR] {}
[2026-04-05T11:59:26.594Z] [INFO] 
[REVIEW WORKER 2] starting agiz-dis-bakimi/600608100
[2026-04-05T11:59:26.616Z] [WARN] [retry] productId=560965160 page=3 attempt=3/3
[2026-04-05T11:59:26.619Z] [ERROR] [REVIEW ERROR] agiz-dis-bakimi/560965160
[2026-04-05T11:59:26.620Z] [ERROR] {}
[2026-04-05T11:59:26.620Z] [INFO] 
[REVIEW WORKER 1] starting agiz-dis-bakimi/578912523
[2026-04-05T11:59:27.884Z] [INFO] 
[START REVIEW] category=agiz-dis-bakimi productId=724337060 startPage=1
[2026-04-05T11:59:27.931Z] [WARN] [retry] productId=724337060 page=1 attempt=1/3
[2026-04-05T11:59:28.002Z] [INFO] 
[START REVIEW] category=agiz-dis-bakimi productId=600608100 startPage=1
[2026-04-05T11:59:28.045Z] [INFO] 
[START REVIEW] category=agiz-dis-bakimi productId=578912523 startPage=1
[2026-04-05T11:59:28.048Z] [WARN] [retry] productId=600608100 page=1 attempt=1/3
[2026-04-05T11:59:28.089Z] [WARN] [retry] productId=578912523 page=1 attempt=1/3
[2026-04-05T11:59:29.178Z] [WARN] [retry] productId=724337060 page=1 attempt=2/3
[2026-04-05T11:59:29.291Z] [WARN] [retry] productId=600608100 page=1 attempt=2/3
[2026-04-05T11:59:29.329Z] [WARN] [retry] productId=578912523 page=1 attempt=2/3
[2026-04-05T11:59:31.625Z] [WARN] [retry] productId=724337060 page=1 attempt=3/3
[2026-04-05T11:59:31.633Z] [ERROR] [REVIEW ERROR] agiz-dis-bakimi/724337060
[2026-04-05T11:59:31.634Z] [ERROR] {}
[2026-04-05T11:59:31.636Z] [INFO] 
[REVIEW WORKER 3] starting agiz-dis-bakimi/647036986
[2026-04-05T11:59:31.740Z] [WARN] [retry] productId=600608100 page=1 attempt=3/3
[2026-04-05T11:59:31.742Z] [ERROR] [REVIEW ERROR] agiz-dis-bakimi/600608100
[2026-04-05T11:59:31.742Z] [ERROR] {}
[2026-04-05T11:59:31.743Z] [INFO] 
[REVIEW WORKER 2] starting agiz-dis-bakimi/686359269
[2026-04-05T11:59:31.774Z] [WARN] [retry] productId=578912523 page=1 attempt=3/3
[2026-04-05T11:59:31.778Z] [ERROR] [REVIEW ERROR] agiz-dis-bakimi/578912523
[2026-04-05T11:59:31.778Z] [ERROR] {}
[2026-04-05T11:59:31.779Z] [INFO] 
[REVIEW WORKER 1] starting agiz-dis-bakimi/731910029
[2026-04-05T11:59:33.107Z] [INFO] 
[START REVIEW] category=agiz-dis-bakimi productId=647036986 startPage=1
[2026-04-05T11:59:33.168Z] [WARN] [retry] productId=647036986 page=1 attempt=1/3
[2026-04-05T11:59:33.244Z] [INFO] 
[START REVIEW] category=agiz-dis-bakimi productId=686359269 startPage=1
[2026-04-05T11:59:33.284Z] [WARN] [retry] productId=686359269 page=1 attempt=1/3
[2026-04-05T11:59:33.294Z] [INFO] 
[START REVIEW] category=agiz-dis-bakimi productId=731910029 startPage=1
[2026-04-05T11:59:33.335Z] [WARN] [retry] productId=731910029 page=1 attempt=1/3
[2026-04-05T11:59:34.421Z] [WARN] [retry] productId=647036986 page=1 attempt=2/3
[2026-04-05T11:59:34.523Z] [WARN] [retry] productId=686359269 page=1 attempt=2/3
[2026-04-05T11:59:34.575Z] [WARN] [retry] productId=731910029 page=1 attempt=2/3
[2026-04-05T11:59:36.886Z] [WARN] [retry] productId=647036986 page=1 attempt=3/3
[2026-04-05T11:59:36.894Z] [ERROR] [REVIEW ERROR] agiz-dis-bakimi/647036986
[2026-04-05T11:59:36.895Z] [ERROR] {}
[2026-04-05T11:59:36.896Z] [INFO] 
[REVIEW WORKER 3] starting agiz-dis-bakimi/356339984
[2026-04-05T11:59:36.967Z] [WARN] [retry] productId=686359269 page=1 attempt=3/3
[2026-04-05T11:59:36.969Z] [ERROR] [REVIEW ERROR] agiz-dis-bakimi/686359269
[2026-04-05T11:59:36.969Z] [ERROR] {}
[2026-04-05T11:59:36.970Z] [INFO] 
[REVIEW WORKER 2] starting agiz-dis-bakimi/603344133
[2026-04-05T11:59:37.015Z] [WARN] [retry] productId=731910029 page=1 attempt=3/3
[2026-04-05T11:59:37.017Z] [ERROR] [REVIEW ERROR] agiz-dis-bakimi/731910029
[2026-04-05T11:59:37.017Z] [ERROR] {}
[2026-04-05T11:59:37.018Z] [INFO] 
[REVIEW WORKER 1] starting agiz-dis-bakimi/709358655
[2026-04-05T11:59:38.337Z] [INFO] 
[START REVIEW] category=agiz-dis-bakimi productId=356339984 startPage=1
[2026-04-05T11:59:38.385Z] [WARN] [retry] productId=356339984 page=1 attempt=1/3
[2026-04-05T11:59:38.394Z] [INFO] 
[START REVIEW] category=agiz-dis-bakimi productId=603344133 startPage=1
[2026-04-05T11:59:38.434Z] [WARN] [retry] productId=603344133 page=1 attempt=1/3
[2026-04-05T11:59:38.451Z] [INFO] 
[START REVIEW] category=agiz-dis-bakimi productId=709358655 startPage=1
[2026-04-05T11:59:38.496Z] [WARN] [retry] productId=709358655 page=1 attempt=1/3
[2026-04-05T11:59:39.626Z] [WARN] [retry] productId=356339984 page=1 attempt=2/3
[2026-04-05T11:59:39.686Z] [WARN] [retry] productId=603344133 page=1 attempt=2/3
[2026-04-05T11:59:39.740Z] [WARN] [retry] productId=709358655 page=1 attempt=2/3
[2026-04-05T11:59:42.076Z] [WARN] [retry] productId=356339984 page=1 attempt=3/3
[2026-04-05T11:59:42.084Z] [ERROR] [REVIEW ERROR] agiz-dis-bakimi/356339984
[2026-04-05T11:59:42.084Z] [ERROR] {}
[2026-04-05T11:59:42.086Z] [INFO] 
[REVIEW WORKER 3] starting agiz-dis-bakimi/645399264
[2026-04-05T11:59:42.137Z] [WARN] [retry] productId=603344133 page=1 attempt=3/3
[2026-04-05T11:59:42.141Z] [ERROR] [REVIEW ERROR] agiz-dis-bakimi/603344133
[2026-04-05T11:59:42.141Z] [ERROR] {}
[2026-04-05T11:59:42.142Z] [INFO] 
[REVIEW WORKER 2] starting agiz-dis-bakimi/726824585
[2026-04-05T11:59:42.200Z] [WARN] [retry] productId=709358655 page=1 attempt=3/3
[2026-04-05T11:59:42.220Z] [ERROR] [REVIEW ERROR] agiz-dis-bakimi/709358655
[2026-04-05T11:59:42.220Z] [ERROR] {}
[2026-04-05T11:59:42.221Z] [INFO] 
[REVIEW WORKER 1] starting agiz-dis-bakimi/562839287
[2026-04-05T11:59:42.720Z] [INFO] 
[INTERRUPT] Ctrl+C received. Saving partial reviews...
[2026-04-05T11:59:42.721Z] [INFO] [REVIEW PARTIAL SAVED] /Users/artifact/Developer/review_ai/Review_AI/scraper_project/raw_data/agiz-dis-bakimi/437851870_reviews.partial.json
[2026-04-05T11:59:42.722Z] [INFO] [REVIEW PARTIAL SAVED] /Users/artifact/Developer/review_ai/Review_AI/scraper_project/raw_data/agiz-dis-bakimi/687293456_reviews.partial.json
[2026-04-05T11:59:42.722Z] [INFO] [REVIEW PARTIAL SAVED] /Users/artifact/Developer/review_ai/Review_AI/scraper_project/raw_data/agiz-dis-bakimi/560965160_reviews.partial.json
[2026-04-05T11:59:42.723Z] [INFO] [REVIEW PARTIAL SAVED] /Users/artifact/Developer/review_ai/Review_AI/scraper_project/raw_data/agiz-dis-bakimi/724337060_reviews.partial.json
[2026-04-05T11:59:42.723Z] [INFO] [REVIEW PARTIAL SAVED] /Users/artifact/Developer/review_ai/Review_AI/scraper_project/raw_data/agiz-dis-bakimi/600608100_reviews.partial.json
[2026-04-05T11:59:42.723Z] [INFO] [REVIEW PARTIAL SAVED] /Users/artifact/Developer/review_ai/Review_AI/scraper_project/raw_data/agiz-dis-bakimi/578912523_reviews.partial.json
[2026-04-05T11:59:42.724Z] [INFO] [REVIEW PARTIAL SAVED] /Users/artifact/Developer/review_ai/Review_AI/scraper_project/raw_data/agiz-dis-bakimi/647036986_reviews.partial.json
[2026-04-05T11:59:42.724Z] [INFO] [REVIEW PARTIAL SAVED] /Users/artifact/Developer/review_ai/Review_AI/scraper_project/raw_data/agiz-dis-bakimi/686359269_reviews.partial.json
[2026-04-05T11:59:42.724Z] [INFO] [REVIEW PARTIAL SAVED] /Users/artifact/Developer/review_ai/Review_AI/scraper_project/raw_data/agiz-dis-bakimi/731910029_reviews.partial.json
[2026-04-05T11:59:42.724Z] [INFO] [REVIEW PARTIAL SAVED] /Users/artifact/Developer/review_ai/Review_AI/scraper_project/raw_data/agiz-dis-bakimi/356339984_reviews.partial.json
[2026-04-05T11:59:42.724Z] [INFO] [REVIEW PARTIAL SAVED] /Users/artifact/Developer/review_ai/Review_AI/scraper_project/raw_data/agiz-dis-bakimi/603344133_reviews.partial.json
[2026-04-05T11:59:42.725Z] [INFO] [REVIEW PARTIAL SAVED] /Users/artifact/Developer/review_ai/Review_AI/scraper_project/raw_data/agiz-dis-bakimi/709358655_reviews.partial.json
